{
  "id": "5559282d-edf7-42eb-b99d-61310070ff99",
  "generation": 1,
  "iteration": 5,
  "current_iteration": 5,
  "metrics": {
    "combined_score": 0.8904588349019349,
    "n_stage1_datasets": 5.0,
    "n_stage1_successful": 5.0,
    "eval_workers": 8.0,
    "stage1_full_selected_datasets": 1.0,
    "cascade_stage1_time_seconds": 178.97842812538147,
    "cascade_stage1_threshold": 0.15,
    "cascade_stage1_passed": 1.0,
    "loss": 0.12301654024256918,
    "nmse_train": 0.01565770950061325,
    "nmse_val": 0.03450057216542157,
    "mean_nmse_val": 0.03450057216542157,
    "mean_raw_nmse_val": 0.03450057216542157,
    "scored_loss_val": 0.12301654024256918,
    "mean_scored_loss_val": 0.12301654024256918,
    "shape_loss_val": 0.388564444474012,
    "shape_loss_weight": 0.25,
    "heldout_curve_nmse": 0.0447619504940164,
    "heldout_curve_scored_loss": 0.10108162398320888,
    "heldout_curve_shape_loss": 0.27004064445078635,
    "eval_only_nmse": 0.03309503854378454,
    "eval_only_scored_loss": 0.12602103547732832,
    "eval_only_shape_loss": 0.4047990262779596,
    "fit_score": 0.8904588349019349,
    "eval_time": 562.2447090148926,
    "n_datasets": 17.0,
    "n_successful": 17.0,
    "cascade_stage2_time_seconds": 562.2453179359436,
    "cascade_total_time_seconds": 741.2237460613251,
    "cascade_stage1_combined_score": 0.9063161691155092
  },
  "language": "python",
  "timestamp": 1781997359.2896438,
  "saved_at": 1781997359.2936833
}