{
  "id": "c0b3887a-0517-4d32-8102-d34f84c5a43e",
  "generation": 1,
  "iteration": 1,
  "current_iteration": 5,
  "metrics": {
    "combined_score": 0.8777645310843594,
    "n_stage1_datasets": 8.0,
    "n_stage1_successful": 8.0,
    "eval_workers": 8.0,
    "cascade_stage1_time_seconds": 2.5200138092041016,
    "cascade_stage1_threshold": 0.15,
    "cascade_stage1_passed": 1.0,
    "loss": 0.11647254507919384,
    "complexity": 16.0,
    "nmse_train": Infinity,
    "nmse_val": 0.11647254507919384,
    "fit_score": 0.8956780929432239,
    "parsimony_weight": 0.2,
    "parsimony_penalty_factor": 0.98,
    "eval_time": 25.960254430770874,
    "n_datasets": 42.0,
    "n_successful": 42.0,
    "cascade_stage2_time_seconds": 25.960769414901733,
    "cascade_total_time_seconds": 28.480783224105835,
    "cascade_stage1_combined_score": 0.9035335327427649
  },
  "language": "python",
  "timestamp": 1780760346.73423,
  "saved_at": 1780760954.1900778
}