{
  "id": "ac90f709-5ce5-4a57-8a60-4f8add593b52",
  "generation": 4,
  "iteration": 7,
  "current_iteration": 10,
  "metrics": {
    "combined_score": 0.9696600899115427,
    "n_stage1_datasets": 8.0,
    "n_stage1_successful": 8.0,
    "eval_workers": 8.0,
    "stage1_full_selected_datasets": 1.0,
    "cascade_stage1_time_seconds": 4.695550441741943,
    "cascade_stage1_threshold": 0.15,
    "cascade_stage1_passed": 1.0,
    "loss": 0.014530772417108245,
    "complexity": 13.0,
    "nmse_train": 0.011544337381053867,
    "nmse_val": 0.014530772417108245,
    "mean_nmse_val": 0.014530772417108245,
    "mean_raw_nmse_val": 0.014530772417108245,
    "fit_score": 0.9856773467969938,
    "parsimony_weight": 0.2,
    "parsimony_penalty_factor": 0.98375,
    "eval_time": 39.25175642967224,
    "n_datasets": 41.0,
    "n_successful": 41.0,
    "hard_case_tail_nmse": 0.1662566272583133,
    "hard_case_tail_weight": 0.0,
    "per_dataset_nmse_cap": 10.0,
    "cascade_stage2_time_seconds": 39.25218391418457,
    "cascade_total_time_seconds": 43.947734355926514,
    "cascade_stage1_combined_score": 0.9907558579099027
  },
  "language": "python",
  "timestamp": 1781079909.2158954,
  "saved_at": 1781080369.2796865
}