{
  "id": "db4a054f-e072-42b6-85c0-dc9afb323a33",
  "generation": 1,
  "iteration": 11,
  "current_iteration": 13,
  "metrics": {
    "combined_score": 0.5988452851710854,
    "n_stage1_datasets": 8.0,
    "n_stage1_successful": 8.0,
    "eval_workers": 8.0,
    "cascade_stage1_time_seconds": 0.6066107749938965,
    "cascade_stage1_threshold": 0.15,
    "cascade_stage1_passed": 1.0,
    "loss": 0.6698803927533769,
    "complexity": 0.0,
    "nmse_train": Infinity,
    "nmse_val": 0.6698803927533769,
    "eval_time": 13.556329250335693,
    "n_datasets": 60.0,
    "n_successful": 60.0,
    "cascade_stage2_time_seconds": 13.556823015213013,
    "cascade_total_time_seconds": 14.16343379020691,
    "cascade_stage1_combined_score": 0.6031965417034962
  },
  "language": "python",
  "timestamp": 1779971443.0765975,
  "saved_at": 1779971583.9193246
}