{
  "program_id": "34b41ba9-294a-45b1-976e-9a0205da52fe",
  "iteration_found": 31,
  "dataset": "Abeta42/inhibition_constraints",
  "plot": "outputs_diff_inhibited_norm/adaevolve/disease_relevant_inhibited_all_normalized_ode_0720_0022/checkpoints/checkpoint_31/iteration_31_best_validation_curves.svg",
  "metrics": {
    "equation": "d(c)/dt = (0.961046919769075 - x4)*(19.5777729290239*x1*(0.227021675105975*x2 + x4 + 1.04076112806658e-9) + 3.21220934689383e-11*x1 + 3.44385940057228e-6)/((5.52372889763511e-13*x3 + 1)*(1.26593598120785e-8*x3*x4 + 1.79068142074286*x3 + 1))",
    "loss": 0.0917259216596177,
    "nmse_train": 0.010732080920030621,
    "nmse_val": 0.04693182798273062,
    "mean_nmse_val": 0.04693182798273062,
    "mean_raw_nmse_val": 0.04693182798273062,
    "scored_loss_val": 0.0917259216596177,
    "mean_scored_loss_val": 0.0917259216596177,
    "shape_loss_val": 0.22610820269027887,
    "shape_loss_weight": 0.25,
    "heldout_curve_nmse": 0.04693182798273062,
    "heldout_curve_scored_loss": 0.0917259216596177,
    "heldout_curve_shape_loss": 0.22610820269027887,
    "eval_only_nmse": NaN,
    "eval_only_scored_loss": NaN,
    "eval_only_shape_loss": NaN,
    "combined_score": 0.915980815477773,
    "fit_score": 0.915980815477773,
    "eval_time": 96.94281816482544,
    "n_datasets": 1,
    "n_successful": 1,
    "eval_workers": 8,
    "hard_cases": [
      {
        "dataset": "Abeta42/inhibition_constraints",
        "scored_loss_val": 0.09172592165961768,
        "nmse_val": 0.04693182798273062,
        "shape_loss_val": 0.22610820269027887,
        "evaluation_only": false
      }
    ],
    "hard_case_feedback": "Abeta42/inhibition_constraints scored=0.09173 (nmse=0.04693, shape=0.2261)",
    "validation_semantics_feedback": "heldout_curve_scored_loss=0.09173, heldout_curve_nmse=0.04693, heldout_curve_shape=0.2261; eval_only_fit_score_scored_loss=nan, eval_only_nmse=nan, eval_only_shape=nan",
    "per_dataset": {
      "Abeta42/inhibition_constraints": {
        "nmse_train": 0.010732080920030621,
        "nmse_val": 0.04693182798273062,
        "shape_loss_val": 0.22610820269027887,
        "scored_loss_val": 0.09172592165961768,
        "n_val_points": 3610,
        "evaluation_only": false,
        "combined_score": 0.915980815477773,
        "equation": "d(c)/dt = (0.961046919769075 - x4)*(19.5777729290239*x1*(0.227021675105975*x2 + x4 + 1.04076112806658e-9) + 3.21220934689383e-11*x1 + 3.44385940057228e-6)/((5.52372889763511e-13*x3 + 1)*(1.26593598120785e-8*x3*x4 + 1.79068142074286*x3 + 1))",
        "equation_template": "d(c)/dt = (c0 - x4)*(c6**2 + c7**2*x1 + c8**2*x1*(c1**2*x2 + c2**2 + x4))/((c3**2*x3 + 1)*(c4**2*x3 + c5**2*x3*x4 + 1))",
        "constants": {
          "c0": 0.9610469197690754,
          "c1": 0.4764679161349425,
          "c2": 3.2260829624586205e-05,
          "c3": 7.432179288496144e-07,
          "c4": 1.3381634506826363,
          "c5": 0.00011251382053809454,
          "c6": 0.0018557638321112628,
          "c7": -5.66763561539892e-06,
          "c8": 4.424677720357029
        }
      }
    },
    "error": ""
  },
  "saved_at": 1784491255.9206662
}