{
  "id": "5e62b5df-c80a-4350-9ec4-ba56559d665c",
  "generation": 1,
  "iteration": 15,
  "current_iteration": 20,
  "metrics": {
    "combined_score": 0.9463306474010356,
    "n_stage1_datasets": 8.0,
    "n_stage1_successful": 8.0,
    "eval_workers": 8.0,
    "stage1_full_selected_datasets": 1.0,
    "cascade_stage1_time_seconds": 1.3693451881408691,
    "cascade_stage1_threshold": 0.15,
    "cascade_stage1_passed": 1.0,
    "loss": 0.027653497929962266,
    "complexity": 22.0,
    "nmse_train": 0.034795982654462015,
    "nmse_val": 0.027653497929962266,
    "mean_nmse_val": 0.027653497929962266,
    "mean_raw_nmse_val": 0.027653497929962266,
    "fit_score": 0.9730906400010648,
    "parsimony_weight": 0.2,
    "parsimony_penalty_factor": 0.9725,
    "eval_time": 17.611153602600098,
    "n_datasets": 24.0,
    "n_successful": 24.0,
    "cascade_stage2_time_seconds": 17.61163306236267,
    "cascade_total_time_seconds": 18.98097825050354,
    "cascade_stage1_combined_score": 0.9987797974912398
  },
  "language": "python",
  "timestamp": 1781283191.3097694,
  "saved_at": 1781283796.7273145
}