{
  "num_islands": 2,
  "current_island": 0,
  "iteration_count": 14,
  "global_best_score": 0.9440381973008652,
  "decay": 0.9,
  "intensity_min": 0.15,
  "intensity_max": 0.5,
  "migration_interval": 15,
  "diversity_strategy_type": "code",
  "use_unified_archive": true,
  "use_adaptive_search": true,
  "use_ucb_selection": true,
  "fixed_intensity": 0.4,
  "adapter": {
    "states": [
      {
        "accumulated_signal": 0.18999999999999995,
        "best_score": 0.942416902470017,
        "improvement_count": 2,
        "total_evaluations": 9,
        "decay": 0.9,
        "epsilon": 1e-08,
        "intensity_min": 0.15,
        "intensity_max": 0.5
      },
      {
        "accumulated_signal": 0.1710002959632948,
        "best_score": 0.9440381973008652,
        "improvement_count": 2,
        "total_evaluations": 7,
        "decay": 0.9,
        "epsilon": 1e-08,
        "intensity_min": 0.15,
        "intensity_max": 0.5
      }
    ],
    "dimension_visits": [
      9,
      7
    ],
    "dimension_rewards": [
      0.90876411,
      0.3135272810142484
    ],
    "decayed_visits": [
      6.12579511,
      5.217031
    ],
    "global_best_score": 0.9440381973008652,
    "ucb_exploration": 1.41,
    "min_visits": 3,
    "decay": 0.9,
    "epsilon": 1e-08
  },
  "island_config_names": [
    "balanced",
    "balanced"
  ],
  "islands": [
    [
      "f5625ecc-4ea9-47ff-ba4b-0ceab63568ac",
      "beed9b6f-9b3d-45a6-b0cc-a87c4882fd41",
      "bdad4696-266b-44bc-bba1-b7437b3dc551",
      "52aa1db1-71c0-4e30-9b35-16ddb05abdd6",
      "8e3863e1-ac7b-4b4c-9432-d84babc53bae",
      "406f5d87-ac87-486f-870b-03e3f029dbbe",
      "9d91ea2c-22cf-4668-b0b0-81547bac9756",
      "4a3dc667-1de0-4cfc-8959-58d3cca0cba9",
      "c7d3df78-bd91-4a69-9963-fb078058e1bb"
    ],
    [
      "b1807b5c-cbf2-4b01-9fa5-367325acebc4",
      "843e43a4-c99f-4d9f-bd17-7203419e4181",
      "d8af4af3-1184-43bc-9db0-b0781387fc6d",
      "29be13b7-d7cb-4c0b-9a3b-89c7f498558a",
      "5bceb49c-3109-4325-b997-66c35fb246b8",
      "9f179a3b-15ee-4ddb-91bc-b9cc90690bfe",
      "72d63869-a89f-4c4d-8ceb-cc804c1a0bbc",
      "418c0bc7-e0e3-4fa0-8e81-06fd93be74c6"
    ]
  ],
  "archive_genealogies": [
    {
      "parents": {
        "f5625ecc-4ea9-47ff-ba4b-0ceab63568ac": [],
        "beed9b6f-9b3d-45a6-b0cc-a87c4882fd41": [
          "f5625ecc-4ea9-47ff-ba4b-0ceab63568ac"
        ],
        "bdad4696-266b-44bc-bba1-b7437b3dc551": [
          "beed9b6f-9b3d-45a6-b0cc-a87c4882fd41"
        ],
        "52aa1db1-71c0-4e30-9b35-16ddb05abdd6": [
          "beed9b6f-9b3d-45a6-b0cc-a87c4882fd41"
        ],
        "8e3863e1-ac7b-4b4c-9432-d84babc53bae": [
          "beed9b6f-9b3d-45a6-b0cc-a87c4882fd41"
        ],
        "406f5d87-ac87-486f-870b-03e3f029dbbe": [
          "8e3863e1-ac7b-4b4c-9432-d84babc53bae"
        ],
        "9d91ea2c-22cf-4668-b0b0-81547bac9756": [
          "beed9b6f-9b3d-45a6-b0cc-a87c4882fd41"
        ],
        "4a3dc667-1de0-4cfc-8959-58d3cca0cba9": [
          "beed9b6f-9b3d-45a6-b0cc-a87c4882fd41"
        ],
        "c7d3df78-bd91-4a69-9963-fb078058e1bb": [
          "418c0bc7-e0e3-4fa0-8e81-06fd93be74c6"
        ]
      },
      "children": {
        "f5625ecc-4ea9-47ff-ba4b-0ceab63568ac": [
          "beed9b6f-9b3d-45a6-b0cc-a87c4882fd41"
        ],
        "beed9b6f-9b3d-45a6-b0cc-a87c4882fd41": [
          "bdad4696-266b-44bc-bba1-b7437b3dc551",
          "52aa1db1-71c0-4e30-9b35-16ddb05abdd6",
          "8e3863e1-ac7b-4b4c-9432-d84babc53bae",
          "9d91ea2c-22cf-4668-b0b0-81547bac9756",
          "4a3dc667-1de0-4cfc-8959-58d3cca0cba9"
        ],
        "8e3863e1-ac7b-4b4c-9432-d84babc53bae": [
          "406f5d87-ac87-486f-870b-03e3f029dbbe"
        ],
        "418c0bc7-e0e3-4fa0-8e81-06fd93be74c6": [
          "c7d3df78-bd91-4a69-9963-fb078058e1bb"
        ]
      }
    },
    {
      "parents": {
        "b1807b5c-cbf2-4b01-9fa5-367325acebc4": [],
        "843e43a4-c99f-4d9f-bd17-7203419e4181": [
          "b1807b5c-cbf2-4b01-9fa5-367325acebc4"
        ],
        "d8af4af3-1184-43bc-9db0-b0781387fc6d": [
          "843e43a4-c99f-4d9f-bd17-7203419e4181"
        ],
        "29be13b7-d7cb-4c0b-9a3b-89c7f498558a": [
          "843e43a4-c99f-4d9f-bd17-7203419e4181"
        ],
        "5bceb49c-3109-4325-b997-66c35fb246b8": [
          "b1807b5c-cbf2-4b01-9fa5-367325acebc4"
        ],
        "9f179a3b-15ee-4ddb-91bc-b9cc90690bfe": [
          "843e43a4-c99f-4d9f-bd17-7203419e4181"
        ],
        "72d63869-a89f-4c4d-8ceb-cc804c1a0bbc": [
          "beed9b6f-9b3d-45a6-b0cc-a87c4882fd41"
        ],
        "418c0bc7-e0e3-4fa0-8e81-06fd93be74c6": [
          "beed9b6f-9b3d-45a6-b0cc-a87c4882fd41"
        ]
      },
      "children": {
        "b1807b5c-cbf2-4b01-9fa5-367325acebc4": [
          "843e43a4-c99f-4d9f-bd17-7203419e4181",
          "5bceb49c-3109-4325-b997-66c35fb246b8"
        ],
        "843e43a4-c99f-4d9f-bd17-7203419e4181": [
          "d8af4af3-1184-43bc-9db0-b0781387fc6d",
          "29be13b7-d7cb-4c0b-9a3b-89c7f498558a",
          "9f179a3b-15ee-4ddb-91bc-b9cc90690bfe"
        ],
        "beed9b6f-9b3d-45a6-b0cc-a87c4882fd41": [
          "72d63869-a89f-4c4d-8ceb-cc804c1a0bbc",
          "418c0bc7-e0e3-4fa0-8e81-06fd93be74c6"
        ]
      }
    }
  ],
  "use_dynamic_islands": true,
  "max_islands": 5,
  "last_spawn_iteration": -30,
  "use_paradigm_breakthrough": true,
  "paradigm_tracker": {
    "window_size": 10,
    "improvement_threshold": 0.12,
    "max_paradigm_uses": 2,
    "max_tried_paradigms": 10,
    "num_paradigms_to_generate": 3,
    "improvement_history": [
      0.0,
      0.0,
      0.0,
      0.0,
      0.0,
      0.0,
      0.0,
      0.0,
      1.0,
      0.0
    ],
    "active_paradigms": [
      {
        "idea": "Extend to full Knowles/Cohen secondary nucleation model with power-law concentration dependence",
        "description": "The Knowles group's analytical solution for amyloid aggregation shows d(c)/dt = (k_n*x2^n2 + k_2*x2^n2_prime * M) * (1-x2) where M is aggregate mass. In our normalized ODE framework with x2 as current concentration, the key insight is that secondary nucleation dominates and has a power-law dependence on monomer. The form c0*(1-x2)^c1 + c2*x2*(1-x2) captures primary nucleation (concentration-dependent via power law) plus secondary/elongation (autocatalytic). The (1-x2) depletion factor applies to both. Adding x1 modulation via (1 + c3*x1) differentiates parameter curves. This is 4 constants but captures the essential nonlinearity.",
        "what_to_optimize": "Sigmoidal lag-phase shape, especially for datasets with strong nucleation-limited behavior",
        "cautions": "Power law (1-x2)^c1 can cause issues if c1 becomes negative or very large; ensure c1 initial value is ~2.0 for typical nucleation order",
        "approach_type": "sympy.expression"
      },
      {
        "idea": "Use Finke-Watzky two-step model: nucleation + autocatalytic growth",
        "description": "The Finke-Watzky model for protein aggregation is d(c)/dt = -k1*c - k2*c*(1-c) where c is monomer fraction. In our normalized form with c=x2 (aggregate), this becomes d(x2)/dt = c0*(1-x2) + c1*x2*(1-x2). This is a classic logistic-like equation with a constant nucleation term and an autocatalytic growth term. The key difference from the current model is that c0 is a pure constant (not multiplied by x2), giving a nonzero initial rate that creates sigmoidal kinetics. Parameter modulation via (1 + c2*x1) scales the whole rate. This form is simpler (complexity ~14) and has a well-known analytical solution, making it more robust.",
        "what_to_optimize": "Sigmoidal shape fidelity, lag time, and plateau behavior across all datasets",
        "cautions": "The current model already has similar structure; the key change is separating nucleation from autocatalysis more cleanly. Initial values: c0~0.1, c1~5.0, c2~1.0",