{
  "num_islands": 2,
  "current_island": 1,
  "iteration_count": 8,
  "global_best_score": 0.27890944369707515,
  "decay": 0.9,
  "intensity_min": 0.15,
  "intensity_max": 0.5,
  "migration_interval": 15,
  "diversity_strategy_type": "code",
  "use_unified_archive": true,
  "use_adaptive_search": true,
  "use_ucb_selection": true,
  "fixed_intensity": 0.4,
  "adapter": {
    "states": [
      {
        "accumulated_signal": 0.18999999999999995,
        "best_score": 0.27890944369707515,
        "improvement_count": 2,
        "total_evaluations": 6,
        "decay": 0.9,
        "epsilon": 1e-08,
        "intensity_min": 0.15,
        "intensity_max": 0.5
      },
      {
        "accumulated_signal": 0.09999999999999998,
        "best_score": 4.25258069889767e-05,
        "improvement_count": 0,
        "total_evaluations": 4,
        "decay": 0.9,
        "epsilon": 1e-08,
        "intensity_min": 0.15,
        "intensity_max": 0.5
      }
    ],
    "dimension_visits": [
      6,
      4
    ],
    "dimension_rewards": [
      1.24659,
      0.0
    ],
    "decayed_visits": [
      4.68559,
      3.439
    ],
    "global_best_score": 0.27890944369707515,
    "ucb_exploration": 1.41,
    "min_visits": 3,
    "decay": 0.9,
    "epsilon": 1e-08
  },
  "island_config_names": [
    "balanced",
    "balanced"
  ],
  "islands": [
    [
      "e624efb5-d82d-42dd-a291-10f08b5dbe19",
      "53c6ffe2-5f6e-4e0f-abc7-7bada67fc5c4",
      "32c5aad8-0fd1-4d70-9901-445388627b04",
      "403c7e81-8e5a-45b1-90f4-a092694f5ade",
      "f92479d0-41d1-419e-81fd-fb8ccde47403",
      "cfb889c9-d3cd-48e7-82b0-fb98cf3b84dd"
    ],
    [
      "ae3c9c90-2d41-49c1-8f28-d324b141323e",
      "1bb2aed6-06b4-49b4-820e-54c4c97c3d9d",
      "1a15043b-b485-41e2-9112-62bc25289691",
      "33f35a3f-c8f3-4c02-b6d2-72a7baadd7af",
      "5fc30e3a-63be-4616-9682-aed1b0e0e828"
    ]
  ],
  "archive_genealogies": [
    {
      "parents": {
        "e624efb5-d82d-42dd-a291-10f08b5dbe19": [],
        "53c6ffe2-5f6e-4e0f-abc7-7bada67fc5c4": [
          "e624efb5-d82d-42dd-a291-10f08b5dbe19"
        ],
        "32c5aad8-0fd1-4d70-9901-445388627b04": [
          "53c6ffe2-5f6e-4e0f-abc7-7bada67fc5c4"
        ],
        "403c7e81-8e5a-45b1-90f4-a092694f5ade": [
          "53c6ffe2-5f6e-4e0f-abc7-7bada67fc5c4"
        ],
        "f92479d0-41d1-419e-81fd-fb8ccde47403": [
          "e624efb5-d82d-42dd-a291-10f08b5dbe19"
        ],
        "cfb889c9-d3cd-48e7-82b0-fb98cf3b84dd": [
          "403c7e81-8e5a-45b1-90f4-a092694f5ade"
        ]
      },
      "children": {
        "e624efb5-d82d-42dd-a291-10f08b5dbe19": [
          "53c6ffe2-5f6e-4e0f-abc7-7bada67fc5c4",
          "f92479d0-41d1-419e-81fd-fb8ccde47403"
        ],
        "53c6ffe2-5f6e-4e0f-abc7-7bada67fc5c4": [
          "32c5aad8-0fd1-4d70-9901-445388627b04",
          "403c7e81-8e5a-45b1-90f4-a092694f5ade"
        ],
        "403c7e81-8e5a-45b1-90f4-a092694f5ade": [
          "cfb889c9-d3cd-48e7-82b0-fb98cf3b84dd"
        ]
      }
    },
    {
      "parents": {
        "ae3c9c90-2d41-49c1-8f28-d324b141323e": [],
        "1bb2aed6-06b4-49b4-820e-54c4c97c3d9d": [
          "ae3c9c90-2d41-49c1-8f28-d324b141323e"
        ],
        "1a15043b-b485-41e2-9112-62bc25289691": [
          "ae3c9c90-2d41-49c1-8f28-d324b141323e"
        ],
        "33f35a3f-c8f3-4c02-b6d2-72a7baadd7af": [
          "ae3c9c90-2d41-49c1-8f28-d324b141323e"
        ],
        "5fc30e3a-63be-4616-9682-aed1b0e0e828": [
          "ae3c9c90-2d41-49c1-8f28-d324b141323e"
        ]
      },
      "children": {
        "ae3c9c90-2d41-49c1-8f28-d324b141323e": [
          "1bb2aed6-06b4-49b4-820e-54c4c97c3d9d",
          "1a15043b-b485-41e2-9112-62bc25289691",
          "33f35a3f-c8f3-4c02-b6d2-72a7baadd7af",
          "5fc30e3a-63be-4616-9682-aed1b0e0e828"
        ]
      }
    }
  ],
  "use_dynamic_islands": true,
  "max_islands": 5,
  "last_spawn_iteration": -30,
  "use_paradigm_breakthrough": true,
  "paradigm_tracker": {
    "window_size": 10,
    "improvement_threshold": 0.12,
    "max_paradigm_uses": 2,
    "max_tried_paradigms": 10,
    "num_paradigms_to_generate": 3,
    "improvement_history": [
      1.0,
      1.0,
      0.0,
      0.0,
      0.0,
      0.0,
      0.0,
      0.0,
      0.0,
      0.0
    ],
    "active_paradigms": [],
    "paradigm_usage_counts": {},
    "current_paradigm_index": 0,
    "tried_paradigms": [],
    "best_score_at_paradigm_gen": 0.0,
    "best_score_during_paradigm": 0.0
  }
}