{
  "id": "cf694b36-b03c-446a-b4a3-f05caf7adf14",
  "generation": 4,
  "iteration": 21,
  "current_iteration": 25,
  "metrics": {
    "combined_score": 0.9345214576406863,
    "n_stage1_datasets": 8.0,
    "n_stage1_successful": 8.0,
    "eval_workers": 8.0,
    "stage1_full_selected_datasets": 1.0,
    "cascade_stage1_time_seconds": 1.6373724937438965,
    "cascade_stage1_threshold": 0.15,
    "cascade_stage1_passed": 1.0,
    "loss": 0.03127648072747815,
    "complexity": 29.0,
    "nmse_train": 0.009167892274988458,
    "nmse_val": 0.03127648072747815,
    "mean_nmse_val": 0.03127648072747815,
    "mean_raw_nmse_val": 0.03127648072747815,
    "fit_score": 0.9696720701848885,
    "parsimony_weight": 0.2,
    "parsimony_penalty_factor": 0.96375,
    "eval_time": 26.012908697128296,
    "n_datasets": 22.0,
    "n_successful": 22.0,
    "cascade_stage2_time_seconds": 26.013506412506104,
    "cascade_total_time_seconds": 27.65087890625,
    "cascade_stage1_combined_score": 0.8154331208333225
  },
  "language": "python",
  "timestamp": 1781636812.8756914,
  "saved_at": 1781638372.742958
}