{
  "id": "323b2853-3188-433f-bf54-634105881a02",
  "generation": 3,
  "iteration": 24,
  "current_iteration": 31,
  "metrics": {
    "combined_score": 0.8894979983914554,
    "n_stage1_datasets": 5.0,
    "n_stage1_successful": 5.0,
    "eval_workers": 8.0,
    "stage1_full_selected_datasets": 1.0,
    "cascade_stage1_time_seconds": 88.81655859947205,
    "cascade_stage1_threshold": 0.15,
    "cascade_stage1_passed": 1.0,
    "loss": 0.12422962368479007,
    "nmse_train": 0.015076341717153345,
    "nmse_val": 0.03688227287532574,
    "mean_nmse_val": 0.03688227287532574,
    "mean_raw_nmse_val": 0.03688227287532574,
    "scored_loss_val": 0.12422962368479007,
    "mean_scored_loss_val": 0.12422962368479007,
    "shape_loss_val": 0.386271676113183,
    "shape_loss_weight": 0.25,
    "heldout_curve_nmse": 0.04508731455812184,
    "heldout_curve_scored_loss": 0.1028667235962005,
    "heldout_curve_shape_loss": 0.27620495071043644,
    "eval_only_nmse": 0.03575840222337187,
    "eval_only_scored_loss": 0.12715576804558348,
    "eval_only_shape_loss": 0.4013478655122183,
    "fit_score": 0.8894979983914554,
    "eval_time": 410.6704683303833,
    "n_datasets": 17.0,
    "n_successful": 17.0,
    "cascade_stage2_time_seconds": 410.6709933280945,
    "cascade_total_time_seconds": 499.4875519275665,
    "cascade_stage1_combined_score": 0.9119393443283093
  },
  "language": "python",
  "timestamp": 1782038941.1418893,
  "saved_at": 1782043371.5114944
}