{
  "program_id": "e83d8a5f-60fc-49b0-b278-d8e013ef2c95",
  "iteration_found": 34,
  "dataset": "Abeta42/inhibition_constraints",
  "plot": "outputs_diff_inhibited_norm/adaevolve/disease_relevant_inhibited_all_normalized_ode_0720_0357/checkpoints/checkpoint_34/iteration_34_best_validation_curves.svg",
  "metrics": {
    "equation": "d(c)/dt = (0.971731973752075 - x4)*(12.818783181716*x1*x4*(0.944263028812104*x2 + x4/(3.79903965358338e-8*x3 + 1) + 1)/((0.991340319286585*x3 + 1)*(x4**2*(1.4555356341917e-8*x3 + 1.08480895444603) + 1)) + 2.08492525793368e-7*x1/(0.991340319286585*x3 + 1) + 2.07063556775799e-7*x2 + 2.99642188231763e-6)",
    "loss": 0.044703095240208275,
    "nmse_train": 0.01416365535168321,
    "nmse_val": 0.003372317010967755,
    "mean_nmse_val": 0.003372317010967755,
    "mean_raw_nmse_val": 0.003372317010967755,
    "scored_loss_val": 0.044703095240208275,
    "mean_scored_loss_val": 0.044703095240208275,
    "shape_loss_val": 0.16869542992792982,
    "shape_loss_weight": 0.25,
    "heldout_curve_nmse": 0.003372317010967755,
    "heldout_curve_scored_loss": 0.044703095240208275,
    "heldout_curve_shape_loss": 0.16869542992792982,
    "eval_only_nmse": NaN,
    "eval_only_scored_loss": NaN,
    "eval_only_shape_loss": NaN,
    "combined_score": 0.9572097608939029,
    "fit_score": 0.9572097608939029,
    "eval_time": 9.841968059539795,
    "n_datasets": 1,
    "n_successful": 1,
    "eval_workers": 8,
    "hard_cases": [
      {
        "dataset": "Abeta42/inhibition_constraints",
        "scored_loss_val": 0.044703095240208275,
        "nmse_val": 0.003372317010967755,
        "shape_loss_val": 0.16869542992792982,
        "evaluation_only": false
      }
    ],
    "hard_case_feedback": "Abeta42/inhibition_constraints scored=0.0447 (nmse=0.003372, shape=0.1687)",
    "validation_semantics_feedback": "heldout_curve_scored_loss=0.0447, heldout_curve_nmse=0.003372, heldout_curve_shape=0.1687; eval_only_fit_score_scored_loss=nan, eval_only_nmse=nan, eval_only_shape=nan",
    "per_dataset": {
      "Abeta42/inhibition_constraints": {
        "nmse_train": 0.01416365535168321,
        "nmse_val": 0.003372317010967755,
        "shape_loss_val": 0.16869542992792982,
        "scored_loss_val": 0.044703095240208275,
        "n_val_points": 1805,
        "evaluation_only": false,
        "combined_score": 0.9572097608939029,
        "equation": "d(c)/dt = (0.971731973752075 - x4)*(12.818783181716*x1*x4*(0.944263028812104*x2 + x4/(3.79903965358338e-8*x3 + 1) + 1)/((0.991340319286585*x3 + 1)*(x4**2*(1.4555356341917e-8*x3 + 1.08480895444603) + 1)) + 2.08492525793368e-7*x1/(0.991340319286585*x3 + 1) + 2.07063556775799e-7*x2 + 2.99642188231763e-6)",
        "equation_template": "d(c)/dt = (c0 - x4)*(c3**2 + c4**2*x1/(c1**2*x3 + 1) + c5**2*x2 + c6**2*x1*x4*(c0**2*x2 + x4/(c8**2*x3 + 1) + 1)/((c1**2*x3 + 1)*(x4**2*(c7**2 + c9**2*x3) + 1)))",
        "constants": {
          "c0": 0.9717319737520752,
          "c1": 0.9956607450766474,
          "c2": 3.0,
          "c3": 0.0017310175857909798,
          "c4": 0.000456609817889813,
          "c5": -0.00045504236811070523,
          "c6": 3.5803328311367943,
          "c7": 1.0415416239623003,
          "c8": -0.00019491125297384392,
          "c9": 0.0001206455815267056
        }
      }
    },
    "error": ""
  },
  "saved_at": 1784505049.112468
}