{
  "id": "8eea45aa-e6e3-4b4d-b7b0-69b269cd2938",
  "generation": 2,
  "iteration": 27,
  "current_iteration": 27,
  "metrics": {
    "equation": "d(c)/dt = (0.971730293743586 - x4)*(12.8180098989883*x1*x4*(0.944259763778995*x2 + x4 + 1)/((x4**2*(4.46709604308586e-8*x3 + 1.08417791158256) + 1)*(0.313156124836421*x1*x3 + 0.0518886407601134*x3 + 1)) + 8.12432060669726e-9*x1/(0.313156124836421*x1*x3 + 0.0518886407601134*x3 + 1) + 3.32277650397361e-9*x2 + 1.20960042442135e-7)",
    "loss": 0.044702972498556606,
    "nmse_train": 0.014163696285313937,
    "nmse_val": 0.0033718586867172804,
    "mean_nmse_val": 0.0033718586867172804,
    "mean_raw_nmse_val": 0.0033718586867172804,
    "scored_loss_val": 0.044702972498556606,
    "mean_scored_loss_val": 0.044702972498556606,
    "shape_loss_val": 0.16869631393407458,
    "shape_loss_weight": 0.25,
    "heldout_curve_nmse": 0.0033718586867172804,
    "heldout_curve_scored_loss": 0.044702972498556606,
    "heldout_curve_shape_loss": 0.16869631393407458,
    "eval_only_nmse": NaN,
    "eval_only_scored_loss": NaN,
    "eval_only_shape_loss": NaN,
    "combined_score": 0.957209873356019,
    "fit_score": 0.957209873356019,
    "eval_time": 8.512890815734863,
    "n_datasets": 1,
    "n_successful": 1,
    "eval_workers": 8,
    "hard_cases": [
      {
        "dataset": "Abeta42/inhibition_constraints",
        "scored_loss_val": 0.044702972498556606,
        "nmse_val": 0.0033718586867172804,
        "shape_loss_val": 0.16869631393407458,
        "evaluation_only": false
      }
    ],
    "hard_case_feedback": "Abeta42/inhibition_constraints scored=0.0447 (nmse=0.003372, shape=0.1687)",
    "validation_semantics_feedback": "heldout_curve_scored_loss=0.0447, heldout_curve_nmse=0.003372, heldout_curve_shape=0.1687; eval_only_fit_score_scored_loss=nan, eval_only_nmse=nan, eval_only_shape=nan",
    "per_dataset": {
      "Abeta42/inhibition_constraints": {
        "nmse_train": 0.014163696285313937,
        "nmse_val": 0.0033718586867172804,
        "shape_loss_val": 0.16869631393407458,
        "scored_loss_val": 0.044702972498556606,
        "n_val_points": 1805,
        "evaluation_only": false,
        "combined_score": 0.957209873356019,
        "equation": "d(c)/dt = (0.971730293743586 - x4)*(12.8180098989883*x1*x4*(0.944259763778995*x2 + x4 + 1)/((x4**2*(4.46709604308586e-8*x3 + 1.08417791158256) + 1)*(0.313156124836421*x1*x3 + 0.0518886407601134*x3 + 1)) + 8.12432060669726e-9*x1/(0.313156124836421*x1*x3 + 0.0518886407601134*x3 + 1) + 3.32277650397361e-9*x2 + 1.20960042442135e-7)",
        "equation_template": "d(c)/dt = (c0 - x4)*(c3**2 + c4**2*x1/(c1**2*x3 + c2**2*x1*x3 + 1) + c5**2*x2 + c6**2*x1*x4*(c0**2*x2 + x4 + 1)/((x4**2*(c7**2 + c8**2*x3) + 1)*(c1**2*x3 + c2**2*x1*x3 + 1)))",
        "constants": {
          "c0": 0.9717302937435858,
          "c1": 0.227790782869091,
          "c2": -0.5596035425517081,
          "c3": 0.00034779310292490644,
          "c4": -9.013501321183271e-05,
          "c5": -5.764352959329963e-05,
          "c6": 3.5802248391669913,
          "c7": -1.041238642954899,
          "c8": -0.0002113550577366405
        }
      }
    },
    "error": ""
  },
  "language": "python",
  "timestamp": 1784504051.5764108,
  "saved_at": 1784504085.510085
}