{
  "program_id": "39f0e2c6-1b05-4975-85ab-b91c4f6776c8",
  "iteration_found": 38,
  "dataset": "Abeta42/inhibition_constraints",
  "plot": "outputs_diff_inhibited_norm/adaevolve/disease_relevant_inhibited_all_normalized_ode_0720_0022/checkpoints/checkpoint_38/iteration_38_best_validation_curves.svg",
  "metrics": {
    "equation": "d(c)/dt = (0.960923568307165 - x4)*(19.4457193746118*x1*x4*(0.00153184681687102*x2 + 1) + 1.29005902329409e-8*x1 + 11.8380419897237*x2 + 6.56154094597173e-8)/(x3*(1.25857409310334e-9*x4 + 1.74336815516423) + 1)",
    "loss": 0.09214944527715178,
    "nmse_train": 0.011077308800358347,
    "nmse_val": 0.0464953687609546,
    "mean_nmse_val": 0.0464953687609546,
    "mean_raw_nmse_val": 0.0464953687609546,
    "scored_loss_val": 0.09214944527715178,
    "mean_scored_loss_val": 0.09214944527715178,
    "shape_loss_val": 0.22911167482574335,
    "shape_loss_weight": 0.25,
    "heldout_curve_nmse": 0.0464953687609546,
    "heldout_curve_scored_loss": 0.09214944527715178,
    "heldout_curve_shape_loss": 0.22911167482574335,
    "eval_only_nmse": NaN,
    "eval_only_scored_loss": NaN,
    "eval_only_shape_loss": NaN,
    "combined_score": 0.9156256081293276,
    "fit_score": 0.9156256081293276,
    "eval_time": 28.439621686935425,
    "n_datasets": 1,
    "n_successful": 1,
    "eval_workers": 8,
    "hard_cases": [
      {
        "dataset": "Abeta42/inhibition_constraints",
        "scored_loss_val": 0.09214944527715178,
        "nmse_val": 0.0464953687609546,
        "shape_loss_val": 0.22911167482574335,
        "evaluation_only": false
      }
    ],
    "hard_case_feedback": "Abeta42/inhibition_constraints scored=0.09215 (nmse=0.0465, shape=0.2291)",
    "validation_semantics_feedback": "heldout_curve_scored_loss=0.09215, heldout_curve_nmse=0.0465, heldout_curve_shape=0.2291; eval_only_fit_score_scored_loss=nan, eval_only_nmse=nan, eval_only_shape=nan",
    "per_dataset": {
      "Abeta42/inhibition_constraints": {
        "nmse_train": 0.011077308800358347,
        "nmse_val": 0.0464953687609546,
        "shape_loss_val": 0.22911167482574335,
        "scored_loss_val": 0.09214944527715178,
        "n_val_points": 3610,
        "evaluation_only": false,
        "combined_score": 0.9156256081293276,
        "equation": "d(c)/dt = (0.960923568307165 - x4)*(19.4457193746118*x1*x4*(0.00153184681687102*x2 + 1) + 1.29005902329409e-8*x1 + 11.8380419897237*x2 + 6.56154094597173e-8)/(x3*(1.25857409310334e-9*x4 + 1.74336815516423) + 1)",
        "equation_template": "d(c)/dt = (c0 - x4)*(c3**2 + c4**2*x1 + c5**2*x2 + c6**2*x1*x4*(c7**2*x2 + 1))/(x3*(c1**2 + c2**2*x4) + 1)",
        "constants": {
          "c0": 0.9609235683071652,
          "c1": 1.320366674512889,
          "c2": 3.547638782490882e-05,
          "c3": 0.00025615504964711773,
          "c4": -0.00011358076524192344,
          "c5": 3.4406455774641582,
          "c6": 4.409730079564028,
          "c7": 0.03913881470958233
        }
      }
    },
    "error": ""
  },
  "saved_at": 1784492326.815049
}