{
  "id": "c22bd51c-95cc-4b54-9ca6-0a6f0d390267",
  "generation": 2,
  "iteration": 8,
  "timestamp": 1783027920.3803232,
  "parent_id": "0d553830-8c59-4c48-9b6f-409e25520893",
  "metrics": {
    "combined_score": 0.931534406844802,
    "n_stage1_datasets": 1.0,
    "n_stage1_successful": 1.0,
    "eval_workers": 8.0,
    "stage1_full_selected_datasets": 1.0,
    "cascade_stage1_time_seconds": 300.06926941871643,
    "cascade_stage1_threshold": 0.15,
    "cascade_stage1_passed": 1.0,
    "loss": 0.07349765360476326,
    "nmse_train": 0.03760646432327565,
    "nmse_val": 0.062225924703849536,
    "mean_nmse_val": 0.062225924703849536,
    "mean_raw_nmse_val": 0.062225924703849536,
    "scored_loss_val": 0.07349765360476326,
    "mean_scored_loss_val": 0.07349765360476326,
    "shape_loss_val": 0.10731284030750445,
    "shape_loss_weight": 0.25,
    "heldout_curve_nmse": 0.062225924703849536,
    "heldout_curve_scored_loss": 0.07349765360476326,
    "heldout_curve_shape_loss": 0.10731284030750445,
    "eval_only_nmse": NaN,
    "eval_only_scored_loss": NaN,
    "eval_only_shape_loss": NaN,
    "fit_score": 0.931534406844802,
    "eval_time": 134.7634198665619,
    "n_datasets": 1.0,
    "n_successful": 1.0,
    "cascade_stage2_time_seconds": 134.76388216018677,
    "cascade_total_time_seconds": 434.8331515789032,
    "cascade_stage1_combined_score": 0.9250659991576002,
    "test_combined_score": 0.931534406844802,
    "test_n_stage1_datasets": 1.0,
    "test_n_stage1_successful": 1.0,
    "test_eval_workers": 8.0,
    "test_stage1_full_selected_datasets": 1.0,
    "test_cascade_stage1_time_seconds": 444.6745820045471,
    "test_cascade_stage1_threshold": 0.15,
    "test_cascade_stage1_passed": 1.0,
    "test_loss": 0.07349765360476326,
    "test_nmse_train": 0.03760646432327565,
    "test_nmse_val": 0.062225924703849536,
    "test_mean_nmse_val": 0.062225924703849536,
    "test_mean_raw_nmse_val": 0.062225924703849536,
    "test_scored_loss_val": 0.07349765360476326,
    "test_mean_scored_loss_val": 0.07349765360476326,
    "test_shape_loss_val": 0.10731284030750445,
    "test_shape_loss_weight": 0.25,
    "test_heldout_curve_nmse": 0.062225924703849536,
    "test_heldout_curve_scored_loss": 0.07349765360476326,
    "test_heldout_curve_shape_loss": 0.10731284030750445,
    "test_eval_only_nmse": NaN,
    "test_eval_only_scored_loss": NaN,
    "test_eval_only_shape_loss": NaN,
    "test_fit_score": 0.931534406844802,
    "test_eval_time": 189.56251525878906,
    "test_n_datasets": 1.0,
    "test_n_successful": 1.0,
    "test_cascade_stage2_time_seconds": 189.56349754333496,
    "test_cascade_total_time_seconds": 634.2380795478821,
    "test_cascade_stage1_combined_score": 0.9250659991576002
  },
  "language": "python",
  "saved_at": 1783044664.0016885
}