{
  "num_islands": 2,
  "current_island": 1,
  "iteration_count": 11,
  "global_best_score": 0.9349796505051121,
  "decay": 0.9,
  "intensity_min": 0.15,
  "intensity_max": 0.5,
  "migration_interval": 15,
  "diversity_strategy_type": "code",
  "use_unified_archive": true,
  "use_adaptive_search": true,
  "use_ucb_selection": true,
  "fixed_intensity": 0.4,
  "adapter": {
    "states": [
      {
        "accumulated_signal": 0.09090478272700084,
        "best_score": 0.9349130367605115,
        "improvement_count": 2,
        "total_evaluations": 7,
        "decay": 0.9,
        "epsilon": 1e-08,
        "intensity_min": 0.15,
        "intensity_max": 0.5
      },
      {
        "accumulated_signal": 0.09090626775486961,
        "best_score": 0.9349796505051121,
        "improvement_count": 1,
        "total_evaluations": 6,
        "decay": 0.9,
        "epsilon": 1e-08,
        "intensity_min": 0.15,
        "intensity_max": 0.5
      }
    ],
    "dimension_visits": [
      7,
      6
    ],
    "dimension_rewards": [
      0.5876084487474804,
      0.05133092304149548
    ],
    "decayed_visits": [
      5.217031,
      4.68559
    ],
    "global_best_score": 0.9349796505051121,
    "ucb_exploration": 1.41,
    "min_visits": 3,
    "decay": 0.9,
    "epsilon": 1e-08
  },
  "island_config_names": [
    "balanced",
    "balanced"
  ],
  "islands": [
    [
      "0c137657-b146-4e19-8774-6153e97b9ae5",
      "86f636a5-0a45-4763-ba33-cc535fbb5239",
      "4d4ded1f-f0a6-4ed2-b077-1ccb0850160f",
      "8194fafa-6e8c-42cc-993e-f39dad87ba99",
      "a85e0a2b-5403-4b6c-a631-c83c5948e643",
      "f71c4234-c700-44c3-b0f3-ed747aba661b",
      "d821b101-c0a4-4b6d-95be-d16c9fa9d27e"
    ],
    [
      "5dc8a9b7-78a8-4edd-afdf-eb232928ffd7",
      "4340b6b2-cb83-4bab-95c5-247de1676a3c",
      "fd3f9809-a893-4aac-ac65-e4af43295e20",
      "680357c6-93a8-4467-ad1e-5a900814dedf",
      "dae4d969-121d-46b0-832e-c91bbcaebbea",
      "6ef8cc59-71e5-4dac-8665-c4d9ec19dae1",
      "85f7f480-c8db-4813-8215-1ffddb2ad73b"
    ]
  ],
  "archive_genealogies": [
    {
      "parents": {
        "0c137657-b146-4e19-8774-6153e97b9ae5": [],
        "86f636a5-0a45-4763-ba33-cc535fbb5239": [
          "0c137657-b146-4e19-8774-6153e97b9ae5"
        ],
        "4d4ded1f-f0a6-4ed2-b077-1ccb0850160f": [
          "0c137657-b146-4e19-8774-6153e97b9ae5"
        ],
        "8194fafa-6e8c-42cc-993e-f39dad87ba99": [
          "0c137657-b146-4e19-8774-6153e97b9ae5"
        ],
        "a85e0a2b-5403-4b6c-a631-c83c5948e643": [
          "86f636a5-0a45-4763-ba33-cc535fbb5239"
        ],
        "f71c4234-c700-44c3-b0f3-ed747aba661b": [
          "86f636a5-0a45-4763-ba33-cc535fbb5239"
        ],
        "d821b101-c0a4-4b6d-95be-d16c9fa9d27e": [
          "86f636a5-0a45-4763-ba33-cc535fbb5239"
        ]
      },
      "children": {
        "0c137657-b146-4e19-8774-6153e97b9ae5": [
          "86f636a5-0a45-4763-ba33-cc535fbb5239",
          "4d4ded1f-f0a6-4ed2-b077-1ccb0850160f",
          "8194fafa-6e8c-42cc-993e-f39dad87ba99"
        ],
        "86f636a5-0a45-4763-ba33-cc535fbb5239": [
          "a85e0a2b-5403-4b6c-a631-c83c5948e643",
          "f71c4234-c700-44c3-b0f3-ed747aba661b",
          "d821b101-c0a4-4b6d-95be-d16c9fa9d27e"
        ]
      }
    },
    {
      "parents": {
        "5dc8a9b7-78a8-4edd-afdf-eb232928ffd7": [],
        "4340b6b2-cb83-4bab-95c5-247de1676a3c": [
          "5dc8a9b7-78a8-4edd-afdf-eb232928ffd7"
        ],
        "fd3f9809-a893-4aac-ac65-e4af43295e20": [
          "4340b6b2-cb83-4bab-95c5-247de1676a3c"
        ],
        "680357c6-93a8-4467-ad1e-5a900814dedf": [
          "5dc8a9b7-78a8-4edd-afdf-eb232928ffd7"
        ],
        "dae4d969-121d-46b0-832e-c91bbcaebbea": [
          "4340b6b2-cb83-4bab-95c5-247de1676a3c"
        ],
        "6ef8cc59-71e5-4dac-8665-c4d9ec19dae1": [
          "fd3f9809-a893-4aac-ac65-e4af43295e20"
        ],
        "85f7f480-c8db-4813-8215-1ffddb2ad73b": [
          "4340b6b2-cb83-4bab-95c5-247de1676a3c"
        ]
      },
      "children": {
        "5dc8a9b7-78a8-4edd-afdf-eb232928ffd7": [
          "4340b6b2-cb83-4bab-95c5-247de1676a3c",
          "680357c6-93a8-4467-ad1e-5a900814dedf"
        ],
        "4340b6b2-cb83-4bab-95c5-247de1676a3c": [
          "fd3f9809-a893-4aac-ac65-e4af43295e20",
          "dae4d969-121d-46b0-832e-c91bbcaebbea",
          "85f7f480-c8db-4813-8215-1ffddb2ad73b"
        ],
        "fd3f9809-a893-4aac-ac65-e4af43295e20": [
          "6ef8cc59-71e5-4dac-8665-c4d9ec19dae1"
        ]
      }
    }
  ],
  "use_dynamic_islands": true,
  "max_islands": 5,
  "last_spawn_iteration": -30,
  "use_paradigm_breakthrough": true,
  "paradigm_tracker": {
    "window_size": 10,
    "improvement_threshold": 0.12,
    "max_paradigm_uses": 2,
    "max_tried_paradigms": 10,
    "num_paradigms_to_generate": 3,
    "improvement_history": [
      0.0,
      0.0,
      0.0,
      0.0,
      0.0,
      0.0,
      0.0,
      0.0,
      0.0,
      0.0
    ],
    "active_paradigms": [
      {
        "idea": "Make the mass-conservation plateau curve-dependent on inhibitor and monomer (inhibitor lowers accessible final aggregate mass)",
        "description": "Replace the single constant plateau c[0] with a smooth, bounded per-curve capacity that decreases with inhibitor and scales with monomer availability: plateau = c[0]/(1 + c[9]**2 * inhibitor) + c[10]**2 * monomer. This encodes the physical fact that inhibitors sequester monomer or cap fibril ends, so inhibited curves saturate at a LOWER normalized final level, while cd=0 recovers plateau = c[0] + c[10]**2*monomer. Keep the existing rate structure (source + autocatalytic/inhibitor_scale) unchanged. Use constant_symbols(11). The division 1+c[9]**2*inhibitor is always >=1 (finite, positive, smooth). Set initial_values so plateau starts near 1.0 (e.g. c[0]=1.0, c[9]=0.1, c[10]=0.0). This directly attacks per-dataset NMSE because a constant ceiling currently forces every curve \u2014 inhibited or not \u2014 to the same asymptote, inflating pointwise error on strongly-inhibited trajectories. Return exactly one evaluate_expression call.",
        "what_to_optimize": "dataset_nmse (pointwise fit) on inhibited curves that saturate below 1; also improves aggregate scored_loss since NMSE is 75% of weight",
        "cautions": "Keep total fitted constants <13 (this uses 11). Ensure plateau stays positive over the observed range \u2014 since all terms are positive and the denominator >=1, plateau is bounded in (0, c[0]+c[10]**2*max_monomer]. Do not let plateau go below c at t large or integration diverges; the (plateau - c) factor naturally self-limits. Avoid re-adding a redundant amplitude suppressor already handled by inhibitor_scale.",
        "approach_type": "sympy.symbolic_ode_template"
      },
      {
        "idea": "Encode inhibitor-induced lag extension by making the autocatalytic onset offset increase with inhibitor concentration (delayed half-time)",
        "description": "Inhibitors are known to extend the aggregation lag phase / delay the half-time, a distinct kinetic signature the current model misses. Modify the onset term from onset = c[5]**2 + c[8]**2*seed to onset = c[5]**2 + c[8]**2*seed + c[9]**2*inhibitor, and keep everything else identical (use constant_symbols(10)). A larger onset offset shifts the c*(c+onset) amplification so growth engages later, reproducing the delayed sigmoid inflection that the shape loss (half-response/onset timing term, 25% weight) directly measures. Seed still shortens the effective lag (onset already couples M0), and inhibitor lengthens it \u2014 physically consistent and cd=0 exactly recovers the current best. All constants squared for positivity, so onset is always positive and the RHS remains smooth and finite. Set the new constant's initial value modestly (e.g. 0.1). Return exactly one evaluate_expression call with the full expression.",