{
  "id": "21850af2-88f1-4b91-9bb1-8d8d8ba0f8d1",
  "generation": 2,
  "iteration": 14,
  "timestamp": 1779971669.7769341,
  "parent_id": "db4a054f-e072-42b6-85c0-dc9afb323a33",
  "metrics": {
    "combined_score": 0.6099232286985785,
    "n_stage1_datasets": 8.0,
    "n_stage1_successful": 8.0,
    "eval_workers": 8.0,
    "cascade_stage1_time_seconds": 0.3894379138946533,
    "cascade_stage1_threshold": 0.15,
    "cascade_stage1_passed": 1.0,
    "loss": 0.6395506072686334,
    "complexity": 0.0,
    "nmse_train": Infinity,
    "nmse_val": 0.6395506072686334,
    "eval_time": 11.998975276947021,
    "n_datasets": 60.0,
    "n_successful": 60.0,
    "cascade_stage2_time_seconds": 11.999381303787231,
    "cascade_total_time_seconds": 12.388819217681885,
    "cascade_stage1_combined_score": 0.4934732635555226,
    "test_combined_score": 0.6099232286985785,
    "test_n_stage1_datasets": 8.0,
    "test_n_stage1_successful": 8.0,
    "test_eval_workers": 8.0,
    "test_cascade_stage1_time_seconds": 0.2728919982910156,
    "test_cascade_stage1_threshold": 0.15,
    "test_cascade_stage1_passed": 1.0,
    "test_loss": 0.6395506072686334,
    "test_complexity": 0.0,
    "test_nmse_train": Infinity,
    "test_nmse_val": 0.6395506072686334,
    "test_eval_time": 14.081458806991577,
    "test_n_datasets": 60.0,
    "test_n_successful": 60.0,
    "test_cascade_stage2_time_seconds": 14.08185601234436,
    "test_cascade_total_time_seconds": 14.354748010635376,
    "test_cascade_stage1_combined_score": 0.4934732635555226
  },
  "language": "python",
  "saved_at": 1779972375.7623107
}