{
  "program_id": "1bd10461-5929-415e-a982-5cb685472838",
  "iteration_found": 4,
  "dataset": "Abeta42/inhibition_constraints",
  "plot": "outputs_diff_inhibited_norm/adaevolve/disease_relevant_inhibited_all_normalized_ode_0720_0022/checkpoints/checkpoint_4/iteration_4_best_validation_curves.svg",
  "metrics": {
    "equation": "d(c)/dt = (0.959117741726703 - x4)*(62.5536526741391*x1*x4**2/(5.40942509978212*x3 + 1) + 0.91166370741183*x1 + 6.54230585759394*x2*x4 + 0.000100077374885329)",
    "loss": 0.1101599191237106,
    "nmse_train": 0.011510052188613857,
    "nmse_val": 0.058503256139324625,
    "mean_nmse_val": 0.058503256139324625,
    "mean_raw_nmse_val": 0.058503256139324625,
    "scored_loss_val": 0.1101599191237106,
    "mean_scored_loss_val": 0.1101599191237106,
    "shape_loss_val": 0.26512990807686854,
    "shape_loss_weight": 0.25,
    "heldout_curve_nmse": 0.058503256139324625,
    "heldout_curve_scored_loss": 0.1101599191237106,
    "heldout_curve_shape_loss": 0.26512990807686854,
    "eval_only_nmse": NaN,
    "eval_only_scored_loss": NaN,
    "eval_only_shape_loss": NaN,
    "combined_score": 0.9007711256494796,
    "fit_score": 0.9007711256494796,
    "eval_time": 9.348287105560303,
    "n_datasets": 1,
    "n_successful": 1,
    "eval_workers": 8,
    "hard_cases": [
      {
        "dataset": "Abeta42/inhibition_constraints",
        "scored_loss_val": 0.1101599191237106,
        "nmse_val": 0.058503256139324625,
        "shape_loss_val": 0.26512990807686854,
        "evaluation_only": false
      }
    ],
    "hard_case_feedback": "Abeta42/inhibition_constraints scored=0.1102 (nmse=0.0585, shape=0.2651)",
    "validation_semantics_feedback": "heldout_curve_scored_loss=0.1102, heldout_curve_nmse=0.0585, heldout_curve_shape=0.2651; eval_only_fit_score_scored_loss=nan, eval_only_nmse=nan, eval_only_shape=nan",
    "per_dataset": {
      "Abeta42/inhibition_constraints": {
        "nmse_train": 0.011510052188613857,
        "nmse_val": 0.058503256139324625,
        "shape_loss_val": 0.26512990807686854,
        "scored_loss_val": 0.1101599191237106,
        "n_val_points": 3610,
        "evaluation_only": false,
        "combined_score": 0.9007711256494796,
        "equation": "d(c)/dt = (0.959117741726703 - x4)*(62.5536526741391*x1*x4**2/(5.40942509978212*x3 + 1) + 0.91166370741183*x1 + 6.54230585759394*x2*x4 + 0.000100077374885329)",
        "equation_template": "d(c)/dt = (c0 - x4)*(c1**2 + c2**2*x1 + c3**2*x1*x4**2/(c4**2*x3 + 1) + c5**2*x2*x4)",
        "constants": {
          "c0": 0.9591177417267032,
          "c1": -0.010003867996196701,
          "c2": 0.9548108228397028,
          "c3": 7.909086715553134,
          "c4": 2.325817082184692,
          "c5": 2.5577931616129446
        }
      }
    },
    "error": ""
  },
  "saved_at": 1784488146.1459358
}