{
  "id": "636bb043-a818-424c-97ae-c58bc9017f9b",
  "generation": 3,
  "iteration": 17,
  "current_iteration": 18,
  "metrics": {
    "combined_score": 0.9324850694094039,
    "n_stage1_datasets": 8.0,
    "n_stage1_successful": 8.0,
    "eval_workers": 8.0,
    "stage1_full_selected_datasets": 1.0,
    "cascade_stage1_time_seconds": 2.3664679527282715,
    "cascade_stage1_threshold": 0.15,
    "cascade_stage1_passed": 1.0,
    "loss": 0.03755012465000982,
    "complexity": 26.0,
    "nmse_train": 0.01362494386696853,
    "nmse_val": 0.03755012465000982,
    "mean_nmse_val": 0.03755012465000982,
    "mean_raw_nmse_val": 0.03755012465000982,
    "fit_score": 0.9638088572707016,
    "parsimony_weight": 0.2,
    "parsimony_penalty_factor": 0.9675,
    "eval_time": 31.097209930419922,
    "n_datasets": 22.0,
    "n_successful": 22.0,
    "cascade_stage2_time_seconds": 31.097716808319092,
    "cascade_total_time_seconds": 33.46418476104736,
    "cascade_stage1_combined_score": 0.8235912727843113
  },
  "language": "python",
  "timestamp": 1781636161.9292715,
  "saved_at": 1781636322.7588527
}