{
  "num_islands": 2,
  "current_island": 1,
  "iteration_count": 4,
  "global_best_score": 0.9953682281266177,
  "decay": 0.9,
  "intensity_min": 0.15,
  "intensity_max": 0.5,
  "migration_interval": 15,
  "diversity_strategy_type": "code",
  "use_unified_archive": true,
  "use_adaptive_search": true,
  "use_ucb_selection": true,
  "fixed_intensity": 0.4,
  "adapter": {
    "states": [
      {
        "accumulated_signal": 0.08175619123987804,
        "best_score": 0.9953682281266177,
        "improvement_count": 3,
        "total_evaluations": 3,
        "decay": 0.9,
        "epsilon": 1e-08,
        "intensity_min": 0.15,
        "intensity_max": 0.5
      },
      {
        "accumulated_signal": 0.09120796711038656,
        "best_score": 0.9953682281266177,
        "improvement_count": 1,
        "total_evaluations": 3,
        "decay": 0.9,
        "epsilon": 1e-08,
        "intensity_min": 0.15,
        "intensity_max": 0.5
      }
    ],
    "dimension_visits": [
      3,
      3
    ],
    "dimension_rewards": [
      0.908936703659293,
      0.08171081578221247
    ],
    "decayed_visits": [
      2.71,
      2.71
    ],
    "global_best_score": 0.9953682281266177,
    "ucb_exploration": 1.41,
    "min_visits": 3,
    "decay": 0.9,
    "epsilon": 1e-08
  },
  "island_config_names": [
    "balanced",
    "balanced"
  ],
  "islands": [
    [
      "9808356a-7302-4dce-8745-a8c96b91d776",
      "d0aa9e6d-4e7c-45ea-b26e-2ff76c3b13e9",
      "a5fb13a2-9442-4de1-974f-aec0b67ca772"
    ],
    [
      "08c5e953-06f3-4a19-ab12-dafc0110661d",
      "0a97241f-df20-4d86-bfee-239d0b949974",
      "f6de3006-fc71-4a2e-b98e-75486a9090ef",
      "76964f71-6632-4145-a8e2-24b62c3eb873"
    ]
  ],
  "archive_genealogies": [
    {
      "parents": {
        "9808356a-7302-4dce-8745-a8c96b91d776": [],
        "d0aa9e6d-4e7c-45ea-b26e-2ff76c3b13e9": [
          "9808356a-7302-4dce-8745-a8c96b91d776"
        ],
        "a5fb13a2-9442-4de1-974f-aec0b67ca772": [
          "9808356a-7302-4dce-8745-a8c96b91d776"
        ]
      },
      "children": {
        "9808356a-7302-4dce-8745-a8c96b91d776": [
          "d0aa9e6d-4e7c-45ea-b26e-2ff76c3b13e9",
          "a5fb13a2-9442-4de1-974f-aec0b67ca772"
        ]
      }
    },
    {
      "parents": {
        "08c5e953-06f3-4a19-ab12-dafc0110661d": [],
        "0a97241f-df20-4d86-bfee-239d0b949974": [
          "08c5e953-06f3-4a19-ab12-dafc0110661d"
        ],
        "f6de3006-fc71-4a2e-b98e-75486a9090ef": [
          "08c5e953-06f3-4a19-ab12-dafc0110661d"
        ],
        "76964f71-6632-4145-a8e2-24b62c3eb873": [
          "08c5e953-06f3-4a19-ab12-dafc0110661d"
        ]
      },
      "children": {
        "08c5e953-06f3-4a19-ab12-dafc0110661d": [
          "0a97241f-df20-4d86-bfee-239d0b949974",
          "f6de3006-fc71-4a2e-b98e-75486a9090ef",
          "76964f71-6632-4145-a8e2-24b62c3eb873"
        ]
      }
    }
  ],
  "use_dynamic_islands": true,
  "max_islands": 5,
  "last_spawn_iteration": -30,
  "use_paradigm_breakthrough": true,
  "paradigm_tracker": {
    "window_size": 10,
    "improvement_threshold": 0.12,
    "max_paradigm_uses": 2,
    "max_tried_paradigms": 10,
    "num_paradigms_to_generate": 3,
    "improvement_history": [
      1.0,
      1.0,
      1.0,
      0.0,
      0.0,
      0.0
    ],
    "active_paradigms": [],
    "paradigm_usage_counts": {},
    "current_paradigm_index": 0,
    "tried_paradigms": [],
    "best_score_at_paradigm_gen": 0.0,
    "best_score_during_paradigm": 0.0
  }
}