{
  "id": "0a97241f-df20-4d86-bfee-239d0b949974",
  "generation": 1,
  "iteration": 2,
  "current_iteration": 5,
  "metrics": {
    "loss": 0.0006574035159915693,
    "complexity": 25.0,
    "nmse_train": 0.004617957181404015,
    "nmse_val": 0.004653325013296524,
    "combined_score": 0.9953682281266177,
    "eval_time": 60.18922686576843
  },
  "language": "python",
  "timestamp": 1779608497.816077,
  "saved_at": 1779608999.718645
}