{
  "program_id": "9c4bd731-6495-449b-91ec-058c58dd09dc",
  "iteration_found": 23,
  "dataset": "Abeta42/inhibition_constraints",
  "plot": "outputs_diff_inhibited_norm/adaevolve/disease_relevant_inhibited_all_normalized_ode_0720_0022/checkpoints/checkpoint_23/iteration_23_best_validation_curves.svg",
  "metrics": {
    "equation": "d(c)/dt = (0.961585669276059 - x4)*(1.16162380583201*x0 + 2.34994836522241*x1 + 9.42460687945485*x2 + 21.5035989114417*x4*(3.851550854092e-8*x2 + 1) + 9.90558980190253e-5)*exp(-4.4084589096639*x3/(17.4747649501864*x4 + 1))",
    "loss": 0.3736703214664791,
    "nmse_train": 0.024455988474722228,
    "nmse_val": 0.40417121888317065,
    "mean_nmse_val": 0.40417121888317065,
    "mean_raw_nmse_val": 0.40417121888317065,
    "scored_loss_val": 0.3736703214664791,
    "mean_scored_loss_val": 0.3736703214664791,
    "shape_loss_val": 0.2821676292164044,
    "shape_loss_weight": 0.25,
    "heldout_curve_nmse": 0.40417121888317065,
    "heldout_curve_scored_loss": 0.3736703214664791,
    "heldout_curve_shape_loss": 0.2821676292164044,
    "eval_only_nmse": NaN,
    "eval_only_scored_loss": NaN,
    "eval_only_shape_loss": NaN,
    "combined_score": 0.7279767090930794,
    "fit_score": 0.7279767090930794,
    "eval_time": 26.292463064193726,
    "n_datasets": 1,
    "n_successful": 1,
    "eval_workers": 8,
    "hard_cases": [
      {
        "dataset": "Abeta42/inhibition_constraints",
        "scored_loss_val": 0.3736703214664791,
        "nmse_val": 0.40417121888317065,
        "shape_loss_val": 0.2821676292164044,
        "evaluation_only": false
      }
    ],
    "hard_case_feedback": "Abeta42/inhibition_constraints scored=0.3737 (nmse=0.4042, shape=0.2822)",
    "validation_semantics_feedback": "heldout_curve_scored_loss=0.3737, heldout_curve_nmse=0.4042, heldout_curve_shape=0.2822; eval_only_fit_score_scored_loss=nan, eval_only_nmse=nan, eval_only_shape=nan",
    "per_dataset": {
      "Abeta42/inhibition_constraints": {
        "nmse_train": 0.024455988474722228,
        "nmse_val": 0.40417121888317065,
        "shape_loss_val": 0.2821676292164044,
        "scored_loss_val": 0.3736703214664791,
        "n_val_points": 3610,
        "evaluation_only": false,
        "combined_score": 0.7279767090930794,
        "equation": "d(c)/dt = (0.961585669276059 - x4)*(1.16162380583201*x0 + 2.34994836522241*x1 + 9.42460687945485*x2 + 21.5035989114417*x4*(3.851550854092e-8*x2 + 1) + 9.90558980190253e-5)*exp(-4.4084589096639*x3/(17.4747649501864*x4 + 1))",
        "equation_template": "d(c)/dt = (c0 - x4)*(c1**2 + c2**2*x1 + c3**2*x2 + c4**2*x4*(c5**2*x2 + 1) + c8*x0)*exp(-c6**2*x3/(c7**2*x4 + 1))",
        "constants": {
          "c0": 0.9615856692760587,
          "c1": 0.009952682955817756,
          "c2": 1.532954130175593,
          "c3": 3.0699522601263447,
          "c4": 4.637197312110156,
          "c5": 0.00019625368414610724,
          "c6": 2.099633041667973,
          "c7": -4.180282879206435,
          "c8": 1.1616238058320123
        }
      }
    },
    "error": ""
  },
  "saved_at": 1784490238.901918
}