{
  "program_id": "c0206c67-1438-48b1-b8af-1517658c3dff",
  "iteration_found": 12,
  "dataset": "Abeta42/inhibition_constraints",
  "plot": "outputs_diff_inhibited_norm/adaevolve/disease_relevant_inhibited_all_normalized_ode_0720_0232/checkpoints/checkpoint_12/iteration_12_best_validation_curves.svg",
  "metrics": {
    "equation": "d(c)/dt = (0.972761667679742 - x4)*(0.000454003106297654*x2*x4 + 2.06548083966047*x2 + (15.3588223160198*x1*x4 + 3.54029064035209e-9*x1 + 2.25367970564124e-9)/(5.03694229809037e-9*x3**2 + 1.53622242931742e-7*x3*x4 + 1.05997571219399*x3 + 1))",
    "loss": 0.04677313513705619,
    "nmse_train": 0.010982036044973697,
    "nmse_val": 0.005236613493159036,
    "mean_nmse_val": 0.005236613493159036,
    "mean_raw_nmse_val": 0.005236613493159036,
    "scored_loss_val": 0.04677313513705619,
    "mean_scored_loss_val": 0.04677313513705619,
    "shape_loss_val": 0.17138270006874767,
    "shape_loss_weight": 0.25,
    "heldout_curve_nmse": 0.005236613493159036,
    "heldout_curve_scored_loss": 0.04677313513705619,
    "heldout_curve_shape_loss": 0.17138270006874767,
    "eval_only_nmse": NaN,
    "eval_only_scored_loss": NaN,
    "eval_only_shape_loss": NaN,
    "combined_score": 0.9553168365073373,
    "fit_score": 0.9553168365073373,
    "eval_time": 16.83470320701599,
    "n_datasets": 1,
    "n_successful": 1,
    "eval_workers": 8,
    "hard_cases": [
      {
        "dataset": "Abeta42/inhibition_constraints",
        "scored_loss_val": 0.04677313513705619,
        "nmse_val": 0.005236613493159036,
        "shape_loss_val": 0.17138270006874767,
        "evaluation_only": false
      }
    ],
    "hard_case_feedback": "Abeta42/inhibition_constraints scored=0.04677 (nmse=0.005237, shape=0.1714)",
    "validation_semantics_feedback": "heldout_curve_scored_loss=0.04677, heldout_curve_nmse=0.005237, heldout_curve_shape=0.1714; eval_only_fit_score_scored_loss=nan, eval_only_nmse=nan, eval_only_shape=nan",
    "per_dataset": {
      "Abeta42/inhibition_constraints": {
        "nmse_train": 0.010982036044973697,
        "nmse_val": 0.005236613493159036,
        "shape_loss_val": 0.17138270006874767,
        "scored_loss_val": 0.04677313513705619,
        "n_val_points": 1805,
        "evaluation_only": false,
        "combined_score": 0.9553168365073373,
        "equation": "d(c)/dt = (0.972761667679742 - x4)*(0.000454003106297654*x2*x4 + 2.06548083966047*x2 + (15.3588223160198*x1*x4 + 3.54029064035209e-9*x1 + 2.25367970564124e-9)/(5.03694229809037e-9*x3**2 + 1.53622242931742e-7*x3*x4 + 1.05997571219399*x3 + 1))",
        "equation_template": "d(c)/dt = (c0 - x4)*(c3**2*x2*x4 + c7**2*x2 + (c4**2*x1 + c5**2*x1*x4 + c6**2)/(c1**2*x3 + c2**2*x3**2 + c8**2*x3*x4 + 1))",
        "constants": {
          "c0": 0.9727616676797419,
          "c1": 1.0295512188298284,
          "c2": -7.09714188817609e-05,
          "c3": 0.021307348645424048,
          "c4": -5.950034151458366e-05,
          "c5": 3.9190333394881725,
          "c6": -4.747293656012063e-05,
          "c7": 1.4371780820971596,
          "c8": -0.0003919467348144922
        }
      }
    },
    "error": ""
  },
  "saved_at": 1784496310.259775
}