{
  "num_islands": 2,
  "current_island": 0,
  "iteration_count": 0,
  "global_best_score": 0.8792027559992314,
  "decay": 0.9,
  "intensity_min": 0.15,
  "intensity_max": 0.5,
  "migration_interval": 15,
  "diversity_strategy_type": "code",
  "use_unified_archive": true,
  "use_adaptive_search": true,
  "use_ucb_selection": true,
  "fixed_intensity": 0.4,
  "adapter": {
    "states": [
      {
        "accumulated_signal": 0.09155565056795414,
        "best_score": 0.8789740883656226,
        "improvement_count": 2,
        "total_evaluations": 12,
        "decay": 0.9,
        "epsilon": 1e-08,
        "intensity_min": 0.15,
        "intensity_max": 0.5
      },
      {
        "accumulated_signal": 0.09999999999999998,
        "best_score": 0.8792027559992314,
        "improvement_count": 0,
        "total_evaluations": 0,
        "decay": 0.9,
        "epsilon": 1e-08,
        "intensity_min": 0.15,
        "intensity_max": 0.5
      }
    ],
    "dimension_visits": [
      12,
      0
    ],
    "dimension_rewards": [
      0.35246700661417807,
      0.0
    ],
    "decayed_visits": [
      7.175704635190001,
      0.0
    ],
    "global_best_score": 0.8792027559992314,
    "ucb_exploration": 1.41,
    "min_visits": 3,
    "decay": 0.9,
    "epsilon": 1e-08
  },
  "island_config_names": [
    "balanced",
    "balanced"
  ],
  "islands": [
    [
      "ea742d25-9569-4d65-98c0-240a90c5eb74",
      "e1efd97e-0e20-4049-a0f2-40302ba48ff2",
      "6c4ddc04-65fa-446a-ab19-cae64e77e997",
      "029d04e9-2887-49a7-811a-453fe461dfe2",
      "bd3c7b26-94b6-44fc-829a-84197843dada",
      "320128f4-e620-4871-bde3-8f3eb40caffa",
      "06829aa1-ca2b-43c1-a86d-656e5659c36a",
      "54831dcb-4f9c-483f-9f3d-fd32f42f1eeb",
      "47df3d23-8c9e-4b39-af9e-d99ac29fc642",
      "0beb42f0-0cfb-4940-a6bc-c15bd3fcb9cb",
      "7eb21b7d-837d-436d-bce9-e96e6cb902fd",
      "e2568960-352b-4367-b538-a95ba0b9c22b"
    ],
    [
      "f3a99a48-bcd6-428b-84b7-7cc2b216428f",
      "0ebc68ab-a338-435c-b96b-bb190c7c62e9",
      "85ace326-a7b7-4aa9-b43b-526a02a07e1f",
      "2def444e-027a-41c4-a810-11f01f573f8b",
      "fee6c1c0-b12b-48c5-9aea-f37634933811",
      "9d372e57-3e5f-4092-af80-26971b11e7a2",
      "1660956f-8b8e-49a6-b15a-167f1f08b766",
      "14283b33-5344-444e-b8a8-3d47538e4291",
      "a58b5503-c788-4d7c-bc88-9396e4b7ef96",
      "52a69d82-4d35-4fc0-bcfd-8cd2fb454fe0",
      "4ea57400-fc08-4fe1-a861-6f07f2b4b245",
      "50389fdc-5f77-47a7-8684-544d36126bd1",
      "46e2728a-c163-405c-b8ff-d704e3a8138e"
    ]
  ],
  "archive_genealogies": [
    {
      "parents": {
        "ea742d25-9569-4d65-98c0-240a90c5eb74": [],
        "e1efd97e-0e20-4049-a0f2-40302ba48ff2": [],
        "6c4ddc04-65fa-446a-ab19-cae64e77e997": [],
        "029d04e9-2887-49a7-811a-453fe461dfe2": [],
        "bd3c7b26-94b6-44fc-829a-84197843dada": [],
        "320128f4-e620-4871-bde3-8f3eb40caffa": [],
        "06829aa1-ca2b-43c1-a86d-656e5659c36a": [],
        "54831dcb-4f9c-483f-9f3d-fd32f42f1eeb": [],
        "47df3d23-8c9e-4b39-af9e-d99ac29fc642": [],
        "0beb42f0-0cfb-4940-a6bc-c15bd3fcb9cb": [],
        "7eb21b7d-837d-436d-bce9-e96e6cb902fd": [],
        "e2568960-352b-4367-b538-a95ba0b9c22b": []
      },
      "children": {}
    },
    {
      "parents": {
        "f3a99a48-bcd6-428b-84b7-7cc2b216428f": [],
        "0ebc68ab-a338-435c-b96b-bb190c7c62e9": [],
        "85ace326-a7b7-4aa9-b43b-526a02a07e1f": [],
        "2def444e-027a-41c4-a810-11f01f573f8b": [],
        "fee6c1c0-b12b-48c5-9aea-f37634933811": [],
        "9d372e57-3e5f-4092-af80-26971b11e7a2": [],
        "1660956f-8b8e-49a6-b15a-167f1f08b766": [],
        "14283b33-5344-444e-b8a8-3d47538e4291": [],
        "a58b5503-c788-4d7c-bc88-9396e4b7ef96": [],
        "52a69d82-4d35-4fc0-bcfd-8cd2fb454fe0": [],
        "4ea57400-fc08-4fe1-a861-6f07f2b4b245": [],
        "50389fdc-5f77-47a7-8684-544d36126bd1": [],
        "46e2728a-c163-405c-b8ff-d704e3a8138e": []
      },
      "children": {}
    }
  ],
  "use_dynamic_islands": true,
  "max_islands": 5,
  "last_spawn_iteration": -30,
  "use_paradigm_breakthrough": true,
  "paradigm_tracker": {
    "window_size": 10,
    "improvement_threshold": 0.12,
    "max_paradigm_uses": 2,
    "max_tried_paradigms": 10,
    "num_paradigms_to_generate": 3,
    "improvement_history": [
      0.0,
      0.0,
      0.0,
      0.0,
      0.0,
      0.0,
      0.0,
      0.0,
      0.0,
      0.0
    ],
    "active_paradigms": [],
    "paradigm_usage_counts": {},
    "current_paradigm_index": 0,
    "tried_paradigms": [],
    "best_score_at_paradigm_gen": 0.0,
    "best_score_during_paradigm": 0.0
  }
}