{
  "id": "5947d054-590f-4ef1-b030-f21d7dcb300f",
  "generation": 0,
  "iteration": 0,
  "current_iteration": 1,
  "metrics": {
    "combined_score": 0.9047392853882801,
    "n_stage1_datasets": 8.0,
    "n_stage1_successful": 8.0,
    "eval_workers": 8.0,
    "stage1_full_selected_datasets": 1.0,
    "cascade_stage1_time_seconds": 15.015745162963867,
    "cascade_stage1_threshold": 0.15,
    "cascade_stage1_passed": 1.0,
    "loss": 0.07351368033408202,
    "complexity": 23.0,
    "nmse_train": 0.029035438260439753,
    "nmse_val": 0.07351368033408202,
    "mean_nmse_val": 0.07351368033408202,
    "mean_raw_nmse_val": 0.07351368033408202,
    "fit_score": 0.9315204997562729,
    "parsimony_weight": 0.2,
    "parsimony_penalty_factor": 0.97125,
    "eval_time": 24.0257248878479,
    "n_datasets": 22.0,
    "n_successful": 22.0,
    "cascade_stage2_time_seconds": 24.026419162750244,
    "cascade_total_time_seconds": 39.04216432571411,
    "cascade_stage1_combined_score": 0.7588549403425953
  },
  "language": "python",
  "timestamp": 1781682182.9752657,
  "saved_at": 1781682290.3856597
}