{
  "id": "1f820d96-8f9d-4e18-8f04-764d4549deb2",
  "generation": 4,
  "iteration": 7,
  "current_iteration": 9,
  "metrics": {
    "combined_score": 0.9118417354149831,
    "n_stage1_datasets": 8.0,
    "n_stage1_successful": 8.0,
    "eval_workers": 8.0,
    "cascade_stage1_time_seconds": 0.8868188858032227,
    "cascade_stage1_threshold": 0.15,
    "cascade_stage1_passed": 1.0,
    "loss": 0.06652279910988176,
    "complexity": 22.0,
    "nmse_train": Infinity,
    "nmse_val": 0.06652279910988176,
    "fit_score": 0.9376264631516535,
    "parsimony_weight": 0.2,
    "parsimony_penalty_factor": 0.9725,
    "eval_time": 19.497576475143433,
    "n_datasets": 42.0,
    "n_successful": 42.0,
    "cascade_stage2_time_seconds": 19.498053550720215,
    "cascade_total_time_seconds": 20.384872436523438,
    "cascade_stage1_combined_score": 0.8889313613208312
  },
  "language": "python",
  "timestamp": 1780281555.302783,
  "saved_at": 1780281911.6229894
}