{
  "num_islands": 2,
  "current_island": 1,
  "iteration_count": 1,
  "global_best_score": 0.8756961902016595,
  "decay": 0.9,
  "intensity_min": 0.15,
  "intensity_max": 0.5,
  "migration_interval": 15,
  "diversity_strategy_type": "code",
  "use_unified_archive": true,
  "use_adaptive_search": true,
  "use_ucb_selection": true,
  "fixed_intensity": 0.4,
  "adapter": {
    "states": [
      {
        "accumulated_signal": 0.10902770127874933,
        "best_score": 0.8498587430864764,
        "improvement_count": 2,
        "total_evaluations": 2,
        "decay": 0.9,
        "epsilon": 1e-08,
        "intensity_min": 0.15,
        "intensity_max": 0.5
      },
      {
        "accumulated_signal": 0.11302763545111805,
        "best_score": 0.8756961902016595,
        "improvement_count": 1,
        "total_evaluations": 1,
        "decay": 0.9,
        "epsilon": 1e-08,
        "intensity_min": 0.15,
        "intensity_max": 0.5
      }
    ],
    "dimension_visits": [
      2,
      1
    ],
    "dimension_rewards": [
      1.3362075340792425,
      0.3341238462718811
    ],
    "decayed_visits": [
      1.9,
      1.0
    ],
    "global_best_score": 0.8756961902016595,
    "ucb_exploration": 1.41,
    "min_visits": 3,
    "decay": 0.9,
    "epsilon": 1e-08
  },
  "island_config_names": [
    "balanced",
    "balanced"
  ],
  "islands": [
    [
      "5cd6df12-af04-4041-9986-958a286b668e",
      "ca3051b5-0a81-47de-9125-b11b09082789"
    ],
    [
      "5217a5a0-25ca-4427-b94f-834bbacdc1d9",
      "306deabc-c6b2-4b22-a347-79d72ce786e8"
    ]
  ],
  "archive_genealogies": [
    {
      "parents": {
        "5cd6df12-af04-4041-9986-958a286b668e": [],
        "ca3051b5-0a81-47de-9125-b11b09082789": [
          "5cd6df12-af04-4041-9986-958a286b668e"
        ]
      },
      "children": {
        "5cd6df12-af04-4041-9986-958a286b668e": [
          "ca3051b5-0a81-47de-9125-b11b09082789"
        ]
      }
    },
    {
      "parents": {
        "5217a5a0-25ca-4427-b94f-834bbacdc1d9": [],
        "306deabc-c6b2-4b22-a347-79d72ce786e8": [
          "5217a5a0-25ca-4427-b94f-834bbacdc1d9"
        ]
      },
      "children": {
        "5217a5a0-25ca-4427-b94f-834bbacdc1d9": [
          "306deabc-c6b2-4b22-a347-79d72ce786e8"
        ]
      }
    }
  ],
  "use_dynamic_islands": true,
  "max_islands": 5,
  "last_spawn_iteration": -30,
  "use_paradigm_breakthrough": true,
  "paradigm_tracker": {
    "window_size": 10,
    "improvement_threshold": 0.12,
    "max_paradigm_uses": 2,
    "max_tried_paradigms": 10,
    "num_paradigms_to_generate": 3,
    "improvement_history": [
      1.0,
      1.0,
      1.0
    ],
    "active_paradigms": [],
    "paradigm_usage_counts": {},
    "current_paradigm_index": 0,
    "tried_paradigms": [],
    "best_score_at_paradigm_gen": 0.0,
    "best_score_during_paradigm": 0.0
  }
}