{
  "id": "306deabc-c6b2-4b22-a347-79d72ce786e8",
  "generation": 1,
  "iteration": 2,
  "current_iteration": 2,
  "metrics": {
    "combined_score": 0.8756961902016595,
    "loss": 0.14194855611934915,
    "complexity": 0.0,
    "nmse_train": Infinity,
    "nmse_val": 0.14194855611934915,
    "eval_time": 87.04721570014954,
    "n_datasets": 60.0,
    "n_successful": 60.0
  },
  "language": "python",
  "timestamp": 1779811925.9465394,
  "saved_at": 1779811925.9608753
}