{
  "program_id": "7c28accf-0c58-4810-aee1-77ea746b829b",
  "iteration_found": 15,
  "dataset": "Abeta42/inhibition_constraints",
  "plot": "outputs_diff_inhibited_norm/adaevolve/disease_relevant_inhibited_all_normalized_ode_0720_0357/checkpoints/checkpoint_15/iteration_15_best_validation_curves.svg",
  "metrics": {
    "equation": "d(c)/dt = (0.970590215602657 - x4)*(9.10120767111905*x1*x4*(0.942045366623612*x2 + x4 + 1)/((0.315924616588387*x1*x3 + 0.192890840479859*x3 + 1)*(9.95961535537223e-7*x3*x4 + 5.20537101644604e-8*x3 + 1)) + 0.442481957893129*x1/(0.315924616588387*x1*x3 + 0.192890840479859*x3 + 1) + 7.38319083357059e-8*x2 + 0.371846448926165)",
    "loss": 0.04539827660758843,
    "nmse_train": 0.015204607998972053,
    "nmse_val": 0.0034180563936758814,
    "mean_nmse_val": 0.0034180563936758814,
    "mean_raw_nmse_val": 0.0034180563936758814,
    "scored_loss_val": 0.04539827660758843,
    "mean_scored_loss_val": 0.04539827660758843,
    "shape_loss_val": 0.17133893724932608,
    "shape_loss_weight": 0.25,
    "heldout_curve_nmse": 0.0034180563936758814,
    "heldout_curve_scored_loss": 0.04539827660758843,
    "heldout_curve_shape_loss": 0.17133893724932608,
    "eval_only_nmse": NaN,
    "eval_only_scored_loss": NaN,
    "eval_only_shape_loss": NaN,
    "combined_score": 0.9565732241735562,
    "fit_score": 0.9565732241735562,
    "eval_time": 10.381027698516846,
    "n_datasets": 1,
    "n_successful": 1,
    "eval_workers": 8,
    "hard_cases": [
      {
        "dataset": "Abeta42/inhibition_constraints",
        "scored_loss_val": 0.04539827660758843,
        "nmse_val": 0.0034180563936758814,
        "shape_loss_val": 0.17133893724932608,
        "evaluation_only": false
      }
    ],
    "hard_case_feedback": "Abeta42/inhibition_constraints scored=0.0454 (nmse=0.003418, shape=0.1713)",
    "validation_semantics_feedback": "heldout_curve_scored_loss=0.0454, heldout_curve_nmse=0.003418, heldout_curve_shape=0.1713; eval_only_fit_score_scored_loss=nan, eval_only_nmse=nan, eval_only_shape=nan",
    "per_dataset": {
      "Abeta42/inhibition_constraints": {
        "nmse_train": 0.015204607998972053,
        "nmse_val": 0.0034180563936758814,
        "shape_loss_val": 0.17133893724932608,
        "scored_loss_val": 0.04539827660758843,
        "n_val_points": 1805,
        "evaluation_only": false,
        "combined_score": 0.9565732241735562,
        "equation": "d(c)/dt = (0.970590215602657 - x4)*(9.10120767111905*x1*x4*(0.942045366623612*x2 + x4 + 1)/((0.315924616588387*x1*x3 + 0.192890840479859*x3 + 1)*(9.95961535537223e-7*x3*x4 + 5.20537101644604e-8*x3 + 1)) + 0.442481957893129*x1/(0.315924616588387*x1*x3 + 0.192890840479859*x3 + 1) + 7.38319083357059e-8*x2 + 0.371846448926165)",
        "equation_template": "d(c)/dt = (c0 - x4)*(c3**2 + c4**2*x1/(c1**2*x3 + c2**2*x1*x3 + 1) + c5**2*x2 + c6**2*x1*x4*(c0**2*x2 + x4 + 1)/((c1**2*x3 + c2**2*x1*x3 + 1)*(c7**2*x3 + c8**2*x3*x4 + 1)))",
        "constants": {
          "c0": 0.9705902156026571,
          "c1": 0.43919339758227155,
          "c2": 0.562071718367316,
          "c3": 0.6097921358349621,
          "c4": 0.6651931733663006,
          "c5": 0.0002717202759009822,
          "c6": -3.016820788697772,
          "c7": 0.00022815282195156044,
          "c8": 0.0009979787249922833
        }
      }
    },
    "error": ""
  },
  "saved_at": 1784502102.475539
}