{
  "program_id": "5bac6496-103a-49c6-a71d-688b6fff1c28",
  "iteration_found": 5,
  "dataset": "Abeta42/inhibition_constraints",
  "plot": "outputs_diff_inhibited_norm/adaevolve/disease_relevant_inhibited_all_normalized_ode_0704_1057/checkpoints/checkpoint_5/iteration_5_best_validation_curves.svg",
  "metrics": {
    "equation": "d(c)/dt = 0.140528909166675*x0*x4 + (0.920532937760533 - x4)*(15.0134492862854*x1*x4*(1.0000071880026*x2 + 1) + 49.1582489065277*x1 + 12.0457230675671*x2 + 29.6046011458283)/(12.1611716438747*x3/(x3 + 3.15504189427438e-6) + 1)",
    "loss": 0.3907052553425602,
    "nmse_train": 0.22695806053400117,
    "nmse_val": 0.4095398965947592,
    "mean_nmse_val": 0.4095398965947592,
    "mean_raw_nmse_val": 0.4095398965947592,
    "scored_loss_val": 0.3907052553425602,
    "mean_scored_loss_val": 0.3907052553425602,
    "shape_loss_val": 0.3342013315859632,
    "shape_loss_weight": 0.25,
    "heldout_curve_nmse": 0.4095398965947592,
    "heldout_curve_scored_loss": 0.3907052553425602,
    "heldout_curve_shape_loss": 0.3342013315859632,
    "eval_only_nmse": NaN,
    "eval_only_scored_loss": NaN,
    "eval_only_shape_loss": NaN,
    "combined_score": 0.71905962543708,
    "fit_score": 0.71905962543708,
    "eval_time": 63.989331007003784,
    "n_datasets": 1,
    "n_successful": 1,
    "eval_workers": 8,
    "hard_cases": [
      {
        "dataset": "Abeta42/inhibition_constraints",
        "scored_loss_val": 0.3907052553425602,
        "nmse_val": 0.40953989659475915,
        "shape_loss_val": 0.33420133158596327,
        "evaluation_only": false
      }
    ],
    "hard_case_feedback": "Abeta42/inhibition_constraints scored=0.3907 (nmse=0.4095, shape=0.3342)",
    "validation_semantics_feedback": "heldout_curve_scored_loss=0.3907, heldout_curve_nmse=0.4095, heldout_curve_shape=0.3342; eval_only_fit_score_scored_loss=nan, eval_only_nmse=nan, eval_only_shape=nan",
    "per_dataset": {
      "Abeta42/inhibition_constraints": {
        "nmse_train": 0.22695806053400117,
        "nmse_val": 0.40953989659475915,
        "shape_loss_val": 0.33420133158596327,
        "scored_loss_val": 0.3907052553425602,
        "n_val_points": 12274,
        "evaluation_only": false,
        "combined_score": 0.71905962543708,
        "equation": "d(c)/dt = 0.140528909166675*x0*x4 + (0.920532937760533 - x4)*(15.0134492862854*x1*x4*(1.0000071880026*x2 + 1) + 49.1582489065277*x1 + 12.0457230675671*x2 + 29.6046011458283)/(12.1611716438747*x3/(x3 + 3.15504189427438e-6) + 1)",
        "equation_template": "d(c)/dt = -c8*x0*x4 + (c0 - x4)*(c3**2 + c4**2*x1 + c5**2*x2 + c6**2*x1*x4*(c7**2*x2 + 1))/(c2**2*x3/(c1**2 + x3) + 1)",
        "constants": {
          "c0": 0.9205329377605332,
          "c1": -0.0017762437598129307,
          "c2": 3.4872871467481232,
          "c3": 5.441011040774346,
          "c4": 7.011294381676443,
          "c5": 3.470694896928727,
          "c6": 3.874719252576298,
          "c7": 1.0000035939948395,
          "c8": -0.1405289091666752
        }
      }
    },
    "error": ""
  },
  "saved_at": 1783144773.114133
}