{
  "id": "f1e13c62-4966-4d3e-8f37-cc145f68e3f6",
  "generation": 2,
  "iteration": 4,
  "current_iteration": 9,
  "metrics": {
    "combined_score": 0.9247336169352577,
    "n_stage1_datasets": 8.0,
    "n_stage1_successful": 8.0,
    "eval_workers": 8.0,
    "stage1_full_selected_datasets": 1.0,
    "cascade_stage1_time_seconds": 6.405105113983154,
    "cascade_stage1_threshold": 0.15,
    "cascade_stage1_passed": 1.0,
    "loss": 0.06517161478835015,
    "complexity": 12.0,
    "nmse_train": 0.020220945468320307,
    "nmse_val": 0.06517161478835015,
    "mean_nmse_val": 0.06517161478835015,
    "mean_raw_nmse_val": 0.06517161478835015,
    "fit_score": 0.9388158547566068,
    "parsimony_weight": 0.2,
    "parsimony_penalty_factor": 0.985,
    "eval_time": 55.435282945632935,
    "n_datasets": 24.0,
    "n_successful": 24.0,
    "cascade_stage2_time_seconds": 55.43604850769043,
    "cascade_total_time_seconds": 61.841153621673584,
    "cascade_stage1_combined_score": 0.9450883427100454
  },
  "language": "python",
  "timestamp": 1781255781.69531,
  "saved_at": 1781256468.7857075
}