{
  "id": "61804070-90f0-48fc-8da7-f68912fb84f4",
  "generation": 1,
  "iteration": 3,
  "current_iteration": 3,
  "metrics": {
    "combined_score": 0.8961291296169912,
    "n_stage1_datasets": 8.0,
    "n_stage1_successful": 8.0,
    "eval_workers": 8.0,
    "cascade_stage1_time_seconds": 0.4005115032196045,
    "cascade_stage1_threshold": 0.15,
    "cascade_stage1_passed": 1.0,
    "loss": 0.08940772901473777,
    "complexity": 19.0,
    "nmse_train": Infinity,
    "nmse_val": 0.08940772901473777,
    "fit_score": 0.9179299663170205,
    "parsimony_weight": 0.2,
    "parsimony_penalty_factor": 0.97625,
    "eval_time": 11.054221153259277,
    "n_datasets": 42.0,
    "n_successful": 42.0,
    "cascade_stage2_time_seconds": 11.054711818695068,
    "cascade_total_time_seconds": 11.455223321914673,
    "cascade_stage1_combined_score": 0.8320595919270319
  },
  "language": "python",
  "timestamp": 1780279895.8947806,
  "saved_at": 1780279895.908129
}