{
  "id": "b25737a9-b193-4c26-bce8-b2e5c846a7d6",
  "generation": 1,
  "iteration": 1,
  "current_iteration": 1,
  "metrics": {
    "combined_score": 0.9077054039616375,
    "n_stage1_datasets": 8.0,
    "n_stage1_successful": 8.0,
    "eval_workers": 8.0,
    "cascade_stage1_time_seconds": 0.8004915714263916,
    "cascade_stage1_threshold": 0.15,
    "cascade_stage1_passed": 1.0,
    "loss": 0.06174315564692969,
    "complexity": 29.0,
    "nmse_train": Infinity,
    "nmse_val": 0.06174315564692969,
    "fit_score": 0.9418473711664201,
    "parsimony_weight": 0.2,
    "parsimony_penalty_factor": 0.96375,
    "eval_time": 13.139243602752686,
    "n_datasets": 42.0,
    "n_successful": 42.0,
    "cascade_stage2_time_seconds": 13.139711380004883,
    "cascade_total_time_seconds": 13.940202951431274,
    "cascade_stage1_combined_score": 0.9295886517843244
  },
  "language": "python",
  "timestamp": 1780875883.5481658,
  "saved_at": 1780875883.5599818
}