{
  "program_id": "db2d0157-e3ec-4087-b3f3-d3de465dc82c",
  "iteration_found": 53,
  "dataset": "Abeta42/inhibition_constraints",
  "plot": "outputs_diff_inhibited_norm/adaevolve/disease_relevant_inhibited_all_normalized_ode_0719_1838/checkpoints/checkpoint_53/iteration_53_best_validation_curves.svg",
  "metrics": {
    "equation": "d(c)/dt = (0.920847852923283 - x4)*(570221.231948944*x2 + 1)*(19455581.0747606*x1*x4**2/(0.926657743433411*x3*x4 + 1630014.67312098*x3 + x4**2 + 0.232790745794121) + 650944.987888536*x1)",
    "loss": 0.13051462116293644,
    "nmse_train": 0.06382704195271632,
    "nmse_val": 0.07899872001340943,
    "mean_nmse_val": 0.07899872001340943,
    "mean_raw_nmse_val": 0.07899872001340943,
    "scored_loss_val": 0.13051462116293644,
    "mean_scored_loss_val": 0.13051462116293644,
    "shape_loss_val": 0.2850623246115175,
    "shape_loss_weight": 0.25,
    "heldout_curve_nmse": 0.07899872001340943,
    "heldout_curve_scored_loss": 0.13051462116293644,
    "heldout_curve_shape_loss": 0.2850623246115175,
    "eval_only_nmse": NaN,
    "eval_only_scored_loss": NaN,
    "eval_only_shape_loss": NaN,
    "combined_score": 0.8845529118157899,
    "fit_score": 0.8845529118157899,
    "eval_time": 20.608438968658447,
    "n_datasets": 1,
    "n_successful": 1,
    "eval_workers": 8,
    "hard_cases": [
      {
        "dataset": "Abeta42/inhibition_constraints",
        "scored_loss_val": 0.13051462116293644,
        "nmse_val": 0.07899872001340943,
        "shape_loss_val": 0.2850623246115175,
        "evaluation_only": false
      }
    ],
    "hard_case_feedback": "Abeta42/inhibition_constraints scored=0.1305 (nmse=0.079, shape=0.2851)",
    "validation_semantics_feedback": "heldout_curve_scored_loss=0.1305, heldout_curve_nmse=0.079, heldout_curve_shape=0.2851; eval_only_fit_score_scored_loss=nan, eval_only_nmse=nan, eval_only_shape=nan",
    "per_dataset": {
      "Abeta42/inhibition_constraints": {
        "nmse_train": 0.06382704195271632,
        "nmse_val": 0.07899872001340943,
        "shape_loss_val": 0.2850623246115175,
        "scored_loss_val": 0.13051462116293644,
        "n_val_points": 12274,
        "evaluation_only": false,
        "combined_score": 0.8845529118157899,
        "equation": "d(c)/dt = (0.920847852923283 - x4)*(570221.231948944*x2 + 1)*(19455581.0747606*x1*x4**2/(0.926657743433411*x3*x4 + 1630014.67312098*x3 + x4**2 + 0.232790745794121) + 650944.987888536*x1)",
        "equation_template": "d(c)/dt = (c0 - x4)*(c1**2*x1 + c2**2*x1*x4**2/(c3**2 + c4**2*x3 + c5**2*x3*x4 + x4**2))*(c6**2*x2 + 1)",
        "constants": {
          "c0": 0.9208478529232832,
          "c1": 806.8116185879674,
          "c2": 4410.848112864527,
          "c3": 0.4824839331979057,
          "c4": -1276.7202799051088,
          "c5": -0.9626306370739562,
          "c6": -755.1299437507058
        }
      }
    },
    "error": ""
  },
  "saved_at": 1784474084.320662
}