{
  "id": "fe4bc909-fd6e-42cf-a75b-4ee5d4f4f347",
  "generation": 2,
  "iteration": 4,
  "current_iteration": 7,
  "metrics": {
    "combined_score": 0.6013546253565839,
    "loss": 0.6629122947329661,
    "complexity": 0.0,
    "nmse_train": Infinity,
    "nmse_val": 0.6629122947329661,
    "eval_time": 26.760601043701172,
    "n_datasets": 60.0,
    "n_successful": 60.0
  },
  "language": "python",
  "timestamp": 1779914144.1378794,
  "saved_at": 1779914402.3049123
}