{
  "num_islands": 2,
  "current_island": 1,
  "iteration_count": 3,
  "global_best_score": 0.0,
  "decay": 0.9,
  "intensity_min": 0.15,
  "intensity_max": 0.5,
  "migration_interval": 15,
  "diversity_strategy_type": "code",
  "use_unified_archive": true,
  "use_adaptive_search": true,
  "use_ucb_selection": true,
  "fixed_intensity": 0.4,
  "adapter": {
    "states": [
      {
        "accumulated_signal": 0.09999999999999998,
        "best_score": 0.0,
        "improvement_count": 1,
        "total_evaluations": 3,
        "decay": 0.9,
        "epsilon": 1e-08,
        "intensity_min": 0.15,
        "intensity_max": 0.5
      },
      {
        "accumulated_signal": 0.09999999999999998,
        "best_score": 0.0,
        "improvement_count": 0,
        "total_evaluations": 1,
        "decay": 0.9,
        "epsilon": 1e-08,
        "intensity_min": 0.15,
        "intensity_max": 0.5
      }
    ],
    "dimension_visits": [
      3,
      1
    ],
    "dimension_rewards": [
      0.81,
      0.0
    ],
    "decayed_visits": [
      2.71,
      1.0
    ],
    "global_best_score": 0.0,
    "ucb_exploration": 1.41,
    "min_visits": 3,
    "decay": 0.9,
    "epsilon": 1e-08
  },
  "island_config_names": [
    "balanced",
    "balanced"
  ],
  "islands": [
    [
      "e2a17ba2-91cf-42e0-bf43-540ba76f340d",
      "506bfaee-6811-4263-8ae6-9ba53c4931f7",
      "0c0a102e-d03a-46f3-8baa-101c8caf06cd"
    ],
    [
      "3d95ae07-df0d-4a68-be31-d708903389c5",
      "cb034272-8886-4c70-b61b-82646b3bab2d"
    ]
  ],
  "archive_genealogies": [
    {
      "parents": {
        "e2a17ba2-91cf-42e0-bf43-540ba76f340d": [],
        "506bfaee-6811-4263-8ae6-9ba53c4931f7": [
          "e2a17ba2-91cf-42e0-bf43-540ba76f340d"
        ],
        "0c0a102e-d03a-46f3-8baa-101c8caf06cd": [
          "506bfaee-6811-4263-8ae6-9ba53c4931f7"
        ]
      },
      "children": {
        "e2a17ba2-91cf-42e0-bf43-540ba76f340d": [
          "506bfaee-6811-4263-8ae6-9ba53c4931f7"
        ],
        "506bfaee-6811-4263-8ae6-9ba53c4931f7": [
          "0c0a102e-d03a-46f3-8baa-101c8caf06cd"
        ]
      }
    },
    {
      "parents": {
        "3d95ae07-df0d-4a68-be31-d708903389c5": [],
        "cb034272-8886-4c70-b61b-82646b3bab2d": [
          "3d95ae07-df0d-4a68-be31-d708903389c5"
        ]
      },
      "children": {
        "3d95ae07-df0d-4a68-be31-d708903389c5": [
          "cb034272-8886-4c70-b61b-82646b3bab2d"
        ]
      }
    }
  ],
  "use_dynamic_islands": true,
  "max_islands": 5,
  "last_spawn_iteration": -30,
  "use_paradigm_breakthrough": true,
  "paradigm_tracker": {
    "window_size": 10,
    "improvement_threshold": 0.12,
    "max_paradigm_uses": 2,
    "max_tried_paradigms": 10,
    "num_paradigms_to_generate": 3,
    "improvement_history": [
      1.0,
      0.0,
      0.0,
      0.0
    ],
    "active_paradigms": [],
    "paradigm_usage_counts": {},
    "current_paradigm_index": 0,
    "tried_paradigms": [],
    "best_score_at_paradigm_gen": 0.0,
    "best_score_during_paradigm": 0.0
  }
}