{
  "id": "92aae754-d425-464c-90a0-75ee130a9f36",
  "generation": 5,
  "iteration": 22,
  "current_iteration": 22,
  "metrics": {
    "combined_score": 0.9376982817535268,
    "n_stage1_datasets": 8.0,
    "n_stage1_successful": 8.0,
    "eval_workers": 8.0,
    "stage1_full_selected_datasets": 1.0,
    "cascade_stage1_time_seconds": 4.17268967628479,
    "cascade_stage1_threshold": 0.15,
    "cascade_stage1_passed": 1.0,
    "loss": 0.029115674815376677,
    "complexity": 28.0,
    "nmse_train": 0.010894876284010617,
    "nmse_val": 0.029115674815376677,
    "mean_nmse_val": 0.029115674815376677,
    "mean_raw_nmse_val": 0.029115674815376677,
    "fit_score": 0.971708063993292,
    "parsimony_weight": 0.2,
    "parsimony_penalty_factor": 0.965,
    "eval_time": 40.0688955783844,
    "n_datasets": 22.0,
    "n_successful": 22.0,
    "cascade_stage2_time_seconds": 40.069488286972046,
    "cascade_total_time_seconds": 44.242177963256836,
    "cascade_stage1_combined_score": 0.8084911991275872
  },
  "language": "python",
  "timestamp": 1781642020.4576397,
  "saved_at": 1781642020.4754562
}