{
  "num_islands": 4,
  "current_island": 0,
  "iteration_count": 0,
  "global_best_score": 0.9566740998851808,
  "decay": 0.9,
  "intensity_min": 0.15,
  "intensity_max": 0.5,
  "migration_interval": 15,
  "diversity_strategy_type": "code",
  "use_unified_archive": true,
  "use_adaptive_search": true,
  "use_ucb_selection": true,
  "fixed_intensity": 0.4,
  "adapter": {
    "states": [
      {
        "accumulated_signal": 0.09000051314369195,
        "best_score": 0.9566740998851808,
        "improvement_count": 2,
        "total_evaluations": 9,
        "decay": 0.9,
        "epsilon": 1e-08,
        "intensity_min": 0.15,
        "intensity_max": 0.5
      },
      {
        "accumulated_signal": 0.0812428772552557,
        "best_score": 0.9566402435967258,
        "improvement_count": 0,
        "total_evaluations": 0,
        "decay": 0.9,
        "epsilon": 1e-08,
        "intensity_min": 0.15,
        "intensity_max": 0.5
      },
      {
        "accumulated_signal": 0.09999999999999998,
        "best_score": 0.9542626418785749,
        "improvement_count": 0,
        "total_evaluations": 0,
        "decay": 0.9,
        "epsilon": 1e-08,
        "intensity_min": 0.15,
        "intensity_max": 0.5
      },
      {
        "accumulated_signal": 0.08103456045386727,
        "best_score": 0.9426141890015489,
        "improvement_count": 0,
        "total_evaluations": 0,
        "decay": 0.9,
        "epsilon": 1e-08,
        "intensity_min": 0.15,
        "intensity_max": 0.5
      }
    ],
    "dimension_visits": [
      9,
      0,
      0,
      0
    ],
    "dimension_rewards": [
      0.4316686104032221,
      0.0,
      0.0,
      0.0
    ],
    "decayed_visits": [
      6.12579511,
      0.0,
      0.0,
      0.0
    ],
    "global_best_score": 0.9566740998851808,
    "ucb_exploration": 1.41,
    "min_visits": 3,
    "decay": 0.9,
    "epsilon": 1e-08
  },
  "island_config_names": [
    "balanced",
    "balanced",
    "balanced",
    "balanced"
  ],
  "islands": [
    [
      "b26d7a5a-a9ab-477a-adb0-4dc32cb44fb2",
      "81dd9a0b-f620-4ed1-a9fb-3a44feb5895e",
      "346ebe70-ae8c-446e-9bf1-3cc8905c31f7",
      "07207bd2-2f0b-45ef-9d3f-079f135b473f",
      "21d0b29b-5632-4fd0-8706-26bd05f45fd5",
      "c4f936cc-18d7-4517-bc72-0f50cf23c064",
      "848991c9-bf86-4e71-b651-6fa21c104ac0",
      "84476c04-0330-47fd-80ae-384b250a6c88",
      "9ffd7828-a0cd-4120-94af-43273ba86b0b"
    ],
    [
      "42e3bc7d-1550-4b58-9a07-b5f67d9ac4c5",
      "d6dec4b2-ca0e-46fc-85de-06d5dd5e51ed",
      "381bc9bc-c9f5-496e-a373-67cc95feae4c",
      "dae3e915-858c-42be-a74b-367d301adae7",
      "1fa6f493-1baa-4892-8108-aa82616449f4",
      "36ea3955-6f67-4a7a-af0d-1290b1cabcdd",
      "0c37cdee-3928-4c57-93f0-a7df92544023",
      "db917905-9fe1-4dd7-a3b5-cba3f9a27653",
      "dc702c5b-9256-4364-9615-dba6e8eca4c3"
    ],
    [
      "7ae0c75b-cc1e-4e91-bce0-9169b6238b26",
      "0092bcc0-ccca-4ad6-b4b8-7bcc646b4eb9",
      "6504feb2-d83a-4f65-b023-1b516396017f",
      "bc38519b-168f-4cf9-a99b-58d1e0925389",
      "49151e85-54b6-4056-a774-9ee9fdf1dd4f",
      "df595847-94e9-4a61-9d6c-396fd426b163",
      "d1fcea6e-f521-4f69-a35a-8793884c1111",
      "85c8406f-f86c-419f-964c-15f679aef90a",
      "ae676e2c-081a-4154-aea0-f95b86c979a3"
    ],
    [
      "c46581af-6cf5-462f-8bfa-7e8491c224f9",
      "866aa076-2839-4c4a-922d-76f966ea0d19",
      "15a82733-9984-48dc-b748-8e9b17912c35",
      "437c62ac-3e5d-41d2-8023-855b860114d3",
      "dfb69cea-a914-42af-ba01-83b0895404bd",
      "e6c37e53-c0db-4d6d-a14a-4917491dc46f",
      "650f3ba9-4d5a-43a9-b503-fff00f1d4c90",
      "ee4f4ca8-e4c8-4c86-a4c4-258b5f1c8b39"
    ]
  ],
  "archive_genealogies": [
    {
      "parents": {
        "b26d7a5a-a9ab-477a-adb0-4dc32cb44fb2": [],
        "81dd9a0b-f620-4ed1-a9fb-3a44feb5895e": [],
        "346ebe70-ae8c-446e-9bf1-3cc8905c31f7": [],
        "07207bd2-2f0b-45ef-9d3f-079f135b473f": [],
        "21d0b29b-5632-4fd0-8706-26bd05f45fd5": [],
        "c4f936cc-18d7-4517-bc72-0f50cf23c064": [],
        "848991c9-bf86-4e71-b651-6fa21c104ac0": [],
        "84476c04-0330-47fd-80ae-384b250a6c88": [],
        "9ffd7828-a0cd-4120-94af-43273ba86b0b": []
      },
      "children": {}
    },
    {
      "parents": {
        "42e3bc7d-1550-4b58-9a07-b5f67d9ac4c5": [],
        "d6dec4b2-ca0e-46fc-85de-06d5dd5e51ed": [],
        "381bc9bc-c9f5-496e-a373-67cc95feae4c": [],
        "dae3e915-858c-42be-a74b-367d301adae7": [],
        "1fa6f493-1baa-4892-8108-aa82616449f4": [],
        "36ea3955-6f67-4a7a-af0d-1290b1cabcdd": [],
        "0c37cdee-3928-4c57-93f0-a7df92544023": [],
        "db917905-9fe1-4dd7-a3b5-cba3f9a27653": [],
        "dc702c5b-9256-4364-9615-dba6e8eca4c3": []
      },
      "children": {}
    },
    {
      "parents": {
        "7ae0c75b-cc1e-4e91-bce0-9169b6238b26": [],
        "0092bcc0-ccca-4ad6-b4b8-7bcc646b4eb9": [],
        "6504feb2-d83a-4f65-b023-1b516396017f": [],
        "bc38519b-168f-4cf9-a99b-58d1e0925389": [],
        "49151e85-54b6-4056-a774-9ee9fdf1dd4f": [],
        "df595847-94e9-4a61-9d6c-396fd426b163": [],
        "d1fcea6e-f521-4f69-a35a-8793884c1111": [],
        "85c8406f-f86c-419f-964c-15f679aef90a": [],
        "ae676e2c-081a-4154-aea0-f95b86c979a3": []
      },
      "children": {}
    },
    {
      "parents": {
        "c46581af-6cf5-462f-8bfa-7e8491c224f9": [],
        "866aa076-2839-4c4a-922d-76f966ea0d19": [],
        "15a82733-9984-48dc-b748-8e9b17912c35": [],
        "437c62ac-3e5d-41d2-8023-855b860114d3": [],
        "dfb69cea-a914-42af-ba01-83b0895404bd": [],
        "e6c37e53-c0db-4d6d-a14a-4917491dc46f": [],
        "650f3ba9-4d5a-43a9-b503-fff00f1d4c90": [],
        "ee4f4ca8-e4c8-4c86-a4c4-258b5f1c8b39": []
      },
      "children": {}
    }
  ],
  "use_dynamic_islands": true,
  "max_islands": 5,
  "last_spawn_iteration": -30,
  "use_paradigm_breakthrough": true,
  "paradigm_tracker": {
    "window_size": 10,
    "improvement_threshold": 0.12,
    "max_paradigm_uses": 2,
    "max_tried_paradigms": 10,
    "num_paradigms_to_generate": 3,
    "improvement_history": [
      1.0,
      0.0,
      1.0,
      0.0,
      0.0,
      0.0,
      0.0,
      0.0,
      0.0
    ],
    "active_paradigms": [],
    "paradigm_usage_counts": {},
    "current_paradigm_index": 0,
    "tried_paradigms": [],
    "best_score_at_paradigm_gen": 0.0,
    "best_score_during_paradigm": 0.0
  }
}