{
  "program_id": "9065d501-f764-4a34-bb04-35ee4139612a",
  "iteration_found": 18,
  "dataset": "Abeta42/inhibition_constraints",
  "plot": "outputs_diff_inhibited_norm/adaevolve/disease_relevant_inhibited_all_normalized_ode_0720_0022/checkpoints/checkpoint_18/iteration_18_best_validation_curves.svg",
  "metrics": {
    "equation": "d(c)/dt = (0.959794490324999 - x4)*(15.7941688276626*x1*x4*(0.381983104280087*x2 + 0.791979718768421*x4 + 1)/(2.81488757952796*x3/(0.185699024926915*x1 + 1) + 1) + 3.30372031929181e-6*x1 + 0.13829907581346)",
    "loss": 0.09523036063941835,
    "nmse_train": 0.01064503960904297,
    "nmse_val": 0.0479962795417366,
    "mean_nmse_val": 0.0479962795417366,
    "mean_raw_nmse_val": 0.0479962795417366,
    "scored_loss_val": 0.09523036063941835,
    "mean_scored_loss_val": 0.09523036063941835,
    "shape_loss_val": 0.23693260393246363,
    "shape_loss_weight": 0.25,
    "heldout_curve_nmse": 0.0479962795417366,
    "heldout_curve_scored_loss": 0.09523036063941835,
    "heldout_curve_shape_loss": 0.23693260393246363,
    "eval_only_nmse": NaN,
    "eval_only_scored_loss": NaN,
    "eval_only_shape_loss": NaN,
    "combined_score": 0.9130499262421644,
    "fit_score": 0.9130499262421644,
    "eval_time": 12.281982898712158,
    "n_datasets": 1,
    "n_successful": 1,
    "eval_workers": 8,
    "hard_cases": [
      {
        "dataset": "Abeta42/inhibition_constraints",
        "scored_loss_val": 0.09523036063941837,
        "nmse_val": 0.0479962795417366,
        "shape_loss_val": 0.23693260393246363,
        "evaluation_only": false
      }
    ],
    "hard_case_feedback": "Abeta42/inhibition_constraints scored=0.09523 (nmse=0.048, shape=0.2369)",
    "validation_semantics_feedback": "heldout_curve_scored_loss=0.09523, heldout_curve_nmse=0.048, heldout_curve_shape=0.2369; eval_only_fit_score_scored_loss=nan, eval_only_nmse=nan, eval_only_shape=nan",
    "per_dataset": {
      "Abeta42/inhibition_constraints": {
        "nmse_train": 0.01064503960904297,
        "nmse_val": 0.0479962795417366,
        "shape_loss_val": 0.23693260393246363,
        "scored_loss_val": 0.09523036063941837,
        "n_val_points": 3610,
        "evaluation_only": false,
        "combined_score": 0.9130499262421644,
        "equation": "d(c)/dt = (0.959794490324999 - x4)*(15.7941688276626*x1*x4*(0.381983104280087*x2 + 0.791979718768421*x4 + 1)/(2.81488757952796*x3/(0.185699024926915*x1 + 1) + 1) + 3.30372031929181e-6*x1 + 0.13829907581346)",
        "equation_template": "d(c)/dt = (c0 - x4)*(c3**2 + c4**2*x1 + c6**2*x1*x4*(c5**2*x4 + c7**2*x2 + 1)/(c1**2*x3/(c2**2*x1 + 1) + 1))",
        "constants": {
          "c0": 0.959794490324999,
          "c1": 1.6777626707994078,
          "c2": 0.43092809716577446,
          "c3": 0.3718858370702766,
          "c4": 0.001817613908202676,
          "c5": -0.8899324237089133,
          "c6": 3.9741878198774936,
          "c7": 0.6180478171469312
        }
      }
    },
    "error": ""
  },
  "saved_at": 1784489622.7524211
}