{
  "program_id": "6b2a9ca6-4fed-42c5-945d-7d443fd2fb9d",
  "iteration_found": 2,
  "dataset": "Abeta42/inhibition_constraints",
  "plot": "outputs_diff_inhibited_norm/adaevolve/disease_relevant_inhibited_all_normalized_ode_0720_0357/checkpoints/checkpoint_2/iteration_2_best_validation_curves.svg",
  "metrics": {
    "equation": "d(c)/dt = (0.972761430325844 - x4)*(15.3584609790392*x1*x4/(7.1877488836126e-9*x3**2 + 1.05996416281658*x3 + 1) + 1.00428039809987e-9*x1/(7.1877488836126e-9*x3**2 + 1.05996416281658*x3 + 1) + 2.06743340255726*x2 + 4.45333215858558e-9)",
    "loss": 0.04684112505581567,
    "nmse_train": 0.010982006943005539,
    "nmse_val": 0.0052331598327844744,
    "mean_nmse_val": 0.0052331598327844744,
    "mean_raw_nmse_val": 0.0052331598327844744,
    "scored_loss_val": 0.04684112505581567,
    "mean_scored_loss_val": 0.04684112505581567,
    "shape_loss_val": 0.17166502072490925,
    "shape_loss_weight": 0.25,
    "heldout_curve_nmse": 0.0052331598327844744,
    "heldout_curve_scored_loss": 0.04684112505581567,
    "heldout_curve_shape_loss": 0.17166502072490925,
    "eval_only_nmse": NaN,
    "eval_only_scored_loss": NaN,
    "eval_only_shape_loss": NaN,
    "combined_score": 0.9552547908802129,
    "fit_score": 0.9552547908802129,
    "eval_time": 7.461771726608276,
    "n_datasets": 1,
    "n_successful": 1,
    "eval_workers": 8,
    "hard_cases": [
      {
        "dataset": "Abeta42/inhibition_constraints",
        "scored_loss_val": 0.04684112505581567,
        "nmse_val": 0.0052331598327844744,
        "shape_loss_val": 0.17166502072490925,
        "evaluation_only": false
      }
    ],
    "hard_case_feedback": "Abeta42/inhibition_constraints scored=0.04684 (nmse=0.005233, shape=0.1717)",
    "validation_semantics_feedback": "heldout_curve_scored_loss=0.04684, heldout_curve_nmse=0.005233, heldout_curve_shape=0.1717; eval_only_fit_score_scored_loss=nan, eval_only_nmse=nan, eval_only_shape=nan",
    "per_dataset": {
      "Abeta42/inhibition_constraints": {
        "nmse_train": 0.010982006943005539,
        "nmse_val": 0.0052331598327844744,
        "shape_loss_val": 0.17166502072490925,
        "scored_loss_val": 0.04684112505581567,
        "n_val_points": 1805,
        "evaluation_only": false,
        "combined_score": 0.9552547908802129,
        "equation": "d(c)/dt = (0.972761430325844 - x4)*(15.3584609790392*x1*x4/(7.1877488836126e-9*x3**2 + 1.05996416281658*x3 + 1) + 1.00428039809987e-9*x1/(7.1877488836126e-9*x3**2 + 1.05996416281658*x3 + 1) + 2.06743340255726*x2 + 4.45333215858558e-9)",
        "equation_template": "d(c)/dt = (c0 - x4)*(c3**2 + c4**2*x1/(c1**2*x3 + c2**2*x3**2 + 1) + c5**2*x2 + c6**2*x1*x4/(c1**2*x3 + c2**2*x3**2 + 1))",
        "constants": {
          "c0": 0.9727614303258443,
          "c1": 1.0295456098767939,
          "c2": 8.478059261182712e-05,
          "c3": -6.673329123148042e-05,
          "c4": -3.169038336940521e-05,
          "c5": 1.4378572260684503,
          "c6": 3.9189872389482465
        }
      }
    },
    "error": ""
  },
  "saved_at": 1784500561.1397178
}