{
  "id": "03539971-ba34-46fb-9a36-fe65fb24a86b",
  "generation": 5,
  "iteration": 13,
  "current_iteration": 15,
  "metrics": {
    "combined_score": 0.9262836937959532,
    "n_stage1_datasets": 8.0,
    "n_stage1_successful": 8.0,
    "eval_workers": 8.0,
    "cascade_stage1_time_seconds": 2.1856350898742676,
    "cascade_stage1_threshold": 0.15,
    "cascade_stage1_passed": 1.0,
    "loss": 0.03235111057741234,
    "complexity": 35.0,
    "nmse_train": Infinity,
    "nmse_val": 0.03235111057741234,
    "fit_score": 0.9686626863225654,
    "parsimony_weight": 0.2,
    "parsimony_penalty_factor": 0.95625,
    "eval_time": 28.27457332611084,
    "n_datasets": 60.0,
    "n_successful": 60.0,
    "cascade_stage2_time_seconds": 28.274943590164185,
    "cascade_total_time_seconds": 30.460578680038452,
    "cascade_stage1_combined_score": 0.9990648037697873
  },
  "language": "python",
  "timestamp": 1780044851.145888,
  "saved_at": 1780045386.9606795
}