{
  "program_id": "31917891-c3f8-414c-a975-fe43ed81dafa",
  "iteration_found": 36,
  "dataset": "Abeta42/inhibition_constraints",
  "plot": "outputs_diff_inhibited_norm/adaevolve/disease_relevant_inhibited_all_normalized_ode_0720_0022/checkpoints/checkpoint_36/iteration_36_best_validation_curves.svg",
  "metrics": {
    "equation": "d(c)/dt = (0.960869235227631 - x4)*(16.9532066644017*x1*x4*(0.327776546487387*x2 + 1)/(1.72217168181411e-6*x3*x4 + 1.29993774079039*x3 + 1) + (0.676562493270859*x1 + 14.4740731641897*x2 + 0.0610895976933973)/(307.199196411045*x3 + 1))",
    "loss": 0.08864146050960374,
    "nmse_train": 0.010105713954299139,
    "nmse_val": 0.042623310409814076,
    "mean_nmse_val": 0.042623310409814076,
    "mean_raw_nmse_val": 0.042623310409814076,
    "scored_loss_val": 0.08864146050960374,
    "mean_scored_loss_val": 0.08864146050960374,
    "shape_loss_val": 0.22669591080897264,
    "shape_loss_weight": 0.25,
    "heldout_curve_nmse": 0.042623310409814076,
    "heldout_curve_scored_loss": 0.08864146050960374,
    "heldout_curve_shape_loss": 0.22669591080897264,
    "eval_only_nmse": NaN,
    "eval_only_scored_loss": NaN,
    "eval_only_shape_loss": NaN,
    "combined_score": 0.9185760751128201,
    "fit_score": 0.9185760751128201,
    "eval_time": 73.26379704475403,
    "n_datasets": 1,
    "n_successful": 1,
    "eval_workers": 8,
    "hard_cases": [
      {
        "dataset": "Abeta42/inhibition_constraints",
        "scored_loss_val": 0.08864146050960373,
        "nmse_val": 0.042623310409814076,
        "shape_loss_val": 0.22669591080897264,
        "evaluation_only": false
      }
    ],
    "hard_case_feedback": "Abeta42/inhibition_constraints scored=0.08864 (nmse=0.04262, shape=0.2267)",
    "validation_semantics_feedback": "heldout_curve_scored_loss=0.08864, heldout_curve_nmse=0.04262, heldout_curve_shape=0.2267; eval_only_fit_score_scored_loss=nan, eval_only_nmse=nan, eval_only_shape=nan",
    "per_dataset": {
      "Abeta42/inhibition_constraints": {
        "nmse_train": 0.010105713954299139,
        "nmse_val": 0.042623310409814076,
        "shape_loss_val": 0.22669591080897264,
        "scored_loss_val": 0.08864146050960373,
        "n_val_points": 3610,
        "evaluation_only": false,
        "combined_score": 0.9185760751128201,
        "equation": "d(c)/dt = (0.960869235227631 - x4)*(16.9532066644017*x1*x4*(0.327776546487387*x2 + 1)/(1.72217168181411e-6*x3*x4 + 1.29993774079039*x3 + 1) + (0.676562493270859*x1 + 14.4740731641897*x2 + 0.0610895976933973)/(307.199196411045*x3 + 1))",
        "equation_template": "d(c)/dt = (c0 - x4)*(c6**2*x1*x4*(c7**2*x2 + 1)/(c2**2*x3*x4 + c8**2*x3 + 1) + (c3**2 + c4**2*x1 + c5**2*x2)/(c1**2*x3 + 1))",
        "constants": {
          "c0": 0.9608692352276307,
          "c1": 17.527098915994202,
          "c2": -0.0013123153896126161,
          "c3": 0.2471630993764993,
          "c4": 0.8225341897276117,
          "c5": 3.804480669446184,
          "c6": 4.117427189933265,
          "c7": 0.5725177259154401,
          "c8": 1.1401481223027077
        }
      }
    },
    "error": ""
  },
  "saved_at": 1784492056.3992
}