{
  "program_id": "1eb9b633-4759-488e-bb9b-13d71c1fe2dc",
  "iteration_found": 17,
  "dataset": "Abeta42/inhibition_constraints",
  "plot": "outputs_diff_inhibited_norm/adaevolve/disease_relevant_inhibited_all_normalized_ode_0720_0022/checkpoints/checkpoint_17/iteration_17_best_validation_curves.svg",
  "metrics": {
    "equation": "d(c)/dt = 7.8198949190291*x0*(0.959985454175761 - x4) + (0.959985454175761 - x4)*(29.9256620990476*x1*x4*(6.46625241964422e-5*x2 + 1)*(x4 + 0.388411446254569)/(4.11898156739584*x3*x4 + 0.980387908588199*x3 + 1) + 3.89737008218397e-8*x1 + 4.2065323660884*x2 + 1.20196089780312e-8)",
    "loss": 0.0990840459737861,
    "nmse_train": 0.008739604651209244,
    "nmse_val": 0.04896512255950286,
    "mean_nmse_val": 0.04896512255950286,
    "mean_raw_nmse_val": 0.04896512255950286,
    "scored_loss_val": 0.0990840459737861,
    "mean_scored_loss_val": 0.0990840459737861,
    "shape_loss_val": 0.24944081621663583,
    "shape_loss_weight": 0.25,
    "heldout_curve_nmse": 0.04896512255950286,
    "heldout_curve_scored_loss": 0.0990840459737861,
    "heldout_curve_shape_loss": 0.24944081621663583,
    "eval_only_nmse": NaN,
    "eval_only_scored_loss": NaN,
    "eval_only_shape_loss": NaN,
    "combined_score": 0.9098485267466531,
    "fit_score": 0.9098485267466531,
    "eval_time": 157.07433319091797,
    "n_datasets": 1,
    "n_successful": 1,
    "eval_workers": 8,
    "hard_cases": [
      {
        "dataset": "Abeta42/inhibition_constraints",
        "scored_loss_val": 0.0990840459737861,
        "nmse_val": 0.04896512255950286,
        "shape_loss_val": 0.24944081621663583,
        "evaluation_only": false
      }
    ],
    "hard_case_feedback": "Abeta42/inhibition_constraints scored=0.09908 (nmse=0.04897, shape=0.2494)",
    "validation_semantics_feedback": "heldout_curve_scored_loss=0.09908, heldout_curve_nmse=0.04897, heldout_curve_shape=0.2494; eval_only_fit_score_scored_loss=nan, eval_only_nmse=nan, eval_only_shape=nan",
    "per_dataset": {
      "Abeta42/inhibition_constraints": {
        "nmse_train": 0.008739604651209244,
        "nmse_val": 0.04896512255950286,
        "shape_loss_val": 0.24944081621663583,
        "scored_loss_val": 0.0990840459737861,
        "n_val_points": 3610,
        "evaluation_only": false,
        "combined_score": 0.9098485267466531,
        "equation": "d(c)/dt = 7.8198949190291*x0*(0.959985454175761 - x4) + (0.959985454175761 - x4)*(29.9256620990476*x1*x4*(6.46625241964422e-5*x2 + 1)*(x4 + 0.388411446254569)/(4.11898156739584*x3*x4 + 0.980387908588199*x3 + 1) + 3.89737008218397e-8*x1 + 4.2065323660884*x2 + 1.20196089780312e-8)",
        "equation_template": "d(c)/dt = c11*x0*(c0 - x4) + (c0 - x4)*(c1**2 + c2**2*x1 + c3**2*x2 + c8**2*x1*x4*(c6**2 + x4)*(c7**2*x2 + 1)/(c10**2*x3*x4 + c9**2*x3 + 1))",
        "constants": {
          "c0": 0.9599854541757606,
          "c1": 0.00010963397729732855,
          "c2": -0.00019741757981962918,
          "c3": 2.0509832681151736,
          "c4": 0.9999999999999984,
          "c5": 0.9999999999999982,
          "c6": 0.6232266411624018,
          "c7": -0.008041301150712006,
          "c8": -5.470435275099009,
          "c9": 0.9901453977008625,
          "c10": 2.029527424647383,
          "c11": 7.819894919029098
        }
      }
    },
    "error": ""
  },
  "saved_at": 1784489537.293376
}