{
  "program_id": "edda169d-1ec3-4c00-ad98-afafb2d73912",
  "iteration_found": 3,
  "dataset": "Abeta42/inhibition_constraints",
  "plot": "outputs_diff_inhibited_norm/adaevolve/disease_relevant_inhibited_all_normalized_ode_0720_0357/checkpoints/checkpoint_3/iteration_3_best_validation_curves.svg",
  "metrics": {
    "equation": "d(c)/dt = 3.55386323043425*x0*(0.972770687510702 - x4) + (0.972770687510702 - x4)*(15.6959110949014*x1*x4/(1.68915702441995e-6*x3**2 + 1.23793414007517*x3 + 1) + 3.18836123791218e-7*x1/(1.68915702441995e-6*x3**2 + 1.23793414007517*x3 + 1) + 2.417108644482*x2 + 3.28399553253981e-7)",
    "loss": 0.04664598168063327,
    "nmse_train": 0.010911546191456557,
    "nmse_val": 0.005047166362511346,
    "mean_nmse_val": 0.005047166362511346,
    "mean_raw_nmse_val": 0.005047166362511346,
    "scored_loss_val": 0.04664598168063327,
    "mean_scored_loss_val": 0.04664598168063327,
    "shape_loss_val": 0.17144242763499903,
    "shape_loss_weight": 0.25,
    "heldout_curve_nmse": 0.005047166362511346,
    "heldout_curve_scored_loss": 0.04664598168063327,
    "heldout_curve_shape_loss": 0.17144242763499903,
    "eval_only_nmse": NaN,
    "eval_only_scored_loss": NaN,
    "eval_only_shape_loss": NaN,
    "combined_score": 0.9554328946968943,
    "fit_score": 0.9554328946968943,
    "eval_time": 14.700459957122803,
    "n_datasets": 1,
    "n_successful": 1,
    "eval_workers": 8,
    "hard_cases": [
      {
        "dataset": "Abeta42/inhibition_constraints",
        "scored_loss_val": 0.04664598168063327,
        "nmse_val": 0.005047166362511346,
        "shape_loss_val": 0.17144242763499903,
        "evaluation_only": false
      }
    ],
    "hard_case_feedback": "Abeta42/inhibition_constraints scored=0.04665 (nmse=0.005047, shape=0.1714)",
    "validation_semantics_feedback": "heldout_curve_scored_loss=0.04665, heldout_curve_nmse=0.005047, heldout_curve_shape=0.1714; eval_only_fit_score_scored_loss=nan, eval_only_nmse=nan, eval_only_shape=nan",
    "per_dataset": {
      "Abeta42/inhibition_constraints": {
        "nmse_train": 0.010911546191456557,
        "nmse_val": 0.005047166362511346,
        "shape_loss_val": 0.17144242763499903,
        "scored_loss_val": 0.04664598168063327,
        "n_val_points": 1805,
        "evaluation_only": false,
        "combined_score": 0.9554328946968943,
        "equation": "d(c)/dt = 3.55386323043425*x0*(0.972770687510702 - x4) + (0.972770687510702 - x4)*(15.6959110949014*x1*x4/(1.68915702441995e-6*x3**2 + 1.23793414007517*x3 + 1) + 3.18836123791218e-7*x1/(1.68915702441995e-6*x3**2 + 1.23793414007517*x3 + 1) + 2.417108644482*x2 + 3.28399553253981e-7)",
        "equation_template": "d(c)/dt = c7*x0*(c0 - x4) + (c0 - x4)*(c3**2 + c4**2*x1/(c1**2*x3 + c2**2*x3**2 + 1) + c5**2*x2 + c6**2*x1*x4/(c1**2*x3 + c2**2*x3**2 + 1))",
        "constants": {
          "c0": 0.972770687510702,
          "c1": 1.112624887405982,
          "c2": -0.001299675738182395,
          "c3": 0.0005730615614870543,
          "c4": -0.0005646557568919471,
          "c5": 1.5547053240025916,
          "c6": 3.9618065443559245,
          "c7": 3.553863230434249
        }
      }
    },
    "error": ""
  },
  "saved_at": 1784500701.670337
}