{
  "num_islands": 2,
  "current_island": 0,
  "iteration_count": 17,
  "global_best_score": 0.9393052651948105,
  "decay": 0.9,
  "intensity_min": 0.15,
  "intensity_max": 0.5,
  "migration_interval": 15,
  "diversity_strategy_type": "code",
  "use_unified_archive": true,
  "use_adaptive_search": true,
  "use_ucb_selection": true,
  "fixed_intensity": 0.4,
  "adapter": {
    "states": [
      {
        "accumulated_signal": 0.07371427154027432,
        "best_score": 0.9393052651948105,
        "improvement_count": 4,
        "total_evaluations": 11,
        "decay": 0.9,
        "epsilon": 1e-08,
        "intensity_min": 0.15,
        "intensity_max": 0.5
      },
      {
        "accumulated_signal": 0.07371110570970023,
        "best_score": 0.9393052651948105,
        "improvement_count": 3,
        "total_evaluations": 13,
        "decay": 0.9,
        "epsilon": 1e-08,
        "intensity_min": 0.15,
        "intensity_max": 0.5
      }
    ],
    "dimension_visits": [
      11,
      13
    ],
    "dimension_rewards": [
      0.3875235491517506,
      0.025791921957332115
    ],
    "decayed_visits": [
      6.861894039100001,
      7.458134171671
    ],
    "global_best_score": 0.9393052651948105,
    "ucb_exploration": 1.41,
    "min_visits": 3,
    "decay": 0.9,
    "epsilon": 1e-08
  },
  "island_config_names": [
    "balanced",
    "balanced"
  ],
  "islands": [
    [
      "1cbd492c-160f-47de-b6e3-35f075cec19f",
      "bcc83451-1934-400c-b643-303f8eb53f81",
      "21234b05-6ec0-411e-827a-ec634a07073f",
      "4f57d6e2-3dc3-405a-a2f3-72d6b58c8367",
      "11de8564-38f5-424e-aab6-5d246360b02d",
      "ca71cee1-1806-47fa-98b9-df1cb1df44b4",
      "0cf76362-d360-4bab-8568-e07fd38b973f",
      "46e0ad18-2f27-472b-bb76-f34f2c6bf56a",
      "0a630f65-beb7-4bca-97de-eab1fba154a1",
      "d99107d3-f8a9-4f1e-b606-bb8469871aa1",
      "9ac82525-d583-45ac-aee3-88fa7ee4d799",
      "db34ed9f-984d-4a95-8d4f-205a66a44310",
      "3c247b29-e3c8-49ea-859d-aeaad0389ca8"
    ],
    [
      "43cf26fa-38aa-4cb1-b351-4780877a75cd",
      "92fce5a7-9480-413c-a65c-9815ddc0e5ac",
      "8a7eb3aa-5d76-4ed4-bb37-508807902a77",
      "f51f5560-5997-414a-8268-3d376be050af",
      "47dfdcd2-50a2-46d2-95ba-8596e5314692",
      "de57f135-be0a-42ea-9d18-31564922b7b1",
      "743bfd89-0ca5-48b5-9c3f-23f27a6b3b03",
      "ac200491-5f44-4c78-a98a-b6ff5b1d0fb1",
      "2e8493ee-05c0-4521-b879-c57260469710",
      "04598e46-5e56-4d10-819c-8bbb2ab747ca",
      "44016b0e-4b44-44f3-853e-1798b3e94459",
      "c2940a55-d260-462d-93c8-35d455e3e88f",
      "1647c18a-7177-4dc4-9f0e-5c9c0cbf99ec",
      "f12db44c-1044-4ae9-a78e-f786a8916ccc"
    ]
  ],
  "archive_genealogies": [
    {
      "parents": {
        "1cbd492c-160f-47de-b6e3-35f075cec19f": [],
        "bcc83451-1934-400c-b643-303f8eb53f81": [
          "1cbd492c-160f-47de-b6e3-35f075cec19f"
        ],
        "21234b05-6ec0-411e-827a-ec634a07073f": [
          "bcc83451-1934-400c-b643-303f8eb53f81"
        ],
        "4f57d6e2-3dc3-405a-a2f3-72d6b58c8367": [
          "bcc83451-1934-400c-b643-303f8eb53f81"
        ],
        "11de8564-38f5-424e-aab6-5d246360b02d": [
          "bcc83451-1934-400c-b643-303f8eb53f81"
        ],
        "ca71cee1-1806-47fa-98b9-df1cb1df44b4": [
          "4f57d6e2-3dc3-405a-a2f3-72d6b58c8367"
        ],
        "0cf76362-d360-4bab-8568-e07fd38b973f": [
          "4f57d6e2-3dc3-405a-a2f3-72d6b58c8367"
        ],
        "46e0ad18-2f27-472b-bb76-f34f2c6bf56a": [
          "4f57d6e2-3dc3-405a-a2f3-72d6b58c8367"
        ],
        "0a630f65-beb7-4bca-97de-eab1fba154a1": [
          "46e0ad18-2f27-472b-bb76-f34f2c6bf56a"
        ],
        "d99107d3-f8a9-4f1e-b606-bb8469871aa1": [
          "f51f5560-5997-414a-8268-3d376be050af"
        ],
        "9ac82525-d583-45ac-aee3-88fa7ee4d799": [
          "92fce5a7-9480-413c-a65c-9815ddc0e5ac"
        ],
        "db34ed9f-984d-4a95-8d4f-205a66a44310": [
          "46e0ad18-2f27-472b-bb76-f34f2c6bf56a"
        ],
        "3c247b29-e3c8-49ea-859d-aeaad0389ca8": [
          "46e0ad18-2f27-472b-bb76-f34f2c6bf56a"
        ]
      },
      "children": {
        "1cbd492c-160f-47de-b6e3-35f075cec19f": [
          "bcc83451-1934-400c-b643-303f8eb53f81"
        ],
        "bcc83451-1934-400c-b643-303f8eb53f81": [
          "21234b05-6ec0-411e-827a-ec634a07073f",
          "4f57d6e2-3dc3-405a-a2f3-72d6b58c8367",
          "11de8564-38f5-424e-aab6-5d246360b02d"
        ],
        "4f57d6e2-3dc3-405a-a2f3-72d6b58c8367": [
          "ca71cee1-1806-47fa-98b9-df1cb1df44b4",
          "0cf76362-d360-4bab-8568-e07fd38b973f",
          "46e0ad18-2f27-472b-bb76-f34f2c6bf56a"
        ],
        "46e0ad18-2f27-472b-bb76-f34f2c6bf56a": [
          "0a630f65-beb7-4bca-97de-eab1fba154a1",
          "db34ed9f-984d-4a95-8d4f-205a66a44310",
          "3c247b29-e3c8-49ea-859d-aeaad0389ca8"
        ],
        "f51f5560-5997-414a-8268-3d376be050af": [
          "d99107d3-f8a9-4f1e-b606-bb8469871aa1"
        ],
        "92fce5a7-9480-413c-a65c-9815ddc0e5ac": [
          "9ac82525-d583-45ac-aee3-88fa7ee4d799"
        ]
      }
    },
    {
      "parents": {
        "43cf26fa-38aa-4cb1-b351-4780877a75cd": [],
        "92fce5a7-9480-413c-a65c-9815ddc0e5ac": [
          "43cf26fa-38aa-4cb1-b351-4780877a75cd"
        ],
        "8a7eb3aa-5d76-4ed4-bb37-508807902a77": [
          "43cf26fa-38aa-4cb1-b351-4780877a75cd"
        ],
        "f51f5560-5997-414a-8268-3d376be050af": [
          "8a7eb3aa-5d76-4ed4-bb37-508807902a77"
        ],
        "47dfdcd2-50a2-46d2-95ba-8596e5314692": [
          "92fce5a7-9480-413c-a65c-9815ddc0e5ac"
        ],
        "de57f135-be0a-42ea-9d18-31564922b7b1": [
          "f51f5560-5997-414a-8268-3d376be050af"
        ],
        "743bfd89-0ca5-48b5-9c3f-23f27a6b3b03": [
          "4f57d6e2-3dc3-405a-a2f3-72d6b58c8367"
        ],
        "ac200491-5f44-4c78-a98a-b6ff5b1d0fb1": [
          "46e0ad18-2f27-472b-bb76-f34f2c6bf56a"
        ],
        "2e8493ee-05c0-4521-b879-c57260469710": [
          "46e0ad18-2f27-472b-bb76-f34f2c6bf56a"
        ],
        "04598e46-5e56-4d10-819c-8bbb2ab747ca": [
          "4f57d6e2-3dc3-405a-a2f3-72d6b58c8367"
        ],
        "44016b0e-4b44-44f3-853e-1798b3e94459": [
          "bcc83451-1934-400c-b643-303f8eb53f81"
        ],
        "c2940a55-d260-462d-93c8-35d455e3e88f": [
          "11de8564-38f5-424e-aab6-5d246360b02d"
        ],
        "1647c18a-7177-4dc4-9f0e-5c9c0cbf99ec": [
          "0cf76362-d360-4bab-8568-e07fd38b973f"
        ],
        "f12db44c-1044-4ae9-a78e-f786a8916ccc": [
          "46e0ad18-2f27-472b-bb76-f34f2c6bf56a"
        ]
      },
      "children": {
        "43cf26fa-38aa-4cb1-b351-4780877a75cd": [
          "92fce5a7-9480-413c-a65c-9815ddc0e5ac",
          "8a7eb3aa-5d76-4ed4-bb37-508807902a77"
        ],
        "8a7eb3aa-5d76-4ed4-bb37-508807902a77": [
          "f51f5560-5997-414a-8268-3d376be050af"
        ],
        "92fce5a7-9480-413c-a65c-9815ddc0e5ac": [
          "47dfdcd2-50a2-46d2-95ba-8596e5314692"
        ],
        "f51f5560-5997-414a-8268-3d376be050af": [
          "de57f135-be0a-42ea-9d18-31564922b7b1"
        ],
        "4f57d6e2-3dc3-405a-a2f3-72d6b58c8367": [
          "743bfd89-0ca5-48b5-9c3f-23f27a6b3b03",
          "04598e46-5e56-4d10-819c-8bbb2ab747ca"
        ],
        "46e0ad18-2f27-472b-bb76-f34f2c6bf56a": [
          "ac200491-5f44-4c78-a98a-b6ff5b1d0fb1",
          "2e8493ee-05c0-4521-b879-c57260469710",
          "f12db44c-1044-4ae9-a78e-f786a8916ccc"
        ],
        "bcc83451-1934-400c-b643-303f8eb53f81": [
          "44016b0e-4b44-44f3-853e-1798b3e94459"
        ],
        "11de8564-38f5-424e-aab6-5d246360b02d": [
          "c2940a55-d260-462d-93c8-35d455e3e88f"
        ],
        "0cf76362-d360-4bab-8568-e07fd38b973f": [
          "1647c18a-7177-4dc4-9f0e-5c9c0cbf99ec"
        ]
      }
    }
  ],
  "use_dynamic_islands": true,
  "max_islands": 5,
  "last_spawn_iteration": -30,
  "use_paradigm_breakthrough": true,
  "paradigm_tracker": {
    "window_size": 10,