{
  "num_islands": 2,
  "current_island": 0,
  "iteration_count": 1,
  "global_best_score": 0.6893390453862159,
  "decay": 0.9,
  "intensity_min": 0.15,
  "intensity_max": 0.5,
  "migration_interval": 15,
  "diversity_strategy_type": "code",
  "use_unified_archive": true,
  "use_adaptive_search": true,
  "use_ucb_selection": true,
  "fixed_intensity": 0.4,
  "adapter": {
    "states": [
      {
        "accumulated_signal": 0.09397694546840528,
        "best_score": 0.6893390453862159,
        "improvement_count": 2,
        "total_evaluations": 3,
        "decay": 0.9,
        "epsilon": 1e-08,
        "intensity_min": 0.15,
        "intensity_max": 0.5
      },
      {
        "accumulated_signal": 0.09999999999999998,
        "best_score": 0.5747256440311445,
        "improvement_count": 0,
        "total_evaluations": 0,
        "decay": 0.9,
        "epsilon": 1e-08,
        "intensity_min": 0.15,
        "intensity_max": 0.5
      }
    ],
    "dimension_visits": [
      3,
      0
    ],
    "dimension_rewards": [
      0.9894805234394053,
      0.0
    ],
    "decayed_visits": [
      2.71,
      0.0
    ],
    "global_best_score": 0.6893390453862159,
    "ucb_exploration": 1.41,
    "min_visits": 3,
    "decay": 0.9,
    "epsilon": 1e-08
  },
  "island_config_names": [
    "balanced",
    "balanced"
  ],
  "islands": [
    [
      "722c9a7f-0e8f-4ef6-9a4f-fea879f33aaf",
      "cd5faca3-3d31-4491-af08-c45426484f54",
      "a4c3f8a5-25f6-45c5-9a38-cc4ca7fe9389"
    ],
    [
      "9dac4430-930b-43f8-8dc2-28c482dbb91f"
    ]
  ],
  "archive_genealogies": [
    {
      "parents": {
        "722c9a7f-0e8f-4ef6-9a4f-fea879f33aaf": [],
        "cd5faca3-3d31-4491-af08-c45426484f54": [
          "722c9a7f-0e8f-4ef6-9a4f-fea879f33aaf"
        ],
        "a4c3f8a5-25f6-45c5-9a38-cc4ca7fe9389": [
          "cd5faca3-3d31-4491-af08-c45426484f54"
        ]
      },
      "children": {
        "722c9a7f-0e8f-4ef6-9a4f-fea879f33aaf": [
          "cd5faca3-3d31-4491-af08-c45426484f54"
        ],
        "cd5faca3-3d31-4491-af08-c45426484f54": [
          "a4c3f8a5-25f6-45c5-9a38-cc4ca7fe9389"
        ]
      }
    },
    {
      "parents": {
        "9dac4430-930b-43f8-8dc2-28c482dbb91f": []
      },
      "children": {}
    }
  ],
  "use_dynamic_islands": true,
  "max_islands": 5,
  "last_spawn_iteration": -30,
  "use_paradigm_breakthrough": true,
  "paradigm_tracker": {
    "window_size": 10,
    "improvement_threshold": 0.12,
    "max_paradigm_uses": 2,
    "max_tried_paradigms": 10,
    "num_paradigms_to_generate": 3,
    "improvement_history": [
      1.0,
      1.0,
      0.0
    ],
    "active_paradigms": [],
    "paradigm_usage_counts": {},
    "current_paradigm_index": 0,
    "tried_paradigms": [],
    "best_score_at_paradigm_gen": 0.0,
    "best_score_during_paradigm": 0.0
  }
}