{
  "id": "cd5faca3-3d31-4491-af08-c45426484f54",
  "generation": 1,
  "iteration": 1,
  "current_iteration": 2,
  "metrics": {
    "combined_score": 0.6893390453862159,
    "n_stage1_datasets": 8.0,
    "n_stage1_successful": 8.0,
    "eval_workers": 8.0,
    "cascade_stage1_time_seconds": 6.659418106079102,
    "cascade_stage1_threshold": 0.15,
    "cascade_stage1_passed": 1.0,
    "loss": 0.3853850385987381,
    "complexity": 36.0,
    "nmse_train": Infinity,
    "nmse_val": 0.3853850385987381,
    "fit_score": 0.7218209899332104,
    "parsimony_weight": 0.2,
    "parsimony_penalty_factor": 0.955,
    "eval_time": 57.98660588264465,
    "n_datasets": 60.0,
    "n_successful": 60.0,
    "cascade_stage2_time_seconds": 57.98717164993286,
    "cascade_total_time_seconds": 64.64658975601196,
    "cascade_stage1_combined_score": 0.8620084186909936
  },
  "language": "python",
  "timestamp": 1780039223.201974,
  "saved_at": 1780039431.77826
}