{
  "id": "754c6825-019a-4a9c-874b-207ba96887ff",
  "generation": 0,
  "iteration": 0,
  "current_iteration": 2,
  "metrics": {
    "combined_score": 0.6447285254253362,
    "n_stage1_datasets": 8.0,
    "n_stage1_successful": 8.0,
    "eval_workers": 8.0,
    "cascade_stage1_time_seconds": 7.768479824066162,
    "cascade_stage1_threshold": 0.15,
    "cascade_stage1_passed": 1.0,
    "loss": 0.5064480036140065,
    "complexity": 23.0,
    "nmse_train": Infinity,
    "nmse_val": 0.5064480036140065,
    "fit_score": 0.6638131535910797,
    "parsimony_weight": 0.2,
    "parsimony_penalty_factor": 0.97125,
    "eval_time": 13.330859184265137,
    "n_datasets": 42.0,
    "n_successful": 42.0,
    "cascade_stage2_time_seconds": 13.331711769104004,
    "cascade_total_time_seconds": 21.100191593170166,
    "cascade_stage1_combined_score": 0.49532198011948503
  },
  "language": "python",
  "timestamp": 1780277659.5482247,
  "saved_at": 1780278134.9180946
}