{
  "program_id": "c3b5a962-f396-4362-84fb-d9b4d1c1d935",
  "iteration_found": 15,
  "dataset": "Abeta42/inhibition_constraints",
  "plot": "outputs_diff_inhibited_norm/adaevolve/disease_relevant_inhibited_all_normalized_ode_0719_2131/checkpoints/checkpoint_15/iteration_15_best_validation_curves.svg",
  "metrics": {
    "equation": "d(c)/dt = 12.9969971669192*x0*(0.96088781587698 - x4) + (0.96088781587698 - x4)*(5.30416669556494*x1*x4*(0.0544009220388771*x2 + 1) + 3.60885122026013e-9*x1 + 3.77765029666313*x2 + 2.33015965110732e-10)*log(1.00000062743685/(6.27436855019881e-7*x4 + 0.0293100841795508))/(1.80621436176937e-8*x3*x4**2 + 2.07153701467146*x3 + 1)",
    "loss": 0.09106747868666554,
    "nmse_train": 0.010338954384659434,
    "nmse_val": 0.04497228961955599,
    "mean_nmse_val": 0.04497228961955599,
    "mean_raw_nmse_val": 0.04497228961955599,
    "scored_loss_val": 0.09106747868666554,
    "mean_scored_loss_val": 0.09106747868666554,
    "shape_loss_val": 0.22935304588799416,
    "shape_loss_weight": 0.25,
    "heldout_curve_nmse": 0.04497228961955599,
    "heldout_curve_scored_loss": 0.09106747868666554,
    "heldout_curve_shape_loss": 0.22935304588799416,
    "eval_only_nmse": NaN,
    "eval_only_scored_loss": NaN,
    "eval_only_shape_loss": NaN,
    "combined_score": 0.9165335962572315,
    "fit_score": 0.9165335962572315,
    "eval_time": 109.19325709342957,
    "n_datasets": 1,
    "n_successful": 1,
    "eval_workers": 8,
    "hard_cases": [
      {
        "dataset": "Abeta42/inhibition_constraints",
        "scored_loss_val": 0.09106747868666554,
        "nmse_val": 0.04497228961955599,
        "shape_loss_val": 0.22935304588799416,
        "evaluation_only": false
      }
    ],
    "hard_case_feedback": "Abeta42/inhibition_constraints scored=0.09107 (nmse=0.04497, shape=0.2294)",
    "validation_semantics_feedback": "heldout_curve_scored_loss=0.09107, heldout_curve_nmse=0.04497, heldout_curve_shape=0.2294; eval_only_fit_score_scored_loss=nan, eval_only_nmse=nan, eval_only_shape=nan",
    "per_dataset": {
      "Abeta42/inhibition_constraints": {
        "nmse_train": 0.010338954384659434,
        "nmse_val": 0.04497228961955599,
        "shape_loss_val": 0.22935304588799416,
        "scored_loss_val": 0.09106747868666554,
        "n_val_points": 3610,
        "evaluation_only": false,
        "combined_score": 0.9165335962572315,
        "equation": "d(c)/dt = 12.9969971669192*x0*(0.96088781587698 - x4) + (0.96088781587698 - x4)*(5.30416669556494*x1*x4*(0.0544009220388771*x2 + 1) + 3.60885122026013e-9*x1 + 3.77765029666313*x2 + 2.33015965110732e-10)*log(1.00000062743685/(6.27436855019881e-7*x4 + 0.0293100841795508))/(1.80621436176937e-8*x3*x4**2 + 2.07153701467146*x3 + 1)",
        "equation_template": "d(c)/dt = c8*x0*(c0 - x4) + (c0 - x4)*(c3**2 + c4**2*x1 + c5**2*x2 + c6**2*x1*x4*(c7**2*x2 + 1))*log((c9**2 + 1)/(c10**2 + c9**2*x4))/(c1**2*x3 + c2**2*x3*x4**2 + 1)",
        "constants": {
          "c0": 0.9608878158769805,
          "c1": 1.4392835073992405,
          "c2": 0.0001343954746920212,
          "c3": 1.5264860468105573e-05,
          "c4": -6.0073714886463705e-05,
          "c5": 1.9436178370922428,
          "c6": 2.3030776573022753,
          "c7": 0.23324005238997247,
          "c8": 12.99699716691923,
          "c9": -0.0007921091181269667,
          "c10": -0.17120188135517317
        }
      }
    },
    "error": ""
  },
  "saved_at": 1784479079.0449731
}