{
  "id": "31ce9926-7cb8-4fa4-90c9-c777c1ab7e53",
  "generation": 2,
  "iteration": 2,
  "current_iteration": 7,
  "metrics": {
    "combined_score": 0.9268856271331726,
    "n_stage1_datasets": 1.0,
    "n_stage1_successful": 1.0,
    "eval_workers": 8.0,
    "stage1_full_selected_datasets": 1.0,
    "cascade_stage1_time_seconds": 140.82503628730774,
    "cascade_stage1_threshold": 0.15,
    "cascade_stage1_passed": 1.0,
    "loss": 0.07888176353858019,
    "nmse_train": 0.033430172780552256,
    "nmse_val": 0.07046123817558589,
    "mean_nmse_val": 0.07046123817558589,
    "mean_raw_nmse_val": 0.07046123817558589,
    "scored_loss_val": 0.07888176353858019,
    "mean_scored_loss_val": 0.07888176353858019,
    "shape_loss_val": 0.10414333962756309,
    "shape_loss_weight": 0.25,
    "heldout_curve_nmse": 0.07046123817558589,
    "heldout_curve_scored_loss": 0.07888176353858019,
    "heldout_curve_shape_loss": 0.10414333962756309,
    "eval_only_nmse": NaN,
    "eval_only_scored_loss": NaN,
    "eval_only_shape_loss": NaN,
    "fit_score": 0.9268856271331726,
    "eval_time": 132.03562784194946,
    "n_datasets": 1.0,
    "n_successful": 1.0,
    "cascade_stage2_time_seconds": 132.03618359565735,
    "cascade_total_time_seconds": 272.8612198829651,
    "cascade_stage1_combined_score": 0.926885542956386
  },
  "language": "python",
  "timestamp": 1783025464.7396529,
  "saved_at": 1783027423.1031218
}