{
  "id": "107fb1af-a9d2-43fb-a1ef-f73480ed4a6d",
  "generation": 2,
  "iteration": 3,
  "current_iteration": 4,
  "metrics": {
    "combined_score": 0.8539612800936396,
    "n_stage1_datasets": 8.0,
    "n_stage1_successful": 8.0,
    "eval_workers": 8.0,
    "stage1_full_selected_datasets": 1.0,
    "cascade_stage1_time_seconds": 102.99691486358643,
    "cascade_stage1_threshold": 0.15,
    "cascade_stage1_passed": 1.0,
    "loss": 0.1358828820595194,
    "complexity": 24.0,
    "nmse_train": 0.021929059687027942,
    "nmse_val": 0.1358828820595194,
    "mean_nmse_val": 0.1358828820595194,
    "mean_raw_nmse_val": 0.1358828820595194,
    "fit_score": 0.8803724537047831,
    "parsimony_weight": 0.2,
    "parsimony_penalty_factor": 0.97,
    "eval_time": 328.45473313331604,
    "n_datasets": 22.0,
    "n_successful": 22.0,
    "cascade_stage2_time_seconds": 328.45538878440857,
    "cascade_total_time_seconds": 431.452303647995,
    "cascade_stage1_combined_score": 0.8574153843612028
  },
  "language": "python",
  "timestamp": 1781619047.858257,
  "saved_at": 1781619484.7840452
}