{
  "num_islands": 2,
  "current_island": 1,
  "iteration_count": 13,
  "global_best_score": 0.9287122167584467,
  "decay": 0.9,
  "intensity_min": 0.15,
  "intensity_max": 0.5,
  "migration_interval": 15,
  "diversity_strategy_type": "code",
  "use_unified_archive": true,
  "use_adaptive_search": true,
  "use_ucb_selection": true,
  "fixed_intensity": 0.4,
  "adapter": {
    "states": [
      {
        "accumulated_signal": 0.08105377054065759,
        "best_score": 0.9287122167584467,
        "improvement_count": 3,
        "total_evaluations": 8,
        "decay": 0.9,
        "epsilon": 1e-08,
        "intensity_min": 0.15,
        "intensity_max": 0.5
      },
      {
        "accumulated_signal": 0.08105377054065759,
        "best_score": 0.9287122167584467,
        "improvement_count": 2,
        "total_evaluations": 7,
        "decay": 0.9,
        "epsilon": 1e-08,
        "intensity_min": 0.15,
        "intensity_max": 0.5
      }
    ],
    "dimension_visits": [
      8,
      7
    ],
    "dimension_rewards": [
      0.49386274421996745,
      0.015904194258408867
    ],
    "decayed_visits": [
      5.6953279000000006,
      5.217031
    ],
    "global_best_score": 0.9287122167584467,
    "ucb_exploration": 1.41,
    "min_visits": 3,
    "decay": 0.9,
    "epsilon": 1e-08
  },
  "island_config_names": [
    "balanced",
    "balanced"
  ],
  "islands": [
    [
      "efb10116-809c-456c-a9ca-7c1ff91a3d13",
      "b954f437-fd7b-4205-878c-676cb9c2e3fc",
      "ba5412dd-0185-4bc9-9c25-8bd9a34f8dc0",
      "b21cbd90-1d68-40fb-a1c4-574ad660705e",
      "302272df-53f0-450a-b2e6-2c9280295c43",
      "e7ce096f-eb00-4f22-8ba5-f481375e0bd1",
      "d656b787-073c-476a-be80-7359aa4b9a71",
      "3ec9517c-cb6a-4086-851d-4dabb76984f4"
    ],
    [
      "2e1a742f-9d8c-434e-96d1-62bf281b555a",
      "cb7ef06d-f1fb-43a1-8f73-50d7e6340d6e",
      "82415a95-c95b-48e3-90ed-e8a9cbc7e91c",
      "29aaddb1-c02f-4a16-93c2-a10225d34476",
      "9c6b5625-653a-4e2c-ab7e-7e1eef4fbef7",
      "2bc705f0-bda7-41e0-b98e-18f770d8dc9a",
      "d1928dab-90cf-4fc5-af29-343b35db7947",
      "646ea5cf-f115-45ab-aead-8066a96b7d2f"
    ]
  ],
  "archive_genealogies": [
    {
      "parents": {
        "efb10116-809c-456c-a9ca-7c1ff91a3d13": [],
        "b954f437-fd7b-4205-878c-676cb9c2e3fc": [
          "efb10116-809c-456c-a9ca-7c1ff91a3d13"
        ],
        "ba5412dd-0185-4bc9-9c25-8bd9a34f8dc0": [
          "efb10116-809c-456c-a9ca-7c1ff91a3d13"
        ],
        "b21cbd90-1d68-40fb-a1c4-574ad660705e": [
          "efb10116-809c-456c-a9ca-7c1ff91a3d13"
        ],
        "302272df-53f0-450a-b2e6-2c9280295c43": [
          "ba5412dd-0185-4bc9-9c25-8bd9a34f8dc0"
        ],
        "e7ce096f-eb00-4f22-8ba5-f481375e0bd1": [
          "302272df-53f0-450a-b2e6-2c9280295c43"
        ],
        "d656b787-073c-476a-be80-7359aa4b9a71": [
          "e7ce096f-eb00-4f22-8ba5-f481375e0bd1"
        ],
        "3ec9517c-cb6a-4086-851d-4dabb76984f4": [
          "302272df-53f0-450a-b2e6-2c9280295c43"
        ]
      },
      "children": {
        "efb10116-809c-456c-a9ca-7c1ff91a3d13": [
          "b954f437-fd7b-4205-878c-676cb9c2e3fc",
          "ba5412dd-0185-4bc9-9c25-8bd9a34f8dc0",
          "b21cbd90-1d68-40fb-a1c4-574ad660705e"
        ],
        "ba5412dd-0185-4bc9-9c25-8bd9a34f8dc0": [
          "302272df-53f0-450a-b2e6-2c9280295c43"
        ],
        "302272df-53f0-450a-b2e6-2c9280295c43": [
          "e7ce096f-eb00-4f22-8ba5-f481375e0bd1",
          "3ec9517c-cb6a-4086-851d-4dabb76984f4"
        ],
        "e7ce096f-eb00-4f22-8ba5-f481375e0bd1": [
          "d656b787-073c-476a-be80-7359aa4b9a71"
        ]
      }
    },
    {
      "parents": {
        "2e1a742f-9d8c-434e-96d1-62bf281b555a": [],
        "cb7ef06d-f1fb-43a1-8f73-50d7e6340d6e": [
          "2e1a742f-9d8c-434e-96d1-62bf281b555a"
        ],
        "82415a95-c95b-48e3-90ed-e8a9cbc7e91c": [
          "cb7ef06d-f1fb-43a1-8f73-50d7e6340d6e"
        ],
        "29aaddb1-c02f-4a16-93c2-a10225d34476": [
          "82415a95-c95b-48e3-90ed-e8a9cbc7e91c"
        ],
        "9c6b5625-653a-4e2c-ab7e-7e1eef4fbef7": [
          "82415a95-c95b-48e3-90ed-e8a9cbc7e91c"
        ],
        "2bc705f0-bda7-41e0-b98e-18f770d8dc9a": [
          "2e1a742f-9d8c-434e-96d1-62bf281b555a"
        ],
        "d1928dab-90cf-4fc5-af29-343b35db7947": [
          "cb7ef06d-f1fb-43a1-8f73-50d7e6340d6e"
        ],
        "646ea5cf-f115-45ab-aead-8066a96b7d2f": [
          "302272df-53f0-450a-b2e6-2c9280295c43"
        ]
      },
      "children": {
        "2e1a742f-9d8c-434e-96d1-62bf281b555a": [
          "cb7ef06d-f1fb-43a1-8f73-50d7e6340d6e",
          "2bc705f0-bda7-41e0-b98e-18f770d8dc9a"
        ],
        "cb7ef06d-f1fb-43a1-8f73-50d7e6340d6e": [
          "82415a95-c95b-48e3-90ed-e8a9cbc7e91c",
          "d1928dab-90cf-4fc5-af29-343b35db7947"
        ],
        "82415a95-c95b-48e3-90ed-e8a9cbc7e91c": [
          "29aaddb1-c02f-4a16-93c2-a10225d34476",
          "9c6b5625-653a-4e2c-ab7e-7e1eef4fbef7"
        ],
        "302272df-53f0-450a-b2e6-2c9280295c43": [
          "646ea5cf-f115-45ab-aead-8066a96b7d2f"
        ]
      }
    }
  ],
  "use_dynamic_islands": true,
  "max_islands": 5,
  "last_spawn_iteration": -30,
  "use_paradigm_breakthrough": true,
  "paradigm_tracker": {
    "window_size": 10,
    "improvement_threshold": 0.12,
    "max_paradigm_uses": 2,
    "max_tried_paradigms": 10,
    "num_paradigms_to_generate": 3,
    "improvement_history": [
      0.0,
      0.0,
      1.0,
      0.0,
      0.0,
      0.0,
      0.0,
      0.0,
      0.0,
      0.0
    ],
    "active_paradigms": [
      {
        "idea": "Replace Gompertz with a generalized (Richards) sigmoid whose asymmetry exponent is a fitted constant, keeping the same monomer/seed power-law rate and lag structure",
        "description": "Use a Richards/generalized-logistic growth curve that interpolates between logistic and Gompertz shapes via a single shape constant, so constant-fitting can choose the right asymmetry per dataset instead of being locked to Gompertz. Build sympy expression: let rate = c0*x1**c1, lag = c2*x1**c3/(1 + c6*x2), z = rate*(x0 - lag), and growth = c4*(1 + c7*sp.exp(-z))**(-1/sp.Abs... ) \u2014 but avoid Abs; instead use growth = c4 / (1 + c5*sp.exp(-z))**c6 with c6>0 a smooth asymmetry exponent and a separate baseline c7. To keep numerics safe wrap the inner base as (1 + sp.exp(-z)) which is always >=1 so the power is well defined for any real c6 (no negative base, no log of negatives). Use 8 constants total: c0 rate scale, c1 monomer rate exponent, c2 lag scale, c3 monomer lag exponent, c4 plateau, c5 baseline, c6 asymmetry exponent, c7 seed-lag coupling. Set initial_values so c6=1 (logistic) as a stable start. This single template subsumes the current Gompertz as a limiting case, giving strictly more shape flexibility for held-out concentration curves while only adding one constant.",
        "what_to_optimize": "Reduce per-curve shape mismatch (mean_nmse_val) on datasets where the true curve asymmetry differs from pure Gompertz, especially the heavily-weighted 11-curve and 10-curve evaluation-only datasets.",
        "cautions": "Keep the power base as (1 + exp(-z)) which is strictly >=1 so the variable exponent c6 never hits a negative or zero base; do not use Abs/sign. Bound runtime by keeping z linear in t. Watch that adding c7 does not destabilize unseeded (x2=0) curves \u2014 the 1/(1+c6*x2)-style seed factor must reduce cleanly when x2=0. Provide initial_values that start near the known-good Gompertz/logistic regime to keep least_squares stable from one start.",
        "approach_type": "pysr_harness.equation_session.evaluate_expression"
      },
      {
        "idea": "Use log1p/exp combination to model an autocatalytic secondary-nucleation closed-form: a saturating self-amplifying term where the seed concentration x2 sets the initial amplification offset",