{
  "id": "302272df-53f0-450a-b2e6-2c9280295c43",
  "generation": 2,
  "iteration": 7,
  "current_iteration": 14,
  "metrics": {
    "combined_score": 0.9287122167584467,
    "n_stage1_datasets": 8.0,
    "n_stage1_successful": 8.0,
    "eval_workers": 8.0,
    "stage1_full_selected_datasets": 1.0,
    "cascade_stage1_time_seconds": 1.508014440536499,
    "cascade_stage1_threshold": 0.15,
    "cascade_stage1_passed": 1.0,
    "loss": 0.03772727720094842,
    "complexity": 29.0,
    "nmse_train": 0.013714321274033915,
    "nmse_val": 0.03772727720094842,
    "mean_nmse_val": 0.03772727720094842,
    "mean_raw_nmse_val": 0.03772727720094842,
    "fit_score": 0.9636443234847696,
    "parsimony_weight": 0.2,
    "parsimony_penalty_factor": 0.96375,
    "eval_time": 16.617449045181274,
    "n_datasets": 22.0,
    "n_successful": 22.0,
    "cascade_stage2_time_seconds": 16.618122339248657,
    "cascade_total_time_seconds": 18.126136779785156,
    "cascade_stage1_combined_score": 0.7970774452934668
  },
  "language": "python",
  "timestamp": 1781640128.2616017,
  "saved_at": 1781640765.008257
}