{
  "num_islands": 2,
  "current_island": 0,
  "iteration_count": 17,
  "global_best_score": 0.9161360625088036,
  "decay": 0.9,
  "intensity_min": 0.15,
  "intensity_max": 0.5,
  "migration_interval": 15,
  "diversity_strategy_type": "code",
  "use_unified_archive": true,
  "use_adaptive_search": true,
  "use_ucb_selection": true,
  "fixed_intensity": 0.4,
  "adapter": {
    "states": [
      {
        "accumulated_signal": 0.09001586781774304,
        "best_score": 0.9161360625088036,
        "improvement_count": 2,
        "total_evaluations": 11,
        "decay": 0.9,
        "epsilon": 1e-08,
        "intensity_min": 0.15,
        "intensity_max": 0.5
      },
      {
        "accumulated_signal": 0.0810086866166972,
        "best_score": 0.9161360625088036,
        "improvement_count": 2,
        "total_evaluations": 12,
        "decay": 0.9,
        "epsilon": 1e-08,
        "intensity_min": 0.15,
        "intensity_max": 0.5
      }
    ],
    "dimension_visits": [
      11,
      12
    ],
    "dimension_rewards": [
      0.3546284767051628,
      0.004062788885012449
    ],
    "decayed_visits": [
      6.861894039100001,
      7.175704635190001
    ],
    "global_best_score": 0.9161360625088036,
    "ucb_exploration": 1.41,
    "min_visits": 3,
    "decay": 0.9,
    "epsilon": 1e-08
  },
  "island_config_names": [
    "balanced",
    "balanced"
  ],
  "islands": [
    [
      "5947d054-590f-4ef1-b030-f21d7dcb300f",
      "5b1b6676-fb3b-4fec-b1b4-8a2686ea046c",
      "6d8997e2-5fdf-4956-9a80-018cf00509f0",
      "c7777f55-ecd4-449d-8f6d-93c0b44e686a",
      "a53ffbd9-b077-4eda-b770-14b228877448",
      "af1744b2-7fb5-4f85-97bf-cbf2d6eac678",
      "d33fa3ef-a76d-4ccd-9d5e-451252f995f7",
      "14d69333-cb07-4e98-a4f6-e703a7bd65ec",
      "90b273b5-7531-402f-808c-a15ff0ec5eaa",
      "17da21a6-9901-4228-aac3-c2d13091e6b9",
      "3df6c42c-4c71-40e1-96e0-54a987890086",
      "0f251ee5-8a37-4535-b593-ae30c5145ebe",
      "6444eb7c-076f-4700-9e9a-67abf95a6f17"
    ],
    [
      "30630908-39e0-4e42-a224-587524d1f61f",
      "71bf8cf8-f314-492d-a197-86d1c6f7068a",
      "64957182-bb3f-45a2-92a6-50402c0c5092",
      "fc20bbd9-482f-410d-95de-26c28982db85",
      "94c92077-f5ba-47d4-8a7d-05b5e15c9ada",
      "53056b6e-9b19-4e76-b1c0-31b16b6b34a3",
      "9706680f-003e-4171-abdc-667e7c8e2a0f",
      "bc88dde2-48cf-4932-a801-cf8fa2e1b592",
      "188b4791-a2df-4209-b127-a2019e066f68",
      "4a9413db-487e-4389-99ea-b14d518b9380",
      "a2160f16-59e2-4a42-8950-c95b26673204",
      "f932a90a-e044-456c-ba50-588b56bcf950",
      "3ccae7b4-e02a-4808-9e2d-a17a683757d6"
    ]
  ],
  "archive_genealogies": [
    {
      "parents": {
        "5947d054-590f-4ef1-b030-f21d7dcb300f": [],
        "5b1b6676-fb3b-4fec-b1b4-8a2686ea046c": [
          "5947d054-590f-4ef1-b030-f21d7dcb300f"
        ],
        "6d8997e2-5fdf-4956-9a80-018cf00509f0": [
          "5947d054-590f-4ef1-b030-f21d7dcb300f"
        ],
        "c7777f55-ecd4-449d-8f6d-93c0b44e686a": [
          "5947d054-590f-4ef1-b030-f21d7dcb300f"
        ],
        "a53ffbd9-b077-4eda-b770-14b228877448": [
          "5b1b6676-fb3b-4fec-b1b4-8a2686ea046c"
        ],
        "af1744b2-7fb5-4f85-97bf-cbf2d6eac678": [
          "6d8997e2-5fdf-4956-9a80-018cf00509f0"
        ],
        "d33fa3ef-a76d-4ccd-9d5e-451252f995f7": [
          "5947d054-590f-4ef1-b030-f21d7dcb300f"
        ],
        "14d69333-cb07-4e98-a4f6-e703a7bd65ec": [
          "c7777f55-ecd4-449d-8f6d-93c0b44e686a"
        ],
        "90b273b5-7531-402f-808c-a15ff0ec5eaa": [
          "64957182-bb3f-45a2-92a6-50402c0c5092"
        ],
        "17da21a6-9901-4228-aac3-c2d13091e6b9": [
          "64957182-bb3f-45a2-92a6-50402c0c5092"
        ],
        "3df6c42c-4c71-40e1-96e0-54a987890086": [
          "94c92077-f5ba-47d4-8a7d-05b5e15c9ada"
        ],
        "0f251ee5-8a37-4535-b593-ae30c5145ebe": [
          "64957182-bb3f-45a2-92a6-50402c0c5092"
        ],
        "6444eb7c-076f-4700-9e9a-67abf95a6f17": [
          "64957182-bb3f-45a2-92a6-50402c0c5092"
        ]
      },
      "children": {
        "5947d054-590f-4ef1-b030-f21d7dcb300f": [
          "5b1b6676-fb3b-4fec-b1b4-8a2686ea046c",
          "6d8997e2-5fdf-4956-9a80-018cf00509f0",
          "c7777f55-ecd4-449d-8f6d-93c0b44e686a",
          "d33fa3ef-a76d-4ccd-9d5e-451252f995f7"
        ],
        "5b1b6676-fb3b-4fec-b1b4-8a2686ea046c": [
          "a53ffbd9-b077-4eda-b770-14b228877448"
        ],
        "6d8997e2-5fdf-4956-9a80-018cf00509f0": [
          "af1744b2-7fb5-4f85-97bf-cbf2d6eac678"
        ],
        "c7777f55-ecd4-449d-8f6d-93c0b44e686a": [
          "14d69333-cb07-4e98-a4f6-e703a7bd65ec"
        ],
        "64957182-bb3f-45a2-92a6-50402c0c5092": [
          "90b273b5-7531-402f-808c-a15ff0ec5eaa",
          "17da21a6-9901-4228-aac3-c2d13091e6b9",
          "0f251ee5-8a37-4535-b593-ae30c5145ebe",
          "6444eb7c-076f-4700-9e9a-67abf95a6f17"
        ],
        "94c92077-f5ba-47d4-8a7d-05b5e15c9ada": [
          "3df6c42c-4c71-40e1-96e0-54a987890086"
        ]
      }
    },
    {
      "parents": {
        "30630908-39e0-4e42-a224-587524d1f61f": [],
        "71bf8cf8-f314-492d-a197-86d1c6f7068a": [
          "30630908-39e0-4e42-a224-587524d1f61f"
        ],
        "64957182-bb3f-45a2-92a6-50402c0c5092": [
          "71bf8cf8-f314-492d-a197-86d1c6f7068a"
        ],
        "fc20bbd9-482f-410d-95de-26c28982db85": [
          "64957182-bb3f-45a2-92a6-50402c0c5092"
        ],
        "94c92077-f5ba-47d4-8a7d-05b5e15c9ada": [
          "fc20bbd9-482f-410d-95de-26c28982db85"
        ],
        "53056b6e-9b19-4e76-b1c0-31b16b6b34a3": [
          "64957182-bb3f-45a2-92a6-50402c0c5092"
        ],
        "9706680f-003e-4171-abdc-667e7c8e2a0f": [
          "64957182-bb3f-45a2-92a6-50402c0c5092"
        ],
        "bc88dde2-48cf-4932-a801-cf8fa2e1b592": [
          "64957182-bb3f-45a2-92a6-50402c0c5092"
        ],
        "188b4791-a2df-4209-b127-a2019e066f68": [
          "c7777f55-ecd4-449d-8f6d-93c0b44e686a"
        ],
        "4a9413db-487e-4389-99ea-b14d518b9380": [
          "a53ffbd9-b077-4eda-b770-14b228877448"
        ],
        "a2160f16-59e2-4a42-8950-c95b26673204": [
          "af1744b2-7fb5-4f85-97bf-cbf2d6eac678"
        ],
        "f932a90a-e044-456c-ba50-588b56bcf950": [
          "d33fa3ef-a76d-4ccd-9d5e-451252f995f7"
        ],
        "3ccae7b4-e02a-4808-9e2d-a17a683757d6": [
          "64957182-bb3f-45a2-92a6-50402c0c5092"
        ]
      },
      "children": {
        "30630908-39e0-4e42-a224-587524d1f61f": [
          "71bf8cf8-f314-492d-a197-86d1c6f7068a"
        ],
        "71bf8cf8-f314-492d-a197-86d1c6f7068a": [
          "64957182-bb3f-45a2-92a6-50402c0c5092"
        ],
        "64957182-bb3f-45a2-92a6-50402c0c5092": [
          "fc20bbd9-482f-410d-95de-26c28982db85",
          "53056b6e-9b19-4e76-b1c0-31b16b6b34a3",
          "9706680f-003e-4171-abdc-667e7c8e2a0f",
          "bc88dde2-48cf-4932-a801-cf8fa2e1b592",
          "3ccae7b4-e02a-4808-9e2d-a17a683757d6"
        ],
        "fc20bbd9-482f-410d-95de-26c28982db85": [
          "94c92077-f5ba-47d4-8a7d-05b5e15c9ada"
        ],
        "c7777f55-ecd4-449d-8f6d-93c0b44e686a": [
          "188b4791-a2df-4209-b127-a2019e066f68"
        ],
        "a53ffbd9-b077-4eda-b770-14b228877448": [
          "4a9413db-487e-4389-99ea-b14d518b9380"
        ],
        "af1744b2-7fb5-4f85-97bf-cbf2d6eac678": [
          "a2160f16-59e2-4a42-8950-c95b26673204"
        ],
        "d33fa3ef-a76d-4ccd-9d5e-451252f995f7": [
          "f932a90a-e044-456c-ba50-588b56bcf950"
        ]
      }
    }
  ],
  "use_dynamic_islands": true,
  "max_islands": 5,
  "last_spawn_iteration": -30,
  "use_paradigm_breakthrough": true,
  "paradigm_tracker": {
    "window_size": 10,
    "improvement_threshold": 0.12,
    "max_paradigm_uses": 2,
    "max_tried_paradigms": 10,
    "num_paradigms_to_generate": 3,