{
  "num_islands": 2,
  "current_island": 1,
  "iteration_count": 2,
  "global_best_score": 0.9744531335395261,
  "decay": 0.9,
  "intensity_min": 0.15,
  "intensity_max": 0.5,
  "migration_interval": 15,
  "diversity_strategy_type": "code",
  "use_unified_archive": true,
  "use_adaptive_search": true,
  "use_ucb_selection": true,
  "fixed_intensity": 0.4,
  "adapter": {
    "states": [
      {
        "accumulated_signal": 0.11364998918524663,
        "best_score": 0.9744531335395261,
        "improvement_count": 3,
        "total_evaluations": 3,
        "decay": 0.9,
        "epsilon": 1e-08,
        "intensity_min": 0.15,
        "intensity_max": 0.5
      },
      {
        "accumulated_signal": 0.13183038949671055,
        "best_score": 0.9744531335395261,
        "improvement_count": 1,
        "total_evaluations": 1,
        "decay": 0.9,
        "epsilon": 1e-08,
        "intensity_min": 0.15,
        "intensity_max": 0.5
      }
    ],
    "dimension_visits": [
      3,
      1
    ],
    "dimension_rewards": [
      1.3796330931775365,
      0.3927485084781002
    ],
    "decayed_visits": [
      2.71,
      1.0
    ],
    "global_best_score": 0.9744531335395261,
    "ucb_exploration": 1.41,
    "min_visits": 3,
    "decay": 0.9,
    "epsilon": 1e-08
  },
  "island_config_names": [
    "balanced",
    "balanced"
  ],
  "islands": [
    [
      "4d1f51e1-d9e9-428e-a921-dabfcf374d70",
      "7f380798-7266-41c9-98d5-e8244ab5fb73",
      "11ec48a6-e27d-43d3-af27-f4ac0e89f10c"
    ],
    [
      "b94bff98-8675-4bb5-8388-f77faa9ffa82",
      "f14172db-1326-46ab-a44e-6a9f6038a25d"
    ]
  ],
  "archive_genealogies": [
    {
      "parents": {
        "4d1f51e1-d9e9-428e-a921-dabfcf374d70": [],
        "7f380798-7266-41c9-98d5-e8244ab5fb73": [
          "4d1f51e1-d9e9-428e-a921-dabfcf374d70"
        ],
        "11ec48a6-e27d-43d3-af27-f4ac0e89f10c": [
          "7f380798-7266-41c9-98d5-e8244ab5fb73"
        ]
      },
      "children": {
        "4d1f51e1-d9e9-428e-a921-dabfcf374d70": [
          "7f380798-7266-41c9-98d5-e8244ab5fb73"
        ],
        "7f380798-7266-41c9-98d5-e8244ab5fb73": [
          "11ec48a6-e27d-43d3-af27-f4ac0e89f10c"
        ]
      }
    },
    {
      "parents": {
        "b94bff98-8675-4bb5-8388-f77faa9ffa82": [],
        "f14172db-1326-46ab-a44e-6a9f6038a25d": [
          "b94bff98-8675-4bb5-8388-f77faa9ffa82"
        ]
      },
      "children": {
        "b94bff98-8675-4bb5-8388-f77faa9ffa82": [
          "f14172db-1326-46ab-a44e-6a9f6038a25d"
        ]
      }
    }
  ],
  "use_dynamic_islands": true,
  "max_islands": 5,
  "last_spawn_iteration": -30,
  "use_paradigm_breakthrough": true,
  "paradigm_tracker": {
    "window_size": 10,
    "improvement_threshold": 0.12,
    "max_paradigm_uses": 2,
    "max_tried_paradigms": 10,
    "num_paradigms_to_generate": 3,
    "improvement_history": [
      1.0,
      1.0,
      1.0,
      0.0
    ],
    "active_paradigms": [],
    "paradigm_usage_counts": {},
    "current_paradigm_index": 0,
    "tried_paradigms": [],
    "best_score_at_paradigm_gen": 0.0,
    "best_score_during_paradigm": 0.0
  }
}