{
  "program_id": "beb8dbf6-64c9-4a0f-a2dc-55e5e01c6b53",
  "iteration_found": 54,
  "dataset": "Abeta42/inhibition_constraints",
  "plot": "outputs_diff_inhibited_norm/adaevolve/disease_relevant_inhibited_all_normalized_ode_0719_1838/checkpoints/checkpoint_54/iteration_54_best_validation_curves.svg",
  "metrics": {
    "equation": "d(c)/dt = (0.919707619478413 - x4)*(54016748.4713552*x1*x4**2*(533824.110081029*x2 + 1)/((1786939.14847174*x3 + 1)*(29.9197996374798*x3*x4 + 29.6401819455154*x3 + x4**2 + 1.39143604833195)) + 1607770.95275398*x1/(1786939.14847174*x3 + 1))",
    "loss": 0.13288897959671866,
    "nmse_train": 0.07017097304408426,
    "nmse_val": 0.08095609950475792,
    "mean_nmse_val": 0.08095609950475792,
    "mean_raw_nmse_val": 0.08095609950475792,
    "scored_loss_val": 0.13288897959671866,
    "mean_scored_loss_val": 0.13288897959671866,
    "shape_loss_val": 0.2886876198726009,
    "shape_loss_weight": 0.25,
    "heldout_curve_nmse": 0.08095609950475792,
    "heldout_curve_scored_loss": 0.13288897959671866,
    "heldout_curve_shape_loss": 0.2886876198726009,
    "eval_only_nmse": NaN,
    "eval_only_scored_loss": NaN,
    "eval_only_shape_loss": NaN,
    "combined_score": 0.8826990270096686,
    "fit_score": 0.8826990270096686,
    "eval_time": 25.429070949554443,
    "n_datasets": 1,
    "n_successful": 1,
    "eval_workers": 8,
    "hard_cases": [
      {
        "dataset": "Abeta42/inhibition_constraints",
        "scored_loss_val": 0.13288897959671866,
        "nmse_val": 0.08095609950475792,
        "shape_loss_val": 0.2886876198726009,
        "evaluation_only": false
      }
    ],
    "hard_case_feedback": "Abeta42/inhibition_constraints scored=0.1329 (nmse=0.08096, shape=0.2887)",
    "validation_semantics_feedback": "heldout_curve_scored_loss=0.1329, heldout_curve_nmse=0.08096, heldout_curve_shape=0.2887; eval_only_fit_score_scored_loss=nan, eval_only_nmse=nan, eval_only_shape=nan",
    "per_dataset": {
      "Abeta42/inhibition_constraints": {
        "nmse_train": 0.07017097304408426,
        "nmse_val": 0.08095609950475792,
        "shape_loss_val": 0.2886876198726009,
        "scored_loss_val": 0.13288897959671866,
        "n_val_points": 12274,
        "evaluation_only": false,
        "combined_score": 0.8826990270096686,
        "equation": "d(c)/dt = (0.919707619478413 - x4)*(54016748.4713552*x1*x4**2*(533824.110081029*x2 + 1)/((1786939.14847174*x3 + 1)*(29.9197996374798*x3*x4 + 29.6401819455154*x3 + x4**2 + 1.39143604833195)) + 1607770.95275398*x1/(1786939.14847174*x3 + 1))",
        "equation_template": "d(c)/dt = (c0 - x4)*(c1**2*x1/(c6**2*x3 + 1) + c2**2*x1*x4**2*(c4**2*x2 + 1)/((c6**2*x3 + 1)*(c3**2 + c5**2*x3 + c7**2*x3*x4 + x4**2)))",
        "constants": {
          "c0": 0.9197076194784131,
          "c1": 1267.9790821437002,
          "c2": 7349.608729133488,
          "c3": -1.1795914751861964,
          "c4": -730.6326779449638,
          "c5": 5.444279745339639,
          "c6": -1336.7644326775526,
          "c7": -5.469899417492046
        }
      }
    },
    "error": ""
  },
  "saved_at": 1784474172.0910358
}