{
  "id": "6c36dab5-edbe-4501-9dd7-b35466ae611f",
  "generation": 4,
  "iteration": 8,
  "timestamp": 1779965291.5274282,
  "parent_id": "ec727963-21b8-4631-9d1d-df02c1a8f0d3",
  "metrics": {
    "combined_score": 0.7176602673739907,
    "loss": 0.3934169766136364,
    "complexity": 0.0,
    "nmse_train": Infinity,
    "nmse_val": 0.3934169766136364,
    "eval_time": 17.97357416152954,
    "n_datasets": 60.0,
    "n_successful": 60.0,
    "test_combined_score": 0.7176602673739907,
    "test_loss": 0.3934169766136364,
    "test_complexity": 0.0,
    "test_nmse_train": Infinity,
    "test_nmse_val": 0.3934169766136364,
    "test_eval_time": 20.997860193252563,
    "test_n_datasets": 60.0,
    "test_n_successful": 60.0
  },
  "language": "python",
  "saved_at": 1779965724.7854347
}