{
  "num_islands": 2,
  "current_island": 0,
  "iteration_count": 0,
  "global_best_score": 0.8792027559992314,
  "decay": 0.9,
  "intensity_min": 0.15,
  "intensity_max": 0.5,
  "migration_interval": 15,
  "diversity_strategy_type": "code",
  "use_unified_archive": true,
  "use_adaptive_search": true,
  "use_ucb_selection": true,
  "fixed_intensity": 0.4,
  "adapter": {
    "states": [
      {
        "accumulated_signal": 0.09155565056795414,
        "best_score": 0.8789740883656226,
        "improvement_count": 2,
        "total_evaluations": 12,
        "decay": 0.9,
        "epsilon": 1e-08,
        "intensity_min": 0.15,
        "intensity_max": 0.5
      },
      {
        "accumulated_signal": 0.09999999999999998,
        "best_score": 0.8792027559992314,
        "improvement_count": 0,
        "total_evaluations": 0,
        "decay": 0.9,
        "epsilon": 1e-08,
        "intensity_min": 0.15,
        "intensity_max": 0.5
      }
    ],
    "dimension_visits": [
      12,
      0
    ],
    "dimension_rewards": [
      0.35246700661417807,
      0.0
    ],
    "decayed_visits": [
      7.175704635190001,
      0.0
    ],
    "global_best_score": 0.8792027559992314,
    "ucb_exploration": 1.41,
    "min_visits": 3,
    "decay": 0.9,
    "epsilon": 1e-08
  },
  "island_config_names": [
    "balanced",
    "balanced"
  ],
  "islands": [
    [
      "a816d590-ed7b-4e31-b554-9e94201cd8ba",
      "0ab48a4f-401a-45bd-b739-736b4daac75d",
      "00e555eb-558a-46dc-a133-55cdced4ca14",
      "0386774f-a923-4b05-b514-5f33061ab7f3",
      "0984012f-dc86-4902-8374-9a743830f033",
      "344c8e33-13e1-40c0-aa63-d92ba8718212",
      "2349f980-6862-4d69-84e6-21e2d54b9b63",
      "7b1515d5-366d-4ad8-b970-f4c2920acee1",
      "86cab118-a376-4601-8e97-ed08f9b92607",
      "58a4c971-5426-41d0-a056-f14df4cbb518",
      "dc123e9f-2e00-40db-8f3f-3ea9e1ef08a5",
      "ed7cdfbd-7a84-459b-8649-18b70c853006"
    ],
    [
      "ad418b6d-1cb6-4ec7-9bfc-7e03bba78b46",
      "dafcf652-ba92-4403-9a30-fb9b959fb430",
      "e6661ccb-adf1-4efa-9050-dbce2a1797c4",
      "b049d143-d92a-4b19-9d99-cc4aaf4170eb",
      "555ec64c-9f3d-4d07-b470-72a5ba80c4a9",
      "54e275ed-6420-4449-a4b9-d64b2df202a1",
      "5d221078-168b-4fcb-b0c5-addf1e27aeb8",
      "c0e3f285-df31-4409-9956-753594695779",
      "95de0530-28a1-4bfa-925a-40cf8acd4e37",
      "aea0c261-ae83-467a-a9aa-32148cf4b614",
      "ee21dd51-1183-4c31-b647-9e7affe84606",
      "65d80248-f3f6-4580-bbe9-0510a783d9b9",
      "c9be0c07-27a9-4342-8bdf-380a05b59ba8"
    ]
  ],
  "archive_genealogies": [
    {
      "parents": {
        "a816d590-ed7b-4e31-b554-9e94201cd8ba": [],
        "0ab48a4f-401a-45bd-b739-736b4daac75d": [],
        "00e555eb-558a-46dc-a133-55cdced4ca14": [],
        "0386774f-a923-4b05-b514-5f33061ab7f3": [],
        "0984012f-dc86-4902-8374-9a743830f033": [],
        "344c8e33-13e1-40c0-aa63-d92ba8718212": [],
        "2349f980-6862-4d69-84e6-21e2d54b9b63": [],
        "7b1515d5-366d-4ad8-b970-f4c2920acee1": [],
        "86cab118-a376-4601-8e97-ed08f9b92607": [],
        "58a4c971-5426-41d0-a056-f14df4cbb518": [],
        "dc123e9f-2e00-40db-8f3f-3ea9e1ef08a5": [],
        "ed7cdfbd-7a84-459b-8649-18b70c853006": []
      },
      "children": {}
    },
    {
      "parents": {
        "ad418b6d-1cb6-4ec7-9bfc-7e03bba78b46": [],
        "dafcf652-ba92-4403-9a30-fb9b959fb430": [],
        "e6661ccb-adf1-4efa-9050-dbce2a1797c4": [],
        "b049d143-d92a-4b19-9d99-cc4aaf4170eb": [],
        "555ec64c-9f3d-4d07-b470-72a5ba80c4a9": [],
        "54e275ed-6420-4449-a4b9-d64b2df202a1": [],
        "5d221078-168b-4fcb-b0c5-addf1e27aeb8": [],
        "c0e3f285-df31-4409-9956-753594695779": [],
        "95de0530-28a1-4bfa-925a-40cf8acd4e37": [],
        "aea0c261-ae83-467a-a9aa-32148cf4b614": [],
        "ee21dd51-1183-4c31-b647-9e7affe84606": [],
        "65d80248-f3f6-4580-bbe9-0510a783d9b9": [],
        "c9be0c07-27a9-4342-8bdf-380a05b59ba8": []
      },
      "children": {}
    }
  ],
  "use_dynamic_islands": true,
  "max_islands": 5,
  "last_spawn_iteration": -30,
  "use_paradigm_breakthrough": true,
  "paradigm_tracker": {
    "window_size": 10,
    "improvement_threshold": 0.12,
    "max_paradigm_uses": 2,
    "max_tried_paradigms": 10,
    "num_paradigms_to_generate": 3,
    "improvement_history": [
      0.0,
      0.0,
      0.0,
      0.0,
      0.0,
      0.0,
      0.0,
      0.0,
      0.0,
      0.0
    ],
    "active_paradigms": [],
    "paradigm_usage_counts": {},
    "current_paradigm_index": 0,
    "tried_paradigms": [],
    "best_score_at_paradigm_gen": 0.0,
    "best_score_during_paradigm": 0.0
  }
}