{
  "id": "86a76bb3-b3ed-43a1-b532-bf98fcd489db",
  "generation": 3,
  "iteration": 7,
  "current_iteration": 7,
  "metrics": {
    "combined_score": 0.8909651310186072,
    "n_stage1_datasets": 5.0,
    "n_stage1_successful": 5.0,
    "eval_workers": 8.0,
    "stage1_full_selected_datasets": 1.0,
    "cascade_stage1_time_seconds": 48.99519443511963,
    "cascade_stage1_threshold": 0.15,
    "cascade_stage1_passed": 1.0,
    "loss": 0.122378379563224,
    "nmse_train": 0.019833017024774406,
    "nmse_val": 0.032713224655287886,
    "mean_nmse_val": 0.032713224655287886,
    "mean_raw_nmse_val": 0.032713224655287886,
    "scored_loss_val": 0.122378379563224,
    "mean_scored_loss_val": 0.122378379563224,
    "shape_loss_val": 0.3913738442870324,
    "shape_loss_weight": 0.25,
    "heldout_curve_nmse": 0.04742950279955486,
    "heldout_curve_scored_loss": 0.10371459753281406,
    "heldout_curve_shape_loss": 0.2725698817325916,
    "eval_only_nmse": 0.030697489238975452,
    "eval_only_scored_loss": 0.12493481714018628,
    "eval_only_shape_loss": 0.4076468008438188,
    "fit_score": 0.8909651310186072,
    "eval_time": 194.87049460411072,
    "n_datasets": 17.0,
    "n_successful": 17.0,
    "cascade_stage2_time_seconds": 194.8709533214569,
    "cascade_total_time_seconds": 243.86614775657654,
    "cascade_stage1_combined_score": 0.9143279231685705
  },
  "language": "python",
  "timestamp": 1781998136.9094064,
  "saved_at": 1781998136.914028
}