{
  "id": "4c23d611-ce11-45ef-b2cc-7828e333776a",
  "generation": 3,
  "iteration": 14,
  "current_iteration": 19,
  "metrics": {
    "combined_score": 0.839668067174224,
    "n_stage1_datasets": 8.0,
    "n_stage1_successful": 8.0,
    "eval_workers": 8.0,
    "stage1_full_selected_datasets": 1.0,
    "cascade_stage1_time_seconds": 124.01076889038086,
    "cascade_stage1_threshold": 0.15,
    "cascade_stage1_passed": 1.0,
    "loss": 0.13884288016110327,
    "complexity": 35.0,
    "nmse_train": 0.011465015984936633,
    "nmse_val": 0.05492595063878085,
    "mean_nmse_val": 0.05492595063878085,
    "mean_raw_nmse_val": 0.05492595063878085,
    "scored_loss_val": 0.13884288016110327,
    "mean_scored_loss_val": 0.13884288016110327,
    "shape_loss_val": 0.3905936687280705,
    "shape_loss_weight": 0.25,
    "heldout_curve_nmse": 0.12949196182889186,
    "heldout_curve_scored_loss": 0.1736609684637815,
    "heldout_curve_shape_loss": 0.30616798836845044,
    "eval_only_nmse": 0.042725538323714785,
    "eval_only_scored_loss": 0.13314598117810672,
    "eval_only_shape_loss": 0.4044073097412824,
    "fit_score": 0.8780842532540905,
    "parsimony_weight": 0.2,
    "parsimony_penalty_factor": 0.95625,
    "eval_time": 466.8824999332428,
    "n_datasets": 22.0,
    "n_successful": 22.0,
    "cascade_stage2_time_seconds": 466.8832108974457,
    "cascade_total_time_seconds": 590.8939797878265,
    "cascade_stage1_combined_score": 0.818361546017259
  },
  "language": "python",
  "timestamp": 1781893038.1665456,
  "saved_at": 1781895801.5367405
}