{
  "id": "ee57f5db-98c3-4901-b596-0437bcfc0378",
  "generation": 0,
  "iteration": 0,
  "current_iteration": 1,
  "metrics": {
    "combined_score": 0.5917381148325811,
    "loss": 0.6899367725922596,
    "complexity": 0.0,
    "nmse_train": Infinity,
    "nmse_val": 0.6899367725922596,
    "eval_time": 12.641479969024658,
    "n_datasets": 60.0,
    "n_successful": 60.0
  },
  "language": "python",
  "timestamp": 1779812541.610755,
  "saved_at": 1779812594.5820878
}