{
  "id": "056f6b9b-3442-4171-b15f-5eb9465269de",
  "generation": 5,
  "iteration": 28,
  "current_iteration": 28,
  "metrics": {
    "combined_score": 0.9354055716177041,
    "n_stage1_datasets": 8.0,
    "n_stage1_successful": 8.0,
    "eval_workers": 8.0,
    "stage1_full_selected_datasets": 1.0,
    "cascade_stage1_time_seconds": 1.6573472023010254,
    "cascade_stage1_threshold": 0.15,
    "cascade_stage1_passed": 1.0,
    "loss": 0.032974390273251435,
    "complexity": 27.0,
    "nmse_train": 0.012358485012053264,
    "nmse_val": 0.032974390273251435,
    "mean_nmse_val": 0.032974390273251435,
    "mean_raw_nmse_val": 0.032974390273251435,
    "fit_score": 0.9680782112473004,
    "parsimony_weight": 0.2,
    "parsimony_penalty_factor": 0.96625,
    "eval_time": 23.473417282104492,
    "n_datasets": 22.0,
    "n_successful": 22.0,
    "cascade_stage2_time_seconds": 23.473942279815674,
    "cascade_total_time_seconds": 25.1312894821167,
    "cascade_stage1_combined_score": 0.725519970073558
  },
  "language": "python",
  "timestamp": 1781638860.8631146,
  "saved_at": 1781638860.890985
}