{
  "id": "25bd4a8e-d9ad-482c-8cfc-a71955a91570",
  "generation": 2,
  "iteration": 11,
  "current_iteration": 11,
  "metrics": {
    "combined_score": 0.9747527767501676,
    "loss": 0.025901155505303485,
    "complexity": 0.0,
    "nmse_train": Infinity,
    "nmse_val": 0.025901155505303485,
    "eval_time": 951.1425635814667,
    "n_datasets": 60.0,
    "n_successful": 60.0
  },
  "language": "python",
  "timestamp": 1779847571.162221,
  "saved_at": 1779847571.1794305
}