{
  "id": "180963bf-ed9e-4c30-be50-f563e5808d98",
  "generation": 1,
  "iteration": 2,
  "current_iteration": 4,
  "metrics": {
    "combined_score": 0.8898441495203407,
    "n_stage1_datasets": 5.0,
    "n_stage1_successful": 5.0,
    "eval_workers": 8.0,
    "stage1_full_selected_datasets": 1.0,
    "cascade_stage1_time_seconds": 157.56606650352478,
    "cascade_stage1_threshold": 0.15,
    "cascade_stage1_passed": 1.0,
    "loss": 0.12379229614426007,
    "nmse_train": 0.01799374131253421,
    "nmse_val": 0.03583427849376249,
    "mean_nmse_val": 0.03583427849376249,
    "mean_raw_nmse_val": 0.03583427849376249,
    "scored_loss_val": 0.12379229614426007,
    "mean_scored_loss_val": 0.12379229614426007,
    "shape_loss_val": 0.38766634909575287,
    "shape_loss_weight": 0.25,
    "heldout_curve_nmse": 0.05416163174540316,
    "heldout_curve_scored_loss": 0.10906199161793181,
    "heldout_curve_shape_loss": 0.2737630712355178,
    "eval_only_nmse": 0.03332392263649754,
    "eval_only_scored_loss": 0.12580995279872842,
    "eval_only_shape_loss": 0.40326804328542104,
    "fit_score": 0.8898441495203407,
    "eval_time": 483.88684463500977,
    "n_datasets": 17.0,
    "n_successful": 17.0,
    "cascade_stage2_time_seconds": 483.8875775337219,
    "cascade_total_time_seconds": 641.4536440372467,
    "cascade_stage1_combined_score": 0.9068465805031017
  },
  "language": "python",
  "timestamp": 1781995711.428739,
  "saved_at": 1781996565.7986593
}