{
  "id": "7f380798-7266-41c9-98d5-e8244ab5fb73",
  "generation": 1,
  "iteration": 1,
  "current_iteration": 1,
  "metrics": {
    "combined_score": 0.9477132866606487,
    "n_stage1_datasets": 8.0,
    "n_stage1_successful": 8.0,
    "eval_workers": 8.0,
    "cascade_stage1_time_seconds": 2.2989914417266846,
    "cascade_stage1_threshold": 0.15,
    "cascade_stage1_passed": 1.0,
    "loss": 0.05517144697167673,
    "complexity": 0.0,
    "nmse_train": Infinity,
    "nmse_val": 0.05517144697167673,
    "eval_time": 22.213956594467163,
    "n_datasets": 60.0,
    "n_successful": 60.0,
    "cascade_stage2_time_seconds": 22.21445631980896,
    "cascade_total_time_seconds": 24.513447761535645,
    "cascade_stage1_combined_score": 0.9861714165788753
  },
  "language": "python",
  "timestamp": 1779972919.1382601,
  "saved_at": 1779972919.1406028
}