{
  "id": "c1c1ad58-3cf5-4303-b051-16c4bb9878a4",
  "generation": 3,
  "iteration": 9,
  "current_iteration": 11,
  "metrics": {
    "combined_score": 0.9452274951530372,
    "n_stage1_datasets": 8.0,
    "n_stage1_successful": 8.0,
    "eval_workers": 8.0,
    "stage1_full_selected_datasets": 1.0,
    "cascade_stage1_time_seconds": 2.6189310550689697,
    "cascade_stage1_threshold": 0.15,
    "cascade_stage1_passed": 1.0,
    "loss": 0.026207981648853886,
    "complexity": 24.0,
    "nmse_train": 0.033719054984042415,
    "nmse_val": 0.026207981648853886,
    "mean_nmse_val": 0.026207981648853886,
    "mean_raw_nmse_val": 0.026207981648853886,
    "fit_score": 0.9744613352093167,
    "parsimony_weight": 0.2,
    "parsimony_penalty_factor": 0.97,
    "eval_time": 23.680394411087036,
    "n_datasets": 24.0,
    "n_successful": 24.0,
    "cascade_stage2_time_seconds": 23.680900812149048,
    "cascade_total_time_seconds": 26.299831867218018,
    "cascade_stage1_combined_score": 0.9992172793239116
  },
  "language": "python",
  "timestamp": 1781281123.6155787,
  "saved_at": 1781282596.577587
}