{
  "num_islands": 2,
  "current_island": 1,
  "iteration_count": 1,
  "global_best_score": 0.96872699001787,
  "decay": 0.9,
  "intensity_min": 0.15,
  "intensity_max": 0.5,
  "migration_interval": 15,
  "diversity_strategy_type": "code",
  "use_unified_archive": true,
  "use_adaptive_search": true,
  "use_ucb_selection": true,
  "fixed_intensity": 0.4,
  "adapter": {
    "states": [
      {
        "accumulated_signal": 0.18849881404090713,
        "best_score": 0.96872699001787,
        "improvement_count": 2,
        "total_evaluations": 2,
        "decay": 0.9,
        "epsilon": 1e-08,
        "intensity_min": 0.15,
        "intensity_max": 0.5
      },
      {
        "accumulated_signal": 0.18849881404090713,
        "best_score": 0.96872699001787,
        "improvement_count": 1,
        "total_evaluations": 1,
        "decay": 0.9,
        "epsilon": 1e-08,
        "intensity_min": 0.15,
        "intensity_max": 0.5
      }
    ],
    "dimension_visits": [
      2,
      1
    ],
    "dimension_rewards": [
      1.892465687270382,
      0.49810929925223957
    ],
    "decayed_visits": [
      1.9,
      1.0
    ],
    "global_best_score": 0.96872699001787,
    "ucb_exploration": 1.41,
    "min_visits": 3,
    "decay": 0.9,
    "epsilon": 1e-08
  },
  "island_config_names": [
    "balanced",
    "balanced"
  ],
  "islands": [
    [
      "81e4df0c-cf74-4072-be51-5f22661cbba8",
      "b7155808-6d8f-488b-b19d-343f36256784"
    ],
    [
      "d28d09a6-7215-4b8f-a422-5c382c7b16a9",
      "fd4cdfaa-b956-4a17-87a8-27b6cb154718"
    ]
  ],
  "archive_genealogies": [
    {
      "parents": {
        "81e4df0c-cf74-4072-be51-5f22661cbba8": [],
        "b7155808-6d8f-488b-b19d-343f36256784": [
          "81e4df0c-cf74-4072-be51-5f22661cbba8"
        ]
      },
      "children": {
        "81e4df0c-cf74-4072-be51-5f22661cbba8": [
          "b7155808-6d8f-488b-b19d-343f36256784"
        ]
      }
    },
    {
      "parents": {
        "d28d09a6-7215-4b8f-a422-5c382c7b16a9": [],
        "fd4cdfaa-b956-4a17-87a8-27b6cb154718": [
          "d28d09a6-7215-4b8f-a422-5c382c7b16a9"
        ]
      },
      "children": {
        "d28d09a6-7215-4b8f-a422-5c382c7b16a9": [
          "fd4cdfaa-b956-4a17-87a8-27b6cb154718"
        ]
      }
    }
  ],
  "use_dynamic_islands": true,
  "max_islands": 5,
  "last_spawn_iteration": -30,
  "use_paradigm_breakthrough": true,
  "paradigm_tracker": {
    "window_size": 10,
    "improvement_threshold": 0.12,
    "max_paradigm_uses": 2,
    "max_tried_paradigms": 10,
    "num_paradigms_to_generate": 3,
    "improvement_history": [
      1.0,
      1.0,
      0.0
    ],
    "active_paradigms": [],
    "paradigm_usage_counts": {},
    "current_paradigm_index": 0,
    "tried_paradigms": [],
    "best_score_at_paradigm_gen": 0.0,
    "best_score_during_paradigm": 0.0
  }
}