{
  "num_islands": 2,
  "current_island": 0,
  "iteration_count": 5,
  "global_best_score": 0.8777645310843594,
  "decay": 0.9,
  "intensity_min": 0.15,
  "intensity_max": 0.5,
  "migration_interval": 15,
  "diversity_strategy_type": "code",
  "use_unified_archive": true,
  "use_adaptive_search": true,
  "use_ucb_selection": true,
  "fixed_intensity": 0.4,
  "adapter": {
    "states": [
      {
        "accumulated_signal": 0.18999999999999995,
        "best_score": 0.8777645310843594,
        "improvement_count": 2,
        "total_evaluations": 4,
        "decay": 0.9,
        "epsilon": 1e-08,
        "intensity_min": 0.15,
        "intensity_max": 0.5
      },
      {
        "accumulated_signal": 0.18099999999999997,
        "best_score": 0.8777645310843594,
        "improvement_count": 2,
        "total_evaluations": 3,
        "decay": 0.9,
        "epsilon": 1e-08,
        "intensity_min": 0.15,
        "intensity_max": 0.5
      }
    ],
    "dimension_visits": [
      4,
      3
    ],
    "dimension_rewards": [
      1.539,
      0.6013682782203833
    ],
    "decayed_visits": [
      3.439,
      2.71
    ],
    "global_best_score": 0.8777645310843594,
    "ucb_exploration": 1.41,
    "min_visits": 3,
    "decay": 0.9,
    "epsilon": 1e-08
  },
  "island_config_names": [
    "balanced",
    "balanced"
  ],
  "islands": [
    [
      "592d1774-838a-4a93-a45f-2b18c806f967",
      "c0b3887a-0517-4d32-8102-d34f84c5a43e",
      "e32fbefb-9501-41c9-b7ba-d2ff6194e3e8",
      "6fcc4fd1-ae96-497d-80b9-6fdd232aed15"
    ],
    [
      "2167ff28-48bc-48c6-9f16-cec6afa65087",
      "73a8b1f0-8037-4a55-8779-266d3b698215",
      "a64a57bc-2ad3-4361-8641-8d7c22a64f3c",
      "7922b7a2-a2ff-4184-bf82-e6c90ece3b80"
    ]
  ],
  "archive_genealogies": [
    {
      "parents": {
        "592d1774-838a-4a93-a45f-2b18c806f967": [],
        "c0b3887a-0517-4d32-8102-d34f84c5a43e": [
          "592d1774-838a-4a93-a45f-2b18c806f967"
        ],
        "e32fbefb-9501-41c9-b7ba-d2ff6194e3e8": [
          "c0b3887a-0517-4d32-8102-d34f84c5a43e"
        ],
        "6fcc4fd1-ae96-497d-80b9-6fdd232aed15": [
          "c0b3887a-0517-4d32-8102-d34f84c5a43e"
        ]
      },
      "children": {
        "592d1774-838a-4a93-a45f-2b18c806f967": [
          "c0b3887a-0517-4d32-8102-d34f84c5a43e"
        ],
        "c0b3887a-0517-4d32-8102-d34f84c5a43e": [
          "e32fbefb-9501-41c9-b7ba-d2ff6194e3e8",
          "6fcc4fd1-ae96-497d-80b9-6fdd232aed15"
        ]
      }
    },
    {
      "parents": {
        "2167ff28-48bc-48c6-9f16-cec6afa65087": [],
        "73a8b1f0-8037-4a55-8779-266d3b698215": [
          "2167ff28-48bc-48c6-9f16-cec6afa65087"
        ],
        "a64a57bc-2ad3-4361-8641-8d7c22a64f3c": [
          "73a8b1f0-8037-4a55-8779-266d3b698215"
        ],
        "7922b7a2-a2ff-4184-bf82-e6c90ece3b80": [
          "a64a57bc-2ad3-4361-8641-8d7c22a64f3c"
        ]
      },
      "children": {
        "2167ff28-48bc-48c6-9f16-cec6afa65087": [
          "73a8b1f0-8037-4a55-8779-266d3b698215"
        ],
        "73a8b1f0-8037-4a55-8779-266d3b698215": [
          "a64a57bc-2ad3-4361-8641-8d7c22a64f3c"
        ],
        "a64a57bc-2ad3-4361-8641-8d7c22a64f3c": [
          "7922b7a2-a2ff-4184-bf82-e6c90ece3b80"
        ]
      }
    }
  ],
  "use_dynamic_islands": true,
  "max_islands": 5,
  "last_spawn_iteration": -30,
  "use_paradigm_breakthrough": true,
  "paradigm_tracker": {
    "window_size": 10,
    "improvement_threshold": 0.12,
    "max_paradigm_uses": 2,
    "max_tried_paradigms": 10,
    "num_paradigms_to_generate": 3,
    "improvement_history": [
      1.0,
      1.0,
      0.0,
      0.0,
      0.0,
      0.0,
      0.0
    ],
    "active_paradigms": [],
    "paradigm_usage_counts": {},
    "current_paradigm_index": 0,
    "tried_paradigms": [],
    "best_score_at_paradigm_gen": 0.0,
    "best_score_during_paradigm": 0.0
  }
}