{
  "program_id": "82ea25c3-4c9e-4d91-b569-f151c11bc69c",
  "iteration_found": 42,
  "dataset": "Abeta42/inhibition_constraints",
  "plot": "outputs_diff_inhibited_norm/adaevolve/disease_relevant_inhibited_all_normalized_ode_0721_0426/checkpoints/checkpoint_42/iteration_42_best_validation_curves.svg",
  "metrics": {
    "equation": "d(c)/dt = (0.971145279577852 - x4)*(4.60298480445104*x0**(1 + 3.4554440992539/(8.85245881640728*x3 + 1))*x1*x4*sqrt(x4**2 + 15.8086559081776)/((x0**(1 + 3.4554440992539/(8.85245881640728*x3 + 1)) + (0.029293507319225*x3 + 0.00228270711597312)**(1 + 3.4554440992539/(8.85245881640728*x3 + 1)))*(0.498453286535921*x3 + 1)*(0.489034194904787*x4 + 1)) + 4.16410108104275e-5*x1 + 7.88195872391901*x2)",
    "loss": 0.04290418452909409,
    "nmse_train": 0.009738315541876723,
    "nmse_val": 0.0022414693003251435,
    "mean_nmse_val": 0.0022414693003251435,
    "mean_raw_nmse_val": 0.0022414693003251435,
    "scored_loss_val": 0.04290418452909409,
    "mean_scored_loss_val": 0.04290418452909409,
    "shape_loss_val": 0.16489233021540092,
    "shape_loss_weight": 0.25,
    "heldout_curve_nmse": 0.0022414693003251435,
    "heldout_curve_scored_loss": 0.04290418452909409,
    "heldout_curve_shape_loss": 0.16489233021540092,
    "eval_only_nmse": NaN,
    "eval_only_scored_loss": NaN,
    "eval_only_shape_loss": NaN,
    "combined_score": 0.9588608568595717,
    "fit_score": 0.9588608568595717,
    "eval_time": 50.131852865219116,
    "n_datasets": 1,
    "n_successful": 1,
    "eval_workers": 8,
    "hard_cases": [
      {
        "dataset": "Abeta42/inhibition_constraints",
        "scored_loss_val": 0.04290418452909409,
        "nmse_val": 0.002241469300325144,
        "shape_loss_val": 0.16489233021540095,
        "evaluation_only": false
      }
    ],
    "hard_case_feedback": "Abeta42/inhibition_constraints scored=0.0429 (nmse=0.002241, shape=0.1649)",
    "validation_semantics_feedback": "heldout_curve_scored_loss=0.0429, heldout_curve_nmse=0.002241, heldout_curve_shape=0.1649; eval_only_fit_score_scored_loss=nan, eval_only_nmse=nan, eval_only_shape=nan",
    "per_dataset": {
      "Abeta42/inhibition_constraints": {
        "nmse_train": 0.009738315541876723,
        "nmse_val": 0.002241469300325144,
        "shape_loss_val": 0.16489233021540095,
        "scored_loss_val": 0.04290418452909409,
        "n_val_points": 1805,
        "evaluation_only": false,
        "combined_score": 0.9588608568595717,
        "equation": "d(c)/dt = (0.971145279577852 - x4)*(4.60298480445104*x0**(1 + 3.4554440992539/(8.85245881640728*x3 + 1))*x1*x4*sqrt(x4**2 + 15.8086559081776)/((x0**(1 + 3.4554440992539/(8.85245881640728*x3 + 1)) + (0.029293507319225*x3 + 0.00228270711597312)**(1 + 3.4554440992539/(8.85245881640728*x3 + 1)))*(0.498453286535921*x3 + 1)*(0.489034194904787*x4 + 1)) + 4.16410108104275e-5*x1 + 7.88195872391901*x2)",
        "equation_template": "d(c)/dt = (c5 - x4)*(c2**2*x1 + c3**2*x2 + c4**2*x0**(c8**2/(c9**2*x3 + 1) + 1)*x1*x4*sqrt(c0**2 + x4**2)/((x0**(c8**2/(c9**2*x3 + 1) + 1) + (c6**2*(c7**2*x3 + 1))**(c8**2/(c9**2*x3 + 1) + 1))*(c1**2*x3 + 1)*(c10**2*x4 + 1)))",
        "constants": {
          "c0": -3.9760100488023924,
          "c1": -0.7060122424830332,
          "c2": -0.00645298464359148,
          "c3": 2.8074826310983667,
          "c4": -2.1454567822380017,
          "c5": 0.9711452795778516,
          "c6": -0.047777684288516094,
          "c7": 3.582288758050319,
          "c8": -1.8588824866714682,
          "c9": 2.9753081884751498,
          "c10": 0.6993097989480674
        }
      }
    },
    "error": ""
  },
  "saved_at": 1784595783.517885
}