{
  "num_islands": 2,
  "current_island": 1,
  "iteration_count": 2,
  "global_best_score": 0.8715243992286021,
  "decay": 0.9,
  "intensity_min": 0.15,
  "intensity_max": 0.5,
  "migration_interval": 15,
  "diversity_strategy_type": "code",
  "use_unified_archive": true,
  "use_adaptive_search": true,
  "use_ucb_selection": true,
  "fixed_intensity": 0.4,
  "adapter": {
    "states": [
      {
        "accumulated_signal": 0.09031535747269881,
        "best_score": 0.846469978655456,
        "improvement_count": 2,
        "total_evaluations": 2,
        "decay": 0.9,
        "epsilon": 1e-08,
        "intensity_min": 0.15,
        "intensity_max": 0.5
      },
      {
        "accumulated_signal": 0.08153447970902748,
        "best_score": 0.8715243992286021,
        "improvement_count": 2,
        "total_evaluations": 2,
        "decay": 0.9,
        "epsilon": 1e-08,
        "intensity_min": 0.15,
        "intensity_max": 0.5
      }
    ],
    "dimension_visits": [
      2,
      2
    ],
    "dimension_rewards": [
      0.9561566979708411,
      0.07534924308248243
    ],
    "decayed_visits": [
      1.9,
      1.9
    ],
    "global_best_score": 0.8715243992286021,
    "ucb_exploration": 1.41,
    "min_visits": 3,
    "decay": 0.9,
    "epsilon": 1e-08
  },
  "island_config_names": [
    "balanced",
    "balanced"
  ],
  "islands": [
    [
      "a5cf7b21-d1fc-4244-af19-1f96ff75c6a2",
      "6055e05c-5c6b-4c64-b629-fe99d330871f"
    ],
    [
      "fdabb135-e560-4032-9f08-f644d989d993",
      "48cc2c6b-03e1-495f-96c7-e1e2e3b5e500",
      "7a6e25c1-1c6a-4a02-be23-cab1ef4ccb72"
    ]
  ],
  "archive_genealogies": [
    {
      "parents": {
        "a5cf7b21-d1fc-4244-af19-1f96ff75c6a2": [],
        "6055e05c-5c6b-4c64-b629-fe99d330871f": [
          "a5cf7b21-d1fc-4244-af19-1f96ff75c6a2"
        ]
      },
      "children": {
        "a5cf7b21-d1fc-4244-af19-1f96ff75c6a2": [
          "6055e05c-5c6b-4c64-b629-fe99d330871f"
        ]
      }
    },
    {
      "parents": {
        "fdabb135-e560-4032-9f08-f644d989d993": [],
        "48cc2c6b-03e1-495f-96c7-e1e2e3b5e500": [
          "fdabb135-e560-4032-9f08-f644d989d993"
        ],
        "7a6e25c1-1c6a-4a02-be23-cab1ef4ccb72": [
          "48cc2c6b-03e1-495f-96c7-e1e2e3b5e500"
        ]
      },
      "children": {
        "fdabb135-e560-4032-9f08-f644d989d993": [
          "48cc2c6b-03e1-495f-96c7-e1e2e3b5e500"
        ],
        "48cc2c6b-03e1-495f-96c7-e1e2e3b5e500": [
          "7a6e25c1-1c6a-4a02-be23-cab1ef4ccb72"
        ]
      }
    }
  ],
  "use_dynamic_islands": true,
  "max_islands": 5,
  "last_spawn_iteration": -30,
  "use_paradigm_breakthrough": true,
  "paradigm_tracker": {
    "window_size": 10,
    "improvement_threshold": 0.12,
    "max_paradigm_uses": 2,
    "max_tried_paradigms": 10,
    "num_paradigms_to_generate": 3,
    "improvement_history": [
      1.0,
      1.0,
      1.0,
      1.0
    ],
    "active_paradigms": [],
    "paradigm_usage_counts": {},
    "current_paradigm_index": 0,
    "tried_paradigms": [],
    "best_score_at_paradigm_gen": 0.0,
    "best_score_during_paradigm": 0.0
  }
}