{
  "num_islands": 2,
  "current_island": 1,
  "iteration_count": 13,
  "global_best_score": 0.7176602673739907,
  "decay": 0.9,
  "intensity_min": 0.15,
  "intensity_max": 0.5,
  "migration_interval": 15,
  "diversity_strategy_type": "code",
  "use_unified_archive": true,
  "use_adaptive_search": true,
  "use_ucb_selection": true,
  "fixed_intensity": 0.4,
  "adapter": {
    "states": [
      {
        "accumulated_signal": 0.08257014502483877,
        "best_score": 0.6866967631137596,
        "improvement_count": 3,
        "total_evaluations": 8,
        "decay": 0.9,
        "epsilon": 1e-08,
        "intensity_min": 0.15,
        "intensity_max": 0.5
      },
      {
        "accumulated_signal": 0.07533932238790525,
        "best_score": 0.7176602673739907,
        "improvement_count": 3,
        "total_evaluations": 7,
        "decay": 0.9,
        "epsilon": 1e-08,
        "intensity_min": 0.15,
        "intensity_max": 0.5
      }
    ],
    "dimension_visits": [
      8,
      7
    ],
    "dimension_rewards": [
      0.5744879342240153,
      0.1374835349337463
    ],
    "decayed_visits": [
      5.6953279000000006,
      5.217031
    ],
    "global_best_score": 0.7176602673739907,
    "ucb_exploration": 1.41,
    "min_visits": 3,
    "decay": 0.9,
    "epsilon": 1e-08
  },
  "island_config_names": [
    "balanced",
    "balanced"
  ],
  "islands": [
    [
      "42b93564-34b7-4e08-b919-433664293237",
      "67c8023d-6280-4e5e-b7c4-7cf52307c256",
      "7f533e8b-477e-4a1f-a8ba-c7c8c33e8060",
      "3154ff7f-d90a-41ed-a076-f6f6d455d3f6",
      "7c3e1e9c-45c0-4726-aa7b-74ad2f1cb620",
      "b1f73c49-9245-4db1-9fad-39d8d67751ec",
      "f1ca13b9-4ec7-4c8c-bc49-bf1a51f5589a",
      "34d84114-d3a1-4240-a68b-b22aefb11728"
    ],
    [
      "d88635fe-cf4f-48a7-9d14-9c41be8999fb",
      "627adfbb-1c0c-4a92-bef2-5cf14ec938c1",
      "164c4fe3-ae2e-4afc-bb16-3e3d5002df60",
      "ec727963-21b8-4631-9d1d-df02c1a8f0d3",
      "6c36dab5-edbe-4501-9dd7-b35466ae611f",
      "d119b5a4-3926-4f38-8ed5-ff2ed25f730b",
      "b27ae973-1511-4747-b9db-10efa1e09d4a",
      "f85e987d-7f84-4a95-b5f3-0d3d5b6dd34e"
    ]
  ],
  "archive_genealogies": [
    {
      "parents": {
        "42b93564-34b7-4e08-b919-433664293237": [],
        "67c8023d-6280-4e5e-b7c4-7cf52307c256": [
          "42b93564-34b7-4e08-b919-433664293237"
        ],
        "7f533e8b-477e-4a1f-a8ba-c7c8c33e8060": [
          "42b93564-34b7-4e08-b919-433664293237"
        ],
        "3154ff7f-d90a-41ed-a076-f6f6d455d3f6": [
          "42b93564-34b7-4e08-b919-433664293237"
        ],
        "7c3e1e9c-45c0-4726-aa7b-74ad2f1cb620": [
          "3154ff7f-d90a-41ed-a076-f6f6d455d3f6"
        ],
        "b1f73c49-9245-4db1-9fad-39d8d67751ec": [
          "3154ff7f-d90a-41ed-a076-f6f6d455d3f6"
        ],
        "f1ca13b9-4ec7-4c8c-bc49-bf1a51f5589a": [
          "3154ff7f-d90a-41ed-a076-f6f6d455d3f6"
        ],
        "34d84114-d3a1-4240-a68b-b22aefb11728": [
          "f1ca13b9-4ec7-4c8c-bc49-bf1a51f5589a"
        ]
      },
      "children": {
        "42b93564-34b7-4e08-b919-433664293237": [
          "67c8023d-6280-4e5e-b7c4-7cf52307c256",
          "7f533e8b-477e-4a1f-a8ba-c7c8c33e8060",
          "3154ff7f-d90a-41ed-a076-f6f6d455d3f6"
        ],
        "3154ff7f-d90a-41ed-a076-f6f6d455d3f6": [
          "7c3e1e9c-45c0-4726-aa7b-74ad2f1cb620",
          "b1f73c49-9245-4db1-9fad-39d8d67751ec",
          "f1ca13b9-4ec7-4c8c-bc49-bf1a51f5589a"
        ],
        "f1ca13b9-4ec7-4c8c-bc49-bf1a51f5589a": [
          "34d84114-d3a1-4240-a68b-b22aefb11728"
        ]
      }
    },
    {
      "parents": {
        "d88635fe-cf4f-48a7-9d14-9c41be8999fb": [],
        "627adfbb-1c0c-4a92-bef2-5cf14ec938c1": [
          "d88635fe-cf4f-48a7-9d14-9c41be8999fb"
        ],
        "164c4fe3-ae2e-4afc-bb16-3e3d5002df60": [
          "627adfbb-1c0c-4a92-bef2-5cf14ec938c1"
        ],
        "ec727963-21b8-4631-9d1d-df02c1a8f0d3": [
          "164c4fe3-ae2e-4afc-bb16-3e3d5002df60"
        ],
        "6c36dab5-edbe-4501-9dd7-b35466ae611f": [
          "ec727963-21b8-4631-9d1d-df02c1a8f0d3"
        ],
        "d119b5a4-3926-4f38-8ed5-ff2ed25f730b": [
          "d88635fe-cf4f-48a7-9d14-9c41be8999fb"
        ],
        "b27ae973-1511-4747-b9db-10efa1e09d4a": [
          "d119b5a4-3926-4f38-8ed5-ff2ed25f730b"
        ],
        "f85e987d-7f84-4a95-b5f3-0d3d5b6dd34e": [
          "6c36dab5-edbe-4501-9dd7-b35466ae611f"
        ]
      },
      "children": {
        "d88635fe-cf4f-48a7-9d14-9c41be8999fb": [
          "627adfbb-1c0c-4a92-bef2-5cf14ec938c1",
          "d119b5a4-3926-4f38-8ed5-ff2ed25f730b"
        ],
        "627adfbb-1c0c-4a92-bef2-5cf14ec938c1": [
          "164c4fe3-ae2e-4afc-bb16-3e3d5002df60"
        ],
        "164c4fe3-ae2e-4afc-bb16-3e3d5002df60": [
          "ec727963-21b8-4631-9d1d-df02c1a8f0d3"
        ],
        "ec727963-21b8-4631-9d1d-df02c1a8f0d3": [
          "6c36dab5-edbe-4501-9dd7-b35466ae611f"
        ],
        "d119b5a4-3926-4f38-8ed5-ff2ed25f730b": [
          "b27ae973-1511-4747-b9db-10efa1e09d4a"
        ],
        "6c36dab5-edbe-4501-9dd7-b35466ae611f": [
          "f85e987d-7f84-4a95-b5f3-0d3d5b6dd34e"
        ]
      }
    }
  ],
  "use_dynamic_islands": true,
  "max_islands": 5,
  "last_spawn_iteration": -30,
  "use_paradigm_breakthrough": true,
  "paradigm_tracker": {
    "window_size": 10,
    "improvement_threshold": 0.12,
    "max_paradigm_uses": 2,
    "max_tried_paradigms": 10,
    "num_paradigms_to_generate": 3,
    "improvement_history": [
      1.0,
      0.0,
      0.0,
      1.0,
      0.0,
      0.0,
      0.0,
      0.0,
      0.0,
      0.0
    ],
    "active_paradigms": [],
    "paradigm_usage_counts": {},
    "current_paradigm_index": 0,
    "tried_paradigms": [],
    "best_score_at_paradigm_gen": 0.0,
    "best_score_during_paradigm": 0.0
  }
}