{
  "program_id": "fe6a977e-4287-40db-885b-530f114c0ca5",
  "iteration_found": 24,
  "dataset": "Abeta42/inhibition_constraints",
  "plot": "outputs_diff_inhibited_norm/adaevolve/disease_relevant_inhibited_all_normalized_ode_0721_0426/checkpoints/checkpoint_24/iteration_24_best_validation_curves.svg",
  "metrics": {
    "equation": "d(c)/dt = (0.9706368102834 - x4)*(3.19591194168804*x0*x1*x4*sqrt(x4**2 + 27.6490155142836)/((6.90660122621877e-7*x3*x4 + 1)*(x0 + 0.0116100491269894*x3 + 0.000841152976420521)*(9.76599824763241e-12*x3**2 + 0.820893240162422*x3 + 1)) + 6.70521902126239e-11*x1 + 5.58383183065517*x2)",
    "loss": 0.04357460578598963,
    "nmse_train": 0.009977282953808425,
    "nmse_val": 0.0024267362473280028,
    "mean_nmse_val": 0.0024267362473280028,
    "mean_raw_nmse_val": 0.0024267362473280028,
    "scored_loss_val": 0.04357460578598963,
    "mean_scored_loss_val": 0.04357460578598963,
    "shape_loss_val": 0.1670182144019745,
    "shape_loss_weight": 0.25,
    "heldout_curve_nmse": 0.0024267362473280028,
    "heldout_curve_scored_loss": 0.04357460578598963,
    "heldout_curve_shape_loss": 0.1670182144019745,
    "eval_only_nmse": NaN,
    "eval_only_scored_loss": NaN,
    "eval_only_shape_loss": NaN,
    "combined_score": 0.9582448580634343,
    "fit_score": 0.9582448580634343,
    "eval_time": 70.32011079788208,
    "n_datasets": 1,
    "n_successful": 1,
    "eval_workers": 8,
    "hard_cases": [
      {
        "dataset": "Abeta42/inhibition_constraints",
        "scored_loss_val": 0.04357460578598963,
        "nmse_val": 0.0024267362473280028,
        "shape_loss_val": 0.1670182144019745,
        "evaluation_only": false
      }
    ],
    "hard_case_feedback": "Abeta42/inhibition_constraints scored=0.04357 (nmse=0.002427, shape=0.167)",
    "validation_semantics_feedback": "heldout_curve_scored_loss=0.04357, heldout_curve_nmse=0.002427, heldout_curve_shape=0.167; eval_only_fit_score_scored_loss=nan, eval_only_nmse=nan, eval_only_shape=nan",
    "per_dataset": {
      "Abeta42/inhibition_constraints": {
        "nmse_train": 0.009977282953808425,
        "nmse_val": 0.0024267362473280028,
        "shape_loss_val": 0.1670182144019745,
        "scored_loss_val": 0.04357460578598963,
        "n_val_points": 1805,
        "evaluation_only": false,
        "combined_score": 0.9582448580634343,
        "equation": "d(c)/dt = (0.9706368102834 - x4)*(3.19591194168804*x0*x1*x4*sqrt(x4**2 + 27.6490155142836)/((6.90660122621877e-7*x3*x4 + 1)*(x0 + 0.0116100491269894*x3 + 0.000841152976420521)*(9.76599824763241e-12*x3**2 + 0.820893240162422*x3 + 1)) + 6.70521902126239e-11*x1 + 5.58383183065517*x2)",
        "equation_template": "d(c)/dt = (c7 - x4)*(c1**2*x0*x1*x4*sqrt(c0**2 + x4**2)/((c8**2*x3*x4 + 1)*(c2**2 + c3**2*x3 + x0)*(c4**2*x3 + c9**2*x3**2 + 1)) + c5**2*x1 + c6**2*x2)",
        "constants": {
          "c0": 5.258233117149108,
          "c1": 1.7877113697932445,
          "c2": -0.029002637404562378,
          "c3": 0.10774993794424867,
          "c4": 0.9060315889429146,
          "c5": 8.188540175918044e-06,
          "c6": 2.3630132946420708,
          "c7": 0.9706368102834004,
          "c8": 0.0008310596384266757,
          "c9": 3.125059719050568e-06
        }
      }
    },
    "error": ""
  },
  "saved_at": 1784592348.118127
}