{
  "id": "86f636a5-0a45-4763-ba33-cc535fbb5239",
  "generation": 1,
  "iteration": 1,
  "current_iteration": 1,
  "metrics": {
    "equation": "d(c)/dt = (0.92250616843179 - x4)*(196413.635202333*x1*x4*(x4 + 83.0041135964163)/(24.2307341445081*x3*x4 + 2062815.33201327*x3 + 1) + 75.421328957335*x1 + 7666701.24965762*x2 + 0.556813435035274)",
    "loss": 0.069618200495969,
    "nmse_train": 0.03705548031397164,
    "nmse_val": 0.05916401084449036,
    "mean_nmse_val": 0.05916401084449036,
    "mean_raw_nmse_val": 0.05916401084449036,
    "scored_loss_val": 0.069618200495969,
    "mean_scored_loss_val": 0.069618200495969,
    "shape_loss_val": 0.10098076945040489,
    "shape_loss_weight": 0.25,
    "heldout_curve_nmse": 0.05916401084449036,
    "heldout_curve_scored_loss": 0.069618200495969,
    "heldout_curve_shape_loss": 0.10098076945040489,
    "eval_only_nmse": NaN,
    "eval_only_scored_loss": NaN,
    "eval_only_shape_loss": NaN,
    "combined_score": 0.9349130367605115,
    "fit_score": 0.9349130367605115,
    "eval_time": 106.19990634918213,
    "n_datasets": 1,
    "n_successful": 1,
    "eval_workers": 8,
    "hard_cases": [
      {
        "dataset": "Abeta42/inhibition_constraints",
        "scored_loss_val": 0.069618200495969,
        "nmse_val": 0.05916401084449036,
        "shape_loss_val": 0.10098076945040489,
        "evaluation_only": false
      }
    ],
    "hard_case_feedback": "Abeta42/inhibition_constraints scored=0.06962 (nmse=0.05916, shape=0.101)",
    "validation_semantics_feedback": "heldout_curve_scored_loss=0.06962, heldout_curve_nmse=0.05916, heldout_curve_shape=0.101; eval_only_fit_score_scored_loss=nan, eval_only_nmse=nan, eval_only_shape=nan",
    "per_dataset": {
      "Abeta42/inhibition_constraints": {
        "nmse_train": 0.03705548031397164,
        "nmse_val": 0.05916401084449036,
        "shape_loss_val": 0.10098076945040489,
        "scored_loss_val": 0.069618200495969,
        "n_val_points": 680,
        "evaluation_only": false,
        "combined_score": 0.9349130367605115,
        "equation": "d(c)/dt = (0.92250616843179 - x4)*(196413.635202333*x1*x4*(x4 + 83.0041135964163)/(24.2307341445081*x3*x4 + 2062815.33201327*x3 + 1) + 75.421328957335*x1 + 7666701.24965762*x2 + 0.556813435035274)",
        "equation_template": "d(c)/dt = (c0 - x4)*(c1**2*x1 + c2**2*x2 + c3**2 + c4**2*x1*x4*(c5**2 + x4)/(c6**2*x3 + c7**2*x3*x4 + 1))",
        "constants": {
          "c0": 0.9225061684317899,
          "c1": 8.68454540878997,
          "c2": -2768.8808659199517,
          "c3": 0.746199326611378,
          "c4": -443.18577955788834,
          "c5": -9.110659339280353,
          "c6": 1436.2504419540735,
          "c7": -4.922472360969442
        }
      }
    },
    "error": ""
  },
  "language": "python",
  "timestamp": 1783066463.42084,
  "saved_at": 1783066463.4337387
}