{
  "program_id": "0dd0838a-1cb7-4205-8a7c-e5e14f15c270",
  "iteration_found": 2,
  "dataset": "Abeta42/inhibition_constraints",
  "plot": "outputs_diff_inhibited_norm/adaevolve/disease_relevant_inhibited_all_normalized_ode_0704_1057/checkpoints/checkpoint_2/iteration_2_best_validation_curves.svg",
  "metrics": {
    "equation": "d(c)/dt = (0.920444424910024 - x4)*(8422663.61617189*x1*x4*(x4 + 1) + 1)*(46.1650621821075*x1 + 751740.446683498*x2 + 1.23182745358421)/(345277.845659289*x3/(x3 + 0.231493952502537) + 1)",
    "loss": 0.14046794072853394,
    "nmse_train": 0.06323884441552774,
    "nmse_val": 0.09112308794721354,
    "mean_nmse_val": 0.09112308794721354,
    "mean_raw_nmse_val": 0.09112308794721354,
    "scored_loss_val": 0.14046794072853394,
    "mean_scored_loss_val": 0.14046794072853394,
    "shape_loss_val": 0.28850249907249514,
    "shape_loss_weight": 0.25,
    "heldout_curve_nmse": 0.09112308794721354,
    "heldout_curve_scored_loss": 0.14046794072853394,
    "heldout_curve_shape_loss": 0.28850249907249514,
    "eval_only_nmse": NaN,
    "eval_only_scored_loss": NaN,
    "eval_only_shape_loss": NaN,
    "combined_score": 0.8768330649971602,
    "fit_score": 0.8768330649971602,
    "eval_time": 25.819063901901245,
    "n_datasets": 1,
    "n_successful": 1,
    "eval_workers": 8,
    "hard_cases": [
      {
        "dataset": "Abeta42/inhibition_constraints",
        "scored_loss_val": 0.14046794072853394,
        "nmse_val": 0.09112308794721354,
        "shape_loss_val": 0.28850249907249514,
        "evaluation_only": false
      }
    ],
    "hard_case_feedback": "Abeta42/inhibition_constraints scored=0.1405 (nmse=0.09112, shape=0.2885)",
    "validation_semantics_feedback": "heldout_curve_scored_loss=0.1405, heldout_curve_nmse=0.09112, heldout_curve_shape=0.2885; eval_only_fit_score_scored_loss=nan, eval_only_nmse=nan, eval_only_shape=nan",
    "per_dataset": {
      "Abeta42/inhibition_constraints": {
        "nmse_train": 0.06323884441552774,
        "nmse_val": 0.09112308794721354,
        "shape_loss_val": 0.28850249907249514,
        "scored_loss_val": 0.14046794072853394,
        "n_val_points": 12274,
        "evaluation_only": false,
        "combined_score": 0.8768330649971602,
        "equation": "d(c)/dt = (0.920444424910024 - x4)*(8422663.61617189*x1*x4*(x4 + 1) + 1)*(46.1650621821075*x1 + 751740.446683498*x2 + 1.23182745358421)/(345277.845659289*x3/(x3 + 0.231493952502537) + 1)",
        "equation_template": "d(c)/dt = (c0 - x4)*(c6**2*x1*x4*(x4 + 1) + 1)*(c1**2 + c2**2*x1 + c3**2*x2)/(c4**2*x3/(c5**2 + x3) + 1)",
        "constants": {
          "c0": 0.9204444249100242,
          "c1": 1.1098772245542345,
          "c2": 6.794487632051991,
          "c3": 867.0296688600095,
          "c4": -587.6034765548018,
          "c5": 0.4811381844153888,
          "c6": -2902.1825607931505
        }
      }
    },
    "error": ""
  },
  "saved_at": 1783144348.8979251
}