{
  "id": "7b5e3f9a-fae0-42bc-b952-9fbb56d6d8de",
  "generation": 2,
  "iteration": 23,
  "current_iteration": 24,
  "metrics": {
    "combined_score": 0.9533429913630332,
    "n_stage1_datasets": 8.0,
    "n_stage1_successful": 8.0,
    "eval_workers": 8.0,
    "stage1_full_selected_datasets": 1.0,
    "cascade_stage1_time_seconds": 0.47872495651245117,
    "cascade_stage1_threshold": 0.15,
    "cascade_stage1_passed": 1.0,
    "loss": 0.027961613898114593,
    "complexity": 16.0,
    "nmse_train": 0.035082030300311776,
    "nmse_val": 0.027961613898114593,
    "mean_nmse_val": 0.027961613898114593,
    "mean_raw_nmse_val": 0.027961613898114593,
    "fit_score": 0.9727989707786053,
    "parsimony_weight": 0.2,
    "parsimony_penalty_factor": 0.98,
    "eval_time": 12.124228954315186,
    "n_datasets": 24.0,
    "n_successful": 24.0,
    "cascade_stage2_time_seconds": 12.124713897705078,
    "cascade_total_time_seconds": 12.60343885421753,
    "cascade_stage1_combined_score": 0.998481573422084
  },
  "language": "python",
  "timestamp": 1781284150.8032033,
  "saved_at": 1781284262.1019847
}