{
  "program_id": "b9b4aead-5ab5-44bd-a2c2-2d16175bba9f",
  "iteration_found": 5,
  "dataset": "Abeta42/inhibition_constraints",
  "plot": "outputs_diff_inhibited_norm/adaevolve/disease_relevant_inhibited_all_normalized_ode_0720_0357/checkpoints/checkpoint_5/iteration_5_best_validation_curves.svg",
  "metrics": {
    "equation": "d(c)/dt = (0.97187549992202 - x4)*(10.3139101478752*x1*x4**2/(0.238155533594826*x3 + x4**2 + 0.0635130827377895) + 0.195576820128362*x1/(9.414017741785e-7*x3 + 1) + 0.12029905560024*x2)",
    "loss": 0.046233911016520586,
    "nmse_train": 0.009828271575744008,
    "nmse_val": 0.004631617057072266,
    "mean_nmse_val": 0.004631617057072266,
    "mean_raw_nmse_val": 0.004631617057072266,
    "scored_loss_val": 0.046233911016520586,
    "mean_scored_loss_val": 0.046233911016520586,
    "shape_loss_val": 0.17104079289486554,
    "shape_loss_weight": 0.25,
    "heldout_curve_nmse": 0.004631617057072266,
    "heldout_curve_scored_loss": 0.046233911016520586,
    "heldout_curve_shape_loss": 0.17104079289486554,
    "eval_only_nmse": NaN,
    "eval_only_scored_loss": NaN,
    "eval_only_shape_loss": NaN,
    "combined_score": 0.9558092023880207,
    "fit_score": 0.9558092023880207,
    "eval_time": 7.991703033447266,
    "n_datasets": 1,
    "n_successful": 1,
    "eval_workers": 8,
    "hard_cases": [
      {
        "dataset": "Abeta42/inhibition_constraints",
        "scored_loss_val": 0.046233911016520586,
        "nmse_val": 0.004631617057072266,
        "shape_loss_val": 0.17104079289486554,
        "evaluation_only": false
      }
    ],
    "hard_case_feedback": "Abeta42/inhibition_constraints scored=0.04623 (nmse=0.004632, shape=0.171)",
    "validation_semantics_feedback": "heldout_curve_scored_loss=0.04623, heldout_curve_nmse=0.004632, heldout_curve_shape=0.171; eval_only_fit_score_scored_loss=nan, eval_only_nmse=nan, eval_only_shape=nan",
    "per_dataset": {
      "Abeta42/inhibition_constraints": {
        "nmse_train": 0.009828271575744008,
        "nmse_val": 0.004631617057072266,
        "shape_loss_val": 0.17104079289486554,
        "scored_loss_val": 0.046233911016520586,
        "n_val_points": 1805,
        "evaluation_only": false,
        "combined_score": 0.9558092023880207,
        "equation": "d(c)/dt = (0.97187549992202 - x4)*(10.3139101478752*x1*x4**2/(0.238155533594826*x3 + x4**2 + 0.0635130827377895) + 0.195576820128362*x1/(9.414017741785e-7*x3 + 1) + 0.12029905560024*x2)",
        "equation_template": "d(c)/dt = (c0 - x4)*(c3**2*x1/(c4**2*x3 + 1) + c5**2*x2 + c6**2*x1*x4**2/(c1**2*(c2**2*x3 + 1) + x4**2))",
        "constants": {
          "c0": 0.9718754999220205,
          "c1": 0.2520180206608042,
          "c2": 1.9364163554064284,
          "c3": 0.44224068122274973,
          "c4": -0.0009702586120094478,
          "c5": 0.3468415424948985,
          "c6": 3.211527696887454
        }
      }
    },
    "error": ""
  },
  "saved_at": 1784500923.048527
}