{
  "program_id": "4ae277a9-b404-45e5-9233-d1557fa8a2f6",
  "iteration_found": 0,
  "dataset": "Abeta42/inhibition_constraints",
  "plot": "outputs_diff_inhibited_norm/adaevolve/disease_relevant_inhibited_all_normalized_ode_0720_0357/checkpoints/checkpoint_5/iteration_5_global_best_validation_curves.svg",
  "metrics": {
    "equation": "d(c)/dt = 0.291575373291586*x0*x4 + (0.96562805648811 - x4)*(9.35373815432348*x1*x4*(0.932437543477005*x2 + x4 + 1)/(0.357226204464694*x1*x3 + 0.0787184030479231*x3 + 1) + 0.417414236983439*x1/(0.357226204464694*x1*x3 + 0.0787184030479231*x3 + 1) + 9.8670238779009e-6*x2 + 0.356145788466288)",
    "loss": 0.04539544101055144,
    "nmse_train": 0.014984714323627312,
    "nmse_val": 0.003484599411969677,
    "mean_nmse_val": 0.003484599411969677,
    "mean_raw_nmse_val": 0.003484599411969677,
    "scored_loss_val": 0.04539544101055144,
    "mean_scored_loss_val": 0.04539544101055144,
    "shape_loss_val": 0.17112796580629674,
    "shape_loss_weight": 0.25,
    "heldout_curve_nmse": 0.003484599411969677,
    "heldout_curve_scored_loss": 0.04539544101055144,
    "heldout_curve_shape_loss": 0.17112796580629674,
    "eval_only_nmse": NaN,
    "eval_only_scored_loss": NaN,
    "eval_only_shape_loss": NaN,
    "combined_score": 0.9565758188435669,
    "fit_score": 0.9565758188435669,
    "eval_time": 7.567898988723755,
    "n_datasets": 1,
    "n_successful": 1,
    "eval_workers": 8,
    "hard_cases": [
      {
        "dataset": "Abeta42/inhibition_constraints",
        "scored_loss_val": 0.04539544101055144,
        "nmse_val": 0.003484599411969677,
        "shape_loss_val": 0.17112796580629674,
        "evaluation_only": false
      }
    ],
    "hard_case_feedback": "Abeta42/inhibition_constraints scored=0.0454 (nmse=0.003485, shape=0.1711)",
    "validation_semantics_feedback": "heldout_curve_scored_loss=0.0454, heldout_curve_nmse=0.003485, heldout_curve_shape=0.1711; eval_only_fit_score_scored_loss=nan, eval_only_nmse=nan, eval_only_shape=nan",
    "per_dataset": {
      "Abeta42/inhibition_constraints": {
        "nmse_train": 0.014984714323627312,
        "nmse_val": 0.003484599411969677,
        "shape_loss_val": 0.17112796580629674,
        "scored_loss_val": 0.04539544101055144,
        "n_val_points": 1805,
        "evaluation_only": false,
        "combined_score": 0.9565758188435669,
        "equation": "d(c)/dt = 0.291575373291586*x0*x4 + (0.96562805648811 - x4)*(9.35373815432348*x1*x4*(0.932437543477005*x2 + x4 + 1)/(0.357226204464694*x1*x3 + 0.0787184030479231*x3 + 1) + 0.417414236983439*x1/(0.357226204464694*x1*x3 + 0.0787184030479231*x3 + 1) + 9.8670238779009e-6*x2 + 0.356145788466288)",
        "equation_template": "d(c)/dt = -c7*x0*x4 + (c0 - x4)*(c3**2 + c4**2*x1/(c1**2*x3 + c2**2*x1*x3 + 1) + c5**2*x2 + c6**2*x1*x4*(c0**2*x2 + x4 + 1)/(c1**2*x3 + c2**2*x1*x3 + 1))",
        "constants": {
          "c0": 0.9656280564881101,
          "c1": 0.28056800075547295,
          "c2": -0.5976840339717084,
          "c3": 0.5967795141141226,
          "c4": 0.6460760303427443,
          "c5": -0.0031411819237193023,
          "c6": 3.0583881627948215,
          "c7": -0.2915753732915864
        }
      }
    },
    "error": ""
  },
  "saved_at": 1784500923.068108
}