{
  "program_id": "0ee1cf9e-6a59-4b2a-8ccd-e31001d3546a",
  "iteration_found": 13,
  "dataset": "Abeta42/inhibition_constraints",
  "plot": "outputs_diff_inhibited_norm/adaevolve/disease_relevant_inhibited_all_normalized_ode_0721_0426/checkpoints/checkpoint_13/iteration_13_best_validation_curves.svg",
  "metrics": {
    "equation": "d(c)/dt = -x4*(2.42970238615769e-9*x3 + 9.08082458571067e-14) + (0.970699326956013 - x4)*(x0*(x1*(1.80650481660212*x2 + 1.98458175064197*x4) + 18.0323302664297*x1*(x4**2 + 0.0001)**0.545647102686972/(1.6789698629441*x3 + 1))/(x0 + 0.0040752996673163*x3 + 0.000618308373406038) + 5.35469981319756e-6*x1)",
    "loss": 0.044489546203553235,
    "nmse_train": 0.009773438368261082,
    "nmse_val": 0.0030303131784035816,
    "mean_nmse_val": 0.0030303131784035816,
    "mean_raw_nmse_val": 0.0030303131784035816,
    "scored_loss_val": 0.044489546203553235,
    "mean_scored_loss_val": 0.044489546203553235,
    "shape_loss_val": 0.16886724527900218,
    "shape_loss_weight": 0.25,
    "heldout_curve_nmse": 0.0030303131784035816,
    "heldout_curve_scored_loss": 0.044489546203553235,
    "heldout_curve_shape_loss": 0.16886724527900218,
    "eval_only_nmse": NaN,
    "eval_only_scored_loss": NaN,
    "eval_only_shape_loss": NaN,
    "combined_score": 0.9574054653153197,
    "fit_score": 0.9574054653153197,
    "eval_time": 81.64101696014404,
    "n_datasets": 1,
    "n_successful": 1,
    "eval_workers": 8,
    "hard_cases": [
      {
        "dataset": "Abeta42/inhibition_constraints",
        "scored_loss_val": 0.044489546203553235,
        "nmse_val": 0.0030303131784035816,
        "shape_loss_val": 0.16886724527900218,
        "evaluation_only": false
      }
    ],
    "hard_case_feedback": "Abeta42/inhibition_constraints scored=0.04449 (nmse=0.00303, shape=0.1689)",
    "validation_semantics_feedback": "heldout_curve_scored_loss=0.04449, heldout_curve_nmse=0.00303, heldout_curve_shape=0.1689; eval_only_fit_score_scored_loss=nan, eval_only_nmse=nan, eval_only_shape=nan",
    "per_dataset": {
      "Abeta42/inhibition_constraints": {
        "nmse_train": 0.009773438368261082,
        "nmse_val": 0.0030303131784035816,
        "shape_loss_val": 0.16886724527900218,
        "scored_loss_val": 0.044489546203553235,
        "n_val_points": 1805,
        "evaluation_only": false,
        "combined_score": 0.9574054653153197,
        "equation": "d(c)/dt = -x4*(2.42970238615769e-9*x3 + 9.08082458571067e-14) + (0.970699326956013 - x4)*(x0*(x1*(1.80650481660212*x2 + 1.98458175064197*x4) + 18.0323302664297*x1*(x4**2 + 0.0001)**0.545647102686972/(1.6789698629441*x3 + 1))/(x0 + 0.0040752996673163*x3 + 0.000618308373406038) + 5.35469981319756e-6*x1)",
        "equation_template": "d(c)/dt = -x4*(c6**2 + c7**2*x3) + (c5 - x4)*(c1**2*x1 + x0*(c4**2*x1*(x4**2 + 0.0001)**(c9**2/2 + 1/2)/(c0**2*x3 + 1) + x1*(c2**2*x2 + c3**2*x4))/(c8**2*(c10**2*x3 + 1) + x0))",
        "constants": {
          "c0": 1.2957506947496118,
          "c1": -0.0023140224314378553,
          "c2": 1.3440628023281194,
          "c3": 1.4087518413978992,
          "c4": 4.246449136211297,
          "c5": 0.9706993269560134,
          "c6": -3.0134406557472927e-07,
          "c7": -4.9292011382755444e-05,
          "c8": 0.02486580731458437,
          "c9": 0.30214930973600596,
          "c10": 2.56730348622126
        }
      }
    },
    "error": ""
  },
  "saved_at": 1784590550.189457
}