{
  "id": "cba80e09-e1cd-4f35-b87b-4ce313cbd7f8",
  "generation": 2,
  "iteration": 2,
  "current_iteration": 3,
  "metrics": {
    "combined_score": 0.907705409337412,
    "n_stage1_datasets": 8.0,
    "n_stage1_successful": 8.0,
    "eval_workers": 8.0,
    "cascade_stage1_time_seconds": 0.5179219245910645,
    "cascade_stage1_threshold": 0.15,
    "cascade_stage1_passed": 1.0,
    "loss": 0.06174314935888529,
    "complexity": 29.0,
    "nmse_train": Infinity,
    "nmse_val": 0.06174314935888529,
    "fit_score": 0.9418473767443963,
    "parsimony_weight": 0.2,
    "parsimony_penalty_factor": 0.96375,
    "eval_time": 14.144650936126709,
    "n_datasets": 42.0,
    "n_successful": 42.0,
    "cascade_stage2_time_seconds": 14.145278453826904,
    "cascade_total_time_seconds": 14.663200378417969,
    "cascade_stage1_combined_score": 0.9295886517843244
  },
  "language": "python",
  "timestamp": 1780876128.4600017,
  "saved_at": 1780876213.5757816
}