{
  "id": "927d96c5-4b6c-4827-a918-8447502c817c",
  "generation": 2,
  "iteration": 13,
  "current_iteration": 18,
  "metrics": {
    "equation": "d(c)/dt = (0.922725746620898 - x4)*(93047.3562652706*x1*x4*(93.2822665721305*x2 + 492.220566900638*x3 + x4 + 174.577516160229)/(815.090983256252*x3*x4 + 2069646.91813334*x3 + 1) + 51.3357597557269*x1 + 5649555.34357086*x2 + 0.550739124749418)",
    "loss": 0.06951900627275731,
    "nmse_train": 0.03750435318857508,
    "nmse_val": 0.0586804398787249,
    "mean_nmse_val": 0.0586804398787249,
    "mean_raw_nmse_val": 0.0586804398787249,
    "scored_loss_val": 0.06951900627275731,
    "mean_scored_loss_val": 0.06951900627275731,
    "shape_loss_val": 0.10203470545485455,
    "shape_loss_weight": 0.25,
    "heldout_curve_nmse": 0.0586804398787249,
    "heldout_curve_scored_loss": 0.06951900627275731,
    "heldout_curve_shape_loss": 0.10203470545485455,
    "eval_only_nmse": NaN,
    "eval_only_scored_loss": NaN,
    "eval_only_shape_loss": NaN,
    "combined_score": 0.9349997467412673,
    "fit_score": 0.9349997467412673,
    "eval_time": 138.86650824546814,
    "n_datasets": 1,
    "n_successful": 1,
    "eval_workers": 8,
    "hard_cases": [
      {
        "dataset": "Abeta42/inhibition_constraints",
        "scored_loss_val": 0.06951900627275731,
        "nmse_val": 0.0586804398787249,
        "shape_loss_val": 0.10203470545485455,
        "evaluation_only": false
      }
    ],
    "hard_case_feedback": "Abeta42/inhibition_constraints scored=0.06952 (nmse=0.05868, shape=0.102)",
    "validation_semantics_feedback": "heldout_curve_scored_loss=0.06952, heldout_curve_nmse=0.05868, heldout_curve_shape=0.102; eval_only_fit_score_scored_loss=nan, eval_only_nmse=nan, eval_only_shape=nan",
    "per_dataset": {
      "Abeta42/inhibition_constraints": {
        "nmse_train": 0.03750435318857508,
        "nmse_val": 0.0586804398787249,
        "shape_loss_val": 0.10203470545485455,
        "scored_loss_val": 0.06951900627275731,
        "n_val_points": 680,
        "evaluation_only": false,
        "combined_score": 0.9349997467412673,
        "equation": "d(c)/dt = (0.922725746620898 - x4)*(93047.3562652706*x1*x4*(93.2822665721305*x2 + 492.220566900638*x3 + x4 + 174.577516160229)/(815.090983256252*x3*x4 + 2069646.91813334*x3 + 1) + 51.3357597557269*x1 + 5649555.34357086*x2 + 0.550739124749418)",
        "equation_template": "d(c)/dt = (c0 - x4)*(c1**2*x1 + c2**2*x2 + c3**2 + c4**2*x1*x4*(c5**2 + c8**2*x2 + c9**2*x3 + x4)/(c6**2*x3 + c7**2*x3*x4 + 1))",
        "constants": {
          "c0": 0.9227257466208979,
          "c1": -7.164897749146661,
          "c2": -2376.879328777728,
          "c3": 0.7421179992086283,
          "c4": 305.03664741350445,
          "c5": 13.212778517792106,
          "c6": 1438.6267473300159,
          "c7": 28.549798305001246,
          "c8": 9.658274513189738,
          "c9": 22.18604441762069
        }
      }
    },
    "error": ""
  },
  "language": "python",
  "timestamp": 1783069676.6916928,
  "saved_at": 1783071308.1155267
}