{
  "id": "f1839bb5-816e-40a4-9eaa-3f0f3e21ca9a",
  "generation": 5,
  "iteration": 37,
  "current_iteration": 43,
  "metrics": {
    "equation": "d(c)/dt = (0.921816584244552 - x4)*(18122589.6659166*x1*x4 + 0.00620484450900762*x1 + 19602369.9480778*x2)/(5365864.95242158*x3/(1000000.0*x3 + 1.31815981255406) + 1)",
    "loss": 0.06285633200751786,
    "nmse_train": 0.032640060536463275,
    "nmse_val": 0.05444512935052408,
    "mean_nmse_val": 0.05444512935052408,
    "mean_raw_nmse_val": 0.05444512935052408,
    "scored_loss_val": 0.06285633200751786,
    "mean_scored_loss_val": 0.06285633200751786,
    "shape_loss_val": 0.08808993997849923,
    "shape_loss_weight": 0.25,
    "heldout_curve_nmse": 0.05444512935052408,
    "heldout_curve_scored_loss": 0.06285633200751786,
    "heldout_curve_shape_loss": 0.08808993997849923,
    "eval_only_nmse": NaN,
    "eval_only_scored_loss": NaN,
    "eval_only_shape_loss": NaN,
    "combined_score": 0.9408609328329491,
    "fit_score": 0.9408609328329491,
    "eval_time": 66.47282481193542,
    "n_datasets": 1,
    "n_successful": 1,
    "eval_workers": 8,
    "hard_cases": [
      {
        "dataset": "Abeta42/inhibition_constraints",
        "scored_loss_val": 0.06285633200751786,
        "nmse_val": 0.05444512935052408,
        "shape_loss_val": 0.08808993997849923,
        "evaluation_only": false
      }
    ],
    "hard_case_feedback": "Abeta42/inhibition_constraints scored=0.06286 (nmse=0.05445, shape=0.08809)",
    "validation_semantics_feedback": "heldout_curve_scored_loss=0.06286, heldout_curve_nmse=0.05445, heldout_curve_shape=0.08809; eval_only_fit_score_scored_loss=nan, eval_only_nmse=nan, eval_only_shape=nan",
    "per_dataset": {
      "Abeta42/inhibition_constraints": {
        "nmse_train": 0.032640060536463275,
        "nmse_val": 0.05444512935052408,
        "shape_loss_val": 0.08808993997849923,
        "scored_loss_val": 0.06285633200751786,
        "n_val_points": 680,
        "evaluation_only": false,
        "combined_score": 0.9408609328329491,
        "equation": "d(c)/dt = (0.921816584244552 - x4)*(18122589.6659166*x1*x4 + 0.00620484450900762*x1 + 19602369.9480778*x2)/(5365864.95242158*x3/(1000000.0*x3 + 1.31815981255406) + 1)",
        "equation_template": "d(c)/dt = (c4 - x4)*(1000000.0*c0**2*x2 + 1000000.0*c1**2*x1 + 1000000.0*c2**2*x1*x4)/(1000000.0*c3**2*x3/(c5**2 + 1000000.0*x3) + 1)",
        "constants": {
          "c0": 4.427456374497413,
          "c1": -7.877083539615165e-05,
          "c2": 4.257063502687807,
          "c3": 2.316433671060232,
          "c4": 0.9218165842445522,
          "c5": 1.1481114112114996
        }
      }
    },
    "error": ""
  },
  "language": "python",
  "timestamp": 1783058980.4914236,
  "saved_at": 1783060126.942077
}