{
  "num_islands": 2,
  "current_island": 1,
  "iteration_count": 21,
  "global_best_score": 0.9463306474010356,
  "decay": 0.9,
  "intensity_min": 0.15,
  "intensity_max": 0.5,
  "migration_interval": 15,
  "diversity_strategy_type": "code",
  "use_unified_archive": true,
  "use_adaptive_search": true,
  "use_ucb_selection": true,
  "fixed_intensity": 0.4,
  "adapter": {
    "states": [
      {
        "accumulated_signal": 0.06566295221578707,
        "best_score": 0.9463306474010356,
        "improvement_count": 5,
        "total_evaluations": 14,
        "decay": 0.9,
        "epsilon": 1e-08,
        "intensity_min": 0.15,
        "intensity_max": 0.5
      },
      {
        "accumulated_signal": 0.06565043047296168,
        "best_score": 0.9463306474010356,
        "improvement_count": 4,
        "total_evaluations": 13,
        "decay": 0.9,
        "epsilon": 1e-08,
        "intensity_min": 0.15,
        "intensity_max": 0.5
      }
    ],
    "dimension_visits": [
      14,
      13
    ],
    "dimension_rewards": [
      0.2663436181459732,
      0.014179658071217908
    ],
    "decayed_visits": [
      7.7123207545039,
      7.458134171671
    ],
    "global_best_score": 0.9463306474010356,
    "ucb_exploration": 1.41,
    "min_visits": 3,
    "decay": 0.9,
    "epsilon": 1e-08
  },
  "island_config_names": [
    "balanced",
    "balanced"
  ],
  "islands": [
    [
      "59093faa-ba55-41a3-bea8-e3a1d18e6073",
      "7463fadf-61e2-44ec-9ff5-6e8d002dff3a",
      "2e44234a-6df2-4add-93c5-906deb9f5c43",
      "4c5e39d4-c44a-4da3-82d3-3ecd488c4844",
      "affc2cf4-10e0-4b9a-86f9-2530dd558968",
      "c1c1ad58-3cf5-4303-b051-16c4bb9878a4",
      "06dfabac-ee49-41b3-82df-032e71468d42",
      "ae8ddd19-2fab-43c9-a4d4-b3fecb7e59ba",
      "5e62b5df-c80a-4350-9ec4-ba56559d665c",
      "e5a0313f-027e-4bb5-84e1-c1edf79fc31a",
      "38d678f9-30ce-40d7-88be-6d54db372f53",
      "f6b38465-ddd3-47b0-b4ca-db5241f3973c",
      "97ced80e-a667-4bd0-afb6-c45f3cbe9c50",
      "b6f31159-68fe-470f-9cf0-f920d05f55df",
      "1206b20b-eeba-4ce7-bf7f-92a95bd30a5d"
    ],
    [
      "5f5e2b22-567f-489c-9560-afa2bd64a14e",
      "a58ab168-9fb0-496b-a5b8-7b211ced1b8e",
      "5956e5e4-25c5-4140-89c4-2276b48af7b8",
      "c3ce67eb-6a0a-46b6-9c26-59c03e17bfa0",
      "601c5ec5-5b44-4454-ba61-9a7710824496",
      "ad14ee6f-ddd8-4059-971e-c6ea851d27c1",
      "05bf9c6f-3f94-4a04-a297-60491b450274",
      "e060df7e-4fdd-497f-93f7-5e78e7a04dea",
      "8ef15cff-55e1-487f-8e0b-aca752cce7f8",
      "5f66d7db-31f2-4b4b-86d2-72c4c9e81450",
      "fc25cfd3-c4e4-4c4e-ada9-5222eb5b7201",
      "0a6e8da9-9e3d-4e49-ae3a-cb4fef18c1ca",
      "a211f0cb-b7d7-4abb-ae32-7c773501b2f1",
      "7f91d355-2223-4f60-b2db-957ca354f92a"
    ]
  ],
  "archive_genealogies": [
    {
      "parents": {
        "59093faa-ba55-41a3-bea8-e3a1d18e6073": [],
        "7463fadf-61e2-44ec-9ff5-6e8d002dff3a": [
          "59093faa-ba55-41a3-bea8-e3a1d18e6073"
        ],
        "2e44234a-6df2-4add-93c5-906deb9f5c43": [
          "7463fadf-61e2-44ec-9ff5-6e8d002dff3a"
        ],
        "4c5e39d4-c44a-4da3-82d3-3ecd488c4844": [
          "7463fadf-61e2-44ec-9ff5-6e8d002dff3a"
        ],
        "affc2cf4-10e0-4b9a-86f9-2530dd558968": [
          "59093faa-ba55-41a3-bea8-e3a1d18e6073"
        ],
        "c1c1ad58-3cf5-4303-b051-16c4bb9878a4": [
          "2e44234a-6df2-4add-93c5-906deb9f5c43"
        ],
        "06dfabac-ee49-41b3-82df-032e71468d42": [
          "c1c1ad58-3cf5-4303-b051-16c4bb9878a4"
        ],
        "ae8ddd19-2fab-43c9-a4d4-b3fecb7e59ba": [
          "7463fadf-61e2-44ec-9ff5-6e8d002dff3a"
        ],
        "5e62b5df-c80a-4350-9ec4-ba56559d665c": [
          "59093faa-ba55-41a3-bea8-e3a1d18e6073"
        ],
        "e5a0313f-027e-4bb5-84e1-c1edf79fc31a": [
          "601c5ec5-5b44-4454-ba61-9a7710824496"
        ],
        "38d678f9-30ce-40d7-88be-6d54db372f53": [
          "5e62b5df-c80a-4350-9ec4-ba56559d665c"
        ],
        "f6b38465-ddd3-47b0-b4ca-db5241f3973c": [
          "5e62b5df-c80a-4350-9ec4-ba56559d665c"
        ],
        "97ced80e-a667-4bd0-afb6-c45f3cbe9c50": [
          "5e62b5df-c80a-4350-9ec4-ba56559d665c"
        ],
        "b6f31159-68fe-470f-9cf0-f920d05f55df": [
          "5e62b5df-c80a-4350-9ec4-ba56559d665c"
        ],
        "1206b20b-eeba-4ce7-bf7f-92a95bd30a5d": [
          "5e62b5df-c80a-4350-9ec4-ba56559d665c"
        ]
      },
      "children": {
        "59093faa-ba55-41a3-bea8-e3a1d18e6073": [
          "7463fadf-61e2-44ec-9ff5-6e8d002dff3a",
          "affc2cf4-10e0-4b9a-86f9-2530dd558968",
          "5e62b5df-c80a-4350-9ec4-ba56559d665c"
        ],
        "7463fadf-61e2-44ec-9ff5-6e8d002dff3a": [
          "2e44234a-6df2-4add-93c5-906deb9f5c43",
          "4c5e39d4-c44a-4da3-82d3-3ecd488c4844",
          "ae8ddd19-2fab-43c9-a4d4-b3fecb7e59ba"
        ],
        "2e44234a-6df2-4add-93c5-906deb9f5c43": [
          "c1c1ad58-3cf5-4303-b051-16c4bb9878a4"
        ],
        "c1c1ad58-3cf5-4303-b051-16c4bb9878a4": [
          "06dfabac-ee49-41b3-82df-032e71468d42"
        ],
        "601c5ec5-5b44-4454-ba61-9a7710824496": [
          "e5a0313f-027e-4bb5-84e1-c1edf79fc31a"
        ],
        "5e62b5df-c80a-4350-9ec4-ba56559d665c": [
          "38d678f9-30ce-40d7-88be-6d54db372f53",
          "f6b38465-ddd3-47b0-b4ca-db5241f3973c",
          "97ced80e-a667-4bd0-afb6-c45f3cbe9c50",
          "b6f31159-68fe-470f-9cf0-f920d05f55df",
          "1206b20b-eeba-4ce7-bf7f-92a95bd30a5d"
        ]
      }
    },
    {
      "parents": {
        "5f5e2b22-567f-489c-9560-afa2bd64a14e": [],
        "a58ab168-9fb0-496b-a5b8-7b211ced1b8e": [
          "5f5e2b22-567f-489c-9560-afa2bd64a14e"
        ],
        "5956e5e4-25c5-4140-89c4-2276b48af7b8": [
          "a58ab168-9fb0-496b-a5b8-7b211ced1b8e"
        ],
        "c3ce67eb-6a0a-46b6-9c26-59c03e17bfa0": [
          "a58ab168-9fb0-496b-a5b8-7b211ced1b8e"
        ],
        "601c5ec5-5b44-4454-ba61-9a7710824496": [
          "5f5e2b22-567f-489c-9560-afa2bd64a14e"
        ],
        "ad14ee6f-ddd8-4059-971e-c6ea851d27c1": [
          "601c5ec5-5b44-4454-ba61-9a7710824496"
        ],
        "05bf9c6f-3f94-4a04-a297-60491b450274": [
          "5f5e2b22-567f-489c-9560-afa2bd64a14e"
        ],
        "e060df7e-4fdd-497f-93f7-5e78e7a04dea": [
          "5956e5e4-25c5-4140-89c4-2276b48af7b8"
        ],
        "8ef15cff-55e1-487f-8e0b-aca752cce7f8": [
          "5e62b5df-c80a-4350-9ec4-ba56559d665c"
        ],
        "5f66d7db-31f2-4b4b-86d2-72c4c9e81450": [
          "c1c1ad58-3cf5-4303-b051-16c4bb9878a4"
        ],
        "fc25cfd3-c4e4-4c4e-ada9-5222eb5b7201": [
          "2e44234a-6df2-4add-93c5-906deb9f5c43"
        ],
        "0a6e8da9-9e3d-4e49-ae3a-cb4fef18c1ca": [
          "4c5e39d4-c44a-4da3-82d3-3ecd488c4844"
        ],
        "a211f0cb-b7d7-4abb-ae32-7c773501b2f1": [
          "5e62b5df-c80a-4350-9ec4-ba56559d665c"
        ],
        "7f91d355-2223-4f60-b2db-957ca354f92a": [
          "5e62b5df-c80a-4350-9ec4-ba56559d665c"
        ]
      },
      "children": {
        "5f5e2b22-567f-489c-9560-afa2bd64a14e": [
          "a58ab168-9fb0-496b-a5b8-7b211ced1b8e",
          "601c5ec5-5b44-4454-ba61-9a7710824496",
          "05bf9c6f-3f94-4a04-a297-60491b450274"
        ],
        "a58ab168-9fb0-496b-a5b8-7b211ced1b8e": [
          "5956e5e4-25c5-4140-89c4-2276b48af7b8",
          "c3ce67eb-6a0a-46b6-9c26-59c03e17bfa0"
        ],
        "601c5ec5-5b44-4454-ba61-9a7710824496": [
          "ad14ee6f-ddd8-4059-971e-c6ea851d27c1"
        ],
        "5956e5e4-25c5-4140-89c4-2276b48af7b8": [
          "e060df7e-4fdd-497f-93f7-5e78e7a04dea"
        ],
        "5e62b5df-c80a-4350-9ec4-ba56559d665c": [
          "8ef15cff-55e1-487f-8e0b-aca752cce7f8",
          "a211f0cb-b7d7-4abb-ae32-7c773501b2f1",
          "7f91d355-2223-4f60-b2db-957ca354f92a"
        ],
        "c1c1ad58-3cf5-4303-b051-16c4bb9878a4": [
          "5f66d7db-31f2-4b4b-86d2-72c4c9e81450"
        ],