{
  "program_id": "2eb6952f-556f-442d-88a5-495f6a574a82",
  "iteration_found": 17,
  "dataset": "Abeta42/inhibition_constraints",
  "plot": "outputs_diff_inhibited_norm/adaevolve/disease_relevant_inhibited_all_normalized_ode_0704_1057/checkpoints/checkpoint_17/iteration_17_best_validation_curves.svg",
  "metrics": {
    "equation": "d(c)/dt = (0.921953657641944 - x4)*(133.080555900498*x1*x4 + 2754.64078553724*x1 + 27.6211017194849)/(1171.30411222699*x3*(4116.00515710022 - 4115.00515710022*x4) + 1)",
    "loss": 0.3752968786213256,
    "nmse_train": 0.20191319632061752,
    "nmse_val": 0.3908586756114278,
    "mean_nmse_val": 0.3908586756114278,
    "mean_raw_nmse_val": 0.3908586756114278,
    "scored_loss_val": 0.3752968786213256,
    "mean_scored_loss_val": 0.3752968786213256,
    "shape_loss_val": 0.32861148765101916,
    "shape_loss_weight": 0.25,
    "heldout_curve_nmse": 0.3908586756114278,
    "heldout_curve_scored_loss": 0.3752968786213256,
    "heldout_curve_shape_loss": 0.32861148765101916,
    "eval_only_nmse": NaN,
    "eval_only_scored_loss": NaN,
    "eval_only_shape_loss": NaN,
    "combined_score": 0.7271157344605158,
    "fit_score": 0.7271157344605158,
    "eval_time": 12.873714923858643,
    "n_datasets": 1,
    "n_successful": 1,
    "eval_workers": 8,
    "hard_cases": [
      {
        "dataset": "Abeta42/inhibition_constraints",
        "scored_loss_val": 0.3752968786213256,
        "nmse_val": 0.3908586756114278,
        "shape_loss_val": 0.32861148765101916,
        "evaluation_only": false
      }
    ],
    "hard_case_feedback": "Abeta42/inhibition_constraints scored=0.3753 (nmse=0.3909, shape=0.3286)",
    "validation_semantics_feedback": "heldout_curve_scored_loss=0.3753, heldout_curve_nmse=0.3909, heldout_curve_shape=0.3286; eval_only_fit_score_scored_loss=nan, eval_only_nmse=nan, eval_only_shape=nan",
    "per_dataset": {
      "Abeta42/inhibition_constraints": {
        "nmse_train": 0.20191319632061752,
        "nmse_val": 0.3908586756114278,
        "shape_loss_val": 0.32861148765101916,
        "scored_loss_val": 0.3752968786213256,
        "n_val_points": 12274,
        "evaluation_only": false,
        "combined_score": 0.7271157344605158,
        "equation": "d(c)/dt = (0.921953657641944 - x4)*(133.080555900498*x1*x4 + 2754.64078553724*x1 + 27.6211017194849)/(1171.30411222699*x3*(4116.00515710022 - 4115.00515710022*x4) + 1)",
        "equation_template": "d(c)/dt = (c0 - x4)*(c1**2 + c2**2*x1 + c3**2*x1*x4)/(c4**2*x3*(c5**2*(1 - x4) + 1) + 1)",
        "constants": {
          "c0": 0.9219536576419439,
          "c1": 5.255578152733044,
          "c2": -52.48467191035152,
          "c3": 11.53605460720855,
          "c4": 34.22432047867408,
          "c5": -64.1483059565895
        }
      }
    },
    "error": ""
  },
  "saved_at": 1783146766.167268
}