{
  "program_id": "34dc1ea6-3feb-4de8-a378-72d699941c30",
  "iteration_found": 35,
  "dataset": "Abeta42/inhibition_constraints",
  "plot": "outputs_diff_inhibited_norm/adaevolve/disease_relevant_inhibited_all_normalized_ode_0720_0022/checkpoints/checkpoint_35/iteration_35_best_validation_curves.svg",
  "metrics": {
    "equation": "d(c)/dt = 5.21785796185821*x4*(2.66257424167155*x1 + 3.04822919756187*x2 + 1.44718152615992)*log(1.39064800929708/(x4 + 0.390647036576033))/(0.392079905106257*x3*x4 + 1.24219961147798*x3 + 1)",
    "loss": 0.12332435124246548,
    "nmse_train": 0.04846966347312526,
    "nmse_val": 0.08812545355872616,
    "mean_nmse_val": 0.08812545355872616,
    "mean_raw_nmse_val": 0.08812545355872616,
    "scored_loss_val": 0.12332435124246548,
    "mean_scored_loss_val": 0.12332435124246548,
    "shape_loss_val": 0.22892104429368343,
    "shape_loss_weight": 0.25,
    "heldout_curve_nmse": 0.08812545355872616,
    "heldout_curve_scored_loss": 0.12332435124246548,
    "heldout_curve_shape_loss": 0.22892104429368343,
    "eval_only_nmse": NaN,
    "eval_only_scored_loss": NaN,
    "eval_only_shape_loss": NaN,
    "combined_score": 0.8902148332259856,
    "fit_score": 0.8902148332259856,
    "eval_time": 100.26518297195435,
    "n_datasets": 1,
    "n_successful": 1,
    "eval_workers": 8,
    "hard_cases": [
      {
        "dataset": "Abeta42/inhibition_constraints",
        "scored_loss_val": 0.12332435124246548,
        "nmse_val": 0.08812545355872616,
        "shape_loss_val": 0.22892104429368343,
        "evaluation_only": false
      }
    ],
    "hard_case_feedback": "Abeta42/inhibition_constraints scored=0.1233 (nmse=0.08813, shape=0.2289)",
    "validation_semantics_feedback": "heldout_curve_scored_loss=0.1233, heldout_curve_nmse=0.08813, heldout_curve_shape=0.2289; eval_only_fit_score_scored_loss=nan, eval_only_nmse=nan, eval_only_shape=nan",
    "per_dataset": {
      "Abeta42/inhibition_constraints": {
        "nmse_train": 0.04846966347312526,
        "nmse_val": 0.08812545355872616,
        "shape_loss_val": 0.22892104429368343,
        "scored_loss_val": 0.12332435124246548,
        "n_val_points": 3610,
        "evaluation_only": false,
        "combined_score": 0.8902148332259856,
        "equation": "d(c)/dt = 5.21785796185821*x4*(2.66257424167155*x1 + 3.04822919756187*x2 + 1.44718152615992)*log(1.39064800929708/(x4 + 0.390647036576033))/(0.392079905106257*x3*x4 + 1.24219961147798*x3 + 1)",
        "equation_template": "d(c)/dt = c6**2*x4*(c1**2 + c2**2*x1 + c3**2*x2)*log((c0**2 + c7**2 + 1.001)/(c7**2 + x4 + 0.001))/(c4**2*x3 + c5**2*x3*x4 + 1)",
        "constants": {
          "c0": 0.0009862662148304921,
          "c1": 1.2029885810596521,
          "c2": 1.6317396366061439,
          "c3": 1.7459178667857973,
          "c4": 1.1145400896683708,
          "c5": 0.6261628423231905,
          "c6": 2.2842631113464598,
          "c7": -0.624217138963705
        }
      }
    },
    "error": ""
  },
  "saved_at": 1784491880.868145
}