{
  "id": "b31f5d46-bea8-4831-8367-c959d7f9bf7b",
  "generation": 1,
  "iteration": 3,
  "current_iteration": 3,
  "metrics": {
    "combined_score": 0.9283431147717414,
    "n_stage1_datasets": 8.0,
    "n_stage1_successful": 8.0,
    "eval_workers": 8.0,
    "stage1_full_selected_datasets": 1.0,
    "cascade_stage1_time_seconds": 0.5234661102294922,
    "cascade_stage1_threshold": 0.15,
    "cascade_stage1_passed": 1.0,
    "loss": 0.03948635439308629,
    "complexity": 28.0,
    "nmse_train": 0.054212931067644875,
    "nmse_val": 0.03948635439308629,
    "mean_nmse_val": 0.03948635439308629,
    "mean_raw_nmse_val": 0.03948635439308629,
    "fit_score": 0.9620135904370377,
    "parsimony_weight": 0.2,
    "parsimony_penalty_factor": 0.965,
    "eval_time": 8.892096519470215,
    "n_datasets": 22.0,
    "n_successful": 22.0,
    "cascade_stage2_time_seconds": 8.892614603042603,
    "cascade_total_time_seconds": 9.416080713272095,
    "cascade_stage1_combined_score": 0.8004714854529273
  },
  "language": "python",
  "timestamp": 1781634209.8153968,
  "saved_at": 1781634209.8181853
}