{
  "id": "f510d359-c321-4cc2-a366-6a859de7e86f",
  "generation": 0,
  "iteration": 0,
  "current_iteration": 2,
  "metrics": {
    "combined_score": 0.5917381148325811,
    "loss": 0.6899367725922596,
    "complexity": 0.0,
    "nmse_train": Infinity,
    "nmse_val": 0.6899367725922596,
    "eval_time": 10.647724390029907,
    "n_datasets": 60.0,
    "n_successful": 60.0
  },
  "language": "python",
  "timestamp": 1779808362.689271,
  "saved_at": 1779808490.3543851
}