{
  "id": "53c6ffe2-5f6e-4e0f-abc7-7bada67fc5c4",
  "generation": 1,
  "iteration": 1,
  "current_iteration": 6,
  "metrics": {
    "combined_score": 0.27890944369707515,
    "n_stage1_datasets": 8.0,
    "n_stage1_successful": 8.0,
    "eval_workers": 8.0,
    "stage1_full_selected_datasets": 1.0,
    "cascade_stage1_time_seconds": 6.5447001457214355,
    "cascade_stage1_threshold": 0.15,
    "cascade_stage1_passed": 1.0,
    "loss": 2.4912765487338406,
    "complexity": 21.0,
    "nmse_train": 0.025949136733674334,
    "nmse_val": 2.4912765487338406,
    "mean_nmse_val": 1.090102408128396,
    "fit_score": 0.2864281835143262,
    "parsimony_weight": 0.2,
    "parsimony_penalty_factor": 0.97375,
    "eval_time": 44.91974401473999,
    "n_datasets": 42.0,
    "n_successful": 42.0,
    "hard_case_tail_nmse": 14.011741406054446,
    "hard_case_tail_weight": 0.1,
    "cascade_stage2_time_seconds": 44.9203884601593,
    "cascade_total_time_seconds": 51.46508860588074,
    "cascade_stage1_combined_score": 0.9140195564842438
  },
  "language": "python",
  "timestamp": 1780766751.5983894,
  "saved_at": 1780767768.319878
}