{
  "id": "8c06d33a-d68b-4e24-9bca-56d4d187fbf4",
  "generation": 0,
  "iteration": 0,
  "current_iteration": 1,
  "metrics": {
    "combined_score": 0.9143904014709745,
    "n_stage1_datasets": 8.0,
    "n_stage1_successful": 8.0,
    "eval_workers": 8.0,
    "stage1_full_selected_datasets": 1.0,
    "cascade_stage1_time_seconds": 10.97879672050476,
    "cascade_stage1_threshold": 0.15,
    "cascade_stage1_passed": 1.0,
    "loss": 0.06218306583003897,
    "complexity": 23.0,
    "nmse_train": 0.030757217356498962,
    "nmse_val": 0.06218306583003897,
    "mean_nmse_val": 0.06218306583003897,
    "mean_raw_nmse_val": 0.06218306583003897,
    "fit_score": 0.9414572988118142,
    "parsimony_weight": 0.2,
    "parsimony_penalty_factor": 0.97125,
    "eval_time": 15.391371726989746,
    "n_datasets": 22.0,
    "n_successful": 22.0,
    "cascade_stage2_time_seconds": 15.392582416534424,
    "cascade_total_time_seconds": 26.371379137039185,
    "cascade_stage1_combined_score": 0.7588553653234671
  },
  "language": "python",
  "timestamp": 1781633731.1457667,
  "saved_at": 1781633873.771097
}