{
  "program_id": "dfe535f9-f359-4be2-8cae-6971bfa1f9e9",
  "iteration_found": 3,
  "dataset": "Abeta42/inhibition_constraints",
  "plot": "outputs_diff_inhibited_norm/adaevolve/disease_relevant_inhibited_all_normalized_ode_0704_1057/checkpoints/checkpoint_3/iteration_3_best_validation_curves.svg",
  "metrics": {
    "equation": "d(c)/dt = (0.0931657678885139*x1 + 0.100234898054412*x2 + 88.5709780174665*x4*(1.04111288873893 - log(x4 + 1.91520873079997)) + 0.00118721720771263)/(0.113493319187874*x3*x4 + 0.111590965138904*x3 + 1)",
    "loss": 0.31571756867880685,
    "nmse_train": 0.3706088153000658,
    "nmse_val": 0.3156445747425211,
    "mean_nmse_val": 0.3156445747425211,
    "mean_raw_nmse_val": 0.3156445747425211,
    "scored_loss_val": 0.31571756867880685,
    "mean_scored_loss_val": 0.31571756867880685,
    "shape_loss_val": 0.315936550487664,
    "shape_loss_weight": 0.25,
    "heldout_curve_nmse": 0.3156445747425211,
    "heldout_curve_scored_loss": 0.31571756867880685,
    "heldout_curve_shape_loss": 0.315936550487664,
    "eval_only_nmse": NaN,
    "eval_only_scored_loss": NaN,
    "eval_only_shape_loss": NaN,
    "combined_score": 0.7600415346008959,
    "fit_score": 0.7600415346008959,
    "eval_time": 66.07871413230896,
    "n_datasets": 1,
    "n_successful": 1,
    "eval_workers": 8,
    "hard_cases": [
      {
        "dataset": "Abeta42/inhibition_constraints",
        "scored_loss_val": 0.31571756867880685,
        "nmse_val": 0.3156445747425211,
        "shape_loss_val": 0.315936550487664,
        "evaluation_only": false
      }
    ],
    "hard_case_feedback": "Abeta42/inhibition_constraints scored=0.3157 (nmse=0.3156, shape=0.3159)",
    "validation_semantics_feedback": "heldout_curve_scored_loss=0.3157, heldout_curve_nmse=0.3156, heldout_curve_shape=0.3159; eval_only_fit_score_scored_loss=nan, eval_only_nmse=nan, eval_only_shape=nan",
    "per_dataset": {
      "Abeta42/inhibition_constraints": {
        "nmse_train": 0.3706088153000658,
        "nmse_val": 0.3156445747425211,
        "shape_loss_val": 0.315936550487664,
        "scored_loss_val": 0.31571756867880685,
        "n_val_points": 12274,
        "evaluation_only": false,
        "combined_score": 0.7600415346008959,
        "equation": "d(c)/dt = (0.0931657678885139*x1 + 0.100234898054412*x2 + 88.5709780174665*x4*(1.04111288873893 - log(x4 + 1.91520873079997)) + 0.00118721720771263)/(0.113493319187874*x3*x4 + 0.111590965138904*x3 + 1)",
        "equation_template": "d(c)/dt = (c2**2 + c3**2*x1 + c4**2*x2 + c5**2*x4*(c0**2 - log(c1**2 + x4)))/(c6**2*x3 + c7**2*x3*x4 + 1)",
        "constants": {
          "c0": -1.0203493954224345,
          "c1": 1.3839106657584392,
          "c2": 0.03445601845414861,
          "c3": 0.30523067979564883,
          "c4": 0.31659895460094645,
          "c5": 9.41121554409772,
          "c6": 0.3340523389214692,
          "c7": 0.33688769521588907
        }
      }
    },
    "error": ""
  },
  "saved_at": 1783144481.2991328
}