{
  "id": "6060a59f-e457-4023-9857-951ce6104a88",
  "generation": 4,
  "iteration": 22,
  "current_iteration": 26,
  "metrics": {
    "combined_score": 0.9364465545072475,
    "n_stage1_datasets": 8.0,
    "n_stage1_successful": 8.0,
    "eval_workers": 8.0,
    "stage1_full_selected_datasets": 1.0,
    "cascade_stage1_time_seconds": 6.451261043548584,
    "cascade_stage1_threshold": 0.15,
    "cascade_stage1_passed": 1.0,
    "loss": 0.043839603333641,
    "complexity": 18.0,
    "nmse_train": 0.03197616192122476,
    "nmse_val": 0.043839603333641,
    "mean_nmse_val": 0.043839603333641,
    "fit_score": 0.9580015902887442,
    "parsimony_weight": 0.2,
    "parsimony_penalty_factor": 0.9775,
    "eval_time": 39.9247088432312,
    "n_datasets": 42.0,
    "n_successful": 42.0,
    "hard_case_tail_nmse": 0.3544821926157588,
    "hard_case_tail_weight": 0.0,
    "cascade_stage2_time_seconds": 39.92525625228882,
    "cascade_total_time_seconds": 46.3765172958374,
    "cascade_stage1_combined_score": 0.8465329285663185
  },
  "language": "python",
  "timestamp": 1780770294.811293,
  "saved_at": 1780770924.0355191
}