{
  "id": "bac93751-65d9-434c-907b-d96a474019dd",
  "generation": 0,
  "iteration": 0,
  "current_iteration": 2,
  "metrics": {
    "combined_score": 0.8785313781833178,
    "n_stage1_datasets": 5.0,
    "n_stage1_successful": 5.0,
    "eval_workers": 8.0,
    "stage1_full_selected_datasets": 1.0,
    "cascade_stage1_time_seconds": 220.27490234375,
    "cascade_stage1_threshold": 0.15,
    "cascade_stage1_passed": 1.0,
    "loss": 0.13826327076428682,
    "nmse_train": 0.020497070762012633,
    "nmse_val": 0.05710210305676782,
    "mean_nmse_val": 0.05710210305676782,
    "mean_raw_nmse_val": 0.05710210305676782,
    "scored_loss_val": 0.13826327076428682,
    "mean_scored_loss_val": 0.13826327076428682,
    "shape_loss_val": 0.3817467738868438,
    "shape_loss_weight": 0.25,
    "heldout_curve_nmse": 0.04009823650514619,
    "heldout_curve_scored_loss": 0.09750606036890369,
    "heldout_curve_shape_loss": 0.26972953196017624,
    "eval_only_nmse": 0.05943117673194205,
    "eval_only_scored_loss": 0.14384591548319467,
    "eval_only_shape_loss": 0.39709013173695246,
    "fit_score": 0.8785313781833178,
    "eval_time": 767.8353650569916,
    "n_datasets": 17.0,
    "n_successful": 17.0,
    "cascade_stage2_time_seconds": 767.8365263938904,
    "cascade_total_time_seconds": 988.1114287376404,
    "cascade_stage1_combined_score": 0.9270030772554076
  },
  "language": "python",
  "timestamp": 1782026288.6486506,
  "saved_at": 1782026946.0152605
}