{
  "program_id": "4ecd431d-3184-4aef-b50c-fa428b7ccfe3",
  "iteration_found": 4,
  "dataset": "Abeta42/inhibition_constraints",
  "plot": "outputs_diff_inhibited_norm/adaevolve/disease_relevant_inhibited_all_normalized_ode_0720_0232/checkpoints/checkpoint_4/iteration_4_best_validation_curves.svg",
  "metrics": {
    "equation": "d(c)/dt = (0.972761742196184 - x4)*(0.000298291900174661*x2*x4 + 2.06572751117055*x2 + (15.3587077397173*x1*x4 + 4.6793014370499e-8*x1 + 1.69613063304002e-9)/(6.29135707596073e-10*x3**2 + 1.05996885491625*x3 + 1))",
    "loss": 0.04677287154745291,
    "nmse_train": 0.010982025781703516,
    "nmse_val": 0.00523630684164713,
    "mean_nmse_val": 0.00523630684164713,
    "mean_raw_nmse_val": 0.00523630684164713,
    "scored_loss_val": 0.04677287154745291,
    "mean_scored_loss_val": 0.04677287154745291,
    "shape_loss_val": 0.17138256566487026,
    "shape_loss_weight": 0.25,
    "heldout_curve_nmse": 0.00523630684164713,
    "heldout_curve_scored_loss": 0.04677287154745291,
    "heldout_curve_shape_loss": 0.17138256566487026,
    "eval_only_nmse": NaN,
    "eval_only_scored_loss": NaN,
    "eval_only_shape_loss": NaN,
    "combined_score": 0.9553170770672456,
    "fit_score": 0.9553170770672456,
    "eval_time": 18.698752880096436,
    "n_datasets": 1,
    "n_successful": 1,
    "eval_workers": 8,
    "hard_cases": [
      {
        "dataset": "Abeta42/inhibition_constraints",
        "scored_loss_val": 0.04677287154745291,
        "nmse_val": 0.00523630684164713,
        "shape_loss_val": 0.17138256566487026,
        "evaluation_only": false
      }
    ],
    "hard_case_feedback": "Abeta42/inhibition_constraints scored=0.04677 (nmse=0.005236, shape=0.1714)",
    "validation_semantics_feedback": "heldout_curve_scored_loss=0.04677, heldout_curve_nmse=0.005236, heldout_curve_shape=0.1714; eval_only_fit_score_scored_loss=nan, eval_only_nmse=nan, eval_only_shape=nan",
    "per_dataset": {
      "Abeta42/inhibition_constraints": {
        "nmse_train": 0.010982025781703516,
        "nmse_val": 0.00523630684164713,
        "shape_loss_val": 0.17138256566487026,
        "scored_loss_val": 0.04677287154745291,
        "n_val_points": 1805,
        "evaluation_only": false,
        "combined_score": 0.9553170770672456,
        "equation": "d(c)/dt = (0.972761742196184 - x4)*(0.000298291900174661*x2*x4 + 2.06572751117055*x2 + (15.3587077397173*x1*x4 + 4.6793014370499e-8*x1 + 1.69613063304002e-9)/(6.29135707596073e-10*x3**2 + 1.05996885491625*x3 + 1))",
        "equation_template": "d(c)/dt = (c0 - x4)*(c3**2*x2*x4 + c7**2*x2 + (c4**2*x1 + c5**2*x1*x4 + c6**2)/(c1**2*x3 + c2**2*x3**2 + 1))",
        "constants": {
          "c0": 0.972761742196184,
          "c1": 1.0295478885978324,
          "c2": -2.5082577770158964e-05,
          "c3": 0.017271129093798743,
          "c4": 0.00021631693038340533,
          "c5": 3.919018721531868,
          "c6": 4.118410655872025e-05,
          "c7": 1.4372638975395395
        }
      }
    },
    "error": ""
  },
  "saved_at": 1784495533.372597
}