{
  "num_islands": 2,
  "current_island": 0,
  "iteration_count": 12,
  "global_best_score": 0.8338934974317685,
  "decay": 0.9,
  "intensity_min": 0.15,
  "intensity_max": 0.5,
  "migration_interval": 15,
  "diversity_strategy_type": "code",
  "use_unified_archive": true,
  "use_adaptive_search": true,
  "use_ucb_selection": true,
  "fixed_intensity": 0.4,
  "adapter": {
    "states": [
      {
        "accumulated_signal": 0.08135238459925863,
        "best_score": 0.8317860639949993,
        "improvement_count": 3,
        "total_evaluations": 8,
        "decay": 0.9,
        "epsilon": 1e-08,
        "intensity_min": 0.15,
        "intensity_max": 0.5
      },
      {
        "accumulated_signal": 0.0813757482614744,
        "best_score": 0.8338934974317685,
        "improvement_count": 2,
        "total_evaluations": 6,
        "decay": 0.9,
        "epsilon": 1e-08,
        "intensity_min": 0.15,
        "intensity_max": 0.5
      }
    ],
    "dimension_visits": [
      8,
      6
    ],
    "dimension_rewards": [
      0.512655152239444,
      0.03747185636514226
    ],
    "decayed_visits": [
      5.6953279000000006,
      4.68559
    ],
    "global_best_score": 0.8338934974317685,
    "ucb_exploration": 1.41,
    "min_visits": 3,
    "decay": 0.9,
    "epsilon": 1e-08
  },
  "island_config_names": [
    "balanced",
    "balanced"
  ],
  "islands": [
    [
      "76b2eb62-cd47-4dcc-8b16-122c46798623",
      "8aceae6c-714e-419f-8493-7333ef6fafb0",
      "43899824-8c0f-49eb-921c-829e371620da",
      "34ca7226-6bba-41ba-9079-ed8e850f5b55",
      "21f04958-ca22-423d-81fc-46afbc53f062",
      "01d57858-e4bf-43e2-95bc-51b055a05099",
      "cf94f43e-02d5-4b50-be27-29168bbf72a0",
      "22284d58-8dd4-4216-a6a1-09dfe6a293ef"
    ],
    [
      "c5f9de0e-c0b9-4d68-9709-9d7ad2869085",
      "3fbf2a58-e1b2-4937-8ebb-2797a80111f7",
      "5ddc69c2-5542-49bf-a93e-9e73d793908f",
      "5bced5b5-5f81-4326-b0bd-a1ed723fd7a8",
      "5ecd9a7e-fc27-4fa2-89a1-ec5facc086ef",
      "d96b3b8c-171d-4f2c-86aa-7ae991108498",
      "49801c9b-b64f-40aa-9319-c20bf52be76a"
    ]
  ],
  "archive_genealogies": [
    {
      "parents": {
        "76b2eb62-cd47-4dcc-8b16-122c46798623": [],
        "8aceae6c-714e-419f-8493-7333ef6fafb0": [
          "76b2eb62-cd47-4dcc-8b16-122c46798623"
        ],
        "43899824-8c0f-49eb-921c-829e371620da": [
          "8aceae6c-714e-419f-8493-7333ef6fafb0"
        ],
        "34ca7226-6bba-41ba-9079-ed8e850f5b55": [
          "76b2eb62-cd47-4dcc-8b16-122c46798623"
        ],
        "21f04958-ca22-423d-81fc-46afbc53f062": [
          "43899824-8c0f-49eb-921c-829e371620da"
        ],
        "01d57858-e4bf-43e2-95bc-51b055a05099": [
          "43899824-8c0f-49eb-921c-829e371620da"
        ],
        "cf94f43e-02d5-4b50-be27-29168bbf72a0": [
          "01d57858-e4bf-43e2-95bc-51b055a05099"
        ],
        "22284d58-8dd4-4216-a6a1-09dfe6a293ef": [
          "5ddc69c2-5542-49bf-a93e-9e73d793908f"
        ]
      },
      "children": {
        "76b2eb62-cd47-4dcc-8b16-122c46798623": [
          "8aceae6c-714e-419f-8493-7333ef6fafb0",
          "34ca7226-6bba-41ba-9079-ed8e850f5b55"
        ],
        "8aceae6c-714e-419f-8493-7333ef6fafb0": [
          "43899824-8c0f-49eb-921c-829e371620da"
        ],
        "43899824-8c0f-49eb-921c-829e371620da": [
          "21f04958-ca22-423d-81fc-46afbc53f062",
          "01d57858-e4bf-43e2-95bc-51b055a05099"
        ],
        "01d57858-e4bf-43e2-95bc-51b055a05099": [
          "cf94f43e-02d5-4b50-be27-29168bbf72a0"
        ],
        "5ddc69c2-5542-49bf-a93e-9e73d793908f": [
          "22284d58-8dd4-4216-a6a1-09dfe6a293ef"
        ]
      }
    },
    {
      "parents": {
        "c5f9de0e-c0b9-4d68-9709-9d7ad2869085": [],
        "3fbf2a58-e1b2-4937-8ebb-2797a80111f7": [
          "c5f9de0e-c0b9-4d68-9709-9d7ad2869085"
        ],
        "5ddc69c2-5542-49bf-a93e-9e73d793908f": [
          "3fbf2a58-e1b2-4937-8ebb-2797a80111f7"
        ],
        "5bced5b5-5f81-4326-b0bd-a1ed723fd7a8": [
          "c5f9de0e-c0b9-4d68-9709-9d7ad2869085"
        ],
        "5ecd9a7e-fc27-4fa2-89a1-ec5facc086ef": [
          "c5f9de0e-c0b9-4d68-9709-9d7ad2869085"
        ],
        "d96b3b8c-171d-4f2c-86aa-7ae991108498": [
          "3fbf2a58-e1b2-4937-8ebb-2797a80111f7"
        ],
        "49801c9b-b64f-40aa-9319-c20bf52be76a": [
          "3fbf2a58-e1b2-4937-8ebb-2797a80111f7"
        ]
      },
      "children": {
        "c5f9de0e-c0b9-4d68-9709-9d7ad2869085": [
          "3fbf2a58-e1b2-4937-8ebb-2797a80111f7",
          "5bced5b5-5f81-4326-b0bd-a1ed723fd7a8",
          "5ecd9a7e-fc27-4fa2-89a1-ec5facc086ef"
        ],
        "3fbf2a58-e1b2-4937-8ebb-2797a80111f7": [
          "5ddc69c2-5542-49bf-a93e-9e73d793908f",
          "d96b3b8c-171d-4f2c-86aa-7ae991108498",
          "49801c9b-b64f-40aa-9319-c20bf52be76a"
        ]
      }
    }
  ],
  "use_dynamic_islands": true,
  "max_islands": 5,
  "last_spawn_iteration": -30,
  "use_paradigm_breakthrough": true,
  "paradigm_tracker": {
    "window_size": 10,
    "improvement_threshold": 0.12,
    "max_paradigm_uses": 2,
    "max_tried_paradigms": 10,
    "num_paradigms_to_generate": 3,
    "improvement_history": [
      1.0,
      0.0,
      0.0,
      0.0,
      0.0,
      0.0,
      0.0,
      0.0,
      0.0,
      0.0
    ],
    "active_paradigms": [
      {
        "idea": "Generalized logistic/Hill autocatalysis with separable nucleation order in monomer (x1) and a tunable plateau ceiling \u2014 sharper independent control of lag vs steepness",
        "description": "Replace the fixed (1-c) plateau and pure-polynomial autocatalysis with a saturating term that decouples lag from steepness. Build expression = (c0 + (c1 + c2*x2 + c6*x1)*c + c4*c**2) * (c7 - c) * (1 + c3*x1), where c7 is a fitted plateau ceiling near 1 (init 1.0) allowing incomplete conversion, and c6*x1 lets monomer concentration enter the elongation/nucleation rate (not just as a global scale), capturing the m0-dependence of nucleation order. Keep the cubic term out (it over-couples lag and steepness) and instead add the monomer-into-rate coupling. The primary-nucleation source c0 sets the lag escape; the quadratic c4*c**2 gives the secondary-nucleation burst; (c7 - c) gives mass-conservation saturation at a fitted plateau. Use feature_symbols(X_train.shape[1]) and constant_symbols(8). initial_values=[0.05,0.5,0.0,0.0,1.0,0.0,0.0,1.0] (note c5 removed, indices shift \u2014 use 8 constants c0..c7 mapping: c0 source, c1 elong, c2 seed, c3 monomer-scale, c4 secondary, c6 monomer-in-rate, c7 plateau; drop unused). Return directly from evaluate_expression with constants=c. This stays a smooth bounded polynomial-times-linear form (no division/log/root), so least-squares is stable; (c7-c) only goes mildly negative if c overshoots, which the saturation prevents.",
        "what_to_optimize": "heldout_curve_shape_loss (timing+slope) and heldout_curve_nmse; tunable plateau improves datasets that saturate below 1; monomer-in-rate term improves m0-scaling shape fidelity",
        "cautions": "Keep total constants <=8 to avoid unstable fits on 1-curve eval-only datasets. Ensure c7 init=1.0 so it starts at the mass-conservation value. Do not add the cubic term back \u2014 it conflicts with the new monomer coupling and inflates complexity. Verify the (c7-c) term cannot drive odeint to large negative c (the c0 source keeps growth positive early, saturation keeps it bounded).",
        "approach_type": "sympy.polynomial_ode_template"
      },
      {
        "idea": "Add explicit slow time-modulation via tanh time-gate to sharpen lag-phase onset timing without changing autocatalytic order",