{
  "num_islands": 2,
  "current_island": 1,
  "iteration_count": 3,
  "global_best_score": 0.9349796505051121,
  "decay": 0.9,
  "intensity_min": 0.15,
  "intensity_max": 0.5,
  "migration_interval": 15,
  "diversity_strategy_type": "code",
  "use_unified_archive": true,
  "use_adaptive_search": true,
  "use_ucb_selection": true,
  "fixed_intensity": 0.4,
  "adapter": {
    "states": [
      {
        "accumulated_signal": 0.09090478272700084,
        "best_score": 0.9349130367605115,
        "improvement_count": 2,
        "total_evaluations": 3,
        "decay": 0.9,
        "epsilon": 1e-08,
        "intensity_min": 0.15,
        "intensity_max": 0.5
      },
      {
        "accumulated_signal": 0.09090626775486961,
        "best_score": 0.9349796505051121,
        "improvement_count": 1,
        "total_evaluations": 2,
        "decay": 0.9,
        "epsilon": 1e-08,
        "intensity_min": 0.15,
        "intensity_max": 0.5
      }
    ],
    "dimension_visits": [
      3,
      2
    ],
    "dimension_rewards": [
      0.8956080608862679,
      0.0782364320095953
    ],
    "decayed_visits": [
      2.71,
      1.9
    ],
    "global_best_score": 0.9349796505051121,
    "ucb_exploration": 1.41,
    "min_visits": 3,
    "decay": 0.9,
    "epsilon": 1e-08
  },
  "island_config_names": [
    "balanced",
    "balanced"
  ],
  "islands": [
    [
      "0c137657-b146-4e19-8774-6153e97b9ae5",
      "86f636a5-0a45-4763-ba33-cc535fbb5239",
      "4d4ded1f-f0a6-4ed2-b077-1ccb0850160f"
    ],
    [
      "5dc8a9b7-78a8-4edd-afdf-eb232928ffd7",
      "4340b6b2-cb83-4bab-95c5-247de1676a3c",
      "fd3f9809-a893-4aac-ac65-e4af43295e20"
    ]
  ],
  "archive_genealogies": [
    {
      "parents": {
        "0c137657-b146-4e19-8774-6153e97b9ae5": [],
        "86f636a5-0a45-4763-ba33-cc535fbb5239": [
          "0c137657-b146-4e19-8774-6153e97b9ae5"
        ],
        "4d4ded1f-f0a6-4ed2-b077-1ccb0850160f": [
          "0c137657-b146-4e19-8774-6153e97b9ae5"
        ]
      },
      "children": {
        "0c137657-b146-4e19-8774-6153e97b9ae5": [
          "86f636a5-0a45-4763-ba33-cc535fbb5239",
          "4d4ded1f-f0a6-4ed2-b077-1ccb0850160f"
        ]
      }
    },
    {
      "parents": {
        "5dc8a9b7-78a8-4edd-afdf-eb232928ffd7": [],
        "4340b6b2-cb83-4bab-95c5-247de1676a3c": [
          "5dc8a9b7-78a8-4edd-afdf-eb232928ffd7"
        ],
        "fd3f9809-a893-4aac-ac65-e4af43295e20": [
          "4340b6b2-cb83-4bab-95c5-247de1676a3c"
        ]
      },
      "children": {
        "5dc8a9b7-78a8-4edd-afdf-eb232928ffd7": [
          "4340b6b2-cb83-4bab-95c5-247de1676a3c"
        ],
        "4340b6b2-cb83-4bab-95c5-247de1676a3c": [
          "fd3f9809-a893-4aac-ac65-e4af43295e20"
        ]
      }
    }
  ],
  "use_dynamic_islands": true,
  "max_islands": 5,
  "last_spawn_iteration": -30,
  "use_paradigm_breakthrough": true,
  "paradigm_tracker": {
    "window_size": 10,
    "improvement_threshold": 0.12,
    "max_paradigm_uses": 2,
    "max_tried_paradigms": 10,
    "num_paradigms_to_generate": 3,
    "improvement_history": [
      1.0,
      1.0,
      1.0,
      0.0,
      0.0
    ],
    "active_paradigms": [],
    "paradigm_usage_counts": {},
    "current_paradigm_index": 0,
    "tried_paradigms": [],
    "best_score_at_paradigm_gen": 0.0,
    "best_score_during_paradigm": 0.0
  }
}