{
  "id": "5d8e4221-d1c5-4037-9bfb-cb52827a9189",
  "generation": 2,
  "iteration": 15,
  "current_iteration": 16,
  "metrics": {
    "equation": "d(c)/dt = (0.970635865840477 - x4)*(3.24225056519779*x0*x1*x4*sqrt(x4**2 + 27.4523998827862)/((0.846638377846438*x3 + 1)*(x0 + 0.0109833993128575*x3 + 0.00117125472146713)) + 4.75241069845204e-6*x1 + 5.58630464998606*x2)",
    "loss": 0.043606158615475746,
    "nmse_train": 0.009979958853662296,
    "nmse_val": 0.0024462064968658772,
    "mean_nmse_val": 0.0024462064968658772,
    "mean_raw_nmse_val": 0.0024462064968658772,
    "scored_loss_val": 0.043606158615475746,
    "mean_scored_loss_val": 0.043606158615475746,
    "shape_loss_val": 0.16708601497130535,
    "shape_loss_weight": 0.25,
    "heldout_curve_nmse": 0.0024462064968658772,
    "heldout_curve_scored_loss": 0.043606158615475746,
    "heldout_curve_shape_loss": 0.16708601497130535,
    "eval_only_nmse": NaN,
    "eval_only_scored_loss": NaN,
    "eval_only_shape_loss": NaN,
    "combined_score": 0.9582158860835712,
    "fit_score": 0.9582158860835712,
    "eval_time": 51.837223052978516,
    "n_datasets": 1,
    "n_successful": 1,
    "eval_workers": 8,
    "hard_cases": [
      {
        "dataset": "Abeta42/inhibition_constraints",
        "scored_loss_val": 0.043606158615475746,
        "nmse_val": 0.0024462064968658772,
        "shape_loss_val": 0.16708601497130535,
        "evaluation_only": false
      }
    ],
    "hard_case_feedback": "Abeta42/inhibition_constraints scored=0.04361 (nmse=0.002446, shape=0.1671)",
    "validation_semantics_feedback": "heldout_curve_scored_loss=0.04361, heldout_curve_nmse=0.002446, heldout_curve_shape=0.1671; eval_only_fit_score_scored_loss=nan, eval_only_nmse=nan, eval_only_shape=nan",
    "per_dataset": {
      "Abeta42/inhibition_constraints": {
        "nmse_train": 0.009979958853662296,
        "nmse_val": 0.0024462064968658772,
        "shape_loss_val": 0.16708601497130535,
        "scored_loss_val": 0.043606158615475746,
        "n_val_points": 1805,
        "evaluation_only": false,
        "combined_score": 0.9582158860835712,
        "equation": "d(c)/dt = (0.970635865840477 - x4)*(3.24225056519779*x0*x1*x4*sqrt(x4**2 + 27.4523998827862)/((0.846638377846438*x3 + 1)*(x0 + 0.0109833993128575*x3 + 0.00117125472146713)) + 4.75241069845204e-6*x1 + 5.58630464998606*x2)",
        "equation_template": "d(c)/dt = (c5 - x4)*(c2**2*x1 + c3**2*x2 + c4**2*x0*x1*x4*sqrt(c0**2 + x4**2)/((c1**2*x3 + 1)*(c6**2*(c7**2*x3 + 1) + x0)))",
        "constants": {
          "c0": -5.239503782113935,
          "c1": 0.9201295440569429,
          "c2": 0.0021800024537720238,
          "c3": 2.363536471050545,
          "c4": -1.8006250484756103,
          "c5": 0.970635865840477,
          "c6": 0.03422359889706421,
          "c7": 3.0622645672097843
        }
      }
    },
    "error": ""
  },
  "language": "python",
  "timestamp": 1784590860.88,
  "saved_at": 1784591017.23599
}