{
  "program_id": "1e784d64-11fa-4e02-b5f0-49f397469827",
  "iteration_found": 16,
  "dataset": "Abeta42/inhibition_constraints",
  "plot": "outputs_diff_inhibited_norm/adaevolve/disease_relevant_inhibited_all_normalized_ode_0721_0426/checkpoints/checkpoint_16/iteration_16_best_validation_curves.svg",
  "metrics": {
    "equation": "d(c)/dt = x0*x1*(0.971046527568598 - x4)*(4.19088474732169*x2 + 0.000968525006230822*x4*sqrt(x4**2 + 0.0185037832343396) + 18.5941127345282*x4)/((x0 + 0.00430081395171602)*(1.27312266385825*x3 + 1)) + 6.29647510670834e-10*x1*(0.971046527568598 - x4)",
    "loss": 0.044423449446060775,
    "nmse_train": 0.010397499134201047,
    "nmse_val": 0.0034452288080678425,
    "mean_nmse_val": 0.0034452288080678425,
    "mean_raw_nmse_val": 0.0034452288080678425,
    "scored_loss_val": 0.044423449446060775,
    "mean_scored_loss_val": 0.044423449446060775,
    "shape_loss_val": 0.1673581113600396,
    "shape_loss_weight": 0.25,
    "heldout_curve_nmse": 0.0034452288080678425,
    "heldout_curve_scored_loss": 0.044423449446060775,
    "heldout_curve_shape_loss": 0.1673581113600396,
    "eval_only_nmse": NaN,
    "eval_only_scored_loss": NaN,
    "eval_only_shape_loss": NaN,
    "combined_score": 0.9574660551047356,
    "fit_score": 0.9574660551047356,
    "eval_time": 33.305736780166626,
    "n_datasets": 1,
    "n_successful": 1,
    "eval_workers": 8,
    "hard_cases": [
      {
        "dataset": "Abeta42/inhibition_constraints",
        "scored_loss_val": 0.044423449446060775,
        "nmse_val": 0.0034452288080678425,
        "shape_loss_val": 0.16735811136003959,
        "evaluation_only": false
      }
    ],
    "hard_case_feedback": "Abeta42/inhibition_constraints scored=0.04442 (nmse=0.003445, shape=0.1674)",
    "validation_semantics_feedback": "heldout_curve_scored_loss=0.04442, heldout_curve_nmse=0.003445, heldout_curve_shape=0.1674; eval_only_fit_score_scored_loss=nan, eval_only_nmse=nan, eval_only_shape=nan",
    "per_dataset": {
      "Abeta42/inhibition_constraints": {
        "nmse_train": 0.010397499134201047,
        "nmse_val": 0.0034452288080678425,
        "shape_loss_val": 0.16735811136003959,
        "scored_loss_val": 0.044423449446060775,
        "n_val_points": 1805,
        "evaluation_only": false,
        "combined_score": 0.9574660551047356,
        "equation": "d(c)/dt = x0*x1*(0.971046527568598 - x4)*(4.19088474732169*x2 + 0.000968525006230822*x4*sqrt(x4**2 + 0.0185037832343396) + 18.5941127345282*x4)/((x0 + 0.00430081395171602)*(1.27312266385825*x3 + 1)) + 6.29647510670834e-10*x1*(0.971046527568598 - x4)",
        "equation_template": "d(c)/dt = c7**2*x1*(c6 - x4) + x0*x1*(c6 - x4)*(c1**2*(c2**2*x4 + x2) + c3**2*x4*sqrt(c0**2 + x4**2 + 0.0001))/((c5**2 + x0)*(c4**2*x3 + 1))",
        "constants": {
          "c0": 0.13566054413255027,
          "c1": 2.047165051314058,
          "c2": -2.1063710203955837,
          "c3": -0.031121134398199912,
          "c4": 1.1283273744167754,
          "c5": 0.06558059127299798,
          "c6": 0.9710465275685976,
          "c7": 2.5092778058055548e-05
        }
      }
    },
    "error": ""
  },
  "saved_at": 1784591017.2632089
}