{
  "program_id": "af294687-7914-47c1-becf-aba18e1d0591",
  "iteration_found": 17,
  "dataset": "Abeta42/inhibition_constraints",
  "plot": "outputs_diff_inhibited_norm/adaevolve/disease_relevant_inhibited_all_normalized_ode_0719_2131/checkpoints/checkpoint_17/iteration_17_best_validation_curves.svg",
  "metrics": {
    "equation": "d(c)/dt = (0.961023592251275 - x4)*(4.8623068548717e-10*x1 + 3.74071526075289*x2 + (3.62234531592793e-8*x1*x4*(0.961023592251275 - x4) + 20.1994807548257*x1*x4*(0.0693260649730474*x2 + 1))/(1.12412744363344e-5*x3*x4**2 + 1.90845559046975*x3 + 1))",
    "loss": 0.09665919551407987,
    "nmse_train": 0.010792304926739401,
    "nmse_val": 0.051148041279422164,
    "mean_nmse_val": 0.051148041279422164,
    "mean_raw_nmse_val": 0.051148041279422164,
    "scored_loss_val": 0.09665919551407987,
    "mean_scored_loss_val": 0.09665919551407987,
    "shape_loss_val": 0.23319265821805296,
    "shape_loss_weight": 0.25,
    "heldout_curve_nmse": 0.051148041279422164,
    "heldout_curve_scored_loss": 0.09665919551407987,
    "heldout_curve_shape_loss": 0.23319265821805296,
    "eval_only_nmse": NaN,
    "eval_only_scored_loss": NaN,
    "eval_only_shape_loss": NaN,
    "combined_score": 0.9118603154840925,
    "fit_score": 0.9118603154840925,
    "eval_time": 23.733906745910645,
    "n_datasets": 1,
    "n_successful": 1,
    "eval_workers": 8,
    "hard_cases": [
      {
        "dataset": "Abeta42/inhibition_constraints",
        "scored_loss_val": 0.09665919551407987,
        "nmse_val": 0.051148041279422164,
        "shape_loss_val": 0.23319265821805296,
        "evaluation_only": false
      }
    ],
    "hard_case_feedback": "Abeta42/inhibition_constraints scored=0.09666 (nmse=0.05115, shape=0.2332)",
    "validation_semantics_feedback": "heldout_curve_scored_loss=0.09666, heldout_curve_nmse=0.05115, heldout_curve_shape=0.2332; eval_only_fit_score_scored_loss=nan, eval_only_nmse=nan, eval_only_shape=nan",
    "per_dataset": {
      "Abeta42/inhibition_constraints": {
        "nmse_train": 0.010792304926739401,
        "nmse_val": 0.051148041279422164,
        "shape_loss_val": 0.23319265821805296,
        "scored_loss_val": 0.09665919551407987,
        "n_val_points": 3610,
        "evaluation_only": false,
        "combined_score": 0.9118603154840925,
        "equation": "d(c)/dt = (0.961023592251275 - x4)*(4.8623068548717e-10*x1 + 3.74071526075289*x2 + (3.62234531592793e-8*x1*x4*(0.961023592251275 - x4) + 20.1994807548257*x1*x4*(0.0693260649730474*x2 + 1))/(1.12412744363344e-5*x3*x4**2 + 1.90845559046975*x3 + 1))",
        "equation_template": "d(c)/dt = (c0 - x4)*(c3**2*x1 + c4**2*x2 + (c5**2*x1*x4*(c6**2*x2 + 1) + c7**2*x1*x4*(c0 - x4))/(c1**2*x3 + c2**2*x3*x4**2 + 1))",
        "constants": {
          "c0": 0.9610235922512754,
          "c1": 1.3814686353550534,
          "c2": -0.0033528009837051694,
          "c3": 2.205063911743082e-05,
          "c4": 1.934092878005835,
          "c5": 4.4943832452101455,
          "c6": -0.2632984332901497,
          "c7": 0.0001903245994591328,
          "c8": 3.0
        }
      }
    },
    "error": ""
  },
  "saved_at": 1784479342.1001558
}