{
  "id": "7720465e-947e-4f3e-9fef-3fad0b8aaed5",
  "generation": 1,
  "iteration": 2,
  "current_iteration": 2,
  "metrics": {
    "combined_score": 0.9573081873736649,
    "n_stage1_datasets": 8.0,
    "n_stage1_successful": 8.0,
    "eval_workers": 8.0,
    "stage1_full_selected_datasets": 1.0,
    "cascade_stage1_time_seconds": 29.122790813446045,
    "cascade_stage1_threshold": 0.15,
    "cascade_stage1_passed": 1.0,
    "loss": 0.025009514116889214,
    "complexity": 15.0,
    "nmse_train": 0.01305744461276233,
    "nmse_val": 0.025009514116889214,
    "mean_nmse_val": 0.025009514116889214,
    "mean_raw_nmse_val": 0.025009514116889214,
    "fit_score": 0.9756007005081935,
    "parsimony_weight": 0.2,
    "parsimony_penalty_factor": 0.98125,
    "eval_time": 133.0071895122528,
    "n_datasets": 41.0,
    "n_successful": 41.0,
    "hard_case_tail_nmse": 0.176231597420183,
    "hard_case_tail_weight": 0.0,
    "per_dataset_nmse_cap": 10.0,
    "cascade_stage2_time_seconds": 133.00781345367432,
    "cascade_total_time_seconds": 162.13060426712036,
    "cascade_stage1_combined_score": 0.9894871498829287
  },
  "language": "python",
  "timestamp": 1781078662.316222,
  "saved_at": 1781078662.3244474
}