{
  "id": "f8bb7016-02c4-43ea-bf31-348e0e0e0c79",
  "generation": 4,
  "iteration": 20,
  "current_iteration": 23,
  "metrics": {
    "combined_score": 0.8398005718373184,
    "n_stage1_datasets": 8.0,
    "n_stage1_successful": 8.0,
    "eval_workers": 8.0,
    "stage1_full_selected_datasets": 1.0,
    "cascade_stage1_time_seconds": 136.3172526359558,
    "cascade_stage1_threshold": 0.15,
    "cascade_stage1_passed": 1.0,
    "loss": 0.13122094918509858,
    "complexity": 40.0,
    "nmse_train": 0.010604250127119049,
    "nmse_val": 0.04421309434947042,
    "mean_nmse_val": 0.04421309434947042,
    "mean_raw_nmse_val": 0.04421309434947042,
    "scored_loss_val": 0.13122094918509858,
    "mean_scored_loss_val": 0.13122094918509858,
    "shape_loss_val": 0.39224451369198315,
    "shape_loss_weight": 0.25,
    "heldout_curve_nmse": 0.12072885382725035,
    "heldout_curve_scored_loss": 0.16617073331501142,
    "heldout_curve_shape_loss": 0.3024963717782947,
    "eval_only_nmse": 0.03169366627051287,
    "eval_only_scored_loss": 0.12550250226938053,
    "eval_only_shape_loss": 0.40692901026598355,
    "fit_score": 0.8840006019340194,
    "parsimony_weight": 0.2,
    "parsimony_penalty_factor": 0.95,
    "eval_time": 535.5929191112518,
    "n_datasets": 22.0,
    "n_successful": 22.0,
    "cascade_stage2_time_seconds": 535.5934426784515,
    "cascade_total_time_seconds": 671.9106953144073,
    "cascade_stage1_combined_score": 0.8224693542466728
  },
  "language": "python",
  "timestamp": 1781896524.432461,
  "saved_at": 1781928650.7793608
}