{
  "num_islands": 2,
  "current_island": 0,
  "iteration_count": 5,
  "global_best_score": 0.8940828988642741,
  "decay": 0.9,
  "intensity_min": 0.15,
  "intensity_max": 0.5,
  "migration_interval": 15,
  "diversity_strategy_type": "code",
  "use_unified_archive": true,
  "use_adaptive_search": true,
  "use_ucb_selection": true,
  "fixed_intensity": 0.4,
  "adapter": {
    "states": [
      {
        "accumulated_signal": 0.09140219869430594,
        "best_score": 0.8912942713229417,
        "improvement_count": 3,
        "total_evaluations": 3,
        "decay": 0.9,
        "epsilon": 1e-08,
        "intensity_min": 0.15,
        "intensity_max": 0.5
      },
      {
        "accumulated_signal": 0.0815252290747299,
        "best_score": 0.8940828988642741,
        "improvement_count": 3,
        "total_evaluations": 3,
        "decay": 0.9,
        "epsilon": 1e-08,
        "intensity_min": 0.15,
        "intensity_max": 0.5
      }
    ],
    "dimension_visits": [
      3,
      3
    ],
    "dimension_rewards": [
      1.2143637806084315,
      0.33562633167400713
    ],
    "decayed_visits": [
      2.71,
      2.71
    ],
    "global_best_score": 0.8940828988642741,
    "ucb_exploration": 1.41,
    "min_visits": 3,
    "decay": 0.9,
    "epsilon": 1e-08
  },
  "island_config_names": [
    "balanced",
    "balanced"
  ],
  "islands": [
    [
      "35dc9e4c-8f11-44dd-9c8c-d24afb7cc45b",
      "0afccf72-a898-4143-851b-e6fefc55431c",
      "c585fda4-100f-4f78-bd32-b6b46aba3bf3"
    ],
    [
      "069ea7bf-0bbd-4958-8797-71ff097fff49",
      "b328372d-efe9-4d0e-81c5-65224d13120b",
      "b382b214-6a60-4610-9b3e-fa1014f1e1e1",
      "71db3eae-ecef-4a5b-8e14-c0cdef561292"
    ]
  ],
  "archive_genealogies": [
    {
      "parents": {
        "35dc9e4c-8f11-44dd-9c8c-d24afb7cc45b": [],
        "0afccf72-a898-4143-851b-e6fefc55431c": [
          "35dc9e4c-8f11-44dd-9c8c-d24afb7cc45b"
        ],
        "c585fda4-100f-4f78-bd32-b6b46aba3bf3": [
          "35dc9e4c-8f11-44dd-9c8c-d24afb7cc45b"
        ]
      },
      "children": {
        "35dc9e4c-8f11-44dd-9c8c-d24afb7cc45b": [
          "0afccf72-a898-4143-851b-e6fefc55431c",
          "c585fda4-100f-4f78-bd32-b6b46aba3bf3"
        ]
      }
    },
    {
      "parents": {
        "069ea7bf-0bbd-4958-8797-71ff097fff49": [],
        "b328372d-efe9-4d0e-81c5-65224d13120b": [
          "069ea7bf-0bbd-4958-8797-71ff097fff49"
        ],
        "b382b214-6a60-4610-9b3e-fa1014f1e1e1": [
          "069ea7bf-0bbd-4958-8797-71ff097fff49"
        ],
        "71db3eae-ecef-4a5b-8e14-c0cdef561292": [
          "b382b214-6a60-4610-9b3e-fa1014f1e1e1"
        ]
      },
      "children": {
        "069ea7bf-0bbd-4958-8797-71ff097fff49": [
          "b328372d-efe9-4d0e-81c5-65224d13120b",
          "b382b214-6a60-4610-9b3e-fa1014f1e1e1"
        ],
        "b382b214-6a60-4610-9b3e-fa1014f1e1e1": [
          "71db3eae-ecef-4a5b-8e14-c0cdef561292"
        ]
      }
    }
  ],
  "use_dynamic_islands": true,
  "max_islands": 5,
  "last_spawn_iteration": -30,
  "use_paradigm_breakthrough": true,
  "paradigm_tracker": {
    "window_size": 10,
    "improvement_threshold": 0.12,
    "max_paradigm_uses": 2,
    "max_tried_paradigms": 10,
    "num_paradigms_to_generate": 3,
    "improvement_history": [
      1.0,
      1.0,
      1.0,
      1.0,
      1.0,
      0.0
    ],
    "active_paradigms": [],
    "paradigm_usage_counts": {},
    "current_paradigm_index": 0,
    "tried_paradigms": [],
    "best_score_at_paradigm_gen": 0.0,
    "best_score_during_paradigm": 0.0
  }
}