{
  "id": "96b347e2-5efe-4457-8866-2af32639012c",
  "generation": 5,
  "iteration": 26,
  "timestamp": 1779969806.5375547,
  "parent_id": "f9275b2a-5a24-4348-9303-52b0b7611787",
  "metrics": {
    "combined_score": 0.8658714051913752,
    "loss": 0.15490590635566673,
    "complexity": 0.0,
    "nmse_train": Infinity,
    "nmse_val": 0.15490590635566673,
    "eval_time": 22.315160512924194,
    "n_datasets": 60.0,
    "n_successful": 60.0,
    "test_combined_score": 0.8658714051913752,
    "test_loss": 0.1549059063556667,
    "test_complexity": 0.0,
    "test_nmse_train": Infinity,
    "test_nmse_val": 0.1549059063556667,
    "test_eval_time": 20.176186561584473,
    "test_n_datasets": 60.0,
    "test_n_successful": 60.0
  },
  "language": "python",
  "saved_at": 1779970090.6337314
}