{
  "id": "af142781-3b07-40b8-8044-98c115a625be",
  "generation": 1,
  "iteration": 3,
  "current_iteration": 3,
  "metrics": {
    "combined_score": 0.48475957003551456,
    "n_stage1_datasets": 8.0,
    "n_stage1_successful": 8.0,
    "eval_workers": 8.0,
    "cascade_stage1_time_seconds": 0.31307029724121094,
    "cascade_stage1_threshold": 0.15,
    "cascade_stage1_passed": 1.0,
    "loss": 0.9958347597534153,
    "complexity": 26.0,
    "nmse_train": Infinity,
    "nmse_val": 0.9958347597534153,
    "fit_score": 0.5010434832408419,
    "parsimony_weight": 0.2,
    "parsimony_penalty_factor": 0.9675,
    "eval_time": 8.200286149978638,
    "n_datasets": 42.0,
    "n_successful": 42.0,
    "cascade_stage2_time_seconds": 8.200719118118286,
    "cascade_total_time_seconds": 8.513789415359497,
    "cascade_stage1_combined_score": 0.3194200459063281
  },
  "language": "python",
  "timestamp": 1780271700.2399905,
  "saved_at": 1780271700.2464414
}