{
  "id": "646e0bae-6074-4929-b3e6-ac1f4aa61e3f",
  "generation": 1,
  "iteration": 3,
  "current_iteration": 3,
  "metrics": {
    "combined_score": 0.7341220506688136,
    "n_stage1_datasets": 8.0,
    "n_stage1_successful": 8.0,
    "eval_workers": 8.0,
    "cascade_stage1_time_seconds": 3.4251868724823,
    "cascade_stage1_threshold": 0.15,
    "cascade_stage1_passed": 1.0,
    "loss": 0.3110898918281029,
    "complexity": 30.0,
    "nmse_train": Infinity,
    "nmse_val": 0.3110898918281029,
    "fit_score": 0.7627242084870791,
    "parsimony_weight": 0.2,
    "parsimony_penalty_factor": 0.9625,
    "eval_time": 39.5261435508728,
    "n_datasets": 60.0,
    "n_successful": 60.0,
    "cascade_stage2_time_seconds": 39.526636362075806,
    "cascade_total_time_seconds": 42.951823234558105,
    "cascade_stage1_combined_score": 0.9177126305443541
  },
  "language": "python",
  "timestamp": 1780039689.6836736,
  "saved_at": 1780039689.6885257
}