{
  "program_id": "ff3f8377-7b18-4ea6-9cce-871defd5d8c8",
  "iteration_found": 20,
  "dataset": "Abeta42/inhibition_constraints",
  "plot": "outputs_diff_inhibited_norm/adaevolve/disease_relevant_inhibited_all_normalized_ode_0704_1057/checkpoints/checkpoint_20/iteration_20_best_validation_curves.svg",
  "metrics": {
    "equation": "d(c)/dt = (0.918872973488006 - x4)*(1028611.34085436*x1 + (14.7893675642569*x1*x4*(0.045256608696265*x2 + 1) + 78.328740647401*x4**2)/(4377.78180533753*x3*x4 + 1713641.6367495*x3 + 1) + 1.22131918066878e-6)",
    "loss": 0.2519539359384472,
    "nmse_train": 0.14361271708264375,
    "nmse_val": 0.23289613125286018,
    "mean_nmse_val": 0.23289613125286018,
    "mean_raw_nmse_val": 0.23289613125286018,
    "scored_loss_val": 0.2519539359384472,
    "mean_scored_loss_val": 0.2519539359384472,
    "shape_loss_val": 0.3091273499952083,
    "shape_loss_weight": 0.25,
    "heldout_curve_nmse": 0.23289613125286018,
    "heldout_curve_scored_loss": 0.2519539359384472,
    "heldout_curve_shape_loss": 0.3091273499952083,
    "eval_only_nmse": NaN,
    "eval_only_scored_loss": NaN,
    "eval_only_shape_loss": NaN,
    "combined_score": 0.7987514326958155,
    "fit_score": 0.7987514326958155,
    "eval_time": 177.76269602775574,
    "n_datasets": 1,
    "n_successful": 1,
    "eval_workers": 8,
    "hard_cases": [
      {
        "dataset": "Abeta42/inhibition_constraints",
        "scored_loss_val": 0.2519539359384472,
        "nmse_val": 0.23289613125286018,
        "shape_loss_val": 0.3091273499952083,
        "evaluation_only": false
      }
    ],
    "hard_case_feedback": "Abeta42/inhibition_constraints scored=0.252 (nmse=0.2329, shape=0.3091)",
    "validation_semantics_feedback": "heldout_curve_scored_loss=0.252, heldout_curve_nmse=0.2329, heldout_curve_shape=0.3091; eval_only_fit_score_scored_loss=nan, eval_only_nmse=nan, eval_only_shape=nan",
    "per_dataset": {
      "Abeta42/inhibition_constraints": {
        "nmse_train": 0.14361271708264375,
        "nmse_val": 0.23289613125286018,
        "shape_loss_val": 0.3091273499952083,
        "scored_loss_val": 0.2519539359384472,
        "n_val_points": 12274,
        "evaluation_only": false,
        "combined_score": 0.7987514326958155,
        "equation": "d(c)/dt = (0.918872973488006 - x4)*(1028611.34085436*x1 + (14.7893675642569*x1*x4*(0.045256608696265*x2 + 1) + 78.328740647401*x4**2)/(4377.78180533753*x3*x4 + 1713641.6367495*x3 + 1) + 1.22131918066878e-6)",
        "equation_template": "d(c)/dt = (c7 - x4)*(c0**2 + c1**2*x1 + (c2**2*x1*x4*(c3**2*x2 + 1) + c6**2*x4**2)/(c4**2*x3 + c5**2*x3*x4 + 1))",
        "constants": {
          "c0": -0.0011051331054080208,
          "c1": 1014.2047825041819,
          "c2": -3.8456946790218454,
          "c3": 0.21273600705161547,
          "c4": 1309.0613571370523,
          "c5": 66.16480790675303,
          "c6": 8.850352571926216,
          "c7": 0.9188729734880063
        }
      }
    },
    "error": ""
  },
  "saved_at": 1783147392.426265
}