{
  "num_islands": 2,
  "current_island": 1,
  "iteration_count": 10,
  "global_best_score": 0.8789343290610115,
  "decay": 0.9,
  "intensity_min": 0.15,
  "intensity_max": 0.5,
  "migration_interval": 15,
  "diversity_strategy_type": "code",
  "use_unified_archive": true,
  "use_adaptive_search": true,
  "use_ucb_selection": true,
  "fixed_intensity": 0.4,
  "adapter": {
    "states": [
      {
        "accumulated_signal": 0.07342268818367033,
        "best_score": 0.877986911073443,
        "improvement_count": 4,
        "total_evaluations": 25,
        "decay": 0.9,
        "epsilon": 1e-08,
        "intensity_min": 0.15,
        "intensity_max": 0.5
      },
      {
        "accumulated_signal": 0.08121387726416618,
        "best_score": 0.8789343290610115,
        "improvement_count": 0,
        "total_evaluations": 0,
        "decay": 0.9,
        "epsilon": 1e-08,
        "intensity_min": 0.15,
        "intensity_max": 0.5
      }
    ],
    "dimension_visits": [
      25,
      0
    ],
    "dimension_rewards": [
      0.09826396447874686,
      0.0
    ],
    "decayed_visits": [
      9.28210201230815,
      0.0
    ],
    "global_best_score": 0.8789343290610115,
    "ucb_exploration": 1.41,
    "min_visits": 3,
    "decay": 0.9,
    "epsilon": 1e-08
  },
  "island_config_names": [
    "balanced",
    "balanced"
  ],
  "islands": [
    [
      "2120f20a-d9cb-4fbe-b0e4-c1c8e6195b53",
      "dc5615da-43c1-4cf4-889f-39d7e88c9aed",
      "cb46bd8f-1a3e-4c76-a26e-74f01c6c7abd",
      "1f6ef824-c1b1-4a52-bdb7-6966f36b1a7a",
      "59fdf774-31e4-429b-8612-72e06dca6d0f",
      "ce54076f-b1af-48cd-8c7a-b361c54f0f70",
      "ada9be07-2826-4b6b-8e51-a2a1f8de2662",
      "1c7214ce-fe3e-478b-bce9-98415bab6c96",
      "71299f37-4006-4484-987a-f3bf8e054eb7",
      "f6f27328-5119-422f-8fc1-28d17f40ee2b",
      "bc0b7498-03ff-42fc-97e1-797a0201997b",
      "55a3cfcd-b605-4731-b0c5-d77145f861c9",
      "39d6b962-7e97-495e-a4d8-fdedaddb29f3",
      "36a3a8cb-9e01-43ca-ab4d-d2115d741587",
      "6e9c9af2-aee1-4fbc-8c35-faee31f19e83",
      "618c8d82-77ae-47d0-afbb-3a3a2015f8b8",
      "2104bfc0-08a6-4fc3-aec5-466621ffdb16",
      "40522a30-1af2-4f4a-87a6-adc4f36a61ba",
      "437fdcf9-1e00-4fab-8ee4-1be9c0d97814",
      "d4dbc23e-32c6-46b0-8e25-f6dcc6a820b9"
    ],
    [
      "b78bbb00-ebb9-4dd1-a88f-96d0d07e9d23",
      "504ffd1e-75b3-46d5-9d7b-cc16a5a11ea9",
      "b3bc7bed-9686-4d12-aef4-3757d82c7fb9",
      "81a86043-5999-41f9-a227-9d71beaae559",
      "ad42dc25-92a0-46cb-8001-325b5a49c165",
      "db1d137d-6636-4657-9183-49a485c5b1bb",
      "65842a92-1836-4e4c-b44f-8f09cf38f8b2",
      "7f79a9f2-952c-4d12-8826-69486d734ab9",
      "0d7ac449-e9ed-40c5-af21-858f6ad196ef",
      "c053f5af-fc19-4d51-9e1a-121e798b16f5",
      "515ccea4-ae54-4e03-b6b4-060b913cb864",
      "81a4a476-b18b-49f6-babf-98191904de37",
      "c5e69245-1e6f-4112-a94c-aa83b4803ded",
      "f1da06f4-9466-419d-9554-c963c213161c",
      "ed95e5c2-7ff4-49fc-8241-fb64413a0e1d",
      "053e00de-28bf-4922-ad9b-715d590029bb",
      "99821077-3b08-4736-86f8-5ea7511258d3",
      "14238173-e354-49cc-8136-60843bade3d0",
      "16ef6f90-0537-4a76-aeec-3efb8491c87c",
      "85a35c44-8819-4f43-b2c6-423748e72359"
    ]
  ],
  "archive_genealogies": [
    {
      "parents": {
        "2120f20a-d9cb-4fbe-b0e4-c1c8e6195b53": [],
        "dc5615da-43c1-4cf4-889f-39d7e88c9aed": [],
        "cb46bd8f-1a3e-4c76-a26e-74f01c6c7abd": [],
        "1f6ef824-c1b1-4a52-bdb7-6966f36b1a7a": [],
        "59fdf774-31e4-429b-8612-72e06dca6d0f": [],
        "ce54076f-b1af-48cd-8c7a-b361c54f0f70": [],
        "ada9be07-2826-4b6b-8e51-a2a1f8de2662": [],
        "1c7214ce-fe3e-478b-bce9-98415bab6c96": [],
        "71299f37-4006-4484-987a-f3bf8e054eb7": [],
        "f6f27328-5119-422f-8fc1-28d17f40ee2b": [],
        "bc0b7498-03ff-42fc-97e1-797a0201997b": [],
        "55a3cfcd-b605-4731-b0c5-d77145f861c9": [],
        "39d6b962-7e97-495e-a4d8-fdedaddb29f3": [],
        "36a3a8cb-9e01-43ca-ab4d-d2115d741587": [],
        "6e9c9af2-aee1-4fbc-8c35-faee31f19e83": [],
        "618c8d82-77ae-47d0-afbb-3a3a2015f8b8": [],
        "2104bfc0-08a6-4fc3-aec5-466621ffdb16": [],
        "40522a30-1af2-4f4a-87a6-adc4f36a61ba": [],
        "437fdcf9-1e00-4fab-8ee4-1be9c0d97814": [],
        "d4dbc23e-32c6-46b0-8e25-f6dcc6a820b9": []
      },
      "children": {}
    },
    {
      "parents": {
        "b78bbb00-ebb9-4dd1-a88f-96d0d07e9d23": [],
        "504ffd1e-75b3-46d5-9d7b-cc16a5a11ea9": [],
        "b3bc7bed-9686-4d12-aef4-3757d82c7fb9": [],
        "81a86043-5999-41f9-a227-9d71beaae559": [],
        "ad42dc25-92a0-46cb-8001-325b5a49c165": [],
        "db1d137d-6636-4657-9183-49a485c5b1bb": [],
        "65842a92-1836-4e4c-b44f-8f09cf38f8b2": [],
        "7f79a9f2-952c-4d12-8826-69486d734ab9": [],
        "0d7ac449-e9ed-40c5-af21-858f6ad196ef": [],
        "c053f5af-fc19-4d51-9e1a-121e798b16f5": [],
        "515ccea4-ae54-4e03-b6b4-060b913cb864": [],
        "81a4a476-b18b-49f6-babf-98191904de37": [],
        "c5e69245-1e6f-4112-a94c-aa83b4803ded": [],
        "f1da06f4-9466-419d-9554-c963c213161c": [],
        "ed95e5c2-7ff4-49fc-8241-fb64413a0e1d": [],
        "053e00de-28bf-4922-ad9b-715d590029bb": [],
        "99821077-3b08-4736-86f8-5ea7511258d3": [],
        "14238173-e354-49cc-8136-60843bade3d0": [],
        "16ef6f90-0537-4a76-aeec-3efb8491c87c": [],
        "85a35c44-8819-4f43-b2c6-423748e72359": []
      },
      "children": {}
    }
  ],
  "use_dynamic_islands": true,
  "max_islands": 5,
  "last_spawn_iteration": -30,
  "use_paradigm_breakthrough": true,
  "paradigm_tracker": {
    "window_size": 10,
    "improvement_threshold": 0.12,
    "max_paradigm_uses": 2,
    "max_tried_paradigms": 10,
    "num_paradigms_to_generate": 3,
    "improvement_history": [
      0.0,
      0.0,
      0.0,
      0.0,
      0.0,
      0.0,
      0.0,
      0.0,
      0.0,
      0.0
    ],
    "active_paradigms": [],
    "paradigm_usage_counts": {},
    "current_paradigm_index": 0,
    "tried_paradigms": [],
    "best_score_at_paradigm_gen": 0.0,
    "best_score_during_paradigm": 0.0
  }
}