{
  "id": "e7697a23-ef1b-43dd-908d-dc0b7c2d768b",
  "generation": 1,
  "iteration": 3,
  "current_iteration": 3,
  "metrics": {
    "combined_score": 0.9422731542639927,
    "loss": 0.061263387877263355,
    "complexity": 0.0,
    "nmse_train": Infinity,
    "nmse_val": 0.061263387877263355,
    "eval_time": 457.7183527946472,
    "n_datasets": 60.0,
    "n_successful": 60.0
  },
  "language": "python",
  "timestamp": 1779837968.1731253,
  "saved_at": 1779837968.1912441
}