{
  "id": "949d194e-5e66-49ac-8a9f-30e1c2da648b",
  "generation": 0,
  "iteration": 0,
  "current_iteration": 1,
  "metrics": {
    "combined_score": 0.8158630509952037,
    "n_stage1_datasets": 8.0,
    "n_stage1_successful": 8.0,
    "eval_workers": 8.0,
    "stage1_full_selected_datasets": 1.0,
    "cascade_stage1_time_seconds": 91.02233219146729,
    "cascade_stage1_threshold": 0.15,
    "cascade_stage1_passed": 1.0,
    "loss": 0.20118198612448415,
    "complexity": 16.0,
    "nmse_train": 1.9262797833247784,
    "nmse_val": 0.20118198612448415,
    "mean_nmse_val": 0.20118198612448415,
    "mean_raw_nmse_val": 0.20118198612448415,
    "fit_score": 0.8325133173420446,
    "parsimony_weight": 0.2,
    "parsimony_penalty_factor": 0.98,
    "eval_time": 162.82258367538452,
    "n_datasets": 22.0,
    "n_successful": 22.0,
    "cascade_stage2_time_seconds": 162.82332968711853,
    "cascade_total_time_seconds": 253.84566187858582,
    "cascade_stage1_combined_score": 0.8390303521878657
  },
  "language": "python",
  "timestamp": 1781877627.9957395,
  "saved_at": 1781878044.8285306
}