{
  "num_islands": 2,
  "current_island": 0,
  "iteration_count": 5,
  "global_best_score": 0.8904588349019349,
  "decay": 0.9,
  "intensity_min": 0.15,
  "intensity_max": 0.5,
  "migration_interval": 15,
  "diversity_strategy_type": "code",
  "use_unified_archive": true,
  "use_adaptive_search": true,
  "use_ucb_selection": true,
  "fixed_intensity": 0.4,
  "adapter": {
    "states": [
      {
        "accumulated_signal": 0.0900165814861546,
        "best_score": 0.8898441495203407,
        "improvement_count": 2,
        "total_evaluations": 4,
        "decay": 0.9,
        "epsilon": 1e-08,
        "intensity_min": 0.15,
        "intensity_max": 0.5
      },
      {
        "accumulated_signal": 0.08101107689349137,
        "best_score": 0.8904588349019349,
        "improvement_count": 2,
        "total_evaluations": 3,
        "decay": 0.9,
        "epsilon": 1e-08,
        "intensity_min": 0.15,
        "intensity_max": 0.5
      }
    ],
    "dimension_visits": [
      4,
      3
    ],
    "dimension_rewards": [
      0.7405892207612236,
      0.012732626222209923
    ],
    "decayed_visits": [
      3.439,
      2.71
    ],
    "global_best_score": 0.8904588349019349,
    "ucb_exploration": 1.41,
    "min_visits": 3,
    "decay": 0.9,
    "epsilon": 1e-08
  },
  "island_config_names": [
    "balanced",
    "balanced"
  ],
  "islands": [
    [
      "910d22df-3c5a-46f4-b4f7-4fb72e132717",
      "9fb0f2ca-247f-4b63-abda-c636655aec04",
      "180963bf-ed9e-4c30-be50-f563e5808d98",
      "68e5bbae-b06a-4747-bebe-44003de6b719"
    ],
    [
      "c373ce4a-5786-41d3-9aed-13b4e98b6312",
      "5fa7b412-574e-4934-8661-fa41e5866566",
      "dfc5c830-795c-40ab-b93c-df4f74c545e1",
      "5559282d-edf7-42eb-b99d-61310070ff99"
    ]
  ],
  "archive_genealogies": [
    {
      "parents": {
        "910d22df-3c5a-46f4-b4f7-4fb72e132717": [],
        "9fb0f2ca-247f-4b63-abda-c636655aec04": [
          "910d22df-3c5a-46f4-b4f7-4fb72e132717"
        ],
        "180963bf-ed9e-4c30-be50-f563e5808d98": [
          "910d22df-3c5a-46f4-b4f7-4fb72e132717"
        ],
        "68e5bbae-b06a-4747-bebe-44003de6b719": [
          "180963bf-ed9e-4c30-be50-f563e5808d98"
        ]
      },
      "children": {
        "910d22df-3c5a-46f4-b4f7-4fb72e132717": [
          "9fb0f2ca-247f-4b63-abda-c636655aec04",
          "180963bf-ed9e-4c30-be50-f563e5808d98"
        ],
        "180963bf-ed9e-4c30-be50-f563e5808d98": [
          "68e5bbae-b06a-4747-bebe-44003de6b719"
        ]
      }
    },
    {
      "parents": {
        "c373ce4a-5786-41d3-9aed-13b4e98b6312": [],
        "5fa7b412-574e-4934-8661-fa41e5866566": [
          "c373ce4a-5786-41d3-9aed-13b4e98b6312"
        ],
        "dfc5c830-795c-40ab-b93c-df4f74c545e1": [
          "c373ce4a-5786-41d3-9aed-13b4e98b6312"
        ],
        "5559282d-edf7-42eb-b99d-61310070ff99": [
          "c373ce4a-5786-41d3-9aed-13b4e98b6312"
        ]
      },
      "children": {
        "c373ce4a-5786-41d3-9aed-13b4e98b6312": [
          "5fa7b412-574e-4934-8661-fa41e5866566",
          "dfc5c830-795c-40ab-b93c-df4f74c545e1",
          "5559282d-edf7-42eb-b99d-61310070ff99"
        ]
      }
    }
  ],
  "use_dynamic_islands": true,
  "max_islands": 5,
  "last_spawn_iteration": -30,
  "use_paradigm_breakthrough": true,
  "paradigm_tracker": {
    "window_size": 10,
    "improvement_threshold": 0.12,
    "max_paradigm_uses": 2,
    "max_tried_paradigms": 10,
    "num_paradigms_to_generate": 3,
    "improvement_history": [
      1.0,
      0.0,
      1.0,
      0.0,
      0.0,
      1.0,
      0.0
    ],
    "active_paradigms": [],
    "paradigm_usage_counts": {},
    "current_paradigm_index": 0,
    "tried_paradigms": [],
    "best_score_at_paradigm_gen": 0.0,
    "best_score_during_paradigm": 0.0
  }
}