{
  "num_islands": 2,
  "current_island": 1,
  "iteration_count": 4,
  "global_best_score": 0.9727543487319268,
  "decay": 0.9,
  "intensity_min": 0.15,
  "intensity_max": 0.5,
  "migration_interval": 15,
  "diversity_strategy_type": "code",
  "use_unified_archive": true,
  "use_adaptive_search": true,
  "use_ucb_selection": true,
  "fixed_intensity": 0.4,
  "adapter": {
    "states": [
      {
        "accumulated_signal": 0.08897781950433187,
        "best_score": 0.7776075146310402,
        "improvement_count": 3,
        "total_evaluations": 3,
        "decay": 0.9,
        "epsilon": 1e-08,
        "intensity_min": 0.15,
        "intensity_max": 0.5
      },
      {
        "accumulated_signal": 0.10141701516319801,
        "best_score": 0.9727543487319268,
        "improvement_count": 3,
        "total_evaluations": 3,
        "decay": 0.9,
        "epsilon": 1e-08,
        "intensity_min": 0.15,
        "intensity_max": 0.5
      }
    ],
    "dimension_visits": [
      3,
      3
    ],
    "dimension_rewards": [
      1.0905400798212557,
      0.3942675288052643
    ],
    "decayed_visits": [
      2.71,
      2.71
    ],
    "global_best_score": 0.9727543487319268,
    "ucb_exploration": 1.41,
    "min_visits": 3,
    "decay": 0.9,
    "epsilon": 1e-08
  },
  "island_config_names": [
    "balanced",
    "balanced"
  ],
  "islands": [
    [
      "47af6e39-0d42-4434-9289-0f76eea54aae",
      "dd2e5261-bb76-47ff-9e80-d74cd37a4bd5",
      "1376065e-ca7c-494c-9306-5efc5bd6d7c3"
    ],
    [
      "14af2b2c-0046-400b-abe0-32aafcc25905",
      "e7697a23-ef1b-43dd-908d-dc0b7c2d768b",
      "22171239-cd09-4095-850e-0b657ee46054",
      "a9c5b8ed-f7df-4a16-bd65-1b8098c14481"
    ]
  ],
  "archive_genealogies": [
    {
      "parents": {
        "47af6e39-0d42-4434-9289-0f76eea54aae": [],
        "dd2e5261-bb76-47ff-9e80-d74cd37a4bd5": [
          "47af6e39-0d42-4434-9289-0f76eea54aae"
        ],
        "1376065e-ca7c-494c-9306-5efc5bd6d7c3": [
          "dd2e5261-bb76-47ff-9e80-d74cd37a4bd5"
        ]
      },
      "children": {
        "47af6e39-0d42-4434-9289-0f76eea54aae": [
          "dd2e5261-bb76-47ff-9e80-d74cd37a4bd5"
        ],
        "dd2e5261-bb76-47ff-9e80-d74cd37a4bd5": [
          "1376065e-ca7c-494c-9306-5efc5bd6d7c3"
        ]
      }
    },
    {
      "parents": {
        "14af2b2c-0046-400b-abe0-32aafcc25905": [],
        "e7697a23-ef1b-43dd-908d-dc0b7c2d768b": [
          "14af2b2c-0046-400b-abe0-32aafcc25905"
        ],
        "22171239-cd09-4095-850e-0b657ee46054": [
          "e7697a23-ef1b-43dd-908d-dc0b7c2d768b"
        ],
        "a9c5b8ed-f7df-4a16-bd65-1b8098c14481": [
          "e7697a23-ef1b-43dd-908d-dc0b7c2d768b"
        ]
      },
      "children": {
        "14af2b2c-0046-400b-abe0-32aafcc25905": [
          "e7697a23-ef1b-43dd-908d-dc0b7c2d768b"
        ],
        "e7697a23-ef1b-43dd-908d-dc0b7c2d768b": [
          "22171239-cd09-4095-850e-0b657ee46054",
          "a9c5b8ed-f7df-4a16-bd65-1b8098c14481"
        ]
      }
    }
  ],
  "use_dynamic_islands": true,
  "max_islands": 5,
  "last_spawn_iteration": -30,
  "use_paradigm_breakthrough": true,
  "paradigm_tracker": {
    "window_size": 10,
    "improvement_threshold": 0.12,
    "max_paradigm_uses": 2,
    "max_tried_paradigms": 10,
    "num_paradigms_to_generate": 3,
    "improvement_history": [
      1.0,
      1.0,
      1.0,
      1.0,
      1.0,
      1.0
    ],
    "active_paradigms": [],
    "paradigm_usage_counts": {},
    "current_paradigm_index": 0,
    "tried_paradigms": [],
    "best_score_at_paradigm_gen": 0.0,
    "best_score_during_paradigm": 0.0
  }
}