{
  "id": "a9c5b8ed-f7df-4a16-bd65-1b8098c14481",
  "generation": 2,
  "iteration": 5,
  "current_iteration": 5,
  "metrics": {
    "combined_score": 0.9727543487319268,
    "loss": 0.0280087684044697,
    "complexity": 0.0,
    "nmse_train": Infinity,
    "nmse_val": 0.0280087684044697,
    "eval_time": 743.8703470230103,
    "n_datasets": 60.0,
    "n_successful": 60.0
  },
  "language": "python",
  "timestamp": 1779839655.381731,
  "saved_at": 1779839655.3966157
}