{
  "id": "dd2e5261-bb76-47ff-9e80-d74cd37a4bd5",
  "generation": 1,
  "iteration": 1,
  "current_iteration": 1,
  "metrics": {
    "combined_score": 0.7677328346321002,
    "loss": 0.30253644873636676,
    "complexity": 0.0,
    "nmse_train": Infinity,
    "nmse_val": 0.30253644873636676,
    "eval_time": 116.21906399726868,
    "n_datasets": 60.0,
    "n_successful": 60.0
  },
  "language": "python",
  "timestamp": 1779837129.461184,
  "saved_at": 1779837129.472785
}