{
  "num_islands": 2,
  "current_island": 1,
  "iteration_count": 8,
  "global_best_score": 0.9696600899115427,
  "decay": 0.9,
  "intensity_min": 0.15,
  "intensity_max": 0.5,
  "migration_interval": 15,
  "diversity_strategy_type": "code",
  "use_unified_archive": true,
  "use_adaptive_search": true,
  "use_ucb_selection": true,
  "fixed_intensity": 0.4,
  "adapter": {
    "states": [
      {
        "accumulated_signal": 0.15390352568246374,
        "best_score": 0.9696600899115427,
        "improvement_count": 4,
        "total_evaluations": 5,
        "decay": 0.9,
        "epsilon": 1e-08,
        "intensity_min": 0.15,
        "intensity_max": 0.5
      },
      {
        "accumulated_signal": 0.13851816534766895,
        "best_score": 0.9696600899115427,
        "improvement_count": 4,
        "total_evaluations": 5,
        "decay": 0.9,
        "epsilon": 1e-08,
        "intensity_min": 0.15,
        "intensity_max": 0.5
      }
    ],
    "dimension_visits": [
      5,
      5
    ],
    "dimension_rewards": [
      1.250896862163122,
      0.6661794188860563
    ],
    "decayed_visits": [
      4.0951,
      4.0951
    ],
    "global_best_score": 0.9696600899115427,
    "ucb_exploration": 1.41,
    "min_visits": 3,
    "decay": 0.9,
    "epsilon": 1e-08
  },
  "island_config_names": [
    "balanced",
    "balanced"
  ],
  "islands": [
    [
      "7768da4e-233f-4eed-a08e-70b5ac667ef9",
      "8bc23a2b-b46e-446c-bda8-27a6dcd06e76",
      "977ad053-74f5-4d4b-9078-8622ddf0e09e",
      "e9f07d0d-9135-4a7e-826f-8eb7dc4298bd",
      "538105b5-e80a-4454-a2fe-6190d8cd2f99"
    ],
    [
      "f4cc1bbc-24bd-4295-a1e5-8e756e9930b9",
      "7720465e-947e-4f3e-9fef-3fad0b8aaed5",
      "cd8a7312-3754-4415-a9fe-e50f72c87540",
      "777f592e-0c1d-4940-ac85-8417d8904c23",
      "ac90f709-5ce5-4a57-8a60-4f8add593b52",
      "e8a42793-244e-4646-be1f-dd7ddb4cde62"
    ]
  ],
  "archive_genealogies": [
    {
      "parents": {
        "7768da4e-233f-4eed-a08e-70b5ac667ef9": [],
        "8bc23a2b-b46e-446c-bda8-27a6dcd06e76": [
          "7768da4e-233f-4eed-a08e-70b5ac667ef9"
        ],
        "977ad053-74f5-4d4b-9078-8622ddf0e09e": [
          "7768da4e-233f-4eed-a08e-70b5ac667ef9"
        ],
        "e9f07d0d-9135-4a7e-826f-8eb7dc4298bd": [
          "977ad053-74f5-4d4b-9078-8622ddf0e09e"
        ],
        "538105b5-e80a-4454-a2fe-6190d8cd2f99": [
          "e9f07d0d-9135-4a7e-826f-8eb7dc4298bd"
        ]
      },
      "children": {
        "7768da4e-233f-4eed-a08e-70b5ac667ef9": [
          "8bc23a2b-b46e-446c-bda8-27a6dcd06e76",
          "977ad053-74f5-4d4b-9078-8622ddf0e09e"
        ],
        "977ad053-74f5-4d4b-9078-8622ddf0e09e": [
          "e9f07d0d-9135-4a7e-826f-8eb7dc4298bd"
        ],
        "e9f07d0d-9135-4a7e-826f-8eb7dc4298bd": [
          "538105b5-e80a-4454-a2fe-6190d8cd2f99"
        ]
      }
    },
    {
      "parents": {
        "f4cc1bbc-24bd-4295-a1e5-8e756e9930b9": [],
        "7720465e-947e-4f3e-9fef-3fad0b8aaed5": [
          "f4cc1bbc-24bd-4295-a1e5-8e756e9930b9"
        ],
        "cd8a7312-3754-4415-a9fe-e50f72c87540": [
          "7720465e-947e-4f3e-9fef-3fad0b8aaed5"
        ],
        "777f592e-0c1d-4940-ac85-8417d8904c23": [
          "cd8a7312-3754-4415-a9fe-e50f72c87540"
        ],
        "ac90f709-5ce5-4a57-8a60-4f8add593b52": [
          "777f592e-0c1d-4940-ac85-8417d8904c23"
        ],
        "e8a42793-244e-4646-be1f-dd7ddb4cde62": [
          "ac90f709-5ce5-4a57-8a60-4f8add593b52"
        ]
      },
      "children": {
        "f4cc1bbc-24bd-4295-a1e5-8e756e9930b9": [
          "7720465e-947e-4f3e-9fef-3fad0b8aaed5"
        ],
        "7720465e-947e-4f3e-9fef-3fad0b8aaed5": [
          "cd8a7312-3754-4415-a9fe-e50f72c87540"
        ],
        "cd8a7312-3754-4415-a9fe-e50f72c87540": [
          "777f592e-0c1d-4940-ac85-8417d8904c23"
        ],
        "777f592e-0c1d-4940-ac85-8417d8904c23": [
          "ac90f709-5ce5-4a57-8a60-4f8add593b52"
        ],
        "ac90f709-5ce5-4a57-8a60-4f8add593b52": [
          "e8a42793-244e-4646-be1f-dd7ddb4cde62"
        ]
      }
    }
  ],
  "use_dynamic_islands": true,
  "max_islands": 5,
  "last_spawn_iteration": -30,
  "use_paradigm_breakthrough": true,
  "paradigm_tracker": {
    "window_size": 10,
    "improvement_threshold": 0.12,
    "max_paradigm_uses": 2,
    "max_tried_paradigms": 10,
    "num_paradigms_to_generate": 3,
    "improvement_history": [
      1.0,
      0.0,
      1.0,
      1.0,
      0.0,
      1.0,
      0.0,
      1.0,
      0.0,
      0.0
    ],
    "active_paradigms": [],
    "paradigm_usage_counts": {},
    "current_paradigm_index": 0,
    "tried_paradigms": [],
    "best_score_at_paradigm_gen": 0.0,
    "best_score_during_paradigm": 0.0
  }
}