{
  "num_islands": 2,
  "current_island": 0,
  "iteration_count": 8,
  "global_best_score": 0.6883608281548143,
  "decay": 0.9,
  "intensity_min": 0.15,
  "intensity_max": 0.5,
  "migration_interval": 15,
  "diversity_strategy_type": "code",
  "use_unified_archive": true,
  "use_adaptive_search": true,
  "use_ucb_selection": true,
  "fixed_intensity": 0.4,
  "adapter": {
    "states": [
      {
        "accumulated_signal": 0.0909809968349309,
        "best_score": 0.6503469856594043,
        "improvement_count": 2,
        "total_evaluations": 6,
        "decay": 0.9,
        "epsilon": 1e-08,
        "intensity_min": 0.15,
        "intensity_max": 0.5
      },
      {
        "accumulated_signal": 0.08311710619363946,
        "best_score": 0.6883608281548143,
        "improvement_count": 2,
        "total_evaluations": 4,
        "decay": 0.9,
        "epsilon": 1e-08,
        "intensity_min": 0.15,
        "intensity_max": 0.5
      }
    ],
    "dimension_visits": [
      6,
      4
    ],
    "dimension_rewards": [
      0.6756326571330341,
      0.1578472304772002
    ],
    "decayed_visits": [
      4.68559,
      3.439
    ],
    "global_best_score": 0.6883608281548143,
    "ucb_exploration": 1.41,
    "min_visits": 3,
    "decay": 0.9,
    "epsilon": 1e-08
  },
  "island_config_names": [
    "balanced",
    "balanced"
  ],
  "islands": [
    [
      "1b546c27-b9e1-4c38-b0df-e0fe8520f02f",
      "896a50e1-f056-4165-a575-94690dd555e2",
      "839cfc04-b170-4d81-842f-3993ac6acd88",
      "6b81e8f1-e901-4291-9aab-7dc897139659",
      "7f619dfe-f4e9-41f5-9c82-3ab28ab89e1f",
      "b9658d64-6565-4941-999e-f3d7c50f959b"
    ],
    [
      "11eec953-d69c-4fee-8fce-d1ab0c2ba014",
      "26da2746-b689-4e78-b2a4-9a14299c4472",
      "fe4bc909-fd6e-42cf-a75b-4ee5d4f4f347",
      "29b8cc22-fb21-4ef4-abdc-37b6c99a4e7b",
      "ec6a2d27-5eed-4f82-8d34-2dfba55a416b"
    ]
  ],
  "archive_genealogies": [
    {
      "parents": {
        "1b546c27-b9e1-4c38-b0df-e0fe8520f02f": [],
        "896a50e1-f056-4165-a575-94690dd555e2": [
          "1b546c27-b9e1-4c38-b0df-e0fe8520f02f"
        ],
        "839cfc04-b170-4d81-842f-3993ac6acd88": [
          "1b546c27-b9e1-4c38-b0df-e0fe8520f02f"
        ],
        "6b81e8f1-e901-4291-9aab-7dc897139659": [
          "896a50e1-f056-4165-a575-94690dd555e2"
        ],
        "7f619dfe-f4e9-41f5-9c82-3ab28ab89e1f": [
          "839cfc04-b170-4d81-842f-3993ac6acd88"
        ],
        "b9658d64-6565-4941-999e-f3d7c50f959b": [
          "1b546c27-b9e1-4c38-b0df-e0fe8520f02f"
        ]
      },
      "children": {
        "1b546c27-b9e1-4c38-b0df-e0fe8520f02f": [
          "896a50e1-f056-4165-a575-94690dd555e2",
          "839cfc04-b170-4d81-842f-3993ac6acd88",
          "b9658d64-6565-4941-999e-f3d7c50f959b"
        ],
        "896a50e1-f056-4165-a575-94690dd555e2": [
          "6b81e8f1-e901-4291-9aab-7dc897139659"
        ],
        "839cfc04-b170-4d81-842f-3993ac6acd88": [
          "7f619dfe-f4e9-41f5-9c82-3ab28ab89e1f"
        ]
      }
    },
    {
      "parents": {
        "11eec953-d69c-4fee-8fce-d1ab0c2ba014": [],
        "26da2746-b689-4e78-b2a4-9a14299c4472": [
          "11eec953-d69c-4fee-8fce-d1ab0c2ba014"
        ],
        "fe4bc909-fd6e-42cf-a75b-4ee5d4f4f347": [
          "26da2746-b689-4e78-b2a4-9a14299c4472"
        ],
        "29b8cc22-fb21-4ef4-abdc-37b6c99a4e7b": [
          "11eec953-d69c-4fee-8fce-d1ab0c2ba014"
        ],
        "ec6a2d27-5eed-4f82-8d34-2dfba55a416b": [
          "fe4bc909-fd6e-42cf-a75b-4ee5d4f4f347"
        ]
      },
      "children": {
        "11eec953-d69c-4fee-8fce-d1ab0c2ba014": [
          "26da2746-b689-4e78-b2a4-9a14299c4472",
          "29b8cc22-fb21-4ef4-abdc-37b6c99a4e7b"
        ],
        "26da2746-b689-4e78-b2a4-9a14299c4472": [
          "fe4bc909-fd6e-42cf-a75b-4ee5d4f4f347"
        ],
        "fe4bc909-fd6e-42cf-a75b-4ee5d4f4f347": [
          "ec6a2d27-5eed-4f82-8d34-2dfba55a416b"
        ]
      }
    }
  ],
  "use_dynamic_islands": true,
  "max_islands": 5,
  "last_spawn_iteration": -30,
  "use_paradigm_breakthrough": true,
  "paradigm_tracker": {
    "window_size": 10,
    "improvement_threshold": 0.12,
    "max_paradigm_uses": 2,
    "max_tried_paradigms": 10,
    "num_paradigms_to_generate": 3,
    "improvement_history": [
      1.0,
      0.0,
      0.0,
      0.0,
      1.0,
      0.0,
      0.0,
      0.0,
      1.0,
      0.0
    ],
    "active_paradigms": [],
    "paradigm_usage_counts": {},
    "current_paradigm_index": 0,
    "tried_paradigms": [],
    "best_score_at_paradigm_gen": 0.0,
    "best_score_during_paradigm": 0.0
  }
}