{
  "program_id": "a1f44af3-8a3a-4984-a32d-e8909265a6b2",
  "iteration_found": 32,
  "dataset": "Abeta42/inhibition_constraints",
  "plot": "outputs_diff_inhibited_norm/adaevolve/disease_relevant_inhibited_all_normalized_ode_0721_0426/checkpoints/checkpoint_32/iteration_32_best_validation_curves.svg",
  "metrics": {
    "equation": "d(c)/dt = (0.971143934148478 - x4)*(5.38094369939411*x0**1.40754457078375*x1*x4*sqrt(x4**2 + 13.4358575195697)/((x0**1.40754457078375 + (3.73417058572212e-10*x3**2 + 0.0225012368486937*x3 + 0.00326007325387317)**1.40754457078375)*(0.725989451636751*x3 + 1)*(0.448536677714845*x4 + 1)) + 5.36871949559385e-6*x1 + 7.58698703893072*x2)",
    "loss": 0.04317189556894236,
    "nmse_train": 0.009878289039951907,
    "nmse_val": 0.00238490018130182,
    "mean_nmse_val": 0.00238490018130182,
    "mean_raw_nmse_val": 0.00238490018130182,
    "scored_loss_val": 0.04317189556894236,
    "mean_scored_loss_val": 0.04317189556894236,
    "shape_loss_val": 0.16553288173186398,
    "shape_loss_weight": 0.25,
    "heldout_curve_nmse": 0.00238490018130182,
    "heldout_curve_scored_loss": 0.04317189556894236,
    "heldout_curve_shape_loss": 0.16553288173186398,
    "eval_only_nmse": NaN,
    "eval_only_scored_loss": NaN,
    "eval_only_shape_loss": NaN,
    "combined_score": 0.9586147827099994,
    "fit_score": 0.9586147827099994,
    "eval_time": 79.62857723236084,
    "n_datasets": 1,
    "n_successful": 1,
    "eval_workers": 8,
    "hard_cases": [
      {
        "dataset": "Abeta42/inhibition_constraints",
        "scored_loss_val": 0.04317189556894236,
        "nmse_val": 0.00238490018130182,
        "shape_loss_val": 0.16553288173186398,
        "evaluation_only": false
      }
    ],
    "hard_case_feedback": "Abeta42/inhibition_constraints scored=0.04317 (nmse=0.002385, shape=0.1655)",
    "validation_semantics_feedback": "heldout_curve_scored_loss=0.04317, heldout_curve_nmse=0.002385, heldout_curve_shape=0.1655; eval_only_fit_score_scored_loss=nan, eval_only_nmse=nan, eval_only_shape=nan",
    "per_dataset": {
      "Abeta42/inhibition_constraints": {
        "nmse_train": 0.009878289039951907,
        "nmse_val": 0.00238490018130182,
        "shape_loss_val": 0.16553288173186398,
        "scored_loss_val": 0.04317189556894236,
        "n_val_points": 1805,
        "evaluation_only": false,
        "combined_score": 0.9586147827099994,
        "equation": "d(c)/dt = (0.971143934148478 - x4)*(5.38094369939411*x0**1.40754457078375*x1*x4*sqrt(x4**2 + 13.4358575195697)/((x0**1.40754457078375 + (3.73417058572212e-10*x3**2 + 0.0225012368486937*x3 + 0.00326007325387317)**1.40754457078375)*(0.725989451636751*x3 + 1)*(0.448536677714845*x4 + 1)) + 5.36871949559385e-6*x1 + 7.58698703893072*x2)",
        "equation_template": "d(c)/dt = (c5 - x4)*(c2**2*x1 + c3**2*x2 + c4**2*x0**(c9**2 + 1)*x1*x4*sqrt(c0**2 + x4**2)/((x0**(c9**2 + 1) + (c6**2*(c10**2*x3**2 + c7**2*x3 + 1))**(c9**2 + 1))*(c1**2*x3 + 1)*(c8**2*x4 + 1)))",
        "constants": {
          "c0": -3.6654955353362055,
          "c1": 0.8520501461984212,
          "c2": 0.002317049739559739,
          "c3": 2.7544485907220553,
          "c4": -2.3196861208780186,
          "c5": 0.9711439341484776,
          "c6": -0.057097051183692266,
          "c7": 2.627178105743661,
          "c8": 0.6697288090823368,
          "c9": 0.6383921763177758,
          "c10": -0.00033844133341230697
        }
      }
    },
    "error": ""
  },
  "saved_at": 1784593823.109531
}