{
  "id": "d4182815-a8d8-4e61-bc2d-c5106dc2aefe",
  "generation": 3,
  "iteration": 19,
  "current_iteration": 35,
  "metrics": {
    "equation": "d(c)/dt = (0.922529162818338 - x4)*(87785.7817490092*x1*x4*(x4 + 185.408134899105)/(63.5051782081163*x3*x4 + 2062959.50685075*x3 + 1) + (89.2531755749964*x1 + 7351210.15930245*x2 + 0.557962479514987)*exp(-5.55768109273295*x0*x3))",
    "loss": 0.06944809762419403,
    "nmse_train": 0.03710603279465883,
    "nmse_val": 0.05892057477870055,
    "mean_nmse_val": 0.05892057477870055,
    "mean_raw_nmse_val": 0.05892057477870055,
    "scored_loss_val": 0.06944809762419403,
    "mean_scored_loss_val": 0.06944809762419403,
    "shape_loss_val": 0.10103066616067446,
    "shape_loss_weight": 0.25,
    "heldout_curve_nmse": 0.05892057477870055,
    "heldout_curve_scored_loss": 0.06944809762419403,
    "heldout_curve_shape_loss": 0.10103066616067446,
    "eval_only_nmse": NaN,
    "eval_only_scored_loss": NaN,
    "eval_only_shape_loss": NaN,
    "combined_score": 0.9350617409311637,
    "fit_score": 0.9350617409311637,
    "eval_time": 114.03392386436462,
    "n_datasets": 1,
    "n_successful": 1,
    "eval_workers": 8,
    "hard_cases": [
      {
        "dataset": "Abeta42/inhibition_constraints",
        "scored_loss_val": 0.06944809762419403,
        "nmse_val": 0.05892057477870055,
        "shape_loss_val": 0.10103066616067446,
        "evaluation_only": false
      }
    ],
    "hard_case_feedback": "Abeta42/inhibition_constraints scored=0.06945 (nmse=0.05892, shape=0.101)",
    "validation_semantics_feedback": "heldout_curve_scored_loss=0.06945, heldout_curve_nmse=0.05892, heldout_curve_shape=0.101; eval_only_fit_score_scored_loss=nan, eval_only_nmse=nan, eval_only_shape=nan",
    "per_dataset": {
      "Abeta42/inhibition_constraints": {
        "nmse_train": 0.03710603279465883,
        "nmse_val": 0.05892057477870055,
        "shape_loss_val": 0.10103066616067446,
        "scored_loss_val": 0.06944809762419403,
        "n_val_points": 680,
        "evaluation_only": false,
        "combined_score": 0.9350617409311637,
        "equation": "d(c)/dt = (0.922529162818338 - x4)*(87785.7817490092*x1*x4*(x4 + 185.408134899105)/(63.5051782081163*x3*x4 + 2062959.50685075*x3 + 1) + (89.2531755749964*x1 + 7351210.15930245*x2 + 0.557962479514987)*exp(-5.55768109273295*x0*x3))",
        "equation_template": "d(c)/dt = (c0 - x4)*(c4**2*x1*x4*(c5**2 + x4)/(c6**2*x3 + c7**2*x3*x4 + 1) + (c1**2*x1 + c2**2*x2 + c3**2)*exp(-c8**2*x0*x3))",
        "constants": {
          "c0": 0.9225291628183377,
          "c1": -9.44738988160203,
          "c2": 2711.3115201508017,
          "c3": 0.7469688611414715,
          "c4": 296.2866546927303,
          "c5": -13.6164655802857,
          "c6": 1436.3006324759278,
          "c7": 7.969013628305344,
          "c8": -2.357473455361259
        }
      }
    },
    "error": ""
  },
  "language": "python",
  "timestamp": 1783071625.6352627,
  "saved_at": 1783075706.234992
}