{
  "program_id": "4ae53f4f-1a32-46fa-bdd8-34042c506fa7",
  "iteration_found": 7,
  "dataset": "Abeta42/inhibition_constraints",
  "plot": "outputs_diff_inhibited_norm/adaevolve/disease_relevant_inhibited_all_normalized_ode_0720_0232/checkpoints/checkpoint_7/iteration_7_best_validation_curves.svg",
  "metrics": {
    "equation": "d(c)/dt = (0.971271539517509 - x4)*(11.9353505619097*x1*x4*(8.52345776918724e-8*x2 + x4 + 1)/(0.659659566864892*x3*x4 + 0.860024814161608*x3 + 1) + 1.13467053251316e-7*x1 + 0.900170670643597*x2 + 5.0374612187527e-7)",
    "loss": 0.04807164582807346,
    "nmse_train": 0.010264086386819608,
    "nmse_val": 0.005871571190119613,
    "mean_nmse_val": 0.005871571190119613,
    "mean_raw_nmse_val": 0.005871571190119613,
    "scored_loss_val": 0.04807164582807346,
    "mean_scored_loss_val": 0.04807164582807346,
    "shape_loss_val": 0.174671869741935,
    "shape_loss_weight": 0.25,
    "heldout_curve_nmse": 0.005871571190119613,
    "heldout_curve_scored_loss": 0.04807164582807346,
    "heldout_curve_shape_loss": 0.174671869741935,
    "eval_only_nmse": NaN,
    "eval_only_scored_loss": NaN,
    "eval_only_shape_loss": NaN,
    "combined_score": 0.9541332445931285,
    "fit_score": 0.9541332445931285,
    "eval_time": 7.256500005722046,
    "n_datasets": 1,
    "n_successful": 1,
    "eval_workers": 8,
    "hard_cases": [
      {
        "dataset": "Abeta42/inhibition_constraints",
        "scored_loss_val": 0.04807164582807346,
        "nmse_val": 0.005871571190119613,
        "shape_loss_val": 0.174671869741935,
        "evaluation_only": false
      }
    ],
    "hard_case_feedback": "Abeta42/inhibition_constraints scored=0.04807 (nmse=0.005872, shape=0.1747)",
    "validation_semantics_feedback": "heldout_curve_scored_loss=0.04807, heldout_curve_nmse=0.005872, heldout_curve_shape=0.1747; eval_only_fit_score_scored_loss=nan, eval_only_nmse=nan, eval_only_shape=nan",
    "per_dataset": {
      "Abeta42/inhibition_constraints": {
        "nmse_train": 0.010264086386819608,
        "nmse_val": 0.005871571190119613,
        "shape_loss_val": 0.174671869741935,
        "scored_loss_val": 0.04807164582807346,
        "n_val_points": 1805,
        "evaluation_only": false,
        "combined_score": 0.9541332445931285,
        "equation": "d(c)/dt = (0.971271539517509 - x4)*(11.9353505619097*x1*x4*(8.52345776918724e-8*x2 + x4 + 1)/(0.659659566864892*x3*x4 + 0.860024814161608*x3 + 1) + 1.13467053251316e-7*x1 + 0.900170670643597*x2 + 5.0374612187527e-7)",
        "equation_template": "d(c)/dt = (c0 - x4)*(c3**2 + c4**2*x1 + c5**2*x2 + c6**2*x1*x4*(c7**2*x2 + x4 + 1)/(c1**2*x3 + c2**2*x3*x4 + 1))",
        "constants": {
          "c0": 0.9712715395175092,
          "c1": 0.927375228352369,
          "c2": 0.812194291327446,
          "c3": -0.0007097507463013124,
          "c4": 0.0003368487097367536,
          "c5": 0.9487732451137086,
          "c6": 3.454757670504499,
          "c7": -0.0002919496149883956
        }
      }
    },
    "error": ""
  },
  "saved_at": 1784495830.06637
}