{
  "id": "ac3ac6f2-2e8b-4b35-a518-b97479c8e15e",
  "generation": 1,
  "iteration": 2,
  "timestamp": 1779725716.7625773,
  "parent_id": "e7b068d8-213b-4f5a-a026-8d0ea7577058",
  "metrics": {
    "combined_score": 0.9740260519261095,
    "loss": 0.026666584556468212,
    "complexity": 0.0,
    "nmse_train": Infinity,
    "nmse_val": 0.026666584556468212,
    "eval_time": 144.51622581481934,
    "n_datasets": 60.0,
    "n_successful": 60.0,
    "test_combined_score": 0.9740260519261095,
    "test_loss": 0.02666658455646821,
    "test_complexity": 0.0,
    "test_nmse_train": Infinity,
    "test_nmse_val": 0.02666658455646821,
    "test_eval_time": 102.91984605789185,
    "test_n_datasets": 60.0,
    "test_n_successful": 60.0
  },
  "language": "python",
  "saved_at": 1779728327.7817461
}