{
  "num_islands": 2,
  "current_island": 0,
  "iteration_count": 5,
  "global_best_score": 0.8799464350017691,
  "decay": 0.9,
  "intensity_min": 0.15,
  "intensity_max": 0.5,
  "migration_interval": 15,
  "diversity_strategy_type": "code",
  "use_unified_archive": true,
  "use_adaptive_search": true,
  "use_ucb_selection": true,
  "fixed_intensity": 0.4,
  "adapter": {
    "states": [
      {
        "accumulated_signal": 0.09009446015073494,
        "best_score": 0.8799464350017691,
        "improvement_count": 2,
        "total_evaluations": 4,
        "decay": 0.9,
        "epsilon": 1e-08,
        "intensity_min": 0.15,
        "intensity_max": 0.5
      },
      {
        "accumulated_signal": 0.09999999999999998,
        "best_score": 0.853708249374265,
        "improvement_count": 0,
        "total_evaluations": 3,
        "decay": 0.9,
        "epsilon": 1e-08,
        "intensity_min": 0.15,
        "intensity_max": 0.5
      }
    ],
    "dimension_visits": [
      4,
      3
    ],
    "dimension_rewards": [
      0.7597343701310043,
      0.0
    ],
    "decayed_visits": [
      3.439,
      2.71
    ],
    "global_best_score": 0.8799464350017691,
    "ucb_exploration": 1.41,
    "min_visits": 3,
    "decay": 0.9,
    "epsilon": 1e-08
  },
  "island_config_names": [
    "balanced",
    "balanced"
  ],
  "islands": [
    [
      "c85394b1-7db3-4da9-8ebc-9aab4ca306c4",
      "a838a513-1d5c-4af7-a00a-d462b7673e77",
      "87c51562-1a04-4c14-b0bd-5ac666db463f",
      "c5fa255b-0a9b-44ce-af44-0f960dcdf04e"
    ],
    [
      "97ec5991-7855-4ce4-844c-e8cc33207432",
      "6e669a32-ee5e-43d9-a2d3-9aba648da03c",
      "f3c162e4-4081-4903-bf86-c629be52cc2e",
      "f2a00a55-4db4-4663-a22b-dc6cd90a3761"
    ]
  ],
  "archive_genealogies": [
    {
      "parents": {
        "c85394b1-7db3-4da9-8ebc-9aab4ca306c4": [],
        "a838a513-1d5c-4af7-a00a-d462b7673e77": [
          "c85394b1-7db3-4da9-8ebc-9aab4ca306c4"
        ],
        "87c51562-1a04-4c14-b0bd-5ac666db463f": [
          "a838a513-1d5c-4af7-a00a-d462b7673e77"
        ],
        "c5fa255b-0a9b-44ce-af44-0f960dcdf04e": [
          "87c51562-1a04-4c14-b0bd-5ac666db463f"
        ]
      },
      "children": {
        "c85394b1-7db3-4da9-8ebc-9aab4ca306c4": [
          "a838a513-1d5c-4af7-a00a-d462b7673e77"
        ],
        "a838a513-1d5c-4af7-a00a-d462b7673e77": [
          "87c51562-1a04-4c14-b0bd-5ac666db463f"
        ],
        "87c51562-1a04-4c14-b0bd-5ac666db463f": [
          "c5fa255b-0a9b-44ce-af44-0f960dcdf04e"
        ]
      }
    },
    {
      "parents": {
        "97ec5991-7855-4ce4-844c-e8cc33207432": [],
        "6e669a32-ee5e-43d9-a2d3-9aba648da03c": [
          "97ec5991-7855-4ce4-844c-e8cc33207432"
        ],
        "f3c162e4-4081-4903-bf86-c629be52cc2e": [
          "97ec5991-7855-4ce4-844c-e8cc33207432"
        ],
        "f2a00a55-4db4-4663-a22b-dc6cd90a3761": [
          "97ec5991-7855-4ce4-844c-e8cc33207432"
        ]
      },
      "children": {
        "97ec5991-7855-4ce4-844c-e8cc33207432": [
          "6e669a32-ee5e-43d9-a2d3-9aba648da03c",
          "f3c162e4-4081-4903-bf86-c629be52cc2e",
          "f2a00a55-4db4-4663-a22b-dc6cd90a3761"
        ]
      }
    }
  ],
  "use_dynamic_islands": true,
  "max_islands": 5,
  "last_spawn_iteration": -30,
  "use_paradigm_breakthrough": true,
  "paradigm_tracker": {
    "window_size": 10,
    "improvement_threshold": 0.12,
    "max_paradigm_uses": 2,
    "max_tried_paradigms": 10,
    "num_paradigms_to_generate": 3,
    "improvement_history": [
      1.0,
      0.0,
      0.0,
      0.0,
      0.0,
      0.0,
      1.0
    ],
    "active_paradigms": [],
    "paradigm_usage_counts": {},
    "current_paradigm_index": 0,
    "tried_paradigms": [],
    "best_score_at_paradigm_gen": 0.0,
    "best_score_during_paradigm": 0.0
  }
}