{
  "id": "0f26a32e-4acf-4a31-a495-598ee5a4e68a",
  "generation": 3,
  "iteration": 20,
  "current_iteration": 22,
  "metrics": {
    "equation": "d(c)/dt = (0.971117839442166 - x4)*(5.77347370810233*x0*x1*x4*sqrt(x4**2 + 15.0562459857354)/((0.641161056644649*x3 + 1)*(x4*(3.15708648035412e-13*x3 + 0.537019244398391) + 1)*(x0 + 0.031461402622271*x3 + 0.00364011086775049)) + 1.35307684823257e-5*x1 + 7.55683349490095*x2)",
    "loss": 0.04326083927718953,
    "nmse_train": 0.009781104602337002,
    "nmse_val": 0.002404178486756903,
    "mean_nmse_val": 0.002404178486756903,
    "mean_raw_nmse_val": 0.002404178486756903,
    "scored_loss_val": 0.04326083927718953,
    "mean_scored_loss_val": 0.04326083927718953,
    "shape_loss_val": 0.16583082164848742,
    "shape_loss_weight": 0.25,
    "heldout_curve_nmse": 0.002404178486756903,
    "heldout_curve_scored_loss": 0.04326083927718953,
    "heldout_curve_shape_loss": 0.16583082164848742,
    "eval_only_nmse": NaN,
    "eval_only_scored_loss": NaN,
    "eval_only_shape_loss": NaN,
    "combined_score": 0.9585330555423106,
    "fit_score": 0.9585330555423106,
    "eval_time": 65.837975025177,
    "n_datasets": 1,
    "n_successful": 1,
    "eval_workers": 8,
    "hard_cases": [
      {
        "dataset": "Abeta42/inhibition_constraints",
        "scored_loss_val": 0.04326083927718953,
        "nmse_val": 0.002404178486756903,
        "shape_loss_val": 0.16583082164848742,
        "evaluation_only": false
      }
    ],
    "hard_case_feedback": "Abeta42/inhibition_constraints scored=0.04326 (nmse=0.002404, shape=0.1658)",
    "validation_semantics_feedback": "heldout_curve_scored_loss=0.04326, heldout_curve_nmse=0.002404, heldout_curve_shape=0.1658; eval_only_fit_score_scored_loss=nan, eval_only_nmse=nan, eval_only_shape=nan",
    "per_dataset": {
      "Abeta42/inhibition_constraints": {
        "nmse_train": 0.009781104602337002,
        "nmse_val": 0.002404178486756903,
        "shape_loss_val": 0.16583082164848742,
        "scored_loss_val": 0.04326083927718953,
        "n_val_points": 1805,
        "evaluation_only": false,
        "combined_score": 0.9585330555423106,
        "equation": "d(c)/dt = (0.971117839442166 - x4)*(5.77347370810233*x0*x1*x4*sqrt(x4**2 + 15.0562459857354)/((0.641161056644649*x3 + 1)*(x4*(3.15708648035412e-13*x3 + 0.537019244398391) + 1)*(x0 + 0.031461402622271*x3 + 0.00364011086775049)) + 1.35307684823257e-5*x1 + 7.55683349490095*x2)",
        "equation_template": "d(c)/dt = (c5 - x4)*(c2**2*x1 + c3**2*x2 + c4**2*x0*x1*x4*sqrt(c0**2 + x4**2)/((c1**2*x3 + 1)*(c6**2*(c7**2*x3 + 1) + x0)*(x4*(c8**2 + c9**2*x3) + 1)))",
        "constants": {
          "c0": 3.8802378774677457,
          "c1": 0.8007253315867113,
          "c2": 0.003678419291261627,
          "c3": 2.7489695332798703,
          "c4": 2.402805382901896,
          "c5": 0.9711178394421662,
          "c6": 0.06033333131653253,
          "c7": 2.9398944248539687,
          "c8": -0.7328159689842948,
          "c9": 5.618795671987122e-07
        }
      }
    },
    "error": ""
  },
  "language": "python",
  "timestamp": 1784591677.90468,
  "saved_at": 1784592009.481904
}