{
  "program_id": "faa3a63b-76d3-45a4-963b-692434ceb2be",
  "iteration_found": 22,
  "dataset": "Abeta42/inhibition_constraints",
  "plot": "outputs_diff_inhibited_norm/adaevolve/disease_relevant_inhibited_all_normalized_ode_0721_0426/checkpoints/checkpoint_22/iteration_22_best_validation_curves.svg",
  "metrics": {
    "equation": "d(c)/dt = (0.970605342932501 - x4)*(4.58348484747699*x0*x1*x4*sqrt(x4**2 + 14.1714157016986)/((0.907190461307712*x3 + 1)*(1.36020030743262e-5*x3*sqrt(x4**2 + 14.1714157016986) + 1)*(x0 + 0.00926347698973128*x3 + 0.00175173774301141)) + 7.5516028880922e-14*x1 + 5.51862448746798*x2)",
    "loss": 0.043700150044508064,
    "nmse_train": 0.01001936475186419,
    "nmse_val": 0.0024944764842495023,
    "mean_nmse_val": 0.0024944764842495023,
    "mean_raw_nmse_val": 0.0024944764842495023,
    "scored_loss_val": 0.043700150044508064,
    "mean_scored_loss_val": 0.043700150044508064,
    "shape_loss_val": 0.16731717072528374,
    "shape_loss_weight": 0.25,
    "heldout_curve_nmse": 0.0024944764842495023,
    "heldout_curve_scored_loss": 0.043700150044508064,
    "heldout_curve_shape_loss": 0.16731717072528374,
    "eval_only_nmse": NaN,
    "eval_only_scored_loss": NaN,
    "eval_only_shape_loss": NaN,
    "combined_score": 0.9581295930228194,
    "fit_score": 0.9581295930228194,
    "eval_time": 70.91093921661377,
    "n_datasets": 1,
    "n_successful": 1,
    "eval_workers": 8,
    "hard_cases": [
      {
        "dataset": "Abeta42/inhibition_constraints",
        "scored_loss_val": 0.043700150044508064,
        "nmse_val": 0.0024944764842495023,
        "shape_loss_val": 0.16731717072528374,
        "evaluation_only": false
      }
    ],
    "hard_case_feedback": "Abeta42/inhibition_constraints scored=0.0437 (nmse=0.002494, shape=0.1673)",
    "validation_semantics_feedback": "heldout_curve_scored_loss=0.0437, heldout_curve_nmse=0.002494, heldout_curve_shape=0.1673; eval_only_fit_score_scored_loss=nan, eval_only_nmse=nan, eval_only_shape=nan",
    "per_dataset": {
      "Abeta42/inhibition_constraints": {
        "nmse_train": 0.01001936475186419,
        "nmse_val": 0.0024944764842495023,
        "shape_loss_val": 0.16731717072528374,
        "scored_loss_val": 0.043700150044508064,
        "n_val_points": 1805,
        "evaluation_only": false,
        "combined_score": 0.9581295930228194,
        "equation": "d(c)/dt = (0.970605342932501 - x4)*(4.58348484747699*x0*x1*x4*sqrt(x4**2 + 14.1714157016986)/((0.907190461307712*x3 + 1)*(1.36020030743262e-5*x3*sqrt(x4**2 + 14.1714157016986) + 1)*(x0 + 0.00926347698973128*x3 + 0.00175173774301141)) + 7.5516028880922e-14*x1 + 5.51862448746798*x2)",
        "equation_template": "d(c)/dt = (c5 - x4)*(c2**2*x1 + c3**2*x2 + c4**2*x0*x1*x4*sqrt(c0**2 + x4**2)/((c1**2*x3 + 1)*(c6**2*(c7**2*x3 + 1) + x0)*(c8**2*x3*sqrt(c0**2 + x4**2) + 1)))",
        "constants": {
          "c0": 3.764494083100492,
          "c1": 0.9524654646273071,
          "c2": -2.748017992679851e-07,
          "c3": 2.34917527814933,
          "c4": 2.140907482232007,
          "c5": 0.9706053429325007,
          "c6": 0.04185376617475906,
          "c7": 2.2996008994334614,
          "c8": -0.003688089352812126
        }
      }
    },
    "error": ""
  },
  "saved_at": 1784592009.5060391
}