{
  "id": "443a0a5e-5227-4045-b152-10cecb3f3131",
  "generation": 2,
  "iteration": 24,
  "current_iteration": 25,
  "metrics": {
    "equation": "d(c)/dt = (0.922627240311553 - x4)*(11951561.018508*x1*(448960.334871313*x2 + x4)/(994439.399397438*x3 + 1) + 2028764.13778086*x1/(109603733610.153*x3 + 1))",
    "loss": 0.1321538149753297,
    "nmse_train": 0.061754565310953906,
    "nmse_val": 0.07904989939574024,
    "mean_nmse_val": 0.07904989939574024,
    "mean_raw_nmse_val": 0.07904989939574024,
    "scored_loss_val": 0.1321538149753297,
    "mean_scored_loss_val": 0.1321538149753297,
    "shape_loss_val": 0.29146556171409804,
    "shape_loss_weight": 0.25,
    "heldout_curve_nmse": 0.07904989939574024,
    "heldout_curve_scored_loss": 0.1321538149753297,
    "heldout_curve_shape_loss": 0.29146556171409804,
    "eval_only_nmse": NaN,
    "eval_only_scored_loss": NaN,
    "eval_only_shape_loss": NaN,
    "combined_score": 0.8832722080451504,
    "fit_score": 0.8832722080451504,
    "eval_time": 23.40444803237915,
    "n_datasets": 1,
    "n_successful": 1,
    "eval_workers": 8,
    "hard_cases": [
      {
        "dataset": "Abeta42/inhibition_constraints",
        "scored_loss_val": 0.1321538149753297,
        "nmse_val": 0.07904989939574024,
        "shape_loss_val": 0.29146556171409804,
        "evaluation_only": false
      }
    ],
    "hard_case_feedback": "Abeta42/inhibition_constraints scored=0.1322 (nmse=0.07905, shape=0.2915)",
    "validation_semantics_feedback": "heldout_curve_scored_loss=0.1322, heldout_curve_nmse=0.07905, heldout_curve_shape=0.2915; eval_only_fit_score_scored_loss=nan, eval_only_nmse=nan, eval_only_shape=nan",
    "per_dataset": {
      "Abeta42/inhibition_constraints": {
        "nmse_train": 0.061754565310953906,
        "nmse_val": 0.07904989939574024,
        "shape_loss_val": 0.29146556171409804,
        "scored_loss_val": 0.1321538149753297,
        "n_val_points": 12274,
        "evaluation_only": false,
        "combined_score": 0.8832722080451504,
        "equation": "d(c)/dt = (0.922627240311553 - x4)*(11951561.018508*x1*(448960.334871313*x2 + x4)/(994439.399397438*x3 + 1) + 2028764.13778086*x1/(109603733610.153*x3 + 1))",
        "equation_template": "d(c)/dt = (c3 - x4)*(c0**2*x1/(c4**2*x3 + 1) + c1**2*x1*(c2**2*x2 + x4)/(c5**2*x3 + 1))",
        "constants": {
          "c0": 1424.3469162324402,
          "c1": 3457.102980605008,
          "c2": -670.0450245105275,
          "c3": 0.9226272403115529,
          "c4": 331064.5459878679,
          "c5": 997.2158238803866
        }
      }
    },
    "error": ""
  },
  "language": "python",
  "timestamp": 1783148042.776972,
  "saved_at": 1783148140.818249
}