{
  "program_id": "e344aac2-2fb3-4003-9dcb-3bed146eb5a0",
  "iteration_found": 25,
  "dataset": "Abeta42/inhibition_constraints",
  "plot": "outputs_diff_inhibited_norm/adaevolve/disease_relevant_inhibited_all_normalized_ode_0704_1057/checkpoints/checkpoint_25/iteration_25_best_validation_curves.svg",
  "metrics": {
    "equation": "d(c)/dt = (0.92697613241807 - x4)*(35915598750.0529*x1**2*(200438553.29351*x2 + x4)/(11592743.0896837*x3 + 1) + 6102805.7574589*x1/(1511575.52280062*x3 + 1))",
    "loss": 0.1717539545298535,
    "nmse_train": 0.11726524470002125,
    "nmse_val": 0.12360798120564243,
    "mean_nmse_val": 0.12360798120564243,
    "mean_raw_nmse_val": 0.12360798120564243,
    "scored_loss_val": 0.1717539545298535,
    "mean_scored_loss_val": 0.1717539545298535,
    "shape_loss_val": 0.31619187450248676,
    "shape_loss_weight": 0.25,
    "heldout_curve_nmse": 0.12360798120564243,
    "heldout_curve_scored_loss": 0.1717539545298535,
    "heldout_curve_shape_loss": 0.31619187450248676,
    "eval_only_nmse": NaN,
    "eval_only_scored_loss": NaN,
    "eval_only_shape_loss": NaN,
    "combined_score": 0.8534214850601748,
    "fit_score": 0.8534214850601748,
    "eval_time": 34.46917200088501,
    "n_datasets": 1,
    "n_successful": 1,
    "eval_workers": 8,
    "hard_cases": [
      {
        "dataset": "Abeta42/inhibition_constraints",
        "scored_loss_val": 0.1717539545298535,
        "nmse_val": 0.12360798120564243,
        "shape_loss_val": 0.31619187450248676,
        "evaluation_only": false
      }
    ],
    "hard_case_feedback": "Abeta42/inhibition_constraints scored=0.1718 (nmse=0.1236, shape=0.3162)",
    "validation_semantics_feedback": "heldout_curve_scored_loss=0.1718, heldout_curve_nmse=0.1236, heldout_curve_shape=0.3162; eval_only_fit_score_scored_loss=nan, eval_only_nmse=nan, eval_only_shape=nan",
    "per_dataset": {
      "Abeta42/inhibition_constraints": {
        "nmse_train": 0.11726524470002125,
        "nmse_val": 0.12360798120564243,
        "shape_loss_val": 0.31619187450248676,
        "scored_loss_val": 0.1717539545298535,
        "n_val_points": 12274,
        "evaluation_only": false,
        "combined_score": 0.8534214850601748,
        "equation": "d(c)/dt = (0.92697613241807 - x4)*(35915598750.0529*x1**2*(200438553.29351*x2 + x4)/(11592743.0896837*x3 + 1) + 6102805.7574589*x1/(1511575.52280062*x3 + 1))",
        "equation_template": "d(c)/dt = (c3 - x4)*(c0**2*x1/(c4**2*x3 + 1) + c1**2*x1**2*(c2**2*x2 + x4)/(c5**2*x3 + 1))",
        "constants": {
          "c0": 2470.3857507399334,
          "c1": 189514.11227149513,
          "c2": 14157.632333604031,
          "c3": 0.9269761324180696,
          "c4": -1229.4614767452551,
          "c5": 3404.81175539614
        }
      }
    },
    "error": ""
  },
  "saved_at": 1783148140.86758
}