{
  "id": "616519a4-c5c2-46b2-9689-c9558504f416",
  "generation": 3,
  "iteration": 28,
  "timestamp": 1780777774.5208282,
  "parent_id": "418c0bc7-e0e3-4fa0-8e81-06fd93be74c6",
  "metrics": {
    "combined_score": 0.9440387569022707,
    "n_stage1_datasets": 8.0,
    "n_stage1_successful": 8.0,
    "eval_workers": 8.0,
    "stage1_full_selected_datasets": 1.0,
    "cascade_stage1_time_seconds": 4.761500120162964,
    "cascade_stage1_threshold": 0.15,
    "cascade_stage1_passed": 1.0,
    "loss": 0.03941707141328877,
    "complexity": 15.0,
    "nmse_train": 0.024918197174200834,
    "nmse_val": 0.03941707141328877,
    "mean_nmse_val": 0.03941707141328877,
    "mean_raw_nmse_val": 0.03941707141328877,
    "fit_score": 0.9620777140405307,
    "parsimony_weight": 0.2,
    "parsimony_penalty_factor": 0.98125,
    "eval_time": 38.49636912345886,
    "n_datasets": 42.0,
    "n_successful": 42.0,
    "hard_case_tail_nmse": 0.3525342409722167,
    "hard_case_tail_weight": 0.0,
    "per_dataset_nmse_cap": 10.0,
    "cascade_stage2_time_seconds": 38.496731996536255,
    "cascade_total_time_seconds": 43.25823211669922,
    "cascade_stage1_combined_score": 0.9503165352863112,
    "test_combined_score": 0.9440387569022707,
    "test_n_stage1_datasets": 8.0,
    "test_n_stage1_successful": 8.0,
    "test_eval_workers": 8.0,
    "test_stage1_full_selected_datasets": 1.0,
    "test_cascade_stage1_time_seconds": 5.498929738998413,
    "test_cascade_stage1_threshold": 0.15,
    "test_cascade_stage1_passed": 1.0,
    "test_loss": 0.03941707141328877,
    "test_complexity": 15.0,
    "test_nmse_train": 0.024918197174200834,
    "test_nmse_val": 0.03941707141328877,
    "test_mean_nmse_val": 0.03941707141328877,
    "test_mean_raw_nmse_val": 0.03941707141328877,
    "test_fit_score": 0.9620777140405307,
    "test_parsimony_weight": 0.2,
    "test_parsimony_penalty_factor": 0.98125,
    "test_eval_time": 39.875295639038086,
    "test_n_datasets": 42.0,
    "test_n_successful": 42.0,
    "test_hard_case_tail_nmse": 0.3525342409722167,
    "test_hard_case_tail_weight": 0.0,
    "test_per_dataset_nmse_cap": 10.0,
    "test_cascade_stage2_time_seconds": 39.87568950653076,
    "test_cascade_total_time_seconds": 45.374619245529175,
    "test_cascade_stage1_combined_score": 0.9503165352863112
  },
  "language": "python",
  "saved_at": 1780778061.4936354
}