{
  "program_id": "c98de186-ecf9-42be-9f49-341723c4f843",
  "iteration_found": 3,
  "dataset": "Abeta42/inhibition_constraints",
  "plot": "outputs_diff_inhibited_norm/adaevolve/disease_relevant_inhibited_all_normalized_ode_0720_0232/checkpoints/checkpoint_3/iteration_3_best_validation_curves.svg",
  "metrics": {
    "equation": "d(c)/dt = (0.97276103413648 - x4)*(15.3585168636523*x1*x4/((3.09251949649432e-9*x3*x4 + 1)*(0.124913345673317*x1*x3 + 0.685274717788791*x3 + 1)) + 1.09912083046566e-9*x1/(0.124913345673317*x1*x3 + 0.685274717788791*x3 + 1) + 2.06938102311003*x2 + 1.13137791365521e-7)",
    "loss": 0.04676605249461753,
    "nmse_train": 0.01098201783128597,
    "nmse_val": 0.005229173091167441,
    "mean_nmse_val": 0.005229173091167441,
    "mean_raw_nmse_val": 0.005229173091167441,
    "scored_loss_val": 0.04676605249461753,
    "mean_scored_loss_val": 0.04676605249461753,
    "shape_loss_val": 0.1713766907049678,
    "shape_loss_weight": 0.25,
    "heldout_curve_nmse": 0.005229173091167441,
    "heldout_curve_scored_loss": 0.04676605249461753,
    "heldout_curve_shape_loss": 0.1713766907049678,
    "eval_only_nmse": NaN,
    "eval_only_scored_loss": NaN,
    "eval_only_shape_loss": NaN,
    "combined_score": 0.9553233003848698,
    "fit_score": 0.9553233003848698,
    "eval_time": 12.389628887176514,
    "n_datasets": 1,
    "n_successful": 1,
    "eval_workers": 8,
    "hard_cases": [
      {
        "dataset": "Abeta42/inhibition_constraints",
        "scored_loss_val": 0.04676605249461753,
        "nmse_val": 0.005229173091167441,
        "shape_loss_val": 0.1713766907049678,
        "evaluation_only": false
      }
    ],
    "hard_case_feedback": "Abeta42/inhibition_constraints scored=0.04677 (nmse=0.005229, shape=0.1714)",
    "validation_semantics_feedback": "heldout_curve_scored_loss=0.04677, heldout_curve_nmse=0.005229, heldout_curve_shape=0.1714; eval_only_fit_score_scored_loss=nan, eval_only_nmse=nan, eval_only_shape=nan",
    "per_dataset": {
      "Abeta42/inhibition_constraints": {
        "nmse_train": 0.01098201783128597,
        "nmse_val": 0.005229173091167441,
        "shape_loss_val": 0.1713766907049678,
        "scored_loss_val": 0.04676605249461753,
        "n_val_points": 1805,
        "evaluation_only": false,
        "combined_score": 0.9553233003848698,
        "equation": "d(c)/dt = (0.97276103413648 - x4)*(15.3585168636523*x1*x4/((3.09251949649432e-9*x3*x4 + 1)*(0.124913345673317*x1*x3 + 0.685274717788791*x3 + 1)) + 1.09912083046566e-9*x1/(0.124913345673317*x1*x3 + 0.685274717788791*x3 + 1) + 2.06938102311003*x2 + 1.13137791365521e-7)",
        "equation_template": "d(c)/dt = (c0 - x4)*(c4**2 + c5**2*x1/(c1**2*x3 + c2**2*x1*x3 + 1) + c6**2*x2 + c7**2*x1*x4/((c3**2*x3*x4 + 1)*(c1**2*x3 + c2**2*x1*x3 + 1)))",
        "constants": {
          "c0": 0.9727610341364803,
          "c1": 0.8278132143115324,
          "c2": 0.3534308216232938,
          "c3": 5.561042614918824e-05,
          "c4": 0.00033635961613356734,
          "c5": 3.315299127478035e-05,
          "c6": 1.438534331571557,
          "c7": -3.9189943689232645
        }
      }
    },
    "error": ""
  },
  "saved_at": 1784495393.398815
}