{
  "id": "36ef3bce-c141-4f00-866e-a7ff21c2be87",
  "generation": 2,
  "iteration": 4,
  "current_iteration": 4,
  "metrics": {
    "combined_score": 0.97805573872941,
    "n_stage1_datasets": 8.0,
    "n_stage1_successful": 8.0,
    "eval_workers": 8.0,
    "cascade_stage1_time_seconds": 3.027078866958618,
    "cascade_stage1_threshold": 0.15,
    "cascade_stage1_passed": 1.0,
    "loss": 0.02243661623937475,
    "complexity": 0.0,
    "nmse_train": Infinity,
    "nmse_val": 0.02243661623937475,
    "eval_time": 37.77100849151611,
    "n_datasets": 60.0,
    "n_successful": 60.0,
    "cascade_stage2_time_seconds": 37.77155089378357,
    "cascade_total_time_seconds": 40.79862976074219,
    "cascade_stage1_combined_score": 0.940697880643068
  },
  "language": "python",
  "timestamp": 1779974550.9114196,
  "saved_at": 1779974550.9160228
}