{
  "num_islands": 2,
  "current_island": 1,
  "iteration_count": 4,
  "global_best_score": 0.8539612800936396,
  "decay": 0.9,
  "intensity_min": 0.15,
  "intensity_max": 0.5,
  "migration_interval": 15,
  "diversity_strategy_type": "code",
  "use_unified_archive": true,
  "use_adaptive_search": true,
  "use_ucb_selection": true,
  "fixed_intensity": 0.4,
  "adapter": {
    "states": [
      {
        "accumulated_signal": 0.08114633672191748,
        "best_score": 0.8539612800936396,
        "improvement_count": 3,
        "total_evaluations": 3,
        "decay": 0.9,
        "epsilon": 1e-08,
        "intensity_min": 0.15,
        "intensity_max": 0.5
      },
      {
        "accumulated_signal": 0.09020626003943677,
        "best_score": 0.8529161740450091,
        "improvement_count": 1,
        "total_evaluations": 3,
        "decay": 0.9,
        "epsilon": 1e-08,
        "intensity_min": 0.15,
        "intensity_max": 0.5
      }
    ],
    "dimension_visits": [
      3,
      3
    ],
    "dimension_rewards": [
      0.8524232694002698,
      0.03538240912546825
    ],
    "decayed_visits": [
      2.71,
      2.71
    ],
    "global_best_score": 0.8539612800936396,
    "ucb_exploration": 1.41,
    "min_visits": 3,
    "decay": 0.9,
    "epsilon": 1e-08
  },
  "island_config_names": [
    "balanced",
    "balanced"
  ],
  "islands": [
    [
      "64c611e2-0f40-4627-ac5a-2a688373f7f5",
      "1a0857a9-40b5-4bee-bff9-483aaa59a7ef",
      "107fb1af-a9d2-43fb-a1ef-f73480ed4a6d"
    ],
    [
      "588fabe9-4d71-4dfd-b799-2bb11f665747",
      "48f27a0a-bdec-42b1-891f-fba98a750455",
      "80fe1f2a-0fca-44e1-8aae-fb3a2ed01639",
      "e5fe870b-2ba9-4c0d-aa79-5dd5a104c257"
    ]
  ],
  "archive_genealogies": [
    {
      "parents": {
        "64c611e2-0f40-4627-ac5a-2a688373f7f5": [],
        "1a0857a9-40b5-4bee-bff9-483aaa59a7ef": [
          "64c611e2-0f40-4627-ac5a-2a688373f7f5"
        ],
        "107fb1af-a9d2-43fb-a1ef-f73480ed4a6d": [
          "1a0857a9-40b5-4bee-bff9-483aaa59a7ef"
        ]
      },
      "children": {
        "64c611e2-0f40-4627-ac5a-2a688373f7f5": [
          "1a0857a9-40b5-4bee-bff9-483aaa59a7ef"
        ],
        "1a0857a9-40b5-4bee-bff9-483aaa59a7ef": [
          "107fb1af-a9d2-43fb-a1ef-f73480ed4a6d"
        ]
      }
    },
    {
      "parents": {
        "588fabe9-4d71-4dfd-b799-2bb11f665747": [],
        "48f27a0a-bdec-42b1-891f-fba98a750455": [
          "588fabe9-4d71-4dfd-b799-2bb11f665747"
        ],
        "80fe1f2a-0fca-44e1-8aae-fb3a2ed01639": [
          "588fabe9-4d71-4dfd-b799-2bb11f665747"
        ],
        "e5fe870b-2ba9-4c0d-aa79-5dd5a104c257": [
          "48f27a0a-bdec-42b1-891f-fba98a750455"
        ]
      },
      "children": {
        "588fabe9-4d71-4dfd-b799-2bb11f665747": [
          "48f27a0a-bdec-42b1-891f-fba98a750455",
          "80fe1f2a-0fca-44e1-8aae-fb3a2ed01639"
        ],
        "48f27a0a-bdec-42b1-891f-fba98a750455": [
          "e5fe870b-2ba9-4c0d-aa79-5dd5a104c257"
        ]
      }
    }
  ],
  "use_dynamic_islands": true,
  "max_islands": 5,
  "last_spawn_iteration": -30,
  "use_paradigm_breakthrough": true,
  "paradigm_tracker": {
    "window_size": 10,
    "improvement_threshold": 0.12,
    "max_paradigm_uses": 2,
    "max_tried_paradigms": 10,
    "num_paradigms_to_generate": 3,
    "improvement_history": [
      1.0,
      1.0,
      1.0,
      1.0,
      0.0,
      0.0
    ],
    "active_paradigms": [],
    "paradigm_usage_counts": {},
    "current_paradigm_index": 0,
    "tried_paradigms": [],
    "best_score_at_paradigm_gen": 0.0,
    "best_score_during_paradigm": 0.0
  }
}