{
  "program_id": "c1a4ca07-9e02-427a-a4c1-e02cea833092",
  "iteration_found": 22,
  "dataset": "Abeta42/inhibition_constraints",
  "plot": "outputs_diff_inhibited_norm/adaevolve/disease_relevant_inhibited_all_normalized_ode_0720_0232/checkpoints/checkpoint_22/iteration_22_best_validation_curves.svg",
  "metrics": {
    "equation": "d(c)/dt = (0.00351454524258212*x1 - x4 + 0.959236707701158)*(61.9325526095714*x1*x4*(3.55929067025509e-9*x2 + x4)/(4.00227821144953*x3 + 1) + 0.523490702120011*x1 + 1.21230695002096*x2 + 0.340836015514974)",
    "loss": 0.05488060909405844,
    "nmse_train": 0.015161861417340508,
    "nmse_val": 0.009902360472759783,
    "mean_nmse_val": 0.009902360472759783,
    "mean_raw_nmse_val": 0.009902360472759783,
    "scored_loss_val": 0.05488060909405844,
    "mean_scored_loss_val": 0.05488060909405844,
    "shape_loss_val": 0.1898153549579544,
    "shape_loss_weight": 0.25,
    "heldout_curve_nmse": 0.009902360472759783,
    "heldout_curve_scored_loss": 0.05488060909405844,
    "heldout_curve_shape_loss": 0.1898153549579544,
    "eval_only_nmse": NaN,
    "eval_only_scored_loss": NaN,
    "eval_only_shape_loss": NaN,
    "combined_score": 0.9479745777664922,
    "fit_score": 0.9479745777664922,
    "eval_time": 13.69968295097351,
    "n_datasets": 1,
    "n_successful": 1,
    "eval_workers": 8,
    "hard_cases": [
      {
        "dataset": "Abeta42/inhibition_constraints",
        "scored_loss_val": 0.05488060909405844,
        "nmse_val": 0.009902360472759783,
        "shape_loss_val": 0.1898153549579544,
        "evaluation_only": false
      }
    ],
    "hard_case_feedback": "Abeta42/inhibition_constraints scored=0.05488 (nmse=0.009902, shape=0.1898)",
    "validation_semantics_feedback": "heldout_curve_scored_loss=0.05488, heldout_curve_nmse=0.009902, heldout_curve_shape=0.1898; eval_only_fit_score_scored_loss=nan, eval_only_nmse=nan, eval_only_shape=nan",
    "per_dataset": {
      "Abeta42/inhibition_constraints": {
        "nmse_train": 0.015161861417340508,
        "nmse_val": 0.009902360472759783,
        "shape_loss_val": 0.1898153549579544,
        "scored_loss_val": 0.05488060909405844,
        "n_val_points": 1805,
        "evaluation_only": false,
        "combined_score": 0.9479745777664922,
        "equation": "d(c)/dt = (0.00351454524258212*x1 - x4 + 0.959236707701158)*(61.9325526095714*x1*x4*(3.55929067025509e-9*x2 + x4)/(4.00227821144953*x3 + 1) + 0.523490702120011*x1 + 1.21230695002096*x2 + 0.340836015514974)",
        "equation_template": "d(c)/dt = (c0*(c1**2*x1 + 1) - x4)*(c2**2 + c3**2*x2 + c4**2*x1 + c5**2*x1*x4*(c6**2*x2 + x4)/(c7**2*x3 + 1))",
        "constants": {
          "c0": 0.9592367077011583,
          "c1": 0.06053013942399149,
          "c2": 0.5838116267384315,
          "c3": 1.101048114307891,
          "c4": 0.7235265731954916,
          "c5": 7.869723794998872,
          "c6": 5.9659791067812946e-05,
          "c7": 2.000569471787853
        }
      }
    },
    "error": ""
  },
  "saved_at": 1784497261.93564
}