{
  "num_islands": 2,
  "current_island": 1,
  "iteration_count": 3,
  "global_best_score": 0.9118417354149831,
  "decay": 0.9,
  "intensity_min": 0.15,
  "intensity_max": 0.5,
  "migration_interval": 15,
  "diversity_strategy_type": "code",
  "use_unified_archive": true,
  "use_adaptive_search": true,
  "use_ucb_selection": true,
  "fixed_intensity": 0.4,
  "adapter": {
    "states": [
      {
        "accumulated_signal": 0.10716472888550538,
        "best_score": 0.9118417354149831,
        "improvement_count": 2,
        "total_evaluations": 2,
        "decay": 0.9,
        "epsilon": 1e-08,
        "intensity_min": 0.15,
        "intensity_max": 0.5
      },
      {
        "accumulated_signal": 0.10716472888550538,
        "best_score": 0.9118417354149831,
        "improvement_count": 1,
        "total_evaluations": 3,
        "decay": 0.9,
        "epsilon": 1e-08,
        "intensity_min": 0.15,
        "intensity_max": 0.5
      }
    ],
    "dimension_visits": [
      2,
      3
    ],
    "dimension_rewards": [
      1.3143033777982676,
      0.23727988017607904
    ],
    "decayed_visits": [
      1.9,
      2.71
    ],
    "global_best_score": 0.9118417354149831,
    "ucb_exploration": 1.41,
    "min_visits": 3,
    "decay": 0.9,
    "epsilon": 1e-08
  },
  "island_config_names": [
    "balanced",
    "balanced"
  ],
  "islands": [
    [
      "da9889b8-eb6e-4ee7-b733-138e7f81ae43",
      "2e62f25a-6e13-4fa1-85bd-a1eb1c30e5b7"
    ],
    [
      "69d50cd3-70b6-4ff1-87ec-a19621833a2f",
      "f47fc07c-96de-42ca-ac18-f76ac9e4d2b5",
      "7cf013c1-8bba-4f27-8cc1-e65de38b5b9c",
      "f49a917f-3fbc-4ba3-becd-a24e9775aa4a"
    ]
  ],
  "archive_genealogies": [
    {
      "parents": {
        "da9889b8-eb6e-4ee7-b733-138e7f81ae43": [],
        "2e62f25a-6e13-4fa1-85bd-a1eb1c30e5b7": [
          "da9889b8-eb6e-4ee7-b733-138e7f81ae43"
        ]
      },
      "children": {
        "da9889b8-eb6e-4ee7-b733-138e7f81ae43": [
          "2e62f25a-6e13-4fa1-85bd-a1eb1c30e5b7"
        ]
      }
    },
    {
      "parents": {
        "69d50cd3-70b6-4ff1-87ec-a19621833a2f": [],
        "f47fc07c-96de-42ca-ac18-f76ac9e4d2b5": [
          "69d50cd3-70b6-4ff1-87ec-a19621833a2f"
        ],
        "7cf013c1-8bba-4f27-8cc1-e65de38b5b9c": [
          "69d50cd3-70b6-4ff1-87ec-a19621833a2f"
        ],
        "f49a917f-3fbc-4ba3-becd-a24e9775aa4a": [
          "f47fc07c-96de-42ca-ac18-f76ac9e4d2b5"
        ]
      },
      "children": {
        "69d50cd3-70b6-4ff1-87ec-a19621833a2f": [
          "f47fc07c-96de-42ca-ac18-f76ac9e4d2b5",
          "7cf013c1-8bba-4f27-8cc1-e65de38b5b9c"
        ],
        "f47fc07c-96de-42ca-ac18-f76ac9e4d2b5": [
          "f49a917f-3fbc-4ba3-becd-a24e9775aa4a"
        ]
      }
    }
  ],
  "use_dynamic_islands": true,
  "max_islands": 5,
  "last_spawn_iteration": -30,
  "use_paradigm_breakthrough": true,
  "paradigm_tracker": {
    "window_size": 10,
    "improvement_threshold": 0.12,
    "max_paradigm_uses": 2,
    "max_tried_paradigms": 10,
    "num_paradigms_to_generate": 3,
    "improvement_history": [
      1.0,
      1.0,
      0.0,
      0.0,
      0.0
    ],
    "active_paradigms": [],
    "paradigm_usage_counts": {},
    "current_paradigm_index": 0,
    "tried_paradigms": [],
    "best_score_at_paradigm_gen": 0.0,
    "best_score_during_paradigm": 0.0
  }
}