{
  "num_islands": 2,
  "current_island": 1,
  "iteration_count": 1,
  "global_best_score": 0.9617441883065857,
  "decay": 0.9,
  "intensity_min": 0.15,
  "intensity_max": 0.5,
  "migration_interval": 15,
  "diversity_strategy_type": "code",
  "use_unified_archive": true,
  "use_adaptive_search": true,
  "use_ucb_selection": true,
  "fixed_intensity": 0.4,
  "adapter": {
    "states": [
      {
        "accumulated_signal": 0.12134871022865126,
        "best_score": 0.923051811261166,
        "improvement_count": 2,
        "total_evaluations": 2,
        "decay": 0.9,
        "epsilon": 1e-08,
        "intensity_min": 0.15,
        "intensity_max": 0.5
      },
      {
        "accumulated_signal": 0.12909836561371826,
        "best_score": 0.9617441883065857,
        "improvement_count": 1,
        "total_evaluations": 1,
        "decay": 0.9,
        "epsilon": 1e-08,
        "intensity_min": 0.15,
        "intensity_max": 0.5
      }
    ],
    "dimension_visits": [
      2,
      1
    ],
    "dimension_rewards": [
      1.4598991893961921,
      0.4008508135203776
    ],
    "decayed_visits": [
      1.9,
      1.0
    ],
    "global_best_score": 0.9617441883065857,
    "ucb_exploration": 1.41,
    "min_visits": 3,
    "decay": 0.9,
    "epsilon": 1e-08
  },
  "island_config_names": [
    "balanced",
    "balanced"
  ],
  "islands": [
    [
      "0f46d568-265b-4a9d-a842-dd44438dddd1",
      "0e8337e9-088b-4b01-93f5-3f8580c5d689"
    ],
    [
      "c6044752-7c6a-4b70-a286-209e8362f60a",
      "7d04fbfb-3a79-489a-b5d6-33d45c5a4212"
    ]
  ],
  "archive_genealogies": [
    {
      "parents": {
        "0f46d568-265b-4a9d-a842-dd44438dddd1": [],
        "0e8337e9-088b-4b01-93f5-3f8580c5d689": [
          "0f46d568-265b-4a9d-a842-dd44438dddd1"
        ]
      },
      "children": {
        "0f46d568-265b-4a9d-a842-dd44438dddd1": [
          "0e8337e9-088b-4b01-93f5-3f8580c5d689"
        ]
      }
    },
    {
      "parents": {
        "c6044752-7c6a-4b70-a286-209e8362f60a": [],
        "7d04fbfb-3a79-489a-b5d6-33d45c5a4212": [
          "c6044752-7c6a-4b70-a286-209e8362f60a"
        ]
      },
      "children": {
        "c6044752-7c6a-4b70-a286-209e8362f60a": [
          "7d04fbfb-3a79-489a-b5d6-33d45c5a4212"
        ]
      }
    }
  ],
  "use_dynamic_islands": true,
  "max_islands": 5,
  "last_spawn_iteration": -30,
  "use_paradigm_breakthrough": true,
  "paradigm_tracker": {
    "window_size": 10,
    "improvement_threshold": 0.12,
    "max_paradigm_uses": 2,
    "max_tried_paradigms": 10,
    "num_paradigms_to_generate": 3,
    "improvement_history": [
      1.0,
      1.0,
      1.0
    ],
    "active_paradigms": [],
    "paradigm_usage_counts": {},
    "current_paradigm_index": 0,
    "tried_paradigms": [],
    "best_score_at_paradigm_gen": 0.0,
    "best_score_during_paradigm": 0.0
  }
}