{
  "id": "7d04fbfb-3a79-489a-b5d6-33d45c5a4212",
  "generation": 1,
  "iteration": 2,
  "current_iteration": 2,
  "metrics": {
    "combined_score": 0.9617441883065857,
    "loss": 0.03977753352559819,
    "complexity": 0.0,
    "nmse_train": Infinity,
    "nmse_val": 0.03977753352559819,
    "eval_time": 81.99252200126648,
    "n_datasets": 60.0,
    "n_successful": 60.0
  },
  "language": "python",
  "timestamp": 1779803922.7021954,
  "saved_at": 1779803922.714356
}