{
  "program_id": "93bf809e-ba32-46a9-b215-b3ee624da6b0",
  "iteration_found": 6,
  "dataset": "Abeta42/inhibition_constraints",
  "plot": "outputs_diff_inhibited_norm/adaevolve/disease_relevant_inhibited_all_normalized_ode_0719_1838/checkpoints/checkpoint_6/iteration_6_best_validation_curves.svg",
  "metrics": {
    "equation": "d(c)/dt = (1.00000160102505 - x4)*(2.24854553116131*x2 + 3.07443095294564)*(8.99983800004619*x1 + 5.39954948327155e-5*x4 + 11.2828114030127)/(2.24926479836616*x3 - x4 + 4.37632447839449)",
    "loss": 0.4171353720349879,
    "nmse_train": 0.5129294253490142,
    "nmse_val": 0.4501617062053711,
    "mean_nmse_val": 0.4501617062053711,
    "mean_raw_nmse_val": 0.4501617062053711,
    "scored_loss_val": 0.4171353720349879,
    "mean_scored_loss_val": 0.4171353720349879,
    "shape_loss_val": 0.3180563695238382,
    "shape_loss_weight": 0.25,
    "heldout_curve_nmse": 0.4501617062053711,
    "heldout_curve_scored_loss": 0.4171353720349879,
    "heldout_curve_shape_loss": 0.3180563695238382,
    "eval_only_nmse": NaN,
    "eval_only_scored_loss": NaN,
    "eval_only_shape_loss": NaN,
    "combined_score": 0.7056488884078964,
    "fit_score": 0.7056488884078964,
    "eval_time": 86.07992386817932,
    "n_datasets": 1,
    "n_successful": 1,
    "eval_workers": 8,
    "hard_cases": [
      {
        "dataset": "Abeta42/inhibition_constraints",
        "scored_loss_val": 0.41713537203498785,
        "nmse_val": 0.4501617062053711,
        "shape_loss_val": 0.3180563695238382,
        "evaluation_only": false
      }
    ],
    "hard_case_feedback": "Abeta42/inhibition_constraints scored=0.4171 (nmse=0.4502, shape=0.3181)",
    "validation_semantics_feedback": "heldout_curve_scored_loss=0.4171, heldout_curve_nmse=0.4502, heldout_curve_shape=0.3181; eval_only_fit_score_scored_loss=nan, eval_only_nmse=nan, eval_only_shape=nan",
    "per_dataset": {
      "Abeta42/inhibition_constraints": {
        "nmse_train": 0.5129294253490142,
        "nmse_val": 0.4501617062053711,
        "shape_loss_val": 0.3180563695238382,
        "scored_loss_val": 0.41713537203498785,
        "n_val_points": 12274,
        "evaluation_only": false,
        "combined_score": 0.7056488884078965,
        "equation": "d(c)/dt = (1.00000160102505 - x4)*(2.24854553116131*x2 + 3.07443095294564)*(8.99983800004619*x1 + 5.39954948327155e-5*x4 + 11.2828114030127)/(2.24926479836616*x3 - x4 + 4.37632447839449)",
        "equation_template": "d(c)/dt = (c6**2 + c7**2*x2)*(c0**2 - x4 + 1.0)*(c3**2 + c4**2*x4 + c5**2*x1)/(c0**2 + c1**2 + c2**2*x3 - x4 + 1.0)",
        "constants": {
          "c0": -0.001265316184683973,
          "c1": 1.837477313429868,
          "c2": 1.499754912766136,
          "c3": 3.3589896402062243,
          "c4": 0.007348162684148703,
          "c5": 2.9999729998861966,
          "c6": -1.753405530088701,
          "c7": 1.4995150986773405
        }
      }
    },
    "error": ""
  },
  "saved_at": 1784468446.653298
}