{
  "id": "9ab63e70-ea18-4976-bb5d-03f8128f56ac",
  "generation": 2,
  "iteration": 3,
  "current_iteration": 30,
  "metrics": {
    "combined_score": 0.8847438440779894,
    "n_stage1_datasets": 8.0,
    "n_stage1_successful": 8.0,
    "eval_workers": 8.0,
    "cascade_stage1_time_seconds": 4.295526027679443,
    "cascade_stage1_threshold": 0.15,
    "cascade_stage1_passed": 1.0,
    "loss": 0.10060104573518198,
    "complexity": 21.0,
    "nmse_train": Infinity,
    "nmse_val": 0.10060104573518198,
    "fit_score": 0.9085944483471008,
    "parsimony_weight": 0.2,
    "parsimony_penalty_factor": 0.97375,
    "eval_time": 22.973888635635376,
    "n_datasets": 42.0,
    "n_successful": 42.0,
    "cascade_stage2_time_seconds": 22.9747052192688,
    "cascade_total_time_seconds": 27.270231246948242,
    "cascade_stage1_combined_score": 0.8311015405605958
  },
  "language": "python",
  "timestamp": 1780278682.4979048,
  "saved_at": 1780278682.5285563
}