{
  "id": "f6555eb3-2655-43ce-973e-30c4e22d94a0",
  "generation": 1,
  "iteration": 2,
  "current_iteration": 3,
  "metrics": {
    "combined_score": 0.8854231178496752,
    "n_stage1_datasets": 8.0,
    "n_stage1_successful": 8.0,
    "eval_workers": 8.0,
    "stage1_full_selected_datasets": 1.0,
    "cascade_stage1_time_seconds": 3.1942026615142822,
    "cascade_stage1_threshold": 0.15,
    "cascade_stage1_passed": 1.0,
    "loss": 0.11105072836715622,
    "complexity": 13.0,
    "nmse_train": 0.026633619768033075,
    "nmse_val": 0.11105072836715622,
    "mean_nmse_val": 0.11105072836715622,
    "mean_raw_nmse_val": 0.11105072836715622,
    "fit_score": 0.9000489126807372,
    "parsimony_weight": 0.2,
    "parsimony_penalty_factor": 0.98375,
    "eval_time": 24.76583504676819,
    "n_datasets": 24.0,
    "n_successful": 24.0,
    "cascade_stage2_time_seconds": 24.76635980606079,
    "cascade_total_time_seconds": 27.960562467575073,
    "cascade_stage1_combined_score": 0.9159946889371038
  },
  "language": "python",
  "timestamp": 1781255510.355541,
  "saved_at": 1781255582.8168132
}