{
  "id": "882537d4-bc90-47f3-a4df-0815597979e4",
  "generation": 1,
  "iteration": 1,
  "current_iteration": 1,
  "metrics": {
    "combined_score": 0.8663573893259511,
    "n_stage1_datasets": 8.0,
    "n_stage1_successful": 8.0,
    "eval_workers": 8.0,
    "cascade_stage1_time_seconds": 1.067598581314087,
    "cascade_stage1_threshold": 0.15,
    "cascade_stage1_passed": 1.0,
    "loss": 0.10664491561148075,
    "complexity": 33.0,
    "nmse_train": Infinity,
    "nmse_val": 0.10664491561148075,
    "fit_score": 0.9036322183321523,
    "parsimony_weight": 0.2,
    "parsimony_penalty_factor": 0.95875,
    "eval_time": 16.732495069503784,
    "n_datasets": 42.0,
    "n_successful": 42.0,
    "cascade_stage2_time_seconds": 16.733277559280396,
    "cascade_total_time_seconds": 17.800876140594482,
    "cascade_stage1_combined_score": 0.8550195629463683
  },
  "language": "python",
  "timestamp": 1780270156.5643358,
  "saved_at": 1780270156.5721962
}