{
  "program_id": "fdf3467e-8487-4b95-8c78-a4feaae3257c",
  "iteration_found": 8,
  "dataset": "Abeta42/inhibition_constraints",
  "plot": "outputs_diff_inhibited_norm/adaevolve/disease_relevant_inhibited_all_normalized_ode_0719_1838/checkpoints/checkpoint_8/iteration_8_best_validation_curves.svg",
  "metrics": {
    "equation": "d(c)/dt = x4*(0.916672892599053 - x4)*(1.0760182240299*x1 + 1.0579476197817*x2 + 34.5526642569322)/(1.0*x3**2 + 1.58673417376713*x3 + 1) - 6.33727194531184e-9*x4 + 5.80920540529583e-9",
    "loss": 0.3169547807625521,
    "nmse_train": 0.37285189206217995,
    "nmse_val": 0.3172109781283817,
    "mean_nmse_val": 0.3172109781283817,
    "mean_raw_nmse_val": 0.3172109781283817,
    "scored_loss_val": 0.3169547807625521,
    "mean_scored_loss_val": 0.3169547807625521,
    "shape_loss_val": 0.3161861886650633,
    "shape_loss_weight": 0.25,
    "heldout_curve_nmse": 0.3172109781283817,
    "heldout_curve_scored_loss": 0.3169547807625521,
    "heldout_curve_shape_loss": 0.3161861886650633,
    "eval_only_nmse": NaN,
    "eval_only_scored_loss": NaN,
    "eval_only_shape_loss": NaN,
    "combined_score": 0.7593275142074151,
    "fit_score": 0.7593275142074151,
    "eval_time": 24.358800172805786,
    "n_datasets": 1,
    "n_successful": 1,
    "eval_workers": 8,
    "hard_cases": [
      {
        "dataset": "Abeta42/inhibition_constraints",
        "scored_loss_val": 0.3169547807625521,
        "nmse_val": 0.3172109781283817,
        "shape_loss_val": 0.3161861886650633,
        "evaluation_only": false
      }
    ],
    "hard_case_feedback": "Abeta42/inhibition_constraints scored=0.317 (nmse=0.3172, shape=0.3162)",
    "validation_semantics_feedback": "heldout_curve_scored_loss=0.317, heldout_curve_nmse=0.3172, heldout_curve_shape=0.3162; eval_only_fit_score_scored_loss=nan, eval_only_nmse=nan, eval_only_shape=nan",
    "per_dataset": {
      "Abeta42/inhibition_constraints": {
        "nmse_train": 0.37285189206217995,
        "nmse_val": 0.3172109781283817,
        "shape_loss_val": 0.3161861886650633,
        "scored_loss_val": 0.3169547807625521,
        "n_val_points": 12274,
        "evaluation_only": false,
        "combined_score": 0.7593275142074151,
        "equation": "d(c)/dt = x4*(0.916672892599053 - x4)*(1.0760182240299*x1 + 1.0579476197817*x2 + 34.5526642569322)/(1.0*x3**2 + 1.58673417376713*x3 + 1) - 6.33727194531184e-9*x4 + 5.80920540529583e-9",
        "equation_template": "d(c)/dt = c6**2*(c0 - x4) + x4*(c0 - x4)*(c1**2 + c2**2*x1 + c3**2*x2)/(c4**2*x3 + c5**2*x3**2 + 1)",
        "constants": {
          "c0": 0.9166728925990534,
          "c1": 5.87815143194969,
          "c2": 1.0373129826768308,
          "c3": 1.028565807219793,
          "c4": 1.2596563713041475,
          "c5": 1.0,
          "c6": 7.960698427469687e-05
        }
      }
    },
    "error": ""
  },
  "saved_at": 1784468666.388609
}