{
  "program_id": "60908677-dc42-4379-9276-9e916cb1aa06",
  "iteration_found": 6,
  "dataset": "Abeta42/inhibition_constraints",
  "plot": "outputs_diff_inhibited_norm/adaevolve/disease_relevant_inhibited_all_normalized_ode_0720_0232/checkpoints/checkpoint_6/iteration_6_best_validation_curves.svg",
  "metrics": {
    "equation": "d(c)/dt = (0.971465969493997 - x4)*(5.49528156291871*x1*x4*(x4 + 2.42962285390607)/(0.214389520504533*x1*x3 + 0.363487598235164*x3 + 1) + (1.11755284619202e-5*x1/(0.214389520504533*x1*x3 + 0.363487598235164*x3 + 1) + 13.5492770167055*x2)/(0.252947545758454*x3*x4 + 13.6485593426876*x3 + 1))",
    "loss": 0.048140796127822044,
    "nmse_train": 0.010068540139447968,
    "nmse_val": 0.00654959492324262,
    "mean_nmse_val": 0.00654959492324262,
    "mean_raw_nmse_val": 0.00654959492324262,
    "scored_loss_val": 0.048140796127822044,
    "mean_scored_loss_val": 0.048140796127822044,
    "shape_loss_val": 0.1729143997415603,
    "shape_loss_weight": 0.25,
    "heldout_curve_nmse": 0.00654959492324262,
    "heldout_curve_scored_loss": 0.048140796127822044,
    "heldout_curve_shape_loss": 0.1729143997415603,
    "eval_only_nmse": NaN,
    "eval_only_scored_loss": NaN,
    "eval_only_shape_loss": NaN,
    "combined_score": 0.9540702963708025,
    "fit_score": 0.9540702963708025,
    "eval_time": 13.765070915222168,
    "n_datasets": 1,
    "n_successful": 1,
    "eval_workers": 8,
    "hard_cases": [
      {
        "dataset": "Abeta42/inhibition_constraints",
        "scored_loss_val": 0.048140796127822044,
        "nmse_val": 0.00654959492324262,
        "shape_loss_val": 0.1729143997415603,
        "evaluation_only": false
      }
    ],
    "hard_case_feedback": "Abeta42/inhibition_constraints scored=0.04814 (nmse=0.00655, shape=0.1729)",
    "validation_semantics_feedback": "heldout_curve_scored_loss=0.04814, heldout_curve_nmse=0.00655, heldout_curve_shape=0.1729; eval_only_fit_score_scored_loss=nan, eval_only_nmse=nan, eval_only_shape=nan",
    "per_dataset": {
      "Abeta42/inhibition_constraints": {
        "nmse_train": 0.010068540139447968,
        "nmse_val": 0.00654959492324262,
        "shape_loss_val": 0.1729143997415603,
        "scored_loss_val": 0.048140796127822044,
        "n_val_points": 1805,
        "evaluation_only": false,
        "combined_score": 0.9540702963708025,
        "equation": "d(c)/dt = (0.971465969493997 - x4)*(5.49528156291871*x1*x4*(x4 + 2.42962285390607)/(0.214389520504533*x1*x3 + 0.363487598235164*x3 + 1) + (1.11755284619202e-5*x1/(0.214389520504533*x1*x3 + 0.363487598235164*x3 + 1) + 13.5492770167055*x2)/(0.252947545758454*x3*x4 + 13.6485593426876*x3 + 1))",
        "equation_template": "d(c)/dt = (c0 - x4)*(c4**2*x1*x4*(c5**2 + x4)/(c1**2*x3 + c2**2*x1*x3 + 1) + (c3**2*x1/(c1**2*x3 + c2**2*x1*x3 + 1) + c6**2*x2)/(c8**2*x3 + c9**2*x3*x4 + 1))",
        "constants": {
          "c0": 0.9714659694939973,
          "c1": 0.6028993267828087,
          "c2": 0.46302215984176526,
          "c3": -0.0033429819715218648,
          "c4": 2.344201689897588,
          "c5": 1.5587247524518448,
          "c6": 3.6809342586774765,
          "c7": 0.3000000000000001,
          "c8": 3.694395666775232,
          "c9": -0.5029389085748426
        }
      }
    },
    "error": ""
  },
  "saved_at": 1784495723.41029
}