{
  "num_islands": 2,
  "current_island": 0,
  "iteration_count": 5,
  "global_best_score": 0.9393040045221083,
  "decay": 0.9,
  "intensity_min": 0.15,
  "intensity_max": 0.5,
  "migration_interval": 15,
  "diversity_strategy_type": "code",
  "use_unified_archive": true,
  "use_adaptive_search": true,
  "use_ucb_selection": true,
  "fixed_intensity": 0.4,
  "adapter": {
    "states": [
      {
        "accumulated_signal": 0.08190474615566021,
        "best_score": 0.9393040045221083,
        "improvement_count": 3,
        "total_evaluations": 4,
        "decay": 0.9,
        "epsilon": 1e-08,
        "intensity_min": 0.15,
        "intensity_max": 0.5
      },
      {
        "accumulated_signal": 0.08190122508625144,
        "best_score": 0.9391390594963696,
        "improvement_count": 2,
        "total_evaluations": 3,
        "decay": 0.9,
        "epsilon": 1e-08,
        "intensity_min": 0.15,
        "intensity_max": 0.5
      }
    ],
    "dimension_visits": [
      4,
      3
    ],
    "dimension_rewards": [
      0.8102134275497217,
      0.07367085126240873
    ],
    "decayed_visits": [
      3.439,
      2.71
    ],
    "global_best_score": 0.9393040045221083,
    "ucb_exploration": 1.41,
    "min_visits": 3,
    "decay": 0.9,
    "epsilon": 1e-08
  },
  "island_config_names": [
    "balanced",
    "balanced"
  ],
  "islands": [
    [
      "1cbd492c-160f-47de-b6e3-35f075cec19f",
      "bcc83451-1934-400c-b643-303f8eb53f81",
      "21234b05-6ec0-411e-827a-ec634a07073f",
      "4f57d6e2-3dc3-405a-a2f3-72d6b58c8367"
    ],
    [
      "43cf26fa-38aa-4cb1-b351-4780877a75cd",
      "92fce5a7-9480-413c-a65c-9815ddc0e5ac",
      "8a7eb3aa-5d76-4ed4-bb37-508807902a77",
      "f51f5560-5997-414a-8268-3d376be050af"
    ]
  ],
  "archive_genealogies": [
    {
      "parents": {
        "1cbd492c-160f-47de-b6e3-35f075cec19f": [],
        "bcc83451-1934-400c-b643-303f8eb53f81": [
          "1cbd492c-160f-47de-b6e3-35f075cec19f"
        ],
        "21234b05-6ec0-411e-827a-ec634a07073f": [
          "bcc83451-1934-400c-b643-303f8eb53f81"
        ],
        "4f57d6e2-3dc3-405a-a2f3-72d6b58c8367": [
          "bcc83451-1934-400c-b643-303f8eb53f81"
        ]
      },
      "children": {
        "1cbd492c-160f-47de-b6e3-35f075cec19f": [
          "bcc83451-1934-400c-b643-303f8eb53f81"
        ],
        "bcc83451-1934-400c-b643-303f8eb53f81": [
          "21234b05-6ec0-411e-827a-ec634a07073f",
          "4f57d6e2-3dc3-405a-a2f3-72d6b58c8367"
        ]
      }
    },
    {
      "parents": {
        "43cf26fa-38aa-4cb1-b351-4780877a75cd": [],
        "92fce5a7-9480-413c-a65c-9815ddc0e5ac": [
          "43cf26fa-38aa-4cb1-b351-4780877a75cd"
        ],
        "8a7eb3aa-5d76-4ed4-bb37-508807902a77": [
          "43cf26fa-38aa-4cb1-b351-4780877a75cd"
        ],
        "f51f5560-5997-414a-8268-3d376be050af": [
          "8a7eb3aa-5d76-4ed4-bb37-508807902a77"
        ]
      },
      "children": {
        "43cf26fa-38aa-4cb1-b351-4780877a75cd": [
          "92fce5a7-9480-413c-a65c-9815ddc0e5ac",
          "8a7eb3aa-5d76-4ed4-bb37-508807902a77"
        ],
        "8a7eb3aa-5d76-4ed4-bb37-508807902a77": [
          "f51f5560-5997-414a-8268-3d376be050af"
        ]
      }
    }
  ],
  "use_dynamic_islands": true,
  "max_islands": 5,
  "last_spawn_iteration": -30,
  "use_paradigm_breakthrough": true,
  "paradigm_tracker": {
    "window_size": 10,
    "improvement_threshold": 0.12,
    "max_paradigm_uses": 2,
    "max_tried_paradigms": 10,
    "num_paradigms_to_generate": 3,
    "improvement_history": [
      1.0,
      1.0,
      0.0,
      0.0,
      0.0,
      0.0,
      1.0
    ],
    "active_paradigms": [],
    "paradigm_usage_counts": {},
    "current_paradigm_index": 0,
    "tried_paradigms": [],
    "best_score_at_paradigm_gen": 0.0,
    "best_score_during_paradigm": 0.0
  }
}