{
  "id": "37d3d66b-1f35-474f-8ef1-a9e032cb193c",
  "generation": 5,
  "iteration": 14,
  "timestamp": 1779870496.1016068,
  "parent_id": "0e047f80-d796-40f9-9ac7-88fd1909366b",
  "metrics": {
    "combined_score": 0.977182816789544,
    "loss": 0.023349963608058626,
    "complexity": 0.0,
    "nmse_train": Infinity,
    "nmse_val": 0.023349963608058626,
    "eval_time": 19922.26340198517,
    "n_datasets": 60.0,
    "n_successful": 60.0,
    "test_combined_score": 0.977182816789544,
    "test_loss": 0.023349963608058626,
    "test_complexity": 0.0,
    "test_nmse_train": Infinity,
    "test_nmse_val": 0.023349963608058626,
    "test_eval_time": 1676.609296798706,
    "test_n_datasets": 60.0,
    "test_n_successful": 60.0
  },
  "language": "python",
  "saved_at": 1779872393.2458055
}