{
  "program_id": "e2182cb3-0352-4aa5-8368-046957ef8b33",
  "iteration_found": 22,
  "dataset": "Abeta42/inhibition_constraints",
  "plot": "outputs_diff_inhibited_norm/adaevolve/disease_relevant_inhibited_all_normalized_ode_0704_1057/checkpoints/checkpoint_22/iteration_22_best_validation_curves.svg",
  "metrics": {
    "equation": "d(c)/dt = (0.9218973604177 - x4)*(14775049.2393628*x1*x4*(786684.863311373*x2 + 1)/(2890.05767742114*x3*x4 + 1548042.34701393*x3 + 1) + (35.1380565831994*x1 + 1.00123903075166)/(1548042.34701393*x3 + 1))",
    "loss": 0.13817285198488194,
    "nmse_train": 0.06661923458463859,
    "nmse_val": 0.08757770209592161,
    "mean_nmse_val": 0.08757770209592161,
    "mean_raw_nmse_val": 0.08757770209592161,
    "scored_loss_val": 0.13817285198488194,
    "mean_scored_loss_val": 0.13817285198488194,
    "shape_loss_val": 0.28995830165176295,
    "shape_loss_weight": 0.25,
    "heldout_curve_nmse": 0.08757770209592161,
    "heldout_curve_scored_loss": 0.13817285198488194,
    "heldout_curve_shape_loss": 0.28995830165176295,
    "eval_only_nmse": NaN,
    "eval_only_scored_loss": NaN,
    "eval_only_shape_loss": NaN,
    "combined_score": 0.8786011705129677,
    "fit_score": 0.8786011705129677,
    "eval_time": 37.694458961486816,
    "n_datasets": 1,
    "n_successful": 1,
    "eval_workers": 8,
    "hard_cases": [
      {
        "dataset": "Abeta42/inhibition_constraints",
        "scored_loss_val": 0.13817285198488194,
        "nmse_val": 0.08757770209592161,
        "shape_loss_val": 0.28995830165176295,
        "evaluation_only": false
      }
    ],
    "hard_case_feedback": "Abeta42/inhibition_constraints scored=0.1382 (nmse=0.08758, shape=0.29)",
    "validation_semantics_feedback": "heldout_curve_scored_loss=0.1382, heldout_curve_nmse=0.08758, heldout_curve_shape=0.29; eval_only_fit_score_scored_loss=nan, eval_only_nmse=nan, eval_only_shape=nan",
    "per_dataset": {
      "Abeta42/inhibition_constraints": {
        "nmse_train": 0.06661923458463859,
        "nmse_val": 0.08757770209592161,
        "shape_loss_val": 0.28995830165176295,
        "scored_loss_val": 0.13817285198488194,
        "n_val_points": 12274,
        "evaluation_only": false,
        "combined_score": 0.8786011705129677,
        "equation": "d(c)/dt = (0.9218973604177 - x4)*(14775049.2393628*x1*x4*(786684.863311373*x2 + 1)/(2890.05767742114*x3*x4 + 1548042.34701393*x3 + 1) + (35.1380565831994*x1 + 1.00123903075166)/(1548042.34701393*x3 + 1))",
        "equation_template": "d(c)/dt = (c6 - x4)*(c2**2*x1*x4*(c3**2*x2 + 1)/(c4**2*x3 + c5**2*x3*x4 + 1) + (c0**2 + c1**2*x1)/(c4**2*x3 + 1))",
        "constants": {
          "c0": 1.0006193235949725,
          "c1": 5.927736210662496,
          "c2": 3843.8326237445376,
          "c3": 886.9525710608056,
          "c4": 1244.2034990362013,
          "c5": -53.75925666730464,
          "c6": 0.9218973604177
        }
      }
    },
    "error": ""
  },
  "saved_at": 1783147657.31274
}