{
  "num_islands": 2,
  "current_island": 1,
  "iteration_count": 3,
  "global_best_score": 0.7898289480433874,
  "decay": 0.9,
  "intensity_min": 0.15,
  "intensity_max": 0.5,
  "migration_interval": 15,
  "diversity_strategy_type": "code",
  "use_unified_archive": true,
  "use_adaptive_search": true,
  "use_ucb_selection": true,
  "fixed_intensity": 0.4,
  "adapter": {
    "states": [
      {
        "accumulated_signal": 0.09999999999999998,
        "best_score": 0.5917381148325811,
        "improvement_count": 1,
        "total_evaluations": 3,
        "decay": 0.9,
        "epsilon": 1e-08,
        "intensity_min": 0.15,
        "intensity_max": 0.5
      },
      {
        "accumulated_signal": 0.08822628813943464,
        "best_score": 0.7898289480433874,
        "improvement_count": 2,
        "total_evaluations": 2,
        "decay": 0.9,
        "epsilon": 1e-08,
        "intensity_min": 0.15,
        "intensity_max": 0.5
      }
    ],
    "dimension_visits": [
      3,
      2
    ],
    "dimension_rewards": [
      0.81,
      0.2947570069623868
    ],
    "decayed_visits": [
      2.71,
      1.9
    ],
    "global_best_score": 0.7898289480433874,
    "ucb_exploration": 1.41,
    "min_visits": 3,
    "decay": 0.9,
    "epsilon": 1e-08
  },
  "island_config_names": [
    "balanced",
    "balanced"
  ],
  "islands": [
    [
      "f510d359-c321-4cc2-a366-6a859de7e86f",
      "f930c09a-2cba-4202-bd76-82a161e6b1e9",
      "35910219-54ff-4a0e-88ca-26ebfb02db2d"
    ],
    [
      "a851e1eb-446d-468b-8afd-a2392158f347",
      "406dfe59-7538-4d9a-9667-918fabfc2bda",
      "39f7e255-6307-4b73-9369-7ef74432aefe"
    ]
  ],
  "archive_genealogies": [
    {
      "parents": {
        "f510d359-c321-4cc2-a366-6a859de7e86f": [],
        "f930c09a-2cba-4202-bd76-82a161e6b1e9": [
          "f510d359-c321-4cc2-a366-6a859de7e86f"
        ],
        "35910219-54ff-4a0e-88ca-26ebfb02db2d": [
          "f930c09a-2cba-4202-bd76-82a161e6b1e9"
        ]
      },
      "children": {
        "f510d359-c321-4cc2-a366-6a859de7e86f": [
          "f930c09a-2cba-4202-bd76-82a161e6b1e9"
        ],
        "f930c09a-2cba-4202-bd76-82a161e6b1e9": [
          "35910219-54ff-4a0e-88ca-26ebfb02db2d"
        ]
      }
    },
    {
      "parents": {
        "a851e1eb-446d-468b-8afd-a2392158f347": [],
        "406dfe59-7538-4d9a-9667-918fabfc2bda": [
          "a851e1eb-446d-468b-8afd-a2392158f347"
        ],
        "39f7e255-6307-4b73-9369-7ef74432aefe": [
          "406dfe59-7538-4d9a-9667-918fabfc2bda"
        ]
      },
      "children": {
        "a851e1eb-446d-468b-8afd-a2392158f347": [
          "406dfe59-7538-4d9a-9667-918fabfc2bda"
        ],
        "406dfe59-7538-4d9a-9667-918fabfc2bda": [
          "39f7e255-6307-4b73-9369-7ef74432aefe"
        ]
      }
    }
  ],
  "use_dynamic_islands": true,
  "max_islands": 5,
  "last_spawn_iteration": -30,
  "use_paradigm_breakthrough": true,
  "paradigm_tracker": {
    "window_size": 10,
    "improvement_threshold": 0.12,
    "max_paradigm_uses": 2,
    "max_tried_paradigms": 10,
    "num_paradigms_to_generate": 3,
    "improvement_history": [
      1.0,
      0.0,
      0.0,
      1.0,
      1.0
    ],
    "active_paradigms": [],
    "paradigm_usage_counts": {},
    "current_paradigm_index": 0,
    "tried_paradigms": [],
    "best_score_at_paradigm_gen": 0.0,
    "best_score_during_paradigm": 0.0
  }
}