{
  "id": "39f7e255-6307-4b73-9369-7ef74432aefe",
  "generation": 2,
  "iteration": 4,
  "current_iteration": 4,
  "metrics": {
    "combined_score": 0.7898289480433874,
    "loss": 0.2660969219693214,
    "complexity": 0.0,
    "nmse_train": Infinity,
    "nmse_val": 0.2660969219693214,
    "eval_time": 79.93948721885681,
    "n_datasets": 60.0,
    "n_successful": 60.0
  },
  "language": "python",
  "timestamp": 1779809450.1546535,
  "saved_at": 1779809450.1682162
}