{
  "num_islands": 2,
  "current_island": 0,
  "iteration_count": 0,
  "global_best_score": 0.8792027559992314,
  "decay": 0.9,
  "intensity_min": 0.15,
  "intensity_max": 0.5,
  "migration_interval": 15,
  "diversity_strategy_type": "code",
  "use_unified_archive": true,
  "use_adaptive_search": true,
  "use_ucb_selection": true,
  "fixed_intensity": 0.4,
  "adapter": {
    "states": [
      {
        "accumulated_signal": 0.09155565056795414,
        "best_score": 0.8789740883656226,
        "improvement_count": 2,
        "total_evaluations": 13,
        "decay": 0.9,
        "epsilon": 1e-08,
        "intensity_min": 0.15,
        "intensity_max": 0.5
      },
      {
        "accumulated_signal": 0.09999999999999998,
        "best_score": 0.8792027559992314,
        "improvement_count": 0,
        "total_evaluations": 0,
        "decay": 0.9,
        "epsilon": 1e-08,
        "intensity_min": 0.15,
        "intensity_max": 0.5
      }
    ],
    "dimension_visits": [
      13,
      0
    ],
    "dimension_rewards": [
      0.3172203059527603,
      0.0
    ],
    "decayed_visits": [
      7.458134171671,
      0.0
    ],
    "global_best_score": 0.8792027559992314,
    "ucb_exploration": 1.41,
    "min_visits": 3,
    "decay": 0.9,
    "epsilon": 1e-08
  },
  "island_config_names": [
    "balanced",
    "balanced"
  ],
  "islands": [
    [
      "ea742d25-9569-4d65-98c0-240a90c5eb74",
      "e1efd97e-0e20-4049-a0f2-40302ba48ff2",
      "6c4ddc04-65fa-446a-ab19-cae64e77e997",
      "029d04e9-2887-49a7-811a-453fe461dfe2",
      "bd3c7b26-94b6-44fc-829a-84197843dada",
      "320128f4-e620-4871-bde3-8f3eb40caffa",
      "06829aa1-ca2b-43c1-a86d-656e5659c36a",
      "54831dcb-4f9c-483f-9f3d-fd32f42f1eeb",
      "47df3d23-8c9e-4b39-af9e-d99ac29fc642",
      "0beb42f0-0cfb-4940-a6bc-c15bd3fcb9cb",
      "7eb21b7d-837d-436d-bce9-e96e6cb902fd",
      "e2568960-352b-4367-b538-a95ba0b9c22b",
      "12270869-48c8-4611-9b76-a4721200a452"
    ],
    [
      "f3a99a48-bcd6-428b-84b7-7cc2b216428f",
      "0ebc68ab-a338-435c-b96b-bb190c7c62e9",
      "85ace326-a7b7-4aa9-b43b-526a02a07e1f",
      "2def444e-027a-41c4-a810-11f01f573f8b",
      "fee6c1c0-b12b-48c5-9aea-f37634933811",
      "9d372e57-3e5f-4092-af80-26971b11e7a2",
      "1660956f-8b8e-49a6-b15a-167f1f08b766",
      "14283b33-5344-444e-b8a8-3d47538e4291",
      "a58b5503-c788-4d7c-bc88-9396e4b7ef96",
      "52a69d82-4d35-4fc0-bcfd-8cd2fb454fe0",
      "4ea57400-fc08-4fe1-a861-6f07f2b4b245",
      "50389fdc-5f77-47a7-8684-544d36126bd1",
      "46e2728a-c163-405c-b8ff-d704e3a8138e"
    ]
  ],
  "archive_genealogies": [
    {
      "parents": {
        "ea742d25-9569-4d65-98c0-240a90c5eb74": [],
        "e1efd97e-0e20-4049-a0f2-40302ba48ff2": [],
        "6c4ddc04-65fa-446a-ab19-cae64e77e997": [],
        "029d04e9-2887-49a7-811a-453fe461dfe2": [],
        "bd3c7b26-94b6-44fc-829a-84197843dada": [],
        "320128f4-e620-4871-bde3-8f3eb40caffa": [],
        "06829aa1-ca2b-43c1-a86d-656e5659c36a": [],
        "54831dcb-4f9c-483f-9f3d-fd32f42f1eeb": [],
        "47df3d23-8c9e-4b39-af9e-d99ac29fc642": [],
        "0beb42f0-0cfb-4940-a6bc-c15bd3fcb9cb": [],
        "7eb21b7d-837d-436d-bce9-e96e6cb902fd": [],
        "e2568960-352b-4367-b538-a95ba0b9c22b": [],
        "12270869-48c8-4611-9b76-a4721200a452": [
          "f3a99a48-bcd6-428b-84b7-7cc2b216428f"
        ]
      },
      "children": {
        "f3a99a48-bcd6-428b-84b7-7cc2b216428f": [
          "12270869-48c8-4611-9b76-a4721200a452"
        ]
      }
    },
    {
      "parents": {
        "f3a99a48-bcd6-428b-84b7-7cc2b216428f": [],
        "0ebc68ab-a338-435c-b96b-bb190c7c62e9": [],
        "85ace326-a7b7-4aa9-b43b-526a02a07e1f": [],
        "2def444e-027a-41c4-a810-11f01f573f8b": [],
        "fee6c1c0-b12b-48c5-9aea-f37634933811": [],
        "9d372e57-3e5f-4092-af80-26971b11e7a2": [],
        "1660956f-8b8e-49a6-b15a-167f1f08b766": [],
        "14283b33-5344-444e-b8a8-3d47538e4291": [],
        "a58b5503-c788-4d7c-bc88-9396e4b7ef96": [],
        "52a69d82-4d35-4fc0-bcfd-8cd2fb454fe0": [],
        "4ea57400-fc08-4fe1-a861-6f07f2b4b245": [],
        "50389fdc-5f77-47a7-8684-544d36126bd1": [],
        "46e2728a-c163-405c-b8ff-d704e3a8138e": []
      },
      "children": {}
    }
  ],
  "use_dynamic_islands": true,
  "max_islands": 5,
  "last_spawn_iteration": -30,
  "use_paradigm_breakthrough": true,
  "paradigm_tracker": {
    "window_size": 10,
    "improvement_threshold": 0.12,
    "max_paradigm_uses": 2,
    "max_tried_paradigms": 10,
    "num_paradigms_to_generate": 3,
    "improvement_history": [
      0.0,
      0.0,
      0.0,
      0.0,
      0.0,
      0.0,
      0.0,
      0.0,
      0.0,
      0.0
    ],
    "active_paradigms": [
      {
        "idea": "Autonomous autocatalytic (secondary-nucleation) ODE replacing explicit-time term with pure state feedback: dc/dt = (plateau - c)*(nucleation + elongation*c + secondary*c^2)/inhibitor_scale",
        "description": "Remove the non-physical -c8*time*c term (explicit time breaks ODE autonomy and is a plateau hack). Replace with a mass-conserving logistic autocatalysis derived from the Knowles amyloid master equation: capacity=(plateau - c) ensures saturation and mass conservation; the growth polynomial in c encodes primary nucleation (constant term c3^2 + c4^2*monomer), elongation (c5^2*c), and secondary nucleation (c6^2*c^2*(1+c7^2*seed)). Build: plateau=c0; capacity=plateau-concentration; growth = c3**2 + c4**2*monomer + c5**2*concentration + c6**2*concentration**2*(1+c7**2*seed); inhibitor_scale = 1 + c1**2*inhibitor + c2**2*inhibitor*concentration; expression = capacity*growth/inhibitor_scale. Use 8 constants, initial_values all ~1.0 except plateau=1.0. The c^2 term produces the sharp sigmoidal onset (correct lag timing) and (plateau-c) naturally halts growth without an explicit time term, so the plateau is stable and the crossing timings at 10/25/50/75/90% improve.",
        "what_to_optimize": "heldout_curve_shape_loss (crossing timing + slope) and nmse; removing explicit time should improve extrapolation to held-out curves since autonomous ODEs generalize across time ranges better",
        "cautions": "Keep all coefficients as squares to guarantee positive rates and stable least-squares. Ensure inhibitor_scale stays >=1 (use +cd, +cd*c both positive) so no division blowup. Do not let capacity go negative during integration; plateau near global max (=1) with c0 fitted keeps (plateau-c) >=0 for normalized data.",
        "approach_type": "sympy.Symbol"
      },
      {
        "idea": "Inhibitor-modulated lag/delay ODE: separate inhibitor action into a nucleation-suppression gate on the source term AND an elongation-rate divisor, so inhibitor extends the lag phase (shifts crossing timings) independently of lowering plateau",
        "description": "Amyloid inhibitors chiefly PROLONG the lag phase rather than only reducing final mass; the shape loss rewards correct crossing timing so an explicit delay mechanism is valuable. Structure the RHS so cd suppresses the nucleation/source multiplicatively while a second inhibitor factor slows autocatalysis: plateau=c0; capacity=plateau-concentration; nuc_gate = 1/(1 + c1**2*inhibitor) (Langmuir-style inhibitor binding, smooth, bounded in (0,1]); source = (c3**2 + c4**2*monomer + c5**2*seed)*nuc_gate; auto = c6**2*concentration*(1 + c7**2*concentration)*(1 + c8**2*seed); elong_gate = 1/(1 + c2**2*inhibitor); expression = capacity*(source + auto*elong_gate). This lets high cd delay onset (via nuc_gate shrinking primary rate) and slow growth (elong_gate) while a low-cd curve recovers full kinetics. Use 9 constants, initial_values ~1.0, plateau=1.0. The 1/(1+k*cd) forms are strictly positive and smooth \u2014 no singularities since cd>=0 and k^2>=0.",