{
  "program_id": "4159284b-3cd0-4ceb-ae8c-857cd8b8930a",
  "iteration_found": 19,
  "dataset": "Abeta42/inhibition_constraints",
  "plot": "outputs_diff_inhibited_norm/adaevolve/disease_relevant_inhibited_all_normalized_ode_0719_2131/checkpoints/checkpoint_19/iteration_19_best_validation_curves.svg",
  "metrics": {
    "equation": "d(c)/dt = (0.959197168574109 - x4)*(51.6584157990889*x1*x4**2 + 0.731940398083722*x1 + 11.3692307067151*x2 + 0.56943095418656)/(3.79587353577099*x3*x4 + 0.657790883435209*x3 + 1)",
    "loss": 0.10074760401360067,
    "nmse_train": 0.012142901560577825,
    "nmse_val": 0.051135052464416506,
    "mean_nmse_val": 0.051135052464416506,
    "mean_raw_nmse_val": 0.051135052464416506,
    "scored_loss_val": 0.10074760401360067,
    "mean_scored_loss_val": 0.10074760401360067,
    "shape_loss_val": 0.24958525866115316,
    "shape_loss_weight": 0.25,
    "heldout_curve_nmse": 0.051135052464416506,
    "heldout_curve_scored_loss": 0.10074760401360067,
    "heldout_curve_shape_loss": 0.24958525866115316,
    "eval_only_nmse": NaN,
    "eval_only_scored_loss": NaN,
    "eval_only_shape_loss": NaN,
    "combined_score": 0.9084734741676932,
    "fit_score": 0.9084734741676932,
    "eval_time": 9.430299043655396,
    "n_datasets": 1,
    "n_successful": 1,
    "eval_workers": 8,
    "hard_cases": [
      {
        "dataset": "Abeta42/inhibition_constraints",
        "scored_loss_val": 0.10074760401360067,
        "nmse_val": 0.051135052464416506,
        "shape_loss_val": 0.24958525866115316,
        "evaluation_only": false
      }
    ],
    "hard_case_feedback": "Abeta42/inhibition_constraints scored=0.1007 (nmse=0.05114, shape=0.2496)",
    "validation_semantics_feedback": "heldout_curve_scored_loss=0.1007, heldout_curve_nmse=0.05114, heldout_curve_shape=0.2496; eval_only_fit_score_scored_loss=nan, eval_only_nmse=nan, eval_only_shape=nan",
    "per_dataset": {
      "Abeta42/inhibition_constraints": {
        "nmse_train": 0.012142901560577825,
        "nmse_val": 0.051135052464416506,
        "shape_loss_val": 0.24958525866115316,
        "scored_loss_val": 0.10074760401360067,
        "n_val_points": 3610,
        "evaluation_only": false,
        "combined_score": 0.9084734741676932,
        "equation": "d(c)/dt = (0.959197168574109 - x4)*(51.6584157990889*x1*x4**2 + 0.731940398083722*x1 + 11.3692307067151*x2 + 0.56943095418656)/(3.79587353577099*x3*x4 + 0.657790883435209*x3 + 1)",
        "equation_template": "d(c)/dt = (c0 - x4)*(c1**2 + c2**2*x1 + c3**2*x2 + c4**2*x1*x4**2)/(c5**2*x3 + c6**2*x3*x4 + 1)",
        "constants": {
          "c0": 0.9591971685741086,
          "c1": 0.7546064896265865,
          "c2": 0.8555351530379812,
          "c3": 3.371828985389849,
          "c4": 7.187378924134227,
          "c5": -0.8110430835875548,
          "c6": 1.9483001657267767
        }
      }
    },
    "error": ""
  },
  "saved_at": 1784479552.7908962
}