{
  "id": "d2db1a3b-336e-443d-b804-296ecb18662d",
  "generation": 1,
  "iteration": 3,
  "current_iteration": 4,
  "metrics": {
    "combined_score": 0.8793662664202689,
    "n_stage1_datasets": 5.0,
    "n_stage1_successful": 5.0,
    "eval_workers": 8.0,
    "stage1_full_selected_datasets": 1.0,
    "cascade_stage1_time_seconds": 124.83478283882141,
    "cascade_stage1_threshold": 0.15,
    "cascade_stage1_passed": 1.0,
    "loss": 0.13718258044035264,
    "nmse_train": 0.023231634961530516,
    "nmse_val": 0.04956566630466248,
    "mean_nmse_val": 0.04956566630466248,
    "mean_raw_nmse_val": 0.04956566630466248,
    "scored_loss_val": 0.13718258044035264,
    "mean_scored_loss_val": 0.13718258044035264,
    "shape_loss_val": 0.40003332284742316,
    "shape_loss_weight": 0.25,
    "heldout_curve_nmse": 0.08558482344117915,
    "heldout_curve_scored_loss": 0.1516595367252714,
    "heldout_curve_shape_loss": 0.3498836765775482,
    "eval_only_nmse": 0.044632007807994,
    "eval_only_scored_loss": 0.135199625700177,
    "eval_only_shape_loss": 0.40690247937672597,
    "fit_score": 0.8793662664202689,
    "eval_time": 401.58506059646606,
    "n_datasets": 17.0,
    "n_successful": 17.0,
    "cascade_stage2_time_seconds": 401.5859272480011,
    "cascade_total_time_seconds": 526.4207100868225,
    "cascade_stage1_combined_score": 0.8950757281305564
  },
  "language": "python",
  "timestamp": 1782027547.9811845,
  "saved_at": 1782027986.3385236
}