{
  "num_islands": 2,
  "current_island": 0,
  "iteration_count": 17,
  "global_best_score": 0.6099232286985785,
  "decay": 0.9,
  "intensity_min": 0.15,
  "intensity_max": 0.5,
  "migration_interval": 15,
  "diversity_strategy_type": "code",
  "use_unified_archive": true,
  "use_adaptive_search": true,
  "use_ucb_selection": true,
  "fixed_intensity": 0.4,
  "adapter": {
    "states": [
      {
        "accumulated_signal": 0.08104720376331288,
        "best_score": 0.6099232286985785,
        "improvement_count": 2,
        "total_evaluations": 11,
        "decay": 0.9,
        "epsilon": 1e-08,
        "intensity_min": 0.15,
        "intensity_max": 0.5
      },
      {
        "accumulated_signal": 0.0900944436900348,
        "best_score": 0.6099232286985785,
        "improvement_count": 1,
        "total_evaluations": 12,
        "decay": 0.9,
        "epsilon": 1e-08,
        "intensity_min": 0.15,
        "intensity_max": 0.5
      }
    ],
    "dimension_visits": [
      11,
      12
    ],
    "dimension_rewards": [
      0.3565586395723797,
      0.017931388913500525
    ],
    "decayed_visits": [
      6.861894039100001,
      7.175704635190001
    ],
    "global_best_score": 0.6099232286985785,
    "ucb_exploration": 1.41,
    "min_visits": 3,
    "decay": 0.9,
    "epsilon": 1e-08
  },
  "island_config_names": [
    "balanced",
    "balanced"
  ],
  "islands": [
    [
      "ae2f5341-64cb-45fc-9f22-38314a1e39d7",
      "b18d5154-e04e-4708-9aa4-0606e4b5c358",
      "3af53bea-6bf7-45e5-b56c-a5cb6fb1ae16",
      "884a0a17-9349-46c5-823a-7719818b030a",
      "4481bed9-1afd-4717-a994-97d9502635f6",
      "2337c0dc-9237-4bad-9cff-30132eb4ac61",
      "db4a054f-e072-42b6-85c0-dc9afb323a33",
      "9d3353e6-702e-4b8b-9437-84f7f90fa9c6",
      "1b2f0cb4-98bb-4567-a015-6fec4fc3dd7b",
      "bcc9fa4c-1088-4f40-8a4d-04c8a2f34abe",
      "53efb010-e5f8-4ce8-96b5-e8d53d652414",
      "79b78369-1411-4611-be56-b3d2862c313b",
      "5ff86be6-4e3f-4d64-b141-1714f5bb453d"
    ],
    [
      "5ce09bbf-bd19-42f7-acbb-cfdec090a799",
      "aca533d4-04e6-4875-9f41-476767090ee9",
      "f56a77d9-7551-4cc2-beb7-256df6e4f199",
      "c811937b-820c-44e2-ae26-a7af7ead5edf",
      "6b47a750-5973-41f0-9eea-144fd7cf6b78",
      "9f5b40ca-d4fb-481f-88ea-72759c1dd1b3",
      "cb16aa69-f715-4a3c-93dd-d013c3542524",
      "21850af2-88f1-4b91-9bb1-8d8d8ba0f8d1",
      "86377c04-1a6f-4cc8-a574-1f227babdcee",
      "c02fdfbb-4413-4882-8b5c-44f86d6845ed",
      "2170d950-03a7-4cbc-bc47-7c78a74377f7",
      "6b3a9ea3-e723-4069-bbb6-b9a45a71a5f7",
      "4324e4be-165d-4d72-9911-a00d1fff475e"
    ]
  ],
  "archive_genealogies": [
    {
      "parents": {
        "ae2f5341-64cb-45fc-9f22-38314a1e39d7": [],
        "b18d5154-e04e-4708-9aa4-0606e4b5c358": [
          "ae2f5341-64cb-45fc-9f22-38314a1e39d7"
        ],
        "3af53bea-6bf7-45e5-b56c-a5cb6fb1ae16": [
          "b18d5154-e04e-4708-9aa4-0606e4b5c358"
        ],
        "884a0a17-9349-46c5-823a-7719818b030a": [
          "ae2f5341-64cb-45fc-9f22-38314a1e39d7"
        ],
        "4481bed9-1afd-4717-a994-97d9502635f6": [
          "ae2f5341-64cb-45fc-9f22-38314a1e39d7"
        ],
        "2337c0dc-9237-4bad-9cff-30132eb4ac61": [
          "884a0a17-9349-46c5-823a-7719818b030a"
        ],
        "db4a054f-e072-42b6-85c0-dc9afb323a33": [
          "ae2f5341-64cb-45fc-9f22-38314a1e39d7"
        ],
        "9d3353e6-702e-4b8b-9437-84f7f90fa9c6": [
          "db4a054f-e072-42b6-85c0-dc9afb323a33"
        ],
        "1b2f0cb4-98bb-4567-a015-6fec4fc3dd7b": [
          "21850af2-88f1-4b91-9bb1-8d8d8ba0f8d1"
        ],
        "bcc9fa4c-1088-4f40-8a4d-04c8a2f34abe": [
          "21850af2-88f1-4b91-9bb1-8d8d8ba0f8d1"
        ],
        "53efb010-e5f8-4ce8-96b5-e8d53d652414": [
          "f56a77d9-7551-4cc2-beb7-256df6e4f199"
        ],
        "79b78369-1411-4611-be56-b3d2862c313b": [
          "3af53bea-6bf7-45e5-b56c-a5cb6fb1ae16"
        ],
        "5ff86be6-4e3f-4d64-b141-1714f5bb453d": [
          "21850af2-88f1-4b91-9bb1-8d8d8ba0f8d1"
        ]
      },
      "children": {
        "ae2f5341-64cb-45fc-9f22-38314a1e39d7": [
          "b18d5154-e04e-4708-9aa4-0606e4b5c358",
          "884a0a17-9349-46c5-823a-7719818b030a",
          "4481bed9-1afd-4717-a994-97d9502635f6",
          "db4a054f-e072-42b6-85c0-dc9afb323a33"
        ],
        "b18d5154-e04e-4708-9aa4-0606e4b5c358": [
          "3af53bea-6bf7-45e5-b56c-a5cb6fb1ae16"
        ],
        "884a0a17-9349-46c5-823a-7719818b030a": [
          "2337c0dc-9237-4bad-9cff-30132eb4ac61"
        ],
        "db4a054f-e072-42b6-85c0-dc9afb323a33": [
          "9d3353e6-702e-4b8b-9437-84f7f90fa9c6"
        ],
        "21850af2-88f1-4b91-9bb1-8d8d8ba0f8d1": [
          "1b2f0cb4-98bb-4567-a015-6fec4fc3dd7b",
          "bcc9fa4c-1088-4f40-8a4d-04c8a2f34abe",
          "5ff86be6-4e3f-4d64-b141-1714f5bb453d"
        ],
        "f56a77d9-7551-4cc2-beb7-256df6e4f199": [
          "53efb010-e5f8-4ce8-96b5-e8d53d652414"
        ],
        "3af53bea-6bf7-45e5-b56c-a5cb6fb1ae16": [
          "79b78369-1411-4611-be56-b3d2862c313b"
        ]
      }
    },
    {
      "parents": {
        "5ce09bbf-bd19-42f7-acbb-cfdec090a799": [],
        "aca533d4-04e6-4875-9f41-476767090ee9": [
          "5ce09bbf-bd19-42f7-acbb-cfdec090a799"
        ],
        "f56a77d9-7551-4cc2-beb7-256df6e4f199": [
          "5ce09bbf-bd19-42f7-acbb-cfdec090a799"
        ],
        "c811937b-820c-44e2-ae26-a7af7ead5edf": [
          "5ce09bbf-bd19-42f7-acbb-cfdec090a799"
        ],
        "6b47a750-5973-41f0-9eea-144fd7cf6b78": [
          "f56a77d9-7551-4cc2-beb7-256df6e4f199"
        ],
        "9f5b40ca-d4fb-481f-88ea-72759c1dd1b3": [
          "ae2f5341-64cb-45fc-9f22-38314a1e39d7"
        ],
        "cb16aa69-f715-4a3c-93dd-d013c3542524": [
          "db4a054f-e072-42b6-85c0-dc9afb323a33"
        ],
        "21850af2-88f1-4b91-9bb1-8d8d8ba0f8d1": [
          "db4a054f-e072-42b6-85c0-dc9afb323a33"
        ],
        "86377c04-1a6f-4cc8-a574-1f227babdcee": [
          "db4a054f-e072-42b6-85c0-dc9afb323a33"
        ],
        "c02fdfbb-4413-4882-8b5c-44f86d6845ed": [
          "9d3353e6-702e-4b8b-9437-84f7f90fa9c6"
        ],
        "2170d950-03a7-4cbc-bc47-7c78a74377f7": [
          "1b2f0cb4-98bb-4567-a015-6fec4fc3dd7b"
        ],
        "6b3a9ea3-e723-4069-bbb6-b9a45a71a5f7": [
          "3af53bea-6bf7-45e5-b56c-a5cb6fb1ae16"
        ],
        "4324e4be-165d-4d72-9911-a00d1fff475e": [
          "f56a77d9-7551-4cc2-beb7-256df6e4f199"
        ]
      },
      "children": {
        "5ce09bbf-bd19-42f7-acbb-cfdec090a799": [
          "aca533d4-04e6-4875-9f41-476767090ee9",
          "f56a77d9-7551-4cc2-beb7-256df6e4f199",
          "c811937b-820c-44e2-ae26-a7af7ead5edf"
        ],
        "f56a77d9-7551-4cc2-beb7-256df6e4f199": [
          "6b47a750-5973-41f0-9eea-144fd7cf6b78",
          "4324e4be-165d-4d72-9911-a00d1fff475e"
        ],
        "ae2f5341-64cb-45fc-9f22-38314a1e39d7": [
          "9f5b40ca-d4fb-481f-88ea-72759c1dd1b3"
        ],
        "db4a054f-e072-42b6-85c0-dc9afb323a33": [
          "cb16aa69-f715-4a3c-93dd-d013c3542524",
          "21850af2-88f1-4b91-9bb1-8d8d8ba0f8d1",
          "86377c04-1a6f-4cc8-a574-1f227babdcee"
        ],
        "9d3353e6-702e-4b8b-9437-84f7f90fa9c6": [
          "c02fdfbb-4413-4882-8b5c-44f86d6845ed"
        ],
        "1b2f0cb4-98bb-4567-a015-6fec4fc3dd7b": [
          "2170d950-03a7-4cbc-bc47-7c78a74377f7"
        ],
        "3af53bea-6bf7-45e5-b56c-a5cb6fb1ae16": [
          "6b3a9ea3-e723-4069-bbb6-b9a45a71a5f7"
        ]
      }
    }
  ],
  "use_dynamic_islands": true,
  "max_islands": 5,
  "last_spawn_iteration": -30,
  "use_paradigm_breakthrough": true,
  "paradigm_tracker": {
    "window_size": 10,
    "improvement_threshold": 0.12,
    "max_paradigm_uses": 2,
    "max_tried_paradigms": 10,
    "num_paradigms_to_generate": 3,