{
  "id": "6c36dab5-edbe-4501-9dd7-b35466ae611f",
  "generation": 4,
  "iteration": 8,
  "current_iteration": 9,
  "metrics": {
    "combined_score": 0.7176602673739907,
    "loss": 0.3934169766136364,
    "complexity": 0.0,
    "nmse_train": Infinity,
    "nmse_val": 0.3934169766136364,
    "eval_time": 17.97357416152954,
    "n_datasets": 60.0,
    "n_successful": 60.0
  },
  "language": "python",
  "timestamp": 1779965291.5274282,
  "saved_at": 1779965363.4893634
}