{
  "id": "d981c978-0075-4bc7-905d-8af7992beb5f",
  "generation": 0,
  "iteration": 0,
  "current_iteration": 2,
  "metrics": {
    "combined_score": 0.6447285254253362,
    "n_stage1_datasets": 8.0,
    "n_stage1_successful": 8.0,
    "eval_workers": 8.0,
    "cascade_stage1_time_seconds": 9.63005805015564,
    "cascade_stage1_threshold": 0.15,
    "cascade_stage1_passed": 1.0,
    "loss": 0.5064480036140064,
    "complexity": 23.0,
    "nmse_train": Infinity,
    "nmse_val": 0.5064480036140064,
    "fit_score": 0.6638131535910798,
    "parsimony_weight": 0.2,
    "parsimony_penalty_factor": 0.97125,
    "eval_time": 14.401396751403809,
    "n_datasets": 42.0,
    "n_successful": 42.0,
    "cascade_stage2_time_seconds": 14.402068376541138,
    "cascade_total_time_seconds": 24.032126426696777,
    "cascade_stage1_combined_score": 0.49532198011948503
  },
  "language": "python",
  "timestamp": 1780278830.5297976,
  "saved_at": 1780279419.5413187
}