{
  "program_id": "8c134a03-aca6-42e5-8f74-c615f79d3df6",
  "iteration_found": 19,
  "dataset": "Abeta42/inhibition_constraints",
  "plot": "outputs_diff_inhibited_norm/adaevolve/disease_relevant_inhibited_all_normalized_ode_0720_0232/checkpoints/checkpoint_19/iteration_19_best_validation_curves.svg",
  "metrics": {
    "equation": "d(c)/dt = (8.82044725363031e-10*x1 + 9.95755377585311e-8*x2 + 39.0101917999259*x4*log(1.30142722915709/(x4 + 0.301426223317802)))/(0.322061304092218*x1*x3 + 0.00497222011356145*x3 + 1)",
    "loss": 0.07113182728626952,
    "nmse_train": 0.028221700858741303,
    "nmse_val": 0.034122248601597106,
    "mean_nmse_val": 0.034122248601597106,
    "mean_raw_nmse_val": 0.034122248601597106,
    "scored_loss_val": 0.07113182728626952,
    "mean_scored_loss_val": 0.07113182728626952,
    "shape_loss_val": 0.1821605633402868,
    "shape_loss_weight": 0.25,
    "heldout_curve_nmse": 0.034122248601597106,
    "heldout_curve_scored_loss": 0.07113182728626952,
    "heldout_curve_shape_loss": 0.1821605633402868,
    "eval_only_nmse": NaN,
    "eval_only_scored_loss": NaN,
    "eval_only_shape_loss": NaN,
    "combined_score": 0.9335919020663561,
    "fit_score": 0.9335919020663561,
    "eval_time": 36.40900421142578,
    "n_datasets": 1,
    "n_successful": 1,
    "eval_workers": 8,
    "hard_cases": [
      {
        "dataset": "Abeta42/inhibition_constraints",
        "scored_loss_val": 0.07113182728626953,
        "nmse_val": 0.034122248601597106,
        "shape_loss_val": 0.1821605633402868,
        "evaluation_only": false
      }
    ],
    "hard_case_feedback": "Abeta42/inhibition_constraints scored=0.07113 (nmse=0.03412, shape=0.1822)",
    "validation_semantics_feedback": "heldout_curve_scored_loss=0.07113, heldout_curve_nmse=0.03412, heldout_curve_shape=0.1822; eval_only_fit_score_scored_loss=nan, eval_only_nmse=nan, eval_only_shape=nan",
    "per_dataset": {
      "Abeta42/inhibition_constraints": {
        "nmse_train": 0.028221700858741303,
        "nmse_val": 0.034122248601597106,
        "shape_loss_val": 0.1821605633402868,
        "scored_loss_val": 0.07113182728626953,
        "n_val_points": 1805,
        "evaluation_only": false,
        "combined_score": 0.9335919020663561,
        "equation": "d(c)/dt = (8.82044725363031e-10*x1 + 9.95755377585311e-8*x2 + 39.0101917999259*x4*log(1.30142722915709/(x4 + 0.301426223317802)))/(0.322061304092218*x1*x3 + 0.00497222011356145*x3 + 1)",
        "equation_template": "d(c)/dt = (c2**2*x4*log((c0**2 + c1**2 + 1.001)/(c1**2 + x4 + 0.001)) + c3**2*x1 + c4**2*x2)/(c5**2*x3 + c6**2*x1*x3 + 1)",
        "constants": {
          "c0": 0.0010029153950698844,
          "c1": 0.5481115062811603,
          "c2": -6.245813942147644,
          "c3": -2.969923779094392e-05,
          "c4": -0.0003155559185921428,
          "c5": 0.07051397105227765,
          "c6": 0.5675044529272157
        }
      }
    },
    "error": ""
  },
  "saved_at": 1784496898.651294
}