{
  "num_islands": 2,
  "current_island": 1,
  "iteration_count": 9,
  "global_best_score": 0.942416902470017,
  "decay": 0.9,
  "intensity_min": 0.15,
  "intensity_max": 0.5,
  "migration_interval": 15,
  "diversity_strategy_type": "code",
  "use_unified_archive": true,
  "use_adaptive_search": true,
  "use_ucb_selection": true,
  "fixed_intensity": 0.4,
  "adapter": {
    "states": [
      {
        "accumulated_signal": 0.18999999999999995,
        "best_score": 0.942416902470017,
        "improvement_count": 2,
        "total_evaluations": 6,
        "decay": 0.9,
        "epsilon": 1e-08,
        "intensity_min": 0.15,
        "intensity_max": 0.5
      },
      {
        "accumulated_signal": 0.18999999999999995,
        "best_score": 0.942416902470017,
        "improvement_count": 1,
        "total_evaluations": 5,
        "decay": 0.9,
        "epsilon": 1e-08,
        "intensity_min": 0.15,
        "intensity_max": 0.5
      }
    ],
    "dimension_visits": [
      6,
      5
    ],
    "dimension_rewards": [
      1.24659,
      0.38494681806955827
    ],
    "decayed_visits": [
      4.68559,
      4.0951
    ],
    "global_best_score": 0.942416902470017,
    "ucb_exploration": 1.41,
    "min_visits": 3,
    "decay": 0.9,
    "epsilon": 1e-08
  },
  "island_config_names": [
    "balanced",
    "balanced"
  ],
  "islands": [
    [
      "f5625ecc-4ea9-47ff-ba4b-0ceab63568ac",
      "beed9b6f-9b3d-45a6-b0cc-a87c4882fd41",
      "bdad4696-266b-44bc-bba1-b7437b3dc551",
      "52aa1db1-71c0-4e30-9b35-16ddb05abdd6",
      "8e3863e1-ac7b-4b4c-9432-d84babc53bae",
      "406f5d87-ac87-486f-870b-03e3f029dbbe"
    ],
    [
      "b1807b5c-cbf2-4b01-9fa5-367325acebc4",
      "843e43a4-c99f-4d9f-bd17-7203419e4181",
      "d8af4af3-1184-43bc-9db0-b0781387fc6d",
      "29be13b7-d7cb-4c0b-9a3b-89c7f498558a",
      "5bceb49c-3109-4325-b997-66c35fb246b8",
      "9f179a3b-15ee-4ddb-91bc-b9cc90690bfe"
    ]
  ],
  "archive_genealogies": [
    {
      "parents": {
        "f5625ecc-4ea9-47ff-ba4b-0ceab63568ac": [],
        "beed9b6f-9b3d-45a6-b0cc-a87c4882fd41": [
          "f5625ecc-4ea9-47ff-ba4b-0ceab63568ac"
        ],
        "bdad4696-266b-44bc-bba1-b7437b3dc551": [
          "beed9b6f-9b3d-45a6-b0cc-a87c4882fd41"
        ],
        "52aa1db1-71c0-4e30-9b35-16ddb05abdd6": [
          "beed9b6f-9b3d-45a6-b0cc-a87c4882fd41"
        ],
        "8e3863e1-ac7b-4b4c-9432-d84babc53bae": [
          "beed9b6f-9b3d-45a6-b0cc-a87c4882fd41"
        ],
        "406f5d87-ac87-486f-870b-03e3f029dbbe": [
          "8e3863e1-ac7b-4b4c-9432-d84babc53bae"
        ]
      },
      "children": {
        "f5625ecc-4ea9-47ff-ba4b-0ceab63568ac": [
          "beed9b6f-9b3d-45a6-b0cc-a87c4882fd41"
        ],
        "beed9b6f-9b3d-45a6-b0cc-a87c4882fd41": [
          "bdad4696-266b-44bc-bba1-b7437b3dc551",
          "52aa1db1-71c0-4e30-9b35-16ddb05abdd6",
          "8e3863e1-ac7b-4b4c-9432-d84babc53bae"
        ],
        "8e3863e1-ac7b-4b4c-9432-d84babc53bae": [
          "406f5d87-ac87-486f-870b-03e3f029dbbe"
        ]
      }
    },
    {
      "parents": {
        "b1807b5c-cbf2-4b01-9fa5-367325acebc4": [],
        "843e43a4-c99f-4d9f-bd17-7203419e4181": [
          "b1807b5c-cbf2-4b01-9fa5-367325acebc4"
        ],
        "d8af4af3-1184-43bc-9db0-b0781387fc6d": [
          "843e43a4-c99f-4d9f-bd17-7203419e4181"
        ],
        "29be13b7-d7cb-4c0b-9a3b-89c7f498558a": [
          "843e43a4-c99f-4d9f-bd17-7203419e4181"
        ],
        "5bceb49c-3109-4325-b997-66c35fb246b8": [
          "b1807b5c-cbf2-4b01-9fa5-367325acebc4"
        ],
        "9f179a3b-15ee-4ddb-91bc-b9cc90690bfe": [
          "843e43a4-c99f-4d9f-bd17-7203419e4181"
        ]
      },
      "children": {
        "b1807b5c-cbf2-4b01-9fa5-367325acebc4": [
          "843e43a4-c99f-4d9f-bd17-7203419e4181",
          "5bceb49c-3109-4325-b997-66c35fb246b8"
        ],
        "843e43a4-c99f-4d9f-bd17-7203419e4181": [
          "d8af4af3-1184-43bc-9db0-b0781387fc6d",
          "29be13b7-d7cb-4c0b-9a3b-89c7f498558a",
          "9f179a3b-15ee-4ddb-91bc-b9cc90690bfe"
        ]
      }
    }
  ],
  "use_dynamic_islands": true,
  "max_islands": 5,
  "last_spawn_iteration": -30,
  "use_paradigm_breakthrough": true,
  "paradigm_tracker": {
    "window_size": 10,
    "improvement_threshold": 0.12,
    "max_paradigm_uses": 2,
    "max_tried_paradigms": 10,
    "num_paradigms_to_generate": 3,
    "improvement_history": [
      1.0,
      0.0,
      0.0,
      0.0,
      0.0,
      0.0,
      0.0,
      0.0,
      0.0,
      0.0
    ],
    "active_paradigms": [],
    "paradigm_usage_counts": {},
    "current_paradigm_index": 0,
    "tried_paradigms": [],
    "best_score_at_paradigm_gen": 0.0,
    "best_score_during_paradigm": 0.0
  }
}