{
  "num_islands": 4,
  "current_island": 0,
  "iteration_count": 0,
  "global_best_score": 0.9565758188435669,
  "decay": 0.9,
  "intensity_min": 0.15,
  "intensity_max": 0.5,
  "migration_interval": 15,
  "diversity_strategy_type": "code",
  "use_unified_archive": true,
  "use_adaptive_search": true,
  "use_ucb_selection": true,
  "fixed_intensity": 0.4,
  "adapter": {
    "states": [
      {
        "accumulated_signal": 0.09000083508428044,
        "best_score": 0.9565758188435669,
        "improvement_count": 2,
        "total_evaluations": 13,
        "decay": 0.9,
        "epsilon": 1e-08,
        "intensity_min": 0.15,
        "intensity_max": 0.5
      },
      {
        "accumulated_signal": 0.09999999999999998,
        "best_score": 0.9539678930681167,
        "improvement_count": 0,
        "total_evaluations": 0,
        "decay": 0.9,
        "epsilon": 1e-08,
        "intensity_min": 0.15,
        "intensity_max": 0.5
      },
      {
        "accumulated_signal": 0.09999999999999998,
        "best_score": 0.9532429639346738,
        "improvement_count": 0,
        "total_evaluations": 0,
        "decay": 0.9,
        "epsilon": 1e-08,
        "intensity_min": 0.15,
        "intensity_max": 0.5
      },
      {
        "accumulated_signal": 0.09999999999999998,
        "best_score": 0.9539722728493878,
        "improvement_count": 0,
        "total_evaluations": 0,
        "decay": 0.9,
        "epsilon": 1e-08,
        "intensity_min": 0.15,
        "intensity_max": 0.5
      }
    ],
    "dimension_visits": [
      13,
      0,
      0,
      0
    ],
    "dimension_rewards": [
      0.28333638084486673,
      0.0,
      0.0,
      0.0
    ],
    "decayed_visits": [
      7.458134171671,
      0.0,
      0.0,
      0.0
    ],
    "global_best_score": 0.9565758188435669,
    "ucb_exploration": 1.41,
    "min_visits": 3,
    "decay": 0.9,
    "epsilon": 1e-08
  },
  "island_config_names": [
    "balanced",
    "balanced",
    "balanced",
    "balanced"
  ],
  "islands": [
    [
      "04ad93e2-4b81-4339-b2e7-85f516bd0a96",
      "4ae277a9-b404-45e5-9233-d1557fa8a2f6",
      "f37ae321-81a5-448c-a607-dba613b179cf",
      "fc963a4e-4714-4a0d-9af9-77ae53c767fd",
      "624195ca-d2e7-4507-8570-c3cb98cd5fb1",
      "37bf17a1-a5f0-45d7-bdbe-1417aa07e5ef",
      "4986add6-54d1-4e61-b358-c56ce5624d7f",
      "9e42228c-1e2f-4bda-826b-82f5fd1923d6",
      "bdf6115e-1f21-49c6-9dc4-a7528d3601ff",
      "20933612-1f19-4470-80ba-8c90e9818f24",
      "07ce81af-4620-4a37-a368-2bb38998da23",
      "66142453-519a-4d1f-a10e-17f4d2fd4b98",
      "3379f973-3a83-4a5a-8894-5f68f5e2f707"
    ],
    [
      "51e5d10c-88a3-4694-a555-ff8f9d6a49d5",
      "e018f0ab-49cd-451f-b402-e62d98fee7bb",
      "071d655e-f33c-4d8b-b3e2-2f4e16de5b04",
      "e9126c60-1699-4fb4-abad-f60f43c1d1db",
      "ab44cab2-7008-4c5d-82d4-8662646e103f"
    ],
    [
      "d7c1daaf-7b0b-4f35-a775-29e20cd321b0",
      "f24a6fcc-00e3-4b04-b219-93fac45d4813",
      "40ef4d95-8b8f-4632-8c34-aaf112a2b9aa",
      "f577aaa7-6e0a-47e7-b5ac-4d4f0a942e62",
      "c9ba459a-bc0b-42a8-9da1-07e96f235c94",
      "9b966bf8-6d0f-438e-bdb3-ba511d36f19a"
    ],
    [
      "3a80272e-29b7-44ec-8f80-16557ddc2e25",
      "d862fc99-4ddf-404a-8ff8-6df889a806f3",
      "d4228e1c-4023-44a2-b178-8d810eec5c91",
      "ee3fecdb-1b90-4a71-9d2d-3f56249b357c",
      "1d2c8047-897c-427e-96cc-e42285a930dc"
    ]
  ],
  "archive_genealogies": [
    {
      "parents": {
        "04ad93e2-4b81-4339-b2e7-85f516bd0a96": [],
        "4ae277a9-b404-45e5-9233-d1557fa8a2f6": [],
        "f37ae321-81a5-448c-a607-dba613b179cf": [],
        "fc963a4e-4714-4a0d-9af9-77ae53c767fd": [],
        "624195ca-d2e7-4507-8570-c3cb98cd5fb1": [],
        "37bf17a1-a5f0-45d7-bdbe-1417aa07e5ef": [],
        "4986add6-54d1-4e61-b358-c56ce5624d7f": [],
        "9e42228c-1e2f-4bda-826b-82f5fd1923d6": [],
        "bdf6115e-1f21-49c6-9dc4-a7528d3601ff": [],
        "20933612-1f19-4470-80ba-8c90e9818f24": [
          "4ae277a9-b404-45e5-9233-d1557fa8a2f6"
        ],
        "07ce81af-4620-4a37-a368-2bb38998da23": [
          "f37ae321-81a5-448c-a607-dba613b179cf"
        ],
        "66142453-519a-4d1f-a10e-17f4d2fd4b98": [
          "04ad93e2-4b81-4339-b2e7-85f516bd0a96"
        ],
        "3379f973-3a83-4a5a-8894-5f68f5e2f707": [
          "04ad93e2-4b81-4339-b2e7-85f516bd0a96"
        ]
      },
      "children": {
        "4ae277a9-b404-45e5-9233-d1557fa8a2f6": [
          "20933612-1f19-4470-80ba-8c90e9818f24"
        ],
        "f37ae321-81a5-448c-a607-dba613b179cf": [
          "07ce81af-4620-4a37-a368-2bb38998da23"
        ],
        "04ad93e2-4b81-4339-b2e7-85f516bd0a96": [
          "66142453-519a-4d1f-a10e-17f4d2fd4b98",
          "3379f973-3a83-4a5a-8894-5f68f5e2f707"
        ]
      }
    },
    {
      "parents": {
        "51e5d10c-88a3-4694-a555-ff8f9d6a49d5": [],
        "e018f0ab-49cd-451f-b402-e62d98fee7bb": [],
        "071d655e-f33c-4d8b-b3e2-2f4e16de5b04": [],
        "e9126c60-1699-4fb4-abad-f60f43c1d1db": [],
        "ab44cab2-7008-4c5d-82d4-8662646e103f": []
      },
      "children": {}
    },
    {
      "parents": {
        "d7c1daaf-7b0b-4f35-a775-29e20cd321b0": [],
        "f24a6fcc-00e3-4b04-b219-93fac45d4813": [],
        "40ef4d95-8b8f-4632-8c34-aaf112a2b9aa": [],
        "f577aaa7-6e0a-47e7-b5ac-4d4f0a942e62": [],
        "c9ba459a-bc0b-42a8-9da1-07e96f235c94": [],
        "9b966bf8-6d0f-438e-bdb3-ba511d36f19a": []
      },
      "children": {}
    },
    {
      "parents": {
        "3a80272e-29b7-44ec-8f80-16557ddc2e25": [],
        "d862fc99-4ddf-404a-8ff8-6df889a806f3": [],
        "d4228e1c-4023-44a2-b178-8d810eec5c91": [],
        "ee3fecdb-1b90-4a71-9d2d-3f56249b357c": [],
        "1d2c8047-897c-427e-96cc-e42285a930dc": []
      },
      "children": {}
    }
  ],
  "use_dynamic_islands": true,
  "max_islands": 5,
  "last_spawn_iteration": -30,
  "use_paradigm_breakthrough": true,
  "paradigm_tracker": {
    "window_size": 10,
    "improvement_threshold": 0.12,
    "max_paradigm_uses": 2,
    "max_tried_paradigms": 10,
    "num_paradigms_to_generate": 3,
    "improvement_history": [
      0.0,
      0.0,
      0.0,
      0.0,
      0.0,
      0.0,
      0.0,
      0.0,
      0.0,
      0.0
    ],
    "active_paradigms": [],
    "paradigm_usage_counts": {},
    "current_paradigm_index": 0,
    "tried_paradigms": [],
    "best_score_at_paradigm_gen": 0.0,
    "best_score_during_paradigm": 0.0
  }
}