{
  "program_id": "07ce81af-4620-4a37-a368-2bb38998da23",
  "iteration_found": 1,
  "dataset": "Abeta42/inhibition_constraints",
  "plot": "outputs_diff_inhibited_norm/adaevolve/disease_relevant_inhibited_all_normalized_ode_0720_0357/checkpoints/checkpoint_1/iteration_1_best_validation_curves.svg",
  "metrics": {
    "equation": "d(c)/dt = 0.144298482223507*x0*x4 + (0.968817869784262 - x4)*(12.0062033059041*x1*x4*(1.41741193514102e-8*x2 + x4 + 1)/((1.98339679331745e-7*x3 + 1)*(0.871300259473796*x3*(0.738537089125126*x4 + 1) + 1)) + 3.68335630516959e-7*x1/(1.98339679331745e-7*x3 + 1) + 0.944081925232613*x2 + 4.35640044013483e-8)",
    "loss": 0.04808688855444954,
    "nmse_train": 0.010212849613331026,
    "nmse_val": 0.0058030893392332274,
    "mean_nmse_val": 0.0058030893392332274,
    "mean_raw_nmse_val": 0.0058030893392332274,
    "scored_loss_val": 0.04808688855444954,
    "mean_scored_loss_val": 0.04808688855444954,
    "shape_loss_val": 0.1749382862000985,
    "shape_loss_weight": 0.25,
    "heldout_curve_nmse": 0.0058030893392332274,
    "heldout_curve_scored_loss": 0.04808688855444954,
    "heldout_curve_shape_loss": 0.1749382862000985,
    "eval_only_nmse": NaN,
    "eval_only_scored_loss": NaN,
    "eval_only_shape_loss": NaN,
    "combined_score": 0.9541193682703422,
    "fit_score": 0.9541193682703422,
    "eval_time": 19.057369232177734,
    "n_datasets": 1,
    "n_successful": 1,
    "eval_workers": 8,
    "hard_cases": [
      {
        "dataset": "Abeta42/inhibition_constraints",
        "scored_loss_val": 0.04808688855444954,
        "nmse_val": 0.0058030893392332274,
        "shape_loss_val": 0.1749382862000985,
        "evaluation_only": false
      }
    ],
    "hard_case_feedback": "Abeta42/inhibition_constraints scored=0.04809 (nmse=0.005803, shape=0.1749)",
    "validation_semantics_feedback": "heldout_curve_scored_loss=0.04809, heldout_curve_nmse=0.005803, heldout_curve_shape=0.1749; eval_only_fit_score_scored_loss=nan, eval_only_nmse=nan, eval_only_shape=nan",
    "per_dataset": {
      "Abeta42/inhibition_constraints": {
        "nmse_train": 0.010212849613331026,
        "nmse_val": 0.0058030893392332274,
        "shape_loss_val": 0.1749382862000985,
        "scored_loss_val": 0.04808688855444954,
        "n_val_points": 1805,
        "evaluation_only": false,
        "combined_score": 0.9541193682703422,
        "equation": "d(c)/dt = 0.144298482223507*x0*x4 + (0.968817869784262 - x4)*(12.0062033059041*x1*x4*(1.41741193514102e-8*x2 + x4 + 1)/((1.98339679331745e-7*x3 + 1)*(0.871300259473796*x3*(0.738537089125126*x4 + 1) + 1)) + 3.68335630516959e-7*x1/(1.98339679331745e-7*x3 + 1) + 0.944081925232613*x2 + 4.35640044013483e-8)",
        "equation_template": "d(c)/dt = -c9*x0*x4 + (c0 - x4)*(c2**2 + c3**2*x1/(c1**2*x3 + 1) + c4**2*x2 + c7**2*x1*x4*(c8**2*x2 + x4 + 1)/((c1**2*x3 + 1)*(c5**2*x3*(c6**2*x4 + 1) + 1)))",
        "constants": {
          "c0": 0.9688178697842622,
          "c1": 0.00044535343192990607,
          "c2": -0.000208719918554383,
          "c3": -0.0006069066077387515,
          "c4": 0.9716387833102451,
          "c5": 0.9334346573134062,
          "c6": 0.8593818063731197,
          "c7": 3.464996869537412,
          "c8": 0.00011905511056401656,
          "c9": -0.14429848222350677
        }
      }
    },
    "error": ""
  },
  "saved_at": 1784500413.721456
}