{
  "program_id": "8df32609-5934-410e-af3c-2e8c32106c3d",
  "iteration_found": 32,
  "dataset": "Abeta42/inhibition_constraints",
  "plot": "outputs_diff_inhibited_norm/adaevolve/disease_relevant_inhibited_all_normalized_ode_0720_0022/checkpoints/checkpoint_32/iteration_32_best_validation_curves.svg",
  "metrics": {
    "equation": "d(c)/dt = (0.961171908771955 - x4)*(175.120340150923*x1*x4*(0.0981034876758491*x2 + 1)/(16.5529319736993*x3 + x4 + 8.36150552265427) + 4.56761272561767e-8*x1 + 3.59992346829861*x2 + 3.78060241863209e-8)/(4.72032415159196e-6*x3 + 1)",
    "loss": 0.09624093778086605,
    "nmse_train": 0.01110892941861313,
    "nmse_val": 0.05097610573174098,
    "mean_nmse_val": 0.05097610573174098,
    "mean_raw_nmse_val": 0.05097610573174098,
    "scored_loss_val": 0.09624093778086605,
    "mean_scored_loss_val": 0.09624093778086605,
    "shape_loss_val": 0.23203543392824127,
    "shape_loss_weight": 0.25,
    "heldout_curve_nmse": 0.05097610573174098,
    "heldout_curve_scored_loss": 0.09624093778086605,
    "heldout_curve_shape_loss": 0.23203543392824127,
    "eval_only_nmse": NaN,
    "eval_only_scored_loss": NaN,
    "eval_only_shape_loss": NaN,
    "combined_score": 0.9122082249768124,
    "fit_score": 0.9122082249768124,
    "eval_time": 99.84773683547974,
    "n_datasets": 1,
    "n_successful": 1,
    "eval_workers": 8,
    "hard_cases": [
      {
        "dataset": "Abeta42/inhibition_constraints",
        "scored_loss_val": 0.09624093778086605,
        "nmse_val": 0.05097610573174098,
        "shape_loss_val": 0.23203543392824127,
        "evaluation_only": false
      }
    ],
    "hard_case_feedback": "Abeta42/inhibition_constraints scored=0.09624 (nmse=0.05098, shape=0.232)",
    "validation_semantics_feedback": "heldout_curve_scored_loss=0.09624, heldout_curve_nmse=0.05098, heldout_curve_shape=0.232; eval_only_fit_score_scored_loss=nan, eval_only_nmse=nan, eval_only_shape=nan",
    "per_dataset": {
      "Abeta42/inhibition_constraints": {
        "nmse_train": 0.01110892941861313,
        "nmse_val": 0.05097610573174098,
        "shape_loss_val": 0.23203543392824127,
        "scored_loss_val": 0.09624093778086605,
        "n_val_points": 3610,
        "evaluation_only": false,
        "combined_score": 0.9122082249768124,
        "equation": "d(c)/dt = (0.961171908771955 - x4)*(175.120340150923*x1*x4*(0.0981034876758491*x2 + 1)/(16.5529319736993*x3 + x4 + 8.36150552265427) + 4.56761272561767e-8*x1 + 3.59992346829861*x2 + 3.78060241863209e-8)/(4.72032415159196e-6*x3 + 1)",
        "equation_template": "d(c)/dt = (c0 - x4)*(c3**2 + c4**2*x1 + c5**2*x2 + c6**2*x1*x4*(c7**2*x2 + 1)/(c1**2 + c2**2*x3 + x4 + 1.0e-9))/(c8**2*x3 + 1)",
        "constants": {
          "c0": 0.9611719087719546,
          "c1": 2.89162679501596,
          "c2": 4.068529460837089,
          "c3": 0.00019443771287052554,
          "c4": 0.0002137197399777959,
          "c5": 1.897346428119706,
          "c6": -13.233304203823122,
          "c7": 0.31321476286383615,
          "c8": 0.0021726306983912286
        }
      }
    },
    "error": ""
  },
  "saved_at": 1784491421.2730439
}