{
  "id": "8a4bcaa8-8030-41e3-adb2-ac4ce4150f95",
  "generation": 3,
  "iteration": 8,
  "current_iteration": 9,
  "metrics": {
    "combined_score": 0.8907839850240012,
    "n_stage1_datasets": 8.0,
    "n_stage1_successful": 8.0,
    "eval_workers": 8.0,
    "cascade_stage1_time_seconds": 2.0542149543762207,
    "cascade_stage1_threshold": 0.15,
    "cascade_stage1_passed": 1.0,
    "loss": 0.08050887328656511,
    "complexity": 30.0,
    "nmse_train": Infinity,
    "nmse_val": 0.08050887328656511,
    "fit_score": 0.9254898545703909,
    "parsimony_weight": 0.2,
    "parsimony_penalty_factor": 0.9625,
    "eval_time": 26.71159315109253,
    "n_datasets": 42.0,
    "n_successful": 42.0,
    "cascade_stage2_time_seconds": 26.712215900421143,
    "cascade_total_time_seconds": 28.766430854797363,
    "cascade_stage1_combined_score": 0.8694791540910864
  },
  "language": "python",
  "timestamp": 1780273757.721372,
  "saved_at": 1780273882.438631
}