{
  "num_islands": 2,
  "current_island": 0,
  "iteration_count": 5,
  "global_best_score": 0.9296930951412585,
  "decay": 0.9,
  "intensity_min": 0.15,
  "intensity_max": 0.5,
  "migration_interval": 15,
  "diversity_strategy_type": "code",
  "use_unified_archive": true,
  "use_adaptive_search": true,
  "use_ucb_selection": true,
  "fixed_intensity": 0.4,
  "adapter": {
    "states": [
      {
        "accumulated_signal": 0.0900232838082663,
        "best_score": 0.9283431147717414,
        "improvement_count": 2,
        "total_evaluations": 4,
        "decay": 0.9,
        "epsilon": 1e-08,
        "intensity_min": 0.15,
        "intensity_max": 0.5
      },
      {
        "accumulated_signal": 0.090028007377342,
        "best_score": 0.9296930951412585,
        "improvement_count": 1,
        "total_evaluations": 3,
        "decay": 0.9,
        "epsilon": 1e-08,
        "intensity_min": 0.15,
        "intensity_max": 0.5
      }
    ],
    "dimension_visits": [
      4,
      3
    ],
    "dimension_rewards": [
      0.7427331295398091,
      0.014835489094231137
    ],
    "decayed_visits": [
      3.439,
      2.71
    ],
    "global_best_score": 0.9296930951412585,
    "ucb_exploration": 1.41,
    "min_visits": 3,
    "decay": 0.9,
    "epsilon": 1e-08
  },
  "island_config_names": [
    "balanced",
    "balanced"
  ],
  "islands": [
    [
      "8c06d33a-d68b-4e24-9bca-56d4d187fbf4",
      "af38203e-7865-47b9-a4a5-20a509dd8c60",
      "b31f5d46-bea8-4831-8367-c959d7f9bf7b",
      "6c4f3ff6-c6a6-4328-b91c-887e7c10661a"
    ],
    [
      "21b40072-4d00-4035-a6a6-fcc1b7f584a0",
      "cebb6c74-af69-40fa-8415-f1f3c16643ab",
      "160bff98-6595-4a19-9073-18fc0b585f8e",
      "2111f46f-ed5a-4865-9e19-559c041e2af8"
    ]
  ],
  "archive_genealogies": [
    {
      "parents": {
        "8c06d33a-d68b-4e24-9bca-56d4d187fbf4": [],
        "af38203e-7865-47b9-a4a5-20a509dd8c60": [
          "8c06d33a-d68b-4e24-9bca-56d4d187fbf4"
        ],
        "b31f5d46-bea8-4831-8367-c959d7f9bf7b": [
          "8c06d33a-d68b-4e24-9bca-56d4d187fbf4"
        ],
        "6c4f3ff6-c6a6-4328-b91c-887e7c10661a": [
          "af38203e-7865-47b9-a4a5-20a509dd8c60"
        ]
      },
      "children": {
        "8c06d33a-d68b-4e24-9bca-56d4d187fbf4": [
          "af38203e-7865-47b9-a4a5-20a509dd8c60",
          "b31f5d46-bea8-4831-8367-c959d7f9bf7b"
        ],
        "af38203e-7865-47b9-a4a5-20a509dd8c60": [
          "6c4f3ff6-c6a6-4328-b91c-887e7c10661a"
        ]
      }
    },
    {
      "parents": {
        "21b40072-4d00-4035-a6a6-fcc1b7f584a0": [],
        "cebb6c74-af69-40fa-8415-f1f3c16643ab": [
          "21b40072-4d00-4035-a6a6-fcc1b7f584a0"
        ],
        "160bff98-6595-4a19-9073-18fc0b585f8e": [
          "21b40072-4d00-4035-a6a6-fcc1b7f584a0"
        ],
        "2111f46f-ed5a-4865-9e19-559c041e2af8": [
          "160bff98-6595-4a19-9073-18fc0b585f8e"
        ]
      },
      "children": {
        "21b40072-4d00-4035-a6a6-fcc1b7f584a0": [
          "cebb6c74-af69-40fa-8415-f1f3c16643ab",
          "160bff98-6595-4a19-9073-18fc0b585f8e"
        ],
        "160bff98-6595-4a19-9073-18fc0b585f8e": [
          "2111f46f-ed5a-4865-9e19-559c041e2af8"
        ]
      }
    }
  ],
  "use_dynamic_islands": true,
  "max_islands": 5,
  "last_spawn_iteration": -30,
  "use_paradigm_breakthrough": true,
  "paradigm_tracker": {
    "window_size": 10,
    "improvement_threshold": 0.12,
    "max_paradigm_uses": 2,
    "max_tried_paradigms": 10,
    "num_paradigms_to_generate": 3,
    "improvement_history": [
      1.0,
      0.0,
      0.0,
      1.0,
      1.0,
      0.0,
      0.0
    ],
    "active_paradigms": [],
    "paradigm_usage_counts": {},
    "current_paradigm_index": 0,
    "tried_paradigms": [],
    "best_score_at_paradigm_gen": 0.0,
    "best_score_during_paradigm": 0.0
  }
}