{
  "id": "418c0bc7-e0e3-4fa0-8e81-06fd93be74c6",
  "generation": 2,
  "iteration": 14,
  "current_iteration": 18,
  "metrics": {
    "combined_score": 0.9440381973008652,
    "n_stage1_datasets": 8.0,
    "n_stage1_successful": 8.0,
    "eval_workers": 8.0,
    "stage1_full_selected_datasets": 1.0,
    "cascade_stage1_time_seconds": 7.961419105529785,
    "cascade_stage1_threshold": 0.15,
    "cascade_stage1_passed": 1.0,
    "loss": 0.03941768755282186,
    "complexity": 15.0,
    "nmse_train": 0.024918016528135828,
    "nmse_val": 0.03941768755282186,
    "mean_nmse_val": 0.03941768755282186,
    "mean_raw_nmse_val": 0.03941768755282186,
    "fit_score": 0.9620771437461048,
    "parsimony_weight": 0.2,
    "parsimony_penalty_factor": 0.98125,
    "eval_time": 52.12661600112915,
    "n_datasets": 42.0,
    "n_successful": 42.0,
    "hard_case_tail_nmse": 0.35253257928167364,
    "hard_case_tail_weight": 0.0,
    "per_dataset_nmse_cap": 10.0,
    "cascade_stage2_time_seconds": 52.12715244293213,
    "cascade_total_time_seconds": 60.088571548461914,
    "cascade_stage1_combined_score": 0.9503168708264536
  },
  "language": "python",
  "timestamp": 1780775458.7615147,
  "saved_at": 1780776236.7565532
}