{
  "id": "4df25579-90b0-4cd2-aa9d-da88ed45ad02",
  "generation": 2,
  "iteration": 14,
  "current_iteration": 14,
  "metrics": {
    "equation": "d(c)/dt = (0.970664696615554 - x4)*(x0*(2.8453518634546*x1*x4/(3.17535577181285*x3 + 1) + 2.92785568913113*x1*x4*sqrt(x4**2 + 25.3984705070219)/(0.749080263723346*x3 + 1))/(x0 + 0.0106456782826047*x3 + 0.00128212263324477) + 4.09511169592803e-5*x1 + 5.57601970624824*x2)",
    "loss": 0.043607911224177946,
    "nmse_train": 0.00996002438826632,
    "nmse_val": 0.0024442957910880986,
    "mean_nmse_val": 0.0024442957910880986,
    "mean_raw_nmse_val": 0.0024442957910880986,
    "scored_loss_val": 0.043607911224177946,
    "mean_scored_loss_val": 0.043607911224177946,
    "shape_loss_val": 0.1670987575234475,
    "shape_loss_weight": 0.25,
    "heldout_curve_nmse": 0.0024442957910880986,
    "heldout_curve_scored_loss": 0.043607911224177946,
    "heldout_curve_shape_loss": 0.1670987575234475,
    "eval_only_nmse": NaN,
    "eval_only_scored_loss": NaN,
    "eval_only_shape_loss": NaN,
    "combined_score": 0.958214276880074,
    "fit_score": 0.958214276880074,
    "eval_time": 91.25316619873047,
    "n_datasets": 1,
    "n_successful": 1,
    "eval_workers": 8,
    "hard_cases": [
      {
        "dataset": "Abeta42/inhibition_constraints",
        "scored_loss_val": 0.043607911224177946,
        "nmse_val": 0.0024442957910880986,
        "shape_loss_val": 0.1670987575234475,
        "evaluation_only": false
      }
    ],
    "hard_case_feedback": "Abeta42/inhibition_constraints scored=0.04361 (nmse=0.002444, shape=0.1671)",
    "validation_semantics_feedback": "heldout_curve_scored_loss=0.04361, heldout_curve_nmse=0.002444, heldout_curve_shape=0.1671; eval_only_fit_score_scored_loss=nan, eval_only_nmse=nan, eval_only_shape=nan",
    "per_dataset": {
      "Abeta42/inhibition_constraints": {
        "nmse_train": 0.00996002438826632,
        "nmse_val": 0.0024442957910880986,
        "shape_loss_val": 0.1670987575234475,
        "scored_loss_val": 0.043607911224177946,
        "n_val_points": 1805,
        "evaluation_only": false,
        "combined_score": 0.958214276880074,
        "equation": "d(c)/dt = (0.970664696615554 - x4)*(x0*(2.8453518634546*x1*x4/(3.17535577181285*x3 + 1) + 2.92785568913113*x1*x4*sqrt(x4**2 + 25.3984705070219)/(0.749080263723346*x3 + 1))/(x0 + 0.0106456782826047*x3 + 0.00128212263324477) + 4.09511169592803e-5*x1 + 5.57601970624824*x2)",
        "equation_template": "d(c)/dt = (c9 - x4)*(c3**2*x1 + c4**2*x2 + x0*(c5**2*x1*x4/(c2**2*x3 + 1) + c6**2*x1*x4*sqrt(c0**2 + x4**2)/(c1**2*x3 + 1))/(c7**2*(c8**2*x3 + 1) + x0))",
        "constants": {
          "c0": 5.039689524863794,
          "c1": 0.8654942309012501,
          "c2": 1.7819527973021203,
          "c3": -0.006399305974813233,
          "c4": -2.361359715555477,
          "c5": 1.6868170806150273,
          "c6": 1.711097802327831,
          "c7": -0.03580674005330233,
          "c8": -2.881521639091311,
          "c9": 0.9706646966155544
        }
      }
    },
    "error": ""
  },
  "language": "python",
  "timestamp": 1784590737.7640479,
  "saved_at": 1784590738.4358678
}