{
  "id": "1f820d96-8f9d-4e18-8f04-764d4549deb2",
  "generation": 4,
  "iteration": 7,
  "timestamp": 1780281555.302783,
  "parent_id": "0ab7244b-4f09-43dd-92fb-bdc3586930c5",
  "metrics": {
    "combined_score": 0.9118417354149831,
    "n_stage1_datasets": 8.0,
    "n_stage1_successful": 8.0,
    "eval_workers": 8.0,
    "cascade_stage1_time_seconds": 0.8868188858032227,
    "cascade_stage1_threshold": 0.15,
    "cascade_stage1_passed": 1.0,
    "loss": 0.06652279910988176,
    "complexity": 22.0,
    "nmse_train": Infinity,
    "nmse_val": 0.06652279910988176,
    "fit_score": 0.9376264631516535,
    "parsimony_weight": 0.2,
    "parsimony_penalty_factor": 0.9725,
    "eval_time": 19.497576475143433,
    "n_datasets": 42.0,
    "n_successful": 42.0,
    "cascade_stage2_time_seconds": 19.498053550720215,
    "cascade_total_time_seconds": 20.384872436523438,
    "cascade_stage1_combined_score": 0.8889313613208312,
    "test_combined_score": 0.9118417354149831,
    "test_n_stage1_datasets": 8.0,
    "test_n_stage1_successful": 8.0,
    "test_eval_workers": 8.0,
    "test_cascade_stage1_time_seconds": 0.9456939697265625,
    "test_cascade_stage1_threshold": 0.15,
    "test_cascade_stage1_passed": 1.0,
    "test_loss": 0.06652279910988176,
    "test_complexity": 22.0,
    "test_nmse_train": Infinity,
    "test_nmse_val": 0.06652279910988176,
    "test_fit_score": 0.9376264631516535,
    "test_parsimony_weight": 0.2,
    "test_parsimony_penalty_factor": 0.9725,
    "test_eval_time": 28.572937726974487,
    "test_n_datasets": 42.0,
    "test_n_successful": 42.0,
    "test_cascade_stage2_time_seconds": 28.573521614074707,
    "test_cascade_total_time_seconds": 29.51921558380127,
    "test_cascade_stage1_combined_score": 0.8889313613208312
  },
  "language": "python",
  "saved_at": 1780312005.4744608
}