{
  "program_id": "2eadc086-0e81-4f54-a0aa-0814e0cdbb99",
  "iteration_found": 13,
  "dataset": "Abeta42/inhibition_constraints",
  "plot": "outputs_diff_inhibited_norm/adaevolve/disease_relevant_inhibited_all_normalized_ode_0720_0022/checkpoints/checkpoint_13/iteration_13_best_validation_curves.svg",
  "metrics": {
    "equation": "d(c)/dt = (0.960208132938032 - x4)*(2.60059957344624e-8*x1 + 9.11664379075625*x2 + 18.6426336786329*x4*(0.893432456893531*x1 + x4) + 8.83338772725893e-8)/(1.76330124591035e-5*x3*x4 + 1.59022012680458*x3 + 1)",
    "loss": 0.0964153356638438,
    "nmse_train": 0.010367662717352158,
    "nmse_val": 0.05097756961070581,
    "mean_nmse_val": 0.05097756961070581,
    "mean_raw_nmse_val": 0.05097756961070581,
    "scored_loss_val": 0.0964153356638438,
    "mean_scored_loss_val": 0.0964153356638438,
    "shape_loss_val": 0.2327286338232578,
    "shape_loss_weight": 0.25,
    "heldout_curve_nmse": 0.05097756961070581,
    "heldout_curve_scored_loss": 0.0964153356638438,
    "heldout_curve_shape_loss": 0.2327286338232578,
    "eval_only_nmse": NaN,
    "eval_only_scored_loss": NaN,
    "eval_only_shape_loss": NaN,
    "combined_score": 0.9120631274229055,
    "fit_score": 0.9120631274229055,
    "eval_time": 18.898550987243652,
    "n_datasets": 1,
    "n_successful": 1,
    "eval_workers": 8,
    "hard_cases": [
      {
        "dataset": "Abeta42/inhibition_constraints",
        "scored_loss_val": 0.0964153356638438,
        "nmse_val": 0.05097756961070581,
        "shape_loss_val": 0.2327286338232578,
        "evaluation_only": false
      }
    ],
    "hard_case_feedback": "Abeta42/inhibition_constraints scored=0.09642 (nmse=0.05098, shape=0.2327)",
    "validation_semantics_feedback": "heldout_curve_scored_loss=0.09642, heldout_curve_nmse=0.05098, heldout_curve_shape=0.2327; eval_only_fit_score_scored_loss=nan, eval_only_nmse=nan, eval_only_shape=nan",
    "per_dataset": {
      "Abeta42/inhibition_constraints": {
        "nmse_train": 0.010367662717352158,
        "nmse_val": 0.05097756961070581,
        "shape_loss_val": 0.2327286338232578,
        "scored_loss_val": 0.0964153356638438,
        "n_val_points": 3610,
        "evaluation_only": false,
        "combined_score": 0.9120631274229055,
        "equation": "d(c)/dt = (0.960208132938032 - x4)*(2.60059957344624e-8*x1 + 9.11664379075625*x2 + 18.6426336786329*x4*(0.893432456893531*x1 + x4) + 8.83338772725893e-8)/(1.76330124591035e-5*x3*x4 + 1.59022012680458*x3 + 1)",
        "equation_template": "d(c)/dt = (c0 - x4)*(c1**2 + c2**2*x1 + c3**2*x2 + c4**2*x4*(c5**2*x1 + x4))/(c6**2*x3 + c7**2*x3*x4 + 1)",
        "constants": {
          "c0": 0.9602081329380318,
          "c1": 0.0002972101567453396,
          "c2": -0.00016126374587756046,
          "c3": 3.019378047008398,
          "c4": 4.317711625228447,
          "c5": 0.9452155610724632,
          "c6": 1.2610393042267078,
          "c7": 0.004199168067499028
        }
      }
    },
    "error": ""
  },
  "saved_at": 1784488961.036126
}