{
  "program_id": "f5b3d745-524b-446f-bcde-c709387628b9",
  "iteration_found": 1,
  "dataset": "Abeta42/inhibition_constraints",
  "plot": "outputs_diff_inhibited_norm/adaevolve/disease_relevant_inhibited_all_normalized_ode_0704_1057/checkpoints/checkpoint_1/iteration_1_best_validation_curves.svg",
  "metrics": {
    "equation": "d(c)/dt = (0.0900002916547119*x1 - x4)*(0.0899996963562419*x4**2*(x1 + 0.0900016289668927*x2)/(0.0899999999772153*x3 + 1) + (0.0899944491811395*x1 + 0.0899991286653582*x2 + 4.60714906003654e-11)/(0.0900000161062056*x3 + 1))",
    "loss": 11.95935035150272,
    "nmse_train": 16.011757233826245,
    "nmse_val": 15.71501615474411,
    "mean_nmse_val": 15.71501615474411,
    "mean_raw_nmse_val": 15.71501615474411,
    "scored_loss_val": 11.95935035150272,
    "mean_scored_loss_val": 11.95935035150272,
    "shape_loss_val": 0.6923529417785547,
    "shape_loss_weight": 0.25,
    "heldout_curve_nmse": 15.71501615474411,
    "heldout_curve_scored_loss": 11.95935035150272,
    "heldout_curve_shape_loss": 0.6923529417785547,
    "eval_only_nmse": NaN,
    "eval_only_scored_loss": NaN,
    "eval_only_shape_loss": NaN,
    "combined_score": 0.0771643618604727,
    "fit_score": 0.0771643618604727,
    "eval_time": 5.999354124069214,
    "n_datasets": 1,
    "n_successful": 1,
    "eval_workers": 8,
    "hard_cases": [
      {
        "dataset": "Abeta42/inhibition_constraints",
        "scored_loss_val": 11.95935035150272,
        "nmse_val": 15.71501615474411,
        "shape_loss_val": 0.6923529417785547,
        "evaluation_only": false
      }
    ],
    "hard_case_feedback": "Abeta42/inhibition_constraints scored=11.96 (nmse=15.72, shape=0.6924)",
    "validation_semantics_feedback": "heldout_curve_scored_loss=11.96, heldout_curve_nmse=15.72, heldout_curve_shape=0.6924; eval_only_fit_score_scored_loss=nan, eval_only_nmse=nan, eval_only_shape=nan",
    "per_dataset": {
      "Abeta42/inhibition_constraints": {
        "nmse_train": 16.011757233826245,
        "nmse_val": 15.71501615474411,
        "shape_loss_val": 0.6923529417785547,
        "scored_loss_val": 11.95935035150272,
        "n_val_points": 12274,
        "evaluation_only": false,
        "combined_score": 0.0771643618604727,
        "equation": "d(c)/dt = (0.0900002916547119*x1 - x4)*(0.0899996963562419*x4**2*(x1 + 0.0900016289668927*x2)/(0.0899999999772153*x3 + 1) + (0.0899944491811395*x1 + 0.0899991286653582*x2 + 4.60714906003654e-11)/(0.0900000161062056*x3 + 1))",
        "equation_template": "d(c)/dt = (c6**2*x1 - x4)*(c2**2*x4**2*(c3**2*x2 + x1)/(c4**2*x3 + 1) + (c0**2 + c1**2*x1 + c7**2*x2)/(c5**2*x3 + 1))",
        "constants": {
          "c0": -6.787598293974491e-06,
          "c1": 0.2999907484925818,
          "c2": 0.29999949392664305,
          "c3": 0.30000271493253633,
          "c4": 0.2999999999620255,
          "c5": 0.30000002684367477,
          "c6": 0.3000004860907926,
          "c7": 0.299998547772082
        }
      }
    },
    "error": ""
  },
  "saved_at": 1783144268.3149362
}