{
  "id": "41d4ffa3-9804-4a53-bb68-d561897df4ac",
  "generation": 2,
  "iteration": 6,
  "current_iteration": 6,
  "metrics": {
    "combined_score": 0.8974164798795423,
    "loss": 0.11430982427938838,
    "complexity": 0.0,
    "nmse_train": Infinity,
    "nmse_val": 0.11430982427938838,
    "eval_time": 167.4623658657074,
    "n_datasets": 60.0,
    "n_successful": 60.0
  },
  "language": "python",
  "timestamp": 1779813233.1577122,
  "saved_at": 1779813233.1723692
}