{
  "id": "2e44234a-6df2-4add-93c5-906deb9f5c43",
  "generation": 2,
  "iteration": 5,
  "current_iteration": 7,
  "metrics": {
    "combined_score": 0.9437651655845937,
    "n_stage1_datasets": 8.0,
    "n_stage1_successful": 8.0,
    "eval_workers": 8.0,
    "stage1_full_selected_datasets": 1.0,
    "cascade_stage1_time_seconds": 1.7595288753509521,
    "cascade_stage1_threshold": 0.15,
    "cascade_stage1_passed": 1.0,
    "loss": 0.026473571314671342,
    "complexity": 25.0,
    "nmse_train": 0.0003085944590286741,
    "nmse_val": 0.026473571314671342,
    "mean_nmse_val": 0.026473571314671342,
    "mean_raw_nmse_val": 0.026473571314671342,
    "fit_score": 0.9742092031840967,
    "parsimony_weight": 0.2,
    "parsimony_penalty_factor": 0.96875,
    "eval_time": 16.242913722991943,
    "n_datasets": 24.0,
    "n_successful": 24.0,
    "cascade_stage2_time_seconds": 16.243408203125,
    "cascade_total_time_seconds": 18.002937078475952,
    "cascade_stage1_combined_score": 0.9991767260682147
  },
  "language": "python",
  "timestamp": 1781280059.8186326,
  "saved_at": 1781280303.1159503
}