{
  "program_id": "cf637002-ebfb-4739-a0bc-2493e4cb5805",
  "iteration_found": 16,
  "dataset": "Abeta42/inhibition_constraints",
  "plot": "outputs_diff_inhibited_norm/adaevolve/disease_relevant_inhibited_all_normalized_ode_0720_0357/checkpoints/checkpoint_16/iteration_16_best_validation_curves.svg",
  "metrics": {
    "equation": "d(c)/dt = 0.291604984240327*x0*x4 + (0.965627290189698 - x4)*(9.35098663886443*x1*x4*(6.99179816833821e-5*x1/(0.155303468016135*x1*x3 + 0.683930384695436*x3 + 1) + 1)*(0.932436063559099*x2 + x4 + 1)/(0.155303468016135*x1*x3 + 0.683930384695436*x3 + 1) + 0.417965364682353*x1/(0.155303468016135*x1*x3 + 0.683930384695436*x3 + 1) + 1.77688107843761e-7*x2 + 0.35517426299602)",
    "loss": 0.045394644257395436,
    "nmse_train": 0.014984687648853091,
    "nmse_val": 0.0034841757906294707,
    "mean_nmse_val": 0.0034841757906294707,
    "mean_raw_nmse_val": 0.0034841757906294707,
    "scored_loss_val": 0.045394644257395436,
    "mean_scored_loss_val": 0.045394644257395436,
    "shape_loss_val": 0.17112604965769335,
    "shape_loss_weight": 0.25,
    "heldout_curve_nmse": 0.0034841757906294707,
    "heldout_curve_scored_loss": 0.045394644257395436,
    "heldout_curve_shape_loss": 0.17112604965769335,
    "eval_only_nmse": NaN,
    "eval_only_scored_loss": NaN,
    "eval_only_shape_loss": NaN,
    "combined_score": 0.9565765479029771,
    "fit_score": 0.9565765479029771,
    "eval_time": 10.37348198890686,
    "n_datasets": 1,
    "n_successful": 1,
    "eval_workers": 8,
    "hard_cases": [
      {
        "dataset": "Abeta42/inhibition_constraints",
        "scored_loss_val": 0.045394644257395436,
        "nmse_val": 0.0034841757906294707,
        "shape_loss_val": 0.17112604965769335,
        "evaluation_only": false
      }
    ],
    "hard_case_feedback": "Abeta42/inhibition_constraints scored=0.04539 (nmse=0.003484, shape=0.1711)",
    "validation_semantics_feedback": "heldout_curve_scored_loss=0.04539, heldout_curve_nmse=0.003484, heldout_curve_shape=0.1711; eval_only_fit_score_scored_loss=nan, eval_only_nmse=nan, eval_only_shape=nan",
    "per_dataset": {
      "Abeta42/inhibition_constraints": {
        "nmse_train": 0.014984687648853091,
        "nmse_val": 0.0034841757906294707,
        "shape_loss_val": 0.17112604965769335,
        "scored_loss_val": 0.045394644257395436,
        "n_val_points": 1805,
        "evaluation_only": false,
        "combined_score": 0.9565765479029771,
        "equation": "d(c)/dt = 0.291604984240327*x0*x4 + (0.965627290189698 - x4)*(9.35098663886443*x1*x4*(6.99179816833821e-5*x1/(0.155303468016135*x1*x3 + 0.683930384695436*x3 + 1) + 1)*(0.932436063559099*x2 + x4 + 1)/(0.155303468016135*x1*x3 + 0.683930384695436*x3 + 1) + 0.417965364682353*x1/(0.155303468016135*x1*x3 + 0.683930384695436*x3 + 1) + 1.77688107843761e-7*x2 + 0.35517426299602)",
        "equation_template": "d(c)/dt = -c7*x0*x4 + (c0 - x4)*(c3**2 + c4**2*x1/(c1**2*x3 + c2**2*x1*x3 + 1) + c5**2*x2 + c6**2*x1*x4*(c8**2*x1/(c1**2*x3 + c2**2*x1*x3 + 1) + 1)*(c0**2*x2 + x4 + 1)/(c1**2*x3 + c2**2*x1*x3 + 1))",
        "constants": {
          "c0": 0.9656272901896977,
          "c1": 0.8270008371794045,
          "c2": 0.3940856100089612,
          "c3": 0.595964984706333,
          "c4": -0.6465024088759087,
          "c5": 0.00042153067248275203,
          "c6": 3.0579382987340384,
          "c7": -0.29160498424032727,
          "c8": -0.008361697296804168
        }
      }
    },
    "error": ""
  },
  "saved_at": 1784502242.335337
}