{
  "program_id": "24e77c5d-eb36-415d-a926-c7e56c42e4b5",
  "iteration_found": 26,
  "dataset": "Abeta42/inhibition_constraints",
  "plot": "outputs_diff_inhibited_norm/adaevolve/disease_relevant_inhibited_all_normalized_ode_0720_0357/checkpoints/checkpoint_26/iteration_26_best_validation_curves.svg",
  "metrics": {
    "equation": "d(c)/dt = (0.971730013012434 - x4)*(12.8175353300348*x1*x4*(0.944259218189146*x2 + x4 + 1)/((1.08405857658131*x4**2*(3.77023421511733e-9*x3 + 1) + 1)*(0.276328610283154*x1*x3 + 0.162322754198908*x3 + 1)) + 5.08986311163358e-9*x1/(0.276328610283154*x1*x3 + 0.162322754198908*x3 + 1) + 3.58731817088494e-10*x2 + 5.67628082132332e-10)",
    "loss": 0.04470321415521848,
    "nmse_train": 0.01416372617384392,
    "nmse_val": 0.0033719925816341496,
    "mean_nmse_val": 0.0033719925816341496,
    "mean_raw_nmse_val": 0.0033719925816341496,
    "scored_loss_val": 0.04470321415521848,
    "mean_scored_loss_val": 0.04470321415521848,
    "shape_loss_val": 0.16869687887597148,
    "shape_loss_weight": 0.25,
    "heldout_curve_nmse": 0.0033719925816341496,
    "heldout_curve_scored_loss": 0.04470321415521848,
    "heldout_curve_shape_loss": 0.16869687887597148,
    "eval_only_nmse": NaN,
    "eval_only_scored_loss": NaN,
    "eval_only_shape_loss": NaN,
    "combined_score": 0.9572096519379747,
    "fit_score": 0.9572096519379747,
    "eval_time": 8.229657888412476,
    "n_datasets": 1,
    "n_successful": 1,
    "eval_workers": 8,
    "hard_cases": [
      {
        "dataset": "Abeta42/inhibition_constraints",
        "scored_loss_val": 0.04470321415521848,
        "nmse_val": 0.0033719925816341496,
        "shape_loss_val": 0.16869687887597148,
        "evaluation_only": false
      }
    ],
    "hard_case_feedback": "Abeta42/inhibition_constraints scored=0.0447 (nmse=0.003372, shape=0.1687)",
    "validation_semantics_feedback": "heldout_curve_scored_loss=0.0447, heldout_curve_nmse=0.003372, heldout_curve_shape=0.1687; eval_only_fit_score_scored_loss=nan, eval_only_nmse=nan, eval_only_shape=nan",
    "per_dataset": {
      "Abeta42/inhibition_constraints": {
        "nmse_train": 0.01416372617384392,
        "nmse_val": 0.0033719925816341496,
        "shape_loss_val": 0.16869687887597148,
        "scored_loss_val": 0.04470321415521848,
        "n_val_points": 1805,
        "evaluation_only": false,
        "combined_score": 0.9572096519379747,
        "equation": "d(c)/dt = (0.971730013012434 - x4)*(12.8175353300348*x1*x4*(0.944259218189146*x2 + x4 + 1)/((1.08405857658131*x4**2*(3.77023421511733e-9*x3 + 1) + 1)*(0.276328610283154*x1*x3 + 0.162322754198908*x3 + 1)) + 5.08986311163358e-9*x1/(0.276328610283154*x1*x3 + 0.162322754198908*x3 + 1) + 3.58731817088494e-10*x2 + 5.67628082132332e-10)",
        "equation_template": "d(c)/dt = (c0 - x4)*(c3**2 + c4**2*x1/(c1**2*x3 + c2**2*x1*x3 + 1) + c5**2*x2 + c6**2*x1*x4*(c0**2*x2 + x4 + 1)/((c7**2*x4**2*(c8**2*x3 + 1) + 1)*(c1**2*x3 + c2**2*x1*x3 + 1)))",
        "constants": {
          "c0": 0.9717300130124343,
          "c1": 0.4028929810742652,
          "c2": 0.5256696779187042,
          "c3": 2.3824946634406795e-05,
          "c4": 7.134327656922954e-05,
          "c5": 1.894021692295245e-05,
          "c6": 3.580158562135868,
          "c7": -1.04118133703083,
          "c8": 6.140223298152382e-05
        }
      }
    },
    "error": ""
  },
  "saved_at": 1784503974.331056
}