{
  "num_islands": 2,
  "current_island": 0,
  "iteration_count": 14,
  "global_best_score": 0.8777645310843594,
  "decay": 0.9,
  "intensity_min": 0.15,
  "intensity_max": 0.5,
  "migration_interval": 15,
  "diversity_strategy_type": "code",
  "use_unified_archive": true,
  "use_adaptive_search": true,
  "use_ucb_selection": true,
  "fixed_intensity": 0.4,
  "adapter": {
    "states": [
      {
        "accumulated_signal": 0.18999999999999995,
        "best_score": 0.8777645310843594,
        "improvement_count": 2,
        "total_evaluations": 9,
        "decay": 0.9,
        "epsilon": 1e-08,
        "intensity_min": 0.15,
        "intensity_max": 0.5
      },
      {
        "accumulated_signal": 0.18099999999999997,
        "best_score": 0.8777645310843594,
        "improvement_count": 2,
        "total_evaluations": 7,
        "decay": 0.9,
        "epsilon": 1e-08,
        "intensity_min": 0.15,
        "intensity_max": 0.5
      }
    ],
    "dimension_visits": [
      9,
      7
    ],
    "dimension_rewards": [
      0.90876411,
      0.3945577273403935
    ],
    "decayed_visits": [
      6.12579511,
      5.217031
    ],
    "global_best_score": 0.8777645310843594,
    "ucb_exploration": 1.41,
    "min_visits": 3,
    "decay": 0.9,
    "epsilon": 1e-08
  },
  "island_config_names": [
    "balanced",
    "balanced"
  ],
  "islands": [
    [
      "592d1774-838a-4a93-a45f-2b18c806f967",
      "c0b3887a-0517-4d32-8102-d34f84c5a43e",
      "e32fbefb-9501-41c9-b7ba-d2ff6194e3e8",
      "6fcc4fd1-ae96-497d-80b9-6fdd232aed15",
      "4298382c-a1dc-43c7-b033-4fd4ce1473f4",
      "9ec861d7-95aa-4402-b5dd-5d856fc56eb2",
      "5f7ce0e7-9fa0-4bc5-ba55-060b44bd9596",
      "b9fac8f0-baef-4fef-a520-5497189e15f0",
      "eaf52bed-ccdd-48d7-b549-3167a1dfd2de"
    ],
    [
      "2167ff28-48bc-48c6-9f16-cec6afa65087",
      "73a8b1f0-8037-4a55-8779-266d3b698215",
      "a64a57bc-2ad3-4361-8641-8d7c22a64f3c",
      "7922b7a2-a2ff-4184-bf82-e6c90ece3b80",
      "fdb86f6a-4e43-4ba8-aeee-220014eb7759",
      "8129d74b-cfb3-4cac-8caa-47043200c046",
      "a02eba9f-a0b1-40b7-89bc-fc04858a46fe",
      "fb6b7c20-46c1-42a4-bc8a-73e91e403dcc"
    ]
  ],
  "archive_genealogies": [
    {
      "parents": {
        "592d1774-838a-4a93-a45f-2b18c806f967": [],
        "c0b3887a-0517-4d32-8102-d34f84c5a43e": [
          "592d1774-838a-4a93-a45f-2b18c806f967"
        ],
        "e32fbefb-9501-41c9-b7ba-d2ff6194e3e8": [
          "c0b3887a-0517-4d32-8102-d34f84c5a43e"
        ],
        "6fcc4fd1-ae96-497d-80b9-6fdd232aed15": [
          "c0b3887a-0517-4d32-8102-d34f84c5a43e"
        ],
        "4298382c-a1dc-43c7-b033-4fd4ce1473f4": [
          "6fcc4fd1-ae96-497d-80b9-6fdd232aed15"
        ],
        "9ec861d7-95aa-4402-b5dd-5d856fc56eb2": [
          "c0b3887a-0517-4d32-8102-d34f84c5a43e"
        ],
        "5f7ce0e7-9fa0-4bc5-ba55-060b44bd9596": [
          "c0b3887a-0517-4d32-8102-d34f84c5a43e"
        ],
        "b9fac8f0-baef-4fef-a520-5497189e15f0": [
          "c0b3887a-0517-4d32-8102-d34f84c5a43e"
        ],
        "eaf52bed-ccdd-48d7-b549-3167a1dfd2de": [
          "c0b3887a-0517-4d32-8102-d34f84c5a43e"
        ]
      },
      "children": {
        "592d1774-838a-4a93-a45f-2b18c806f967": [
          "c0b3887a-0517-4d32-8102-d34f84c5a43e"
        ],
        "c0b3887a-0517-4d32-8102-d34f84c5a43e": [
          "e32fbefb-9501-41c9-b7ba-d2ff6194e3e8",
          "6fcc4fd1-ae96-497d-80b9-6fdd232aed15",
          "9ec861d7-95aa-4402-b5dd-5d856fc56eb2",
          "5f7ce0e7-9fa0-4bc5-ba55-060b44bd9596",
          "b9fac8f0-baef-4fef-a520-5497189e15f0",
          "eaf52bed-ccdd-48d7-b549-3167a1dfd2de"
        ],
        "6fcc4fd1-ae96-497d-80b9-6fdd232aed15": [
          "4298382c-a1dc-43c7-b033-4fd4ce1473f4"
        ]
      }
    },
    {
      "parents": {
        "2167ff28-48bc-48c6-9f16-cec6afa65087": [],
        "73a8b1f0-8037-4a55-8779-266d3b698215": [
          "2167ff28-48bc-48c6-9f16-cec6afa65087"
        ],
        "a64a57bc-2ad3-4361-8641-8d7c22a64f3c": [
          "73a8b1f0-8037-4a55-8779-266d3b698215"
        ],
        "7922b7a2-a2ff-4184-bf82-e6c90ece3b80": [
          "a64a57bc-2ad3-4361-8641-8d7c22a64f3c"
        ],
        "fdb86f6a-4e43-4ba8-aeee-220014eb7759": [
          "a64a57bc-2ad3-4361-8641-8d7c22a64f3c"
        ],
        "8129d74b-cfb3-4cac-8caa-47043200c046": [
          "a64a57bc-2ad3-4361-8641-8d7c22a64f3c"
        ],
        "a02eba9f-a0b1-40b7-89bc-fc04858a46fe": [
          "c0b3887a-0517-4d32-8102-d34f84c5a43e"
        ],
        "fb6b7c20-46c1-42a4-bc8a-73e91e403dcc": [
          "c0b3887a-0517-4d32-8102-d34f84c5a43e"
        ]
      },
      "children": {
        "2167ff28-48bc-48c6-9f16-cec6afa65087": [
          "73a8b1f0-8037-4a55-8779-266d3b698215"
        ],
        "73a8b1f0-8037-4a55-8779-266d3b698215": [
          "a64a57bc-2ad3-4361-8641-8d7c22a64f3c"
        ],
        "a64a57bc-2ad3-4361-8641-8d7c22a64f3c": [
          "7922b7a2-a2ff-4184-bf82-e6c90ece3b80",
          "fdb86f6a-4e43-4ba8-aeee-220014eb7759",
          "8129d74b-cfb3-4cac-8caa-47043200c046"
        ],
        "c0b3887a-0517-4d32-8102-d34f84c5a43e": [
          "a02eba9f-a0b1-40b7-89bc-fc04858a46fe",
          "fb6b7c20-46c1-42a4-bc8a-73e91e403dcc"
        ]
      }
    }
  ],
  "use_dynamic_islands": true,
  "max_islands": 5,
  "last_spawn_iteration": -30,
  "use_paradigm_breakthrough": true,
  "paradigm_tracker": {
    "window_size": 10,
    "improvement_threshold": 0.12,
    "max_paradigm_uses": 2,
    "max_tried_paradigms": 10,
    "num_paradigms_to_generate": 3,
    "improvement_history": [
      0.0,
      0.0,
      0.0,
      0.0,
      0.0,
      0.0,
      0.0,
      0.0,
      0.0,
      0.0
    ],
    "active_paradigms": [
      {
        "idea": "Replace linear autocatalysis with quadratic secondary nucleation: dc/dt = (c0 + c1*x1) * (1-c) * (c2 + c^2)",
        "description": "The Knowles group's kinetic framework shows secondary nucleation scales as c^2 (aggregate surface area), not linearly with c. Replace (1 + c2*c) with (c2 + c^2) where c2 acts as the primary nucleation escape constant. This gives: primary nucleation rate c2*(c0+c1*x1)*(1-c) when c\u22480, and secondary nucleation (c0+c1*x1)*c^2*(1-c) when c is larger. The (c2 + c^2) form ensures nonzero rate at c=0 (escape from zero) while providing the physically correct c^2 scaling at larger concentrations. This is directly supported by simplified models in protein aggregation literature (dc/dt = k_n*(1-c)^2 + k_2*c^2*(1-c) simplifies to this form when primary and secondary share the same parameter modulation). Complexity stays at ~17 nodes with 3 constants.",
        "what_to_optimize": "Better fit to sigmoidal aggregation curves where secondary nucleation dominates, improved nmse_val across all datasets",
        "cautions": "c2 must be positive for escape from zero; use initial_values=[0.5, 1.0, 0.1] to start c2 near small positive value. Ensure c^2 doesn't cause numerical issues - it won't since c is normalized 0-1.",
        "approach_type": "symbolic.ode.quadratic_secondary_nucleation"
      },
      {
        "idea": "Add time-modulated rate: dc/dt = (c0 + c1*x1 + c2*x0) * c * (1-c)",
        "description": "Pure logistic with time-dependent rate. Some datasets may have time-varying experimental conditions (temperature ramps, pH changes). Including x0 (normalized time) in the rate allows linear drift in kinetics over the experiment. The c*(1-c) core is the simplest sigmoidal ODE. The c2*x0 term captures monotonically changing conditions. However, this loses the nucleation escape at c=0 and may be less robust.",
        "what_to_optimize": "Datasets with time-varying conditions or non-standard sigmoidal shapes",
        "cautions": "Loses escape from c=0 for unseeded experiments; may hurt robustness across datasets",