{
  "id": "abc7f3f1-55e0-47b3-90a0-e7e6025510c9",
  "generation": 5,
  "iteration": 13,
  "current_iteration": 15,
  "metrics": {
    "loss": 0.0003412905163420843,
    "complexity": 27.0,
    "nmse_train": 0.0023974088250955203,
    "nmse_val": 0.002965005950603381,
    "combined_score": 0.9970437593206024,
    "eval_time": 14.124659776687622
  },
  "language": "python",
  "timestamp": 1779618222.723099,
  "saved_at": 1779618374.4843853
}