{
  "id": "e5302731-885d-484b-94d5-6e4f801cdb1f",
  "generation": 3,
  "iteration": 11,
  "current_iteration": 12,
  "metrics": {
    "equation": "d(c)/dt = (0.970580534576578 - x4)*(x0*(15.6232213628358*x1*(x4**2 + 0.000100564460373767)**0.500007062329002/(1.32720784202936*x3 + 1) + 9.4269212932256*x2 + 6.1383300236987*x4)/(x0 + 0.0103625479581064*x3 + 0.000926353554974164) + 1.28849166653834e-9*x1)",
    "loss": 0.04447795210427285,
    "nmse_train": 0.010144809142167232,
    "nmse_val": 0.0031829852325622496,
    "mean_nmse_val": 0.0031829852325622496,
    "mean_raw_nmse_val": 0.0031829852325622496,
    "scored_loss_val": 0.04447795210427285,
    "mean_scored_loss_val": 0.04447795210427285,
    "shape_loss_val": 0.16836285271940465,
    "shape_loss_weight": 0.25,
    "heldout_curve_nmse": 0.0031829852325622496,
    "heldout_curve_scored_loss": 0.04447795210427285,
    "heldout_curve_shape_loss": 0.16836285271940465,
    "eval_only_nmse": NaN,
    "eval_only_scored_loss": NaN,
    "eval_only_shape_loss": NaN,
    "combined_score": 0.95741609287715,
    "fit_score": 0.95741609287715,
    "eval_time": 81.02768206596375,
    "n_datasets": 1,
    "n_successful": 1,
    "eval_workers": 8,
    "hard_cases": [
      {
        "dataset": "Abeta42/inhibition_constraints",
        "scored_loss_val": 0.04447795210427285,
        "nmse_val": 0.0031829852325622496,
        "shape_loss_val": 0.16836285271940465,
        "evaluation_only": false
      }
    ],
    "hard_case_feedback": "Abeta42/inhibition_constraints scored=0.04448 (nmse=0.003183, shape=0.1684)",
    "validation_semantics_feedback": "heldout_curve_scored_loss=0.04448, heldout_curve_nmse=0.003183, heldout_curve_shape=0.1684; eval_only_fit_score_scored_loss=nan, eval_only_nmse=nan, eval_only_shape=nan",
    "per_dataset": {
      "Abeta42/inhibition_constraints": {
        "nmse_train": 0.010144809142167232,
        "nmse_val": 0.0031829852325622496,
        "shape_loss_val": 0.16836285271940465,
        "scored_loss_val": 0.04447795210427285,
        "n_val_points": 1805,
        "evaluation_only": false,
        "combined_score": 0.95741609287715,
        "equation": "d(c)/dt = (0.970580534576578 - x4)*(x0*(15.6232213628358*x1*(x4**2 + 0.000100564460373767)**0.500007062329002/(1.32720784202936*x3 + 1) + 9.4269212932256*x2 + 6.1383300236987*x4)/(x0 + 0.0103625479581064*x3 + 0.000926353554974164) + 1.28849166653834e-9*x1)",
        "equation_template": "d(c)/dt = (c7 - x4)*(c2**2*x1 + x0*(c3**2*(c4**2*x4 + x2) + c5**2*x1*(c0**2 + x4**2 + 0.0001)**(c6**2/2 + 1/2)/(c1**2*x3 + 1))/(c8**2*(c9**2*x3 + 1) + x0))",
        "constants": {
          "c0": -0.000751305779138561,
          "c1": 1.1520450694436213,
          "c2": -3.5895566112520605e-05,
          "c3": 3.070329183202609,
          "c4": -0.8069380167826792,
          "c5": -3.9526220870247344,
          "c6": -0.0037582785958487973,
          "c7": 0.9705805345765778,
          "c8": 0.030436056823678122,
          "c9": -3.344605429868842
        }
      }
    },
    "error": ""
  },
  "language": "python",
  "timestamp": 1784590253.870193,
  "saved_at": 1784590404.676683
}