{
  "program_id": "681972d1-ea04-499d-9834-6c27c62bdfee",
  "iteration_found": 12,
  "dataset": "Abeta42/inhibition_constraints",
  "plot": "outputs_diff_inhibited_norm/adaevolve/disease_relevant_inhibited_all_normalized_ode_0721_0426/checkpoints/checkpoint_12/iteration_12_best_validation_curves.svg",
  "metrics": {
    "equation": "d(c)/dt = (0.970914121368203 - x4)*(x0**1.16487916104067*(16.0681411587881*x1*sqrt(x4**2 + 0.000100029002636791)/(1.60964856670387*x3 + 1) + 7.75510020033976*x2 + 6.01811644615415*x4)/(x0**1.16487916104067 + (0.00685651793072796*x3 + 0.00159525867019284)**1.16487916104067) + 1.00105231506457e-15*x1)",
    "loss": 0.04455258273817454,
    "nmse_train": 0.010070785062568392,
    "nmse_val": 0.003242642845118345,
    "mean_nmse_val": 0.003242642845118345,
    "mean_raw_nmse_val": 0.003242642845118345,
    "scored_loss_val": 0.04455258273817454,
    "mean_scored_loss_val": 0.04455258273817454,
    "shape_loss_val": 0.16848240241734314,
    "shape_loss_weight": 0.25,
    "heldout_curve_nmse": 0.003242642845118345,
    "heldout_curve_scored_loss": 0.04455258273817454,
    "heldout_curve_shape_loss": 0.16848240241734314,
    "eval_only_nmse": NaN,
    "eval_only_scored_loss": NaN,
    "eval_only_shape_loss": NaN,
    "combined_score": 0.9573476879245417,
    "fit_score": 0.9573476879245417,
    "eval_time": 72.93349599838257,
    "n_datasets": 1,
    "n_successful": 1,
    "eval_workers": 8,
    "hard_cases": [
      {
        "dataset": "Abeta42/inhibition_constraints",
        "scored_loss_val": 0.04455258273817454,
        "nmse_val": 0.003242642845118345,
        "shape_loss_val": 0.16848240241734314,
        "evaluation_only": false
      }
    ],
    "hard_case_feedback": "Abeta42/inhibition_constraints scored=0.04455 (nmse=0.003243, shape=0.1685)",
    "validation_semantics_feedback": "heldout_curve_scored_loss=0.04455, heldout_curve_nmse=0.003243, heldout_curve_shape=0.1685; eval_only_fit_score_scored_loss=nan, eval_only_nmse=nan, eval_only_shape=nan",
    "per_dataset": {
      "Abeta42/inhibition_constraints": {
        "nmse_train": 0.010070785062568392,
        "nmse_val": 0.003242642845118345,
        "shape_loss_val": 0.16848240241734314,
        "scored_loss_val": 0.04455258273817454,
        "n_val_points": 1805,
        "evaluation_only": false,
        "combined_score": 0.9573476879245417,
        "equation": "d(c)/dt = (0.970914121368203 - x4)*(x0**1.16487916104067*(16.0681411587881*x1*sqrt(x4**2 + 0.000100029002636791)/(1.60964856670387*x3 + 1) + 7.75510020033976*x2 + 6.01811644615415*x4)/(x0**1.16487916104067 + (0.00685651793072796*x3 + 0.00159525867019284)**1.16487916104067) + 1.00105231506457e-15*x1)",
        "equation_template": "d(c)/dt = (c6 - x4)*(c2**2*x1 + x0**(c9**2 + 1)*(c3**2*(c4**2*x4 + x2) + c5**2*x1*sqrt(c0**2 + x4**2 + 0.0001)/(c1**2*x3 + 1))/(x0**(c9**2 + 1) + (c7**2*(c8**2*x3 + 1))**(c9**2 + 1)))",
        "constants": {
          "c0": -0.00017030160536744225,
          "c1": 1.2687192623681063,
          "c2": 3.163941078883374e-08,
          "c3": 2.7847980537805173,
          "c4": 0.8809202363164264,
          "c5": 4.008508595324217,
          "c6": 0.9709141213682033,
          "c7": 0.03994068940557781,
          "c8": 2.0731763751636243,
          "c9": 0.40605315051193125
        }
      }
    },
    "error": ""
  },
  "saved_at": 1784590404.702778
}