{
  "num_islands": 2,
  "current_island": 0,
  "iteration_count": 14,
  "global_best_score": 0.96872699001787,
  "decay": 0.9,
  "intensity_min": 0.15,
  "intensity_max": 0.5,
  "migration_interval": 15,
  "diversity_strategy_type": "code",
  "use_unified_archive": true,
  "use_adaptive_search": true,
  "use_ucb_selection": true,
  "fixed_intensity": 0.4,
  "adapter": {
    "states": [
      {
        "accumulated_signal": 0.18849881404090713,
        "best_score": 0.96872699001787,
        "improvement_count": 2,
        "total_evaluations": 9,
        "decay": 0.9,
        "epsilon": 1e-08,
        "intensity_min": 0.15,
        "intensity_max": 0.5
      },
      {
        "accumulated_signal": 0.18849881404090713,
        "best_score": 0.96872699001787,
        "improvement_count": 1,
        "total_evaluations": 7,
        "decay": 0.9,
        "epsilon": 1e-08,
        "intensity_min": 0.15,
        "intensity_max": 0.5
      }
    ],
    "dimension_visits": [
      9,
      7
    ],
    "dimension_rewards": [
      0.9051604715777932,
      0.26471570410390954
    ],
    "decayed_visits": [
      6.12579511,
      5.217031
    ],
    "global_best_score": 0.96872699001787,
    "ucb_exploration": 1.41,
    "min_visits": 3,
    "decay": 0.9,
    "epsilon": 1e-08
  },
  "island_config_names": [
    "balanced",
    "balanced"
  ],
  "islands": [
    [
      "81e4df0c-cf74-4072-be51-5f22661cbba8",
      "b7155808-6d8f-488b-b19d-343f36256784",
      "2eafa280-1167-4666-a600-44598ab46917",
      "280218e1-cb0c-4f27-b278-54de9329e9b6",
      "17f57557-1163-4631-9eb1-053fd24259fb",
      "188f8d75-4d57-423b-bb99-484edc6ce901",
      "34d593c1-85a3-42b0-b65b-9bf0cbe80fe2",
      "9d58391b-661f-4a70-ad7f-d1bdd7221408",
      "ab820ede-ad72-4dd6-bf15-9ac8e7b0b14a"
    ],
    [
      "d28d09a6-7215-4b8f-a422-5c382c7b16a9",
      "fd4cdfaa-b956-4a17-87a8-27b6cb154718",
      "92e047e9-3814-443c-a29c-6f3cfeb36e1d",
      "3a7f80c8-c19d-442e-8109-c1aead6da19e",
      "f1c589a7-8592-47de-8aab-1630a991fb8f",
      "514cd2dd-1c19-45a7-b1b1-722b53a00798",
      "6e5e84ed-5e61-400f-ba46-14ef38e354e8",
      "179172f3-c613-4aed-a48e-9a6e7d94a25d"
    ]
  ],
  "archive_genealogies": [
    {
      "parents": {
        "81e4df0c-cf74-4072-be51-5f22661cbba8": [],
        "b7155808-6d8f-488b-b19d-343f36256784": [
          "81e4df0c-cf74-4072-be51-5f22661cbba8"
        ],
        "2eafa280-1167-4666-a600-44598ab46917": [
          "b7155808-6d8f-488b-b19d-343f36256784"
        ],
        "280218e1-cb0c-4f27-b278-54de9329e9b6": [
          "b7155808-6d8f-488b-b19d-343f36256784"
        ],
        "17f57557-1163-4631-9eb1-053fd24259fb": [
          "b7155808-6d8f-488b-b19d-343f36256784"
        ],
        "188f8d75-4d57-423b-bb99-484edc6ce901": [
          "b7155808-6d8f-488b-b19d-343f36256784"
        ],
        "34d593c1-85a3-42b0-b65b-9bf0cbe80fe2": [
          "b7155808-6d8f-488b-b19d-343f36256784"
        ],
        "9d58391b-661f-4a70-ad7f-d1bdd7221408": [
          "b7155808-6d8f-488b-b19d-343f36256784"
        ],
        "ab820ede-ad72-4dd6-bf15-9ac8e7b0b14a": [
          "b7155808-6d8f-488b-b19d-343f36256784"
        ]
      },
      "children": {
        "81e4df0c-cf74-4072-be51-5f22661cbba8": [
          "b7155808-6d8f-488b-b19d-343f36256784"
        ],
        "b7155808-6d8f-488b-b19d-343f36256784": [
          "2eafa280-1167-4666-a600-44598ab46917",
          "280218e1-cb0c-4f27-b278-54de9329e9b6",
          "17f57557-1163-4631-9eb1-053fd24259fb",
          "188f8d75-4d57-423b-bb99-484edc6ce901",
          "34d593c1-85a3-42b0-b65b-9bf0cbe80fe2",
          "9d58391b-661f-4a70-ad7f-d1bdd7221408",
          "ab820ede-ad72-4dd6-bf15-9ac8e7b0b14a"
        ]
      }
    },
    {
      "parents": {
        "d28d09a6-7215-4b8f-a422-5c382c7b16a9": [],
        "fd4cdfaa-b956-4a17-87a8-27b6cb154718": [
          "d28d09a6-7215-4b8f-a422-5c382c7b16a9"
        ],
        "92e047e9-3814-443c-a29c-6f3cfeb36e1d": [
          "d28d09a6-7215-4b8f-a422-5c382c7b16a9"
        ],
        "3a7f80c8-c19d-442e-8109-c1aead6da19e": [
          "fd4cdfaa-b956-4a17-87a8-27b6cb154718"
        ],
        "f1c589a7-8592-47de-8aab-1630a991fb8f": [
          "fd4cdfaa-b956-4a17-87a8-27b6cb154718"
        ],
        "514cd2dd-1c19-45a7-b1b1-722b53a00798": [
          "fd4cdfaa-b956-4a17-87a8-27b6cb154718"
        ],
        "6e5e84ed-5e61-400f-ba46-14ef38e354e8": [
          "b7155808-6d8f-488b-b19d-343f36256784"
        ],
        "179172f3-c613-4aed-a48e-9a6e7d94a25d": [
          "b7155808-6d8f-488b-b19d-343f36256784"
        ]
      },
      "children": {
        "d28d09a6-7215-4b8f-a422-5c382c7b16a9": [
          "fd4cdfaa-b956-4a17-87a8-27b6cb154718",
          "92e047e9-3814-443c-a29c-6f3cfeb36e1d"
        ],
        "fd4cdfaa-b956-4a17-87a8-27b6cb154718": [
          "3a7f80c8-c19d-442e-8109-c1aead6da19e",
          "f1c589a7-8592-47de-8aab-1630a991fb8f",
          "514cd2dd-1c19-45a7-b1b1-722b53a00798"
        ],
        "b7155808-6d8f-488b-b19d-343f36256784": [
          "6e5e84ed-5e61-400f-ba46-14ef38e354e8",
          "179172f3-c613-4aed-a48e-9a6e7d94a25d"
        ]
      }
    }
  ],
  "use_dynamic_islands": true,
  "max_islands": 5,
  "last_spawn_iteration": -30,
  "use_paradigm_breakthrough": true,
  "paradigm_tracker": {
    "window_size": 10,
    "improvement_threshold": 0.12,
    "max_paradigm_uses": 2,
    "max_tried_paradigms": 10,
    "num_paradigms_to_generate": 3,
    "improvement_history": [
      0.0,
      0.0,
      0.0,
      0.0,
      0.0,
      0.0,
      0.0,
      0.0,
      0.0,
      0.0
    ],
    "active_paradigms": [
      {
        "idea": "Generalized power-law logistic ODE: dc/dt = (c0 + c1*x1) * x2^c2 * (1 - x2)",
        "description": "Replace the shifted linear nucleation term (c2 + x2) with a power-law term x2^c2. The exponent c2 is a fitted constant that controls the shape of the sigmoid: c2<1 gives faster early growth matching seeded aggregation (no lag phase), c2=1 gives standard logistic, c2>1 gives slower early growth matching unseeded aggregation with nucleation lag. This is directly motivated by the Richards/generalized logistic equation and the power-law nucleation kinetics in Knowles et al. amyloid models. The expression is always non-negative for x2>=0 (unlike the current model which can go negative for small x2 with c2<0), avoiding spurious decreasing trajectories. The rate factor (c0 + c1*x1) preserves the x1-dependent rate scaling that works well. This targets the hard cases (Abeta40 seeded nmse=0.1316) where the current model's negative nucleation offset causes poor fit.",
        "what_to_optimize": "Reduce nmse_val on seeded datasets (Abeta40 seeded 0.1316, Abeta42 seeded 0.0548) by allowing flexible sigmoid shape via power-law exponent; maintain good fit on unseeded datasets",
        "cautions": "x2^c2 requires x2>0; since x2 is initialized from observed[0] (first data point), it should be positive in practice. Use initial_values=[1.0, 0.5, 1.0] to start at standard logistic. Watch for c2->0 degeneracy. Complexity ~18 nodes.",
        "approach_type": "generalized_logistic.power_law_exponent"
      },
      {
        "idea": "Asymmetric logistic with quadratic x2 correction: dc/dt = (c0 + c1*x1) * x2 * (1 - x2) * (1 + c2*x2)",