{
  "num_islands": 2,
  "current_island": 0,
  "iteration_count": 12,
  "global_best_score": 0.975972169532349,
  "decay": 0.9,
  "intensity_min": 0.15,
  "intensity_max": 0.5,
  "migration_interval": 15,
  "diversity_strategy_type": "code",
  "use_unified_archive": true,
  "use_adaptive_search": true,
  "use_ucb_selection": true,
  "fixed_intensity": 0.4,
  "adapter": {
    "states": [
      {
        "accumulated_signal": 0.06297314892981029,
        "best_score": 0.975972169532349,
        "improvement_count": 7,
        "total_evaluations": 8,
        "decay": 0.9,
        "epsilon": 1e-08,
        "intensity_min": 0.15,
        "intensity_max": 0.5
      },
      {
        "accumulated_signal": 0.08214804428905588,
        "best_score": 0.9747139000461844,
        "improvement_count": 5,
        "total_evaluations": 6,
        "decay": 0.9,
        "epsilon": 1e-08,
        "intensity_min": 0.15,
        "intensity_max": 0.5
      }
    ],
    "dimension_visits": [
      8,
      6
    ],
    "dimension_rewards": [
      0.7785006232501598,
      0.2890833872625696
    ],
    "decayed_visits": [
      5.6953279000000006,
      4.68559
    ],
    "global_best_score": 0.975972169532349,
    "ucb_exploration": 1.41,
    "min_visits": 3,
    "decay": 0.9,
    "epsilon": 1e-08
  },
  "island_config_names": [
    "balanced",
    "balanced"
  ],
  "islands": [
    [
      "47af6e39-0d42-4434-9289-0f76eea54aae",
      "dd2e5261-bb76-47ff-9e80-d74cd37a4bd5",
      "1376065e-ca7c-494c-9306-5efc5bd6d7c3",
      "eaa04d3e-15e7-467e-a4e5-2f5045acde66",
      "afbbc6a1-9aac-4bd8-9893-a36af8cb6bf2",
      "dd61827a-c6c9-4376-8dda-7fcf8041eccd",
      "25bd4a8e-d9ad-482c-8cfc-a71955a91570",
      "8ff1a7c6-c5a2-4fc1-aa92-b48fe0ec52d4"
    ],
    [
      "14af2b2c-0046-400b-abe0-32aafcc25905",
      "e7697a23-ef1b-43dd-908d-dc0b7c2d768b",
      "22171239-cd09-4095-850e-0b657ee46054",
      "a9c5b8ed-f7df-4a16-bd65-1b8098c14481",
      "180fb70a-ffc9-4e5f-b9da-187240e9bb6e",
      "0e047f80-d796-40f9-9ac7-88fd1909366b",
      "dd31a9ef-3c70-453d-a75f-8ca1022c7742"
    ]
  ],
  "archive_genealogies": [
    {
      "parents": {
        "47af6e39-0d42-4434-9289-0f76eea54aae": [],
        "dd2e5261-bb76-47ff-9e80-d74cd37a4bd5": [
          "47af6e39-0d42-4434-9289-0f76eea54aae"
        ],
        "1376065e-ca7c-494c-9306-5efc5bd6d7c3": [
          "dd2e5261-bb76-47ff-9e80-d74cd37a4bd5"
        ],
        "eaa04d3e-15e7-467e-a4e5-2f5045acde66": [
          "47af6e39-0d42-4434-9289-0f76eea54aae"
        ],
        "afbbc6a1-9aac-4bd8-9893-a36af8cb6bf2": [
          "47af6e39-0d42-4434-9289-0f76eea54aae"
        ],
        "dd61827a-c6c9-4376-8dda-7fcf8041eccd": [
          "eaa04d3e-15e7-467e-a4e5-2f5045acde66"
        ],
        "25bd4a8e-d9ad-482c-8cfc-a71955a91570": [
          "dd2e5261-bb76-47ff-9e80-d74cd37a4bd5"
        ],
        "8ff1a7c6-c5a2-4fc1-aa92-b48fe0ec52d4": [
          "afbbc6a1-9aac-4bd8-9893-a36af8cb6bf2"
        ]
      },
      "children": {
        "47af6e39-0d42-4434-9289-0f76eea54aae": [
          "dd2e5261-bb76-47ff-9e80-d74cd37a4bd5",
          "eaa04d3e-15e7-467e-a4e5-2f5045acde66",
          "afbbc6a1-9aac-4bd8-9893-a36af8cb6bf2"
        ],
        "dd2e5261-bb76-47ff-9e80-d74cd37a4bd5": [
          "1376065e-ca7c-494c-9306-5efc5bd6d7c3",
          "25bd4a8e-d9ad-482c-8cfc-a71955a91570"
        ],
        "eaa04d3e-15e7-467e-a4e5-2f5045acde66": [
          "dd61827a-c6c9-4376-8dda-7fcf8041eccd"
        ],
        "afbbc6a1-9aac-4bd8-9893-a36af8cb6bf2": [
          "8ff1a7c6-c5a2-4fc1-aa92-b48fe0ec52d4"
        ]
      }
    },
    {
      "parents": {
        "14af2b2c-0046-400b-abe0-32aafcc25905": [],
        "e7697a23-ef1b-43dd-908d-dc0b7c2d768b": [
          "14af2b2c-0046-400b-abe0-32aafcc25905"
        ],
        "22171239-cd09-4095-850e-0b657ee46054": [
          "e7697a23-ef1b-43dd-908d-dc0b7c2d768b"
        ],
        "a9c5b8ed-f7df-4a16-bd65-1b8098c14481": [
          "e7697a23-ef1b-43dd-908d-dc0b7c2d768b"
        ],
        "180fb70a-ffc9-4e5f-b9da-187240e9bb6e": [
          "a9c5b8ed-f7df-4a16-bd65-1b8098c14481"
        ],
        "0e047f80-d796-40f9-9ac7-88fd1909366b": [
          "180fb70a-ffc9-4e5f-b9da-187240e9bb6e"
        ],
        "dd31a9ef-3c70-453d-a75f-8ca1022c7742": [
          "0e047f80-d796-40f9-9ac7-88fd1909366b"
        ]
      },
      "children": {
        "14af2b2c-0046-400b-abe0-32aafcc25905": [
          "e7697a23-ef1b-43dd-908d-dc0b7c2d768b"
        ],
        "e7697a23-ef1b-43dd-908d-dc0b7c2d768b": [
          "22171239-cd09-4095-850e-0b657ee46054",
          "a9c5b8ed-f7df-4a16-bd65-1b8098c14481"
        ],
        "a9c5b8ed-f7df-4a16-bd65-1b8098c14481": [
          "180fb70a-ffc9-4e5f-b9da-187240e9bb6e"
        ],
        "180fb70a-ffc9-4e5f-b9da-187240e9bb6e": [
          "0e047f80-d796-40f9-9ac7-88fd1909366b"
        ],
        "0e047f80-d796-40f9-9ac7-88fd1909366b": [
          "dd31a9ef-3c70-453d-a75f-8ca1022c7742"
        ]
      }
    }
  ],
  "use_dynamic_islands": true,
  "max_islands": 5,
  "last_spawn_iteration": -30,
  "use_paradigm_breakthrough": true,
  "paradigm_tracker": {
    "window_size": 10,
    "improvement_threshold": 0.12,
    "max_paradigm_uses": 2,
    "max_tried_paradigms": 10,
    "num_paradigms_to_generate": 3,
    "improvement_history": [
      1.0,
      1.0,
      1.0,
      0.0,
      1.0,
      1.0,
      1.0,
      1.0,
      0.0,
      1.0
    ],
    "active_paradigms": [],
    "paradigm_usage_counts": {},
    "current_paradigm_index": 0,
    "tried_paradigms": [],
    "best_score_at_paradigm_gen": 0.0,
    "best_score_during_paradigm": 0.0
  }
}