{
  "id": "8ff1a7c6-c5a2-4fc1-aa92-b48fe0ec52d4",
  "generation": 2,
  "iteration": 13,
  "current_iteration": 13,
  "metrics": {
    "combined_score": 0.975972169532349,
    "loss": 0.02461938077513448,
    "complexity": 0.0,
    "nmse_train": Infinity,
    "nmse_val": 0.02461938077513448,
    "eval_time": 1192.2627353668213,
    "n_datasets": 60.0,
    "n_successful": 60.0
  },
  "language": "python",
  "timestamp": 1779850362.7721398,
  "saved_at": 1779850362.79636
}