{
  "id": "3d957951-6673-43f5-8b31-d51d2bc64193",
  "generation": 1,
  "iteration": 19,
  "current_iteration": 35,
  "metrics": {
    "equation": "d(c)/dt = (-x4 + 0.921920161106838/(13.0787515507706*x3 + 1))*(14971003.3717315*x1*x4*(472341.23193721*x2 + 1) + 18486.8370543793*x1 + 6712500.12408884*x2 + 0.776693128065312)/(12748.24094369*x3*x4**2 + 1554881.80402242*x3 + 1)",
    "loss": 0.13587786533710752,
    "nmse_train": 0.0664997819849376,
    "nmse_val": 0.08402398974655868,
    "mean_nmse_val": 0.08402398974655868,
    "mean_raw_nmse_val": 0.08402398974655868,
    "scored_loss_val": 0.13587786533710752,
    "mean_scored_loss_val": 0.13587786533710752,
    "shape_loss_val": 0.2914394921087541,
    "shape_loss_weight": 0.25,
    "heldout_curve_nmse": 0.08402398974655868,
    "heldout_curve_scored_loss": 0.13587786533710752,
    "heldout_curve_shape_loss": 0.2914394921087541,
    "eval_only_nmse": NaN,
    "eval_only_scored_loss": NaN,
    "eval_only_shape_loss": NaN,
    "combined_score": 0.8803763419610422,
    "fit_score": 0.8803763419610422,
    "eval_time": 64.21590924263,
    "n_datasets": 1,
    "n_successful": 1,
    "eval_workers": 8,
    "hard_cases": [
      {
        "dataset": "Abeta42/inhibition_constraints",
        "scored_loss_val": 0.13587786533710752,
        "nmse_val": 0.08402398974655867,
        "shape_loss_val": 0.2914394921087541,
        "evaluation_only": false
      }
    ],
    "hard_case_feedback": "Abeta42/inhibition_constraints scored=0.1359 (nmse=0.08402, shape=0.2914)",
    "validation_semantics_feedback": "heldout_curve_scored_loss=0.1359, heldout_curve_nmse=0.08402, heldout_curve_shape=0.2914; eval_only_fit_score_scored_loss=nan, eval_only_nmse=nan, eval_only_shape=nan",
    "per_dataset": {
      "Abeta42/inhibition_constraints": {
        "nmse_train": 0.0664997819849376,
        "nmse_val": 0.08402398974655867,
        "shape_loss_val": 0.2914394921087541,
        "scored_loss_val": 0.13587786533710752,
        "n_val_points": 12274,
        "evaluation_only": false,
        "combined_score": 0.8803763419610422,
        "equation": "d(c)/dt = (-x4 + 0.921920161106838/(13.0787515507706*x3 + 1))*(14971003.3717315*x1*x4*(472341.23193721*x2 + 1) + 18486.8370543793*x1 + 6712500.12408884*x2 + 0.776693128065312)/(12748.24094369*x3*x4**2 + 1554881.80402242*x3 + 1)",
        "equation_template": "d(c)/dt = (c0/(c8**2*x3 + 1) - x4)*(c3**2 + c4**2*x1 + c5**2*x2 + c6**2*x1*x4*(c7**2*x2 + 1))/(c1**2*x3 + c2**2*x3*x4**2 + 1)",
        "constants": {
          "c0": 0.921920161106838,
          "c1": 1246.9489981640863,
          "c2": 112.90810840541964,
          "c3": 0.8813019505625255,
          "c4": 135.9663085267055,
          "c5": -2590.8493055538443,
          "c6": -3869.238086720881,
          "c7": 687.2708577680347,
          "c8": -3.6164556613859613
        }
      }
    },
    "error": ""
  },
  "language": "python",
  "timestamp": 1783132648.216759,
  "saved_at": 1783135796.887798
}