{
  "id": "fa4dfc3e-9215-4194-8309-fe7d4cd5e358",
  "generation": 2,
  "iteration": 16,
  "timestamp": 1780763308.782303,
  "parent_id": "c0b3887a-0517-4d32-8102-d34f84c5a43e",
  "metrics": {
    "combined_score": 0.8858502583395195,
    "n_stage1_datasets": 8.0,
    "n_stage1_successful": 8.0,
    "eval_workers": 8.0,
    "cascade_stage1_time_seconds": 1.7737247943878174,
    "cascade_stage1_threshold": 0.15,
    "cascade_stage1_passed": 1.0,
    "loss": 0.10628177931218234,
    "complexity": 16.0,
    "nmse_train": Infinity,
    "nmse_val": 0.10628177931218234,
    "fit_score": 0.903928835040326,
    "parsimony_weight": 0.2,
    "parsimony_penalty_factor": 0.98,
    "eval_time": 22.05316662788391,
    "n_datasets": 42.0,
    "n_successful": 42.0,
    "cascade_stage2_time_seconds": 22.053556442260742,
    "cascade_total_time_seconds": 23.82728123664856,
    "cascade_stage1_combined_score": 0.9035344882212999,
    "test_combined_score": 0.8858502583395195,
    "test_n_stage1_datasets": 8.0,
    "test_n_stage1_successful": 8.0,
    "test_eval_workers": 8.0,
    "test_cascade_stage1_time_seconds": 2.397218942642212,
    "test_cascade_stage1_threshold": 0.15,
    "test_cascade_stage1_passed": 1.0,
    "test_loss": 0.10628177931218234,
    "test_complexity": 16.0,
    "test_nmse_train": Infinity,
    "test_nmse_val": 0.10628177931218234,
    "test_fit_score": 0.903928835040326,
    "test_parsimony_weight": 0.2,
    "test_parsimony_penalty_factor": 0.98,
    "test_eval_time": 25.30892300605774,
    "test_n_datasets": 42.0,
    "test_n_successful": 42.0,
    "test_cascade_stage2_time_seconds": 25.30937695503235,
    "test_cascade_total_time_seconds": 27.70659589767456,
    "test_cascade_stage1_combined_score": 0.9035344882212999
  },
  "language": "python",
  "saved_at": 1780765462.898649
}