{
  "id": "e0f43df6-6801-49c0-9de5-7368b4887570",
  "generation": 4,
  "iteration": 33,
  "current_iteration": 41,
  "metrics": {
    "equation": "d(c)/dt = (0.920893053382913 - x4)*(573020.803728599*x2 + 1)*(19039551.4392079*x1*x4**2/(0.020112347811729*x3*x4 + 1589159.92217172*x3 + x4**2 + 0.225083467156902) + 648420.934835596*x1)",
    "loss": 0.13039632839317455,
    "nmse_train": 0.06381045795761654,
    "nmse_val": 0.07881681048917612,
    "mean_nmse_val": 0.07881681048917612,
    "mean_raw_nmse_val": 0.07881681048917612,
    "scored_loss_val": 0.13039632839317455,
    "mean_scored_loss_val": 0.13039632839317455,
    "shape_loss_val": 0.28513488210516985,
    "shape_loss_weight": 0.25,
    "heldout_curve_nmse": 0.07881681048917612,
    "heldout_curve_scored_loss": 0.13039632839317455,
    "heldout_curve_shape_loss": 0.28513488210516985,
    "eval_only_nmse": NaN,
    "eval_only_scored_loss": NaN,
    "eval_only_shape_loss": NaN,
    "combined_score": 0.8846454777692624,
    "fit_score": 0.8846454777692624,
    "eval_time": 19.699002981185913,
    "n_datasets": 1,
    "n_successful": 1,
    "eval_workers": 8,
    "hard_cases": [
      {
        "dataset": "Abeta42/inhibition_constraints",
        "scored_loss_val": 0.13039632839317455,
        "nmse_val": 0.07881681048917612,
        "shape_loss_val": 0.28513488210516985,
        "evaluation_only": false
      }
    ],
    "hard_case_feedback": "Abeta42/inhibition_constraints scored=0.1304 (nmse=0.07882, shape=0.2851)",
    "validation_semantics_feedback": "heldout_curve_scored_loss=0.1304, heldout_curve_nmse=0.07882, heldout_curve_shape=0.2851; eval_only_fit_score_scored_loss=nan, eval_only_nmse=nan, eval_only_shape=nan",
    "per_dataset": {
      "Abeta42/inhibition_constraints": {
        "nmse_train": 0.06381045795761654,
        "nmse_val": 0.07881681048917612,
        "shape_loss_val": 0.28513488210516985,
        "scored_loss_val": 0.13039632839317455,
        "n_val_points": 12274,
        "evaluation_only": false,
        "combined_score": 0.8846454777692624,
        "equation": "d(c)/dt = (0.920893053382913 - x4)*(573020.803728599*x2 + 1)*(19039551.4392079*x1*x4**2/(0.020112347811729*x3*x4 + 1589159.92217172*x3 + x4**2 + 0.225083467156902) + 648420.934835596*x1)",
        "equation_template": "d(c)/dt = (c0 - x4)*(c1**2*x1 + c2**2*x1*x4**2/(c3**2 + c4**2*x3 + c5**2*x3*x4 + x4**2))*(c6**2*x2 + 1)",
        "constants": {
          "c0": 0.9208930533829127,
          "c1": 805.2458847057812,
          "c2": 4363.433446176058,
          "c3": 0.4744296229757389,
          "c4": 1260.6188647532276,
          "c5": 0.1418180094759793,
          "c6": -756.9813760777732
        }
      }
    },
    "error": ""
  },
  "language": "python",
  "timestamp": 1784471681.83326,
  "saved_at": 1784472731.529784
}