{
  "program_id": "90a98e32-7b22-4bd7-9339-39d865ac217c",
  "iteration_found": 11,
  "dataset": "Abeta42/inhibition_constraints",
  "plot": "outputs_diff_inhibited_norm/adaevolve/disease_relevant_inhibited_all_normalized_ode_0720_0022/checkpoints/checkpoint_11/iteration_11_best_validation_curves.svg",
  "metrics": {
    "equation": "d(c)/dt = 6.48981177255989*x0*(0.96209273191761 - x4) + (0.96209273191761 - x4)*(6.34672877184739*x1*x4 + (3.9017508196126*x1 + 36.359268724049*x2 + 0.0130209758848356)/(2198.31473871899*x3/(x3 + 184.219412140767) + 1))",
    "loss": 0.12125347968734672,
    "nmse_train": 0.02035701041431037,
    "nmse_val": 0.08159470058016147,
    "mean_nmse_val": 0.08159470058016147,
    "mean_raw_nmse_val": 0.08159470058016147,
    "scored_loss_val": 0.12125347968734672,
    "mean_scored_loss_val": 0.12125347968734672,
    "shape_loss_val": 0.24022981700890245,
    "shape_loss_weight": 0.25,
    "heldout_curve_nmse": 0.08159470058016147,
    "heldout_curve_scored_loss": 0.12125347968734672,
    "heldout_curve_shape_loss": 0.24022981700890245,
    "eval_only_nmse": NaN,
    "eval_only_scored_loss": NaN,
    "eval_only_shape_loss": NaN,
    "combined_score": 0.891858993631701,
    "fit_score": 0.891858993631701,
    "eval_time": 14.578026056289673,
    "n_datasets": 1,
    "n_successful": 1,
    "eval_workers": 8,
    "hard_cases": [
      {
        "dataset": "Abeta42/inhibition_constraints",
        "scored_loss_val": 0.12125347968734672,
        "nmse_val": 0.08159470058016147,
        "shape_loss_val": 0.24022981700890247,
        "evaluation_only": false
      }
    ],
    "hard_case_feedback": "Abeta42/inhibition_constraints scored=0.1213 (nmse=0.08159, shape=0.2402)",
    "validation_semantics_feedback": "heldout_curve_scored_loss=0.1213, heldout_curve_nmse=0.08159, heldout_curve_shape=0.2402; eval_only_fit_score_scored_loss=nan, eval_only_nmse=nan, eval_only_shape=nan",
    "per_dataset": {
      "Abeta42/inhibition_constraints": {
        "nmse_train": 0.02035701041431037,
        "nmse_val": 0.08159470058016147,
        "shape_loss_val": 0.24022981700890247,
        "scored_loss_val": 0.12125347968734672,
        "n_val_points": 3610,
        "evaluation_only": false,
        "combined_score": 0.891858993631701,
        "equation": "d(c)/dt = 6.48981177255989*x0*(0.96209273191761 - x4) + (0.96209273191761 - x4)*(6.34672877184739*x1*x4 + (3.9017508196126*x1 + 36.359268724049*x2 + 0.0130209758848356)/(2198.31473871899*x3/(x3 + 184.219412140767) + 1))",
        "equation_template": "d(c)/dt = c7*x0*(c0 - x4) + (c0 - x4)*(c6**2*x1*x4 + (c1**2 + c2**2*x1 + c3**2*x2)/(c4**2*x3/(c5**2 + x3) + 1))",
        "constants": {
          "c0": 0.9620927319176105,
          "c1": -0.11410949077458728,
          "c2": 1.9752849970605755,
          "c3": 6.029864735137019,
          "c4": 46.88618921088585,
          "c5": 13.572745195455745,
          "c6": -2.5192714764088815,
          "c7": 6.489811772559895
        }
      }
    },
    "error": ""
  },
  "saved_at": 1784488795.77142
}