{
  "id": "c9d209b1-9873-472d-b0b5-930a858cff35",
  "generation": 3,
  "iteration": 27,
  "current_iteration": 28,
  "metrics": {
    "combined_score": 0.954559358530783,
    "n_stage1_datasets": 8.0,
    "n_stage1_successful": 8.0,
    "eval_workers": 8.0,
    "stage1_full_selected_datasets": 1.0,
    "cascade_stage1_time_seconds": 0.37076306343078613,
    "cascade_stage1_threshold": 0.15,
    "cascade_stage1_passed": 1.0,
    "loss": 0.027961217111000792,
    "complexity": 15.0,
    "nmse_train": 0.001802001479066179,
    "nmse_val": 0.027961217111000792,
    "mean_nmse_val": 0.027961217111000792,
    "mean_raw_nmse_val": 0.027961217111000792,
    "fit_score": 0.9727993462734095,
    "parsimony_weight": 0.2,
    "parsimony_penalty_factor": 0.98125,
    "eval_time": 9.091032981872559,
    "n_datasets": 24.0,
    "n_successful": 24.0,
    "cascade_stage2_time_seconds": 9.091394901275635,
    "cascade_total_time_seconds": 9.462157964706421,
    "cascade_stage1_combined_score": 0.9984815623651311
  },
  "language": "python",
  "timestamp": 1781284723.0122557,
  "saved_at": 1781284823.6969144
}