{
  "program_id": "7cb69a02-0ff7-402a-87ad-8a1163887b94",
  "iteration_found": 9,
  "dataset": "Abeta42/inhibition_constraints",
  "plot": "outputs_diff_inhibited_norm/adaevolve/disease_relevant_inhibited_all_normalized_ode_0719_1838/checkpoints/checkpoint_9/iteration_9_best_validation_curves.svg",
  "metrics": {
    "equation": "d(c)/dt = (0.92061484230531 - x4)*(100940.394628566*x1 + 28720181.9672652*x1*(x4 + 1.50356836451817e-7)**1.58199036879297/(2675617.63881958*x3 + 1) + 6329513.45157562*x2 + 1.00618314168274)",
    "loss": 0.14372720604586314,
    "nmse_train": 0.060430070956209274,
    "nmse_val": 0.09532775195513844,
    "mean_nmse_val": 0.09532775195513844,
    "mean_raw_nmse_val": 0.09532775195513844,
    "scored_loss_val": 0.14372720604586314,
    "mean_scored_loss_val": 0.14372720604586314,
    "shape_loss_val": 0.28892556831803723,
    "shape_loss_weight": 0.25,
    "heldout_curve_nmse": 0.09532775195513844,
    "heldout_curve_scored_loss": 0.14372720604586314,
    "heldout_curve_shape_loss": 0.28892556831803723,
    "eval_only_nmse": NaN,
    "eval_only_scored_loss": NaN,
    "eval_only_shape_loss": NaN,
    "combined_score": 0.8743343646228698,
    "fit_score": 0.8743343646228698,
    "eval_time": 79.46928596496582,
    "n_datasets": 1,
    "n_successful": 1,
    "eval_workers": 8,
    "hard_cases": [
      {
        "dataset": "Abeta42/inhibition_constraints",
        "scored_loss_val": 0.14372720604586314,
        "nmse_val": 0.09532775195513844,
        "shape_loss_val": 0.28892556831803723,
        "evaluation_only": false
      }
    ],
    "hard_case_feedback": "Abeta42/inhibition_constraints scored=0.1437 (nmse=0.09533, shape=0.2889)",
    "validation_semantics_feedback": "heldout_curve_scored_loss=0.1437, heldout_curve_nmse=0.09533, heldout_curve_shape=0.2889; eval_only_fit_score_scored_loss=nan, eval_only_nmse=nan, eval_only_shape=nan",
    "per_dataset": {
      "Abeta42/inhibition_constraints": {
        "nmse_train": 0.060430070956209274,
        "nmse_val": 0.09532775195513844,
        "shape_loss_val": 0.28892556831803723,
        "scored_loss_val": 0.14372720604586314,
        "n_val_points": 12274,
        "evaluation_only": false,
        "combined_score": 0.8743343646228698,
        "equation": "d(c)/dt = (0.92061484230531 - x4)*(100940.394628566*x1 + 28720181.9672652*x1*(x4 + 1.50356836451817e-7)**1.58199036879297/(2675617.63881958*x3 + 1) + 6329513.45157562*x2 + 1.00618314168274)",
        "equation_template": "d(c)/dt = (c0 - x4)*(c1**2 + c2**2*x1 + c3**2*x2 + c4**2*x1*(c5**2 + x4)**c6/(c7**2*x3 + 1))",
        "constants": {
          "c0": 0.9206148423053101,
          "c1": 1.0030868066537098,
          "c2": -317.71118115131804,
          "c3": -2515.852430405175,
          "c4": 5359.121380157872,
          "c5": 0.0003877587348491546,
          "c6": 1.5819903687929693,
          "c7": 1635.7315301783426
        }
      }
    },
    "error": ""
  },
  "saved_at": 1784468794.486088
}