{
  "program_id": "66e72c12-5490-4810-b7e0-e47503f638eb",
  "iteration_found": 14,
  "dataset": "Abeta42/inhibition_constraints",
  "plot": "outputs_diff_inhibited_norm/adaevolve/disease_relevant_inhibited_all_normalized_ode_0720_0357/checkpoints/checkpoint_14/iteration_14_best_validation_curves.svg",
  "metrics": {
    "equation": "d(c)/dt = (0.971332489031035 - x4)*(1.4490386964905*x2 + (1.09014669359955e-7*x2 + 1)*(3.33195001196004*x1*x4**2/(1.81975360758036e-7*x1*x3 + 3.32603870119368e-7*x3 + 1) + 15.0930456304871*x1*x4/(1.39907090592333*x3 + 1)) + 1.71508001924674e-7)",
    "loss": 0.04584176551122298,
    "nmse_train": 0.010000410486138242,
    "nmse_val": 0.0038343063153890872,
    "mean_nmse_val": 0.0038343063153890872,
    "mean_raw_nmse_val": 0.0038343063153890872,
    "scored_loss_val": 0.04584176551122298,
    "mean_scored_loss_val": 0.04584176551122298,
    "shape_loss_val": 0.17186414309872466,
    "shape_loss_weight": 0.25,
    "heldout_curve_nmse": 0.0038343063153890872,
    "heldout_curve_scored_loss": 0.04584176551122298,
    "heldout_curve_shape_loss": 0.17186414309872466,
    "eval_only_nmse": NaN,
    "eval_only_scored_loss": NaN,
    "eval_only_shape_loss": NaN,
    "combined_score": 0.9561675895695227,
    "fit_score": 0.9561675895695227,
    "eval_time": 16.549612045288086,
    "n_datasets": 1,
    "n_successful": 1,
    "eval_workers": 8,
    "hard_cases": [
      {
        "dataset": "Abeta42/inhibition_constraints",
        "scored_loss_val": 0.04584176551122298,
        "nmse_val": 0.0038343063153890872,
        "shape_loss_val": 0.17186414309872466,
        "evaluation_only": false
      }
    ],
    "hard_case_feedback": "Abeta42/inhibition_constraints scored=0.04584 (nmse=0.003834, shape=0.1719)",
    "validation_semantics_feedback": "heldout_curve_scored_loss=0.04584, heldout_curve_nmse=0.003834, heldout_curve_shape=0.1719; eval_only_fit_score_scored_loss=nan, eval_only_nmse=nan, eval_only_shape=nan",
    "per_dataset": {
      "Abeta42/inhibition_constraints": {
        "nmse_train": 0.010000410486138242,
        "nmse_val": 0.0038343063153890872,
        "shape_loss_val": 0.17186414309872466,
        "scored_loss_val": 0.04584176551122298,
        "n_val_points": 1805,
        "evaluation_only": false,
        "combined_score": 0.9561675895695227,
        "equation": "d(c)/dt = (0.971332489031035 - x4)*(1.4490386964905*x2 + (1.09014669359955e-7*x2 + 1)*(3.33195001196004*x1*x4**2/(1.81975360758036e-7*x1*x3 + 3.32603870119368e-7*x3 + 1) + 15.0930456304871*x1*x4/(1.39907090592333*x3 + 1)) + 1.71508001924674e-7)",
        "equation_template": "d(c)/dt = (c0 - x4)*(c3**2 + c5**2*x2 + (c8**2*x2 + 1)*(c4**2*x1*x4/(c1**2*x3 + 1) + c6**2*x1*x4**2/(c2**2*x3 + c7**2*x1*x3 + 1)))",
        "constants": {
          "c0": 0.9713324890310352,
          "c1": 1.182823277553892,
          "c2": 0.0005767181895166545,
          "c3": 0.0004141352459338296,
          "c4": 3.8849769150520244,
          "c5": 1.2037602321436345,
          "c6": 1.8253629808780598,
          "c7": -0.00042658570153960337,
          "c8": -0.0003301736957420364
        }
      }
    },
    "error": ""
  },
  "saved_at": 1784501961.49107
}