{
  "program_id": "46386ea9-bc91-4ec9-a4c9-7239048e4db4",
  "iteration_found": 5,
  "dataset": "Abeta42/inhibition_constraints",
  "plot": "outputs_diff_inhibited_norm/adaevolve/disease_relevant_inhibited_all_normalized_ode_0721_0426/checkpoints/checkpoint_5/iteration_5_best_validation_curves.svg",
  "metrics": {
    "equation": "d(c)/dt = -2.52973712325669e-8*x3*x4/(1.10582913971817*x4 + 1) + (0.971365349622162 - x4)*(12.5458931446928*x1*x4/(1.19695056723649*x3 + 1) + 4.41787957131359e-10*x1/(1.19695056723649*x3 + 1) + 12.7786498446651*x1*(x4**2 + 6.24114272263637e-7)/((1.19695056723649*x3 + 1)*(3.61076711418958*x3 + 1)) + 2.49275245870118*x2 + 3.31055602670353*sqrt(x4**2 + 6.24114272263637e-7))",
    "loss": 0.04525054014939517,
    "nmse_train": 0.010294513096641984,
    "nmse_val": 0.0033849347836033706,
    "mean_nmse_val": 0.0033849347836033706,
    "mean_raw_nmse_val": 0.0033849347836033706,
    "scored_loss_val": 0.04525054014939517,
    "mean_scored_loss_val": 0.04525054014939517,
    "shape_loss_val": 0.17084735624677055,
    "shape_loss_weight": 0.25,
    "heldout_curve_nmse": 0.0033849347836033706,
    "heldout_curve_scored_loss": 0.04525054014939517,
    "heldout_curve_shape_loss": 0.17084735624677055,
    "eval_only_nmse": NaN,
    "eval_only_scored_loss": NaN,
    "eval_only_shape_loss": NaN,
    "combined_score": 0.956708426916548,
    "fit_score": 0.956708426916548,
    "eval_time": 60.50660514831543,
    "n_datasets": 1,
    "n_successful": 1,
    "eval_workers": 8,
    "hard_cases": [
      {
        "dataset": "Abeta42/inhibition_constraints",
        "scored_loss_val": 0.04525054014939517,
        "nmse_val": 0.003384934783603371,
        "shape_loss_val": 0.17084735624677055,
        "evaluation_only": false
      }
    ],
    "hard_case_feedback": "Abeta42/inhibition_constraints scored=0.04525 (nmse=0.003385, shape=0.1708)",
    "validation_semantics_feedback": "heldout_curve_scored_loss=0.04525, heldout_curve_nmse=0.003385, heldout_curve_shape=0.1708; eval_only_fit_score_scored_loss=nan, eval_only_nmse=nan, eval_only_shape=nan",
    "per_dataset": {
      "Abeta42/inhibition_constraints": {
        "nmse_train": 0.010294513096641984,
        "nmse_val": 0.003384934783603371,
        "shape_loss_val": 0.17084735624677055,
        "scored_loss_val": 0.04525054014939517,
        "n_val_points": 1805,
        "evaluation_only": false,
        "combined_score": 0.956708426916548,
        "equation": "d(c)/dt = -2.52973712325669e-8*x3*x4/(1.10582913971817*x4 + 1) + (0.971365349622162 - x4)*(12.5458931446928*x1*x4/(1.19695056723649*x3 + 1) + 4.41787957131359e-10*x1/(1.19695056723649*x3 + 1) + 12.7786498446651*x1*(x4**2 + 6.24114272263637e-7)/((1.19695056723649*x3 + 1)*(3.61076711418958*x3 + 1)) + 2.49275245870118*x2 + 3.31055602670353*sqrt(x4**2 + 6.24114272263637e-7))",
        "equation_template": "d(c)/dt = -c7**2*x3*x4/(c8**2*x4 + 1) + (c6 - x4)*(c10**2*x1*x4/(c9**2*x3 + 1) + c2**2*x1/(c9**2*x3 + 1) + c3**2*(c4**2*sqrt(c0**2 + x4**2) + x2) + c5**2*x1*(c0**2 + x4**2)/((c1**2*x3 + 1)*(c9**2*x3 + 1)))",
        "constants": {
          "c0": -0.0007900090330266083,
          "c1": 1.9002018614319847,
          "c2": -2.101875251130189e-05,
          "c3": 1.5788452928330823,
          "c4": 1.1524202856775239,
          "c5": 3.5747237438248463,
          "c6": 0.971365349622162,
          "c7": 0.0001590514735315799,
          "c8": 1.0515841096736707,
          "c9": 1.0940523603724326,
          "c10": 3.5420182304291985
        }
      }
    },
    "error": ""
  },
  "saved_at": 1784589161.2693388
}