{
  "id": "02a6a833-3399-43fd-b65a-49755778ca84",
  "generation": 4,
  "iteration": 20,
  "current_iteration": 20,
  "metrics": {
    "combined_score": 0.9358201734144362,
    "n_stage1_datasets": 8.0,
    "n_stage1_successful": 8.0,
    "eval_workers": 8.0,
    "stage1_full_selected_datasets": 1.0,
    "cascade_stage1_time_seconds": 6.048919916152954,
    "cascade_stage1_threshold": 0.15,
    "cascade_stage1_passed": 1.0,
    "loss": 0.028509565559181778,
    "complexity": 30.0,
    "nmse_train": 0.010096403828879165,
    "nmse_val": 0.028509565559181778,
    "mean_nmse_val": 0.028509565559181778,
    "mean_raw_nmse_val": 0.028509565559181778,
    "fit_score": 0.9722806996513623,
    "parsimony_weight": 0.2,
    "parsimony_penalty_factor": 0.9625,
    "eval_time": 43.96138262748718,
    "n_datasets": 22.0,
    "n_successful": 22.0,
    "cascade_stage2_time_seconds": 43.96208691596985,
    "cascade_total_time_seconds": 50.0110068321228,
    "cascade_stage1_combined_score": 0.8102978472765532
  },
  "language": "python",
  "timestamp": 1781641721.8006873,
  "saved_at": 1781641721.8151627
}