{
  "id": "7463fadf-61e2-44ec-9ff5-6e8d002dff3a",
  "generation": 1,
  "iteration": 1,
  "current_iteration": 2,
  "metrics": {
    "combined_score": 0.9301725122155994,
    "n_stage1_datasets": 8.0,
    "n_stage1_successful": 8.0,
    "eval_workers": 8.0,
    "stage1_full_selected_datasets": 1.0,
    "cascade_stage1_time_seconds": 0.5972900390625,
    "cascade_stage1_threshold": 0.15,
    "cascade_stage1_passed": 1.0,
    "loss": 0.03341045599205708,
    "complexity": 31.0,
    "nmse_train": 0.034314376658097404,
    "nmse_val": 0.03341045599205708,
    "mean_nmse_val": 0.03341045599205708,
    "mean_raw_nmse_val": 0.03341045599205708,
    "fit_score": 0.9676697136183089,
    "parsimony_weight": 0.2,
    "parsimony_penalty_factor": 0.9612499999999999,
    "eval_time": 14.476619720458984,
    "n_datasets": 24.0,
    "n_successful": 24.0,
    "cascade_stage2_time_seconds": 14.477096796035767,
    "cascade_total_time_seconds": 15.074386835098267,
    "cascade_stage1_combined_score": 0.9745386767791799
  },
  "language": "python",
  "timestamp": 1781279430.6440558,
  "saved_at": 1781279542.5743954
}