{
  "program_id": "15e5b92f-9f57-4d65-a12c-93e1605cd969",
  "iteration_found": 6,
  "dataset": "Abeta42/inhibition_constraints",
  "plot": "outputs_diff_inhibited_norm/adaevolve/disease_relevant_inhibited_all_normalized_ode_0720_0357/checkpoints/checkpoint_6/iteration_6_best_validation_curves.svg",
  "metrics": {
    "equation": "d(c)/dt = (0.971343333059271 - x4)*(15.0936774554301*x1*x4/(1.3955197052901*x3 + 1) + 1.28258220643806e-7*x1/(1.3955197052901*x3 + 1) + 1.46591206782847*x2 + 9.89863972318046*x4**2/(5.91131018449693e-6*x3 + 1) + 1.38091707791638e-7)",
    "loss": 0.04582395709344893,
    "nmse_train": 0.01000044717588305,
    "nmse_val": 0.0038227767826130754,
    "mean_nmse_val": 0.0038227767826130754,
    "mean_raw_nmse_val": 0.0038227767826130754,
    "scored_loss_val": 0.04582395709344893,
    "mean_scored_loss_val": 0.04582395709344893,
    "shape_loss_val": 0.17182749802595648,
    "shape_loss_weight": 0.25,
    "heldout_curve_nmse": 0.0038227767826130754,
    "heldout_curve_scored_loss": 0.04582395709344893,
    "heldout_curve_shape_loss": 0.17182749802595648,
    "eval_only_nmse": NaN,
    "eval_only_scored_loss": NaN,
    "eval_only_shape_loss": NaN,
    "combined_score": 0.956183871307746,
    "fit_score": 0.956183871307746,
    "eval_time": 9.173868894577026,
    "n_datasets": 1,
    "n_successful": 1,
    "eval_workers": 8,
    "hard_cases": [
      {
        "dataset": "Abeta42/inhibition_constraints",
        "scored_loss_val": 0.04582395709344893,
        "nmse_val": 0.003822776782613076,
        "shape_loss_val": 0.17182749802595648,
        "evaluation_only": false
      }
    ],
    "hard_case_feedback": "Abeta42/inhibition_constraints scored=0.04582 (nmse=0.003823, shape=0.1718)",
    "validation_semantics_feedback": "heldout_curve_scored_loss=0.04582, heldout_curve_nmse=0.003823, heldout_curve_shape=0.1718; eval_only_fit_score_scored_loss=nan, eval_only_nmse=nan, eval_only_shape=nan",
    "per_dataset": {
      "Abeta42/inhibition_constraints": {
        "nmse_train": 0.01000044717588305,
        "nmse_val": 0.003822776782613076,
        "shape_loss_val": 0.17182749802595648,
        "scored_loss_val": 0.04582395709344893,
        "n_val_points": 1805,
        "evaluation_only": false,
        "combined_score": 0.956183871307746,
        "equation": "d(c)/dt = (0.971343333059271 - x4)*(15.0936774554301*x1*x4/(1.3955197052901*x3 + 1) + 1.28258220643806e-7*x1/(1.3955197052901*x3 + 1) + 1.46591206782847*x2 + 9.89863972318046*x4**2/(5.91131018449693e-6*x3 + 1) + 1.38091707791638e-7)",
        "equation_template": "d(c)/dt = (c0 - x4)*(c2**2 + c3**2*x1/(c1**2*x3 + 1) + c4**2*x2 + c5**2*x1*x4/(c1**2*x3 + 1) + c6**2*x4**2/(c7**2*x3 + 1))",
        "constants": {
          "c0": 0.971343333059271,
          "c1": 1.1813211694074133,
          "c2": -0.00037160692645810237,
          "c3": -0.0003581315689014385,
          "c4": 1.2107485568145326,
          "c5": 3.8850582306356936,
          "c6": 3.1462103749082733,
          "c7": 0.0024313186102395
        }
      }
    },
    "error": ""
  },
  "saved_at": 1784501035.9055932
}