{
  "id": "1a44d4cf-bd9d-4a5e-8b6a-fc30c1b6163c",
  "generation": 4,
  "iteration": 10,
  "current_iteration": 15,
  "metrics": {
    "combined_score": 0.7101237445908337,
    "loss": 0.4082052707253017,
    "complexity": 0.0,
    "nmse_train": Infinity,
    "nmse_val": 0.4082052707253017,
    "eval_time": 17.171128034591675,
    "n_datasets": 60.0,
    "n_successful": 60.0
  },
  "language": "python",
  "timestamp": 1779914584.573569,
  "saved_at": 1779914899.3707118
}