{
  "num_islands": 2,
  "current_island": 1,
  "iteration_count": 4,
  "global_best_score": 0.6013546253565839,
  "decay": 0.9,
  "intensity_min": 0.15,
  "intensity_max": 0.5,
  "migration_interval": 15,
  "diversity_strategy_type": "code",
  "use_unified_archive": true,
  "use_adaptive_search": true,
  "use_ucb_selection": true,
  "fixed_intensity": 0.4,
  "adapter": {
    "states": [
      {
        "accumulated_signal": 0.09999999999999998,
        "best_score": 0.5917381148325811,
        "improvement_count": 1,
        "total_evaluations": 3,
        "decay": 0.9,
        "epsilon": 1e-08,
        "intensity_min": 0.15,
        "intensity_max": 0.5
      },
      {
        "accumulated_signal": 0.09002641045724022,
        "best_score": 0.6013546253565839,
        "improvement_count": 1,
        "total_evaluations": 3,
        "decay": 0.9,
        "epsilon": 1e-08,
        "intensity_min": 0.15,
        "intensity_max": 0.5
      }
    ],
    "dimension_visits": [
      3,
      3
    ],
    "dimension_rewards": [
      0.81,
      0.01462616503550658
    ],
    "decayed_visits": [
      2.71,
      2.71
    ],
    "global_best_score": 0.6013546253565839,
    "ucb_exploration": 1.41,
    "min_visits": 3,
    "decay": 0.9,
    "epsilon": 1e-08
  },
  "island_config_names": [
    "balanced",
    "balanced"
  ],
  "islands": [
    [
      "1b546c27-b9e1-4c38-b0df-e0fe8520f02f",
      "896a50e1-f056-4165-a575-94690dd555e2",
      "839cfc04-b170-4d81-842f-3993ac6acd88"
    ],
    [
      "11eec953-d69c-4fee-8fce-d1ab0c2ba014",
      "26da2746-b689-4e78-b2a4-9a14299c4472",
      "fe4bc909-fd6e-42cf-a75b-4ee5d4f4f347",
      "29b8cc22-fb21-4ef4-abdc-37b6c99a4e7b"
    ]
  ],
  "archive_genealogies": [
    {
      "parents": {
        "1b546c27-b9e1-4c38-b0df-e0fe8520f02f": [],
        "896a50e1-f056-4165-a575-94690dd555e2": [
          "1b546c27-b9e1-4c38-b0df-e0fe8520f02f"
        ],
        "839cfc04-b170-4d81-842f-3993ac6acd88": [
          "1b546c27-b9e1-4c38-b0df-e0fe8520f02f"
        ]
      },
      "children": {
        "1b546c27-b9e1-4c38-b0df-e0fe8520f02f": [
          "896a50e1-f056-4165-a575-94690dd555e2",
          "839cfc04-b170-4d81-842f-3993ac6acd88"
        ]
      }
    },
    {
      "parents": {
        "11eec953-d69c-4fee-8fce-d1ab0c2ba014": [],
        "26da2746-b689-4e78-b2a4-9a14299c4472": [
          "11eec953-d69c-4fee-8fce-d1ab0c2ba014"
        ],
        "fe4bc909-fd6e-42cf-a75b-4ee5d4f4f347": [
          "26da2746-b689-4e78-b2a4-9a14299c4472"
        ],
        "29b8cc22-fb21-4ef4-abdc-37b6c99a4e7b": [
          "11eec953-d69c-4fee-8fce-d1ab0c2ba014"
        ]
      },
      "children": {
        "11eec953-d69c-4fee-8fce-d1ab0c2ba014": [
          "26da2746-b689-4e78-b2a4-9a14299c4472",
          "29b8cc22-fb21-4ef4-abdc-37b6c99a4e7b"
        ],
        "26da2746-b689-4e78-b2a4-9a14299c4472": [
          "fe4bc909-fd6e-42cf-a75b-4ee5d4f4f347"
        ]
      }
    }
  ],
  "use_dynamic_islands": true,
  "max_islands": 5,
  "last_spawn_iteration": -30,
  "use_paradigm_breakthrough": true,
  "paradigm_tracker": {
    "window_size": 10,
    "improvement_threshold": 0.12,
    "max_paradigm_uses": 2,
    "max_tried_paradigms": 10,
    "num_paradigms_to_generate": 3,
    "improvement_history": [
      1.0,
      0.0,
      0.0,
      0.0,
      1.0,
      0.0
    ],
    "active_paradigms": [],
    "paradigm_usage_counts": {},
    "current_paradigm_index": 0,
    "tried_paradigms": [],
    "best_score_at_paradigm_gen": 0.0,
    "best_score_during_paradigm": 0.0
  }
}