{
  "id": "c85394b1-7db3-4da9-8ebc-9aab4ca306c4",
  "generation": 0,
  "iteration": 0,
  "current_iteration": 5,
  "metrics": {
    "combined_score": 0.853708249374265,
    "n_stage1_datasets": 1.0,
    "n_stage1_successful": 1.0,
    "eval_workers": 8.0,
    "stage1_full_selected_datasets": 1.0,
    "cascade_stage1_time_seconds": 1151.3842911720276,
    "cascade_stage1_threshold": 0.15,
    "cascade_stage1_passed": 1.0,
    "loss": 0.1713603572800908,
    "nmse_train": 0.20316078871579074,
    "nmse_val": 0.17194329025990482,
    "mean_nmse_val": 0.17194329025990482,
    "mean_raw_nmse_val": 0.17194329025990482,
    "scored_loss_val": 0.1713603572800908,
    "mean_scored_loss_val": 0.1713603572800908,
    "shape_loss_val": 0.1696115583406488,
    "shape_loss_weight": 0.25,
    "heldout_curve_nmse": 0.17194329025990482,
    "heldout_curve_scored_loss": 0.1713603572800908,
    "heldout_curve_shape_loss": 0.1696115583406488,
    "eval_only_nmse": NaN,
    "eval_only_scored_loss": NaN,
    "eval_only_shape_loss": NaN,
    "fit_score": 0.853708249374265,
    "eval_time": 174.95104718208313,
    "n_datasets": 1.0,
    "n_successful": 1.0,
    "cascade_stage2_time_seconds": 174.9517068862915,
    "cascade_total_time_seconds": 1326.335998058319,
    "cascade_stage1_combined_score": 0.8726979243757107
  },
  "language": "python",
  "timestamp": 1783046759.7573256,
  "saved_at": 1783050694.525038
}