{
  "num_islands": 2,
  "current_island": 1,
  "iteration_count": 11,
  "global_best_score": 0.9296930951412585,
  "decay": 0.9,
  "intensity_min": 0.15,
  "intensity_max": 0.5,
  "migration_interval": 15,
  "diversity_strategy_type": "code",
  "use_unified_archive": true,
  "use_adaptive_search": true,
  "use_ucb_selection": true,
  "fixed_intensity": 0.4,
  "adapter": {
    "states": [
      {
        "accumulated_signal": 0.0900232838082663,
        "best_score": 0.9283431147717414,
        "improvement_count": 2,
        "total_evaluations": 7,
        "decay": 0.9,
        "epsilon": 1e-08,
        "intensity_min": 0.15,
        "intensity_max": 0.5
      },
      {
        "accumulated_signal": 0.090028007377342,
        "best_score": 0.9296930951412585,
        "improvement_count": 1,
        "total_evaluations": 6,
        "decay": 0.9,
        "epsilon": 1e-08,
        "intensity_min": 0.15,
        "intensity_max": 0.5
      }
    ],
    "dimension_visits": [
      7,
      6
    ],
    "dimension_rewards": [
      0.5414524514345209,
      0.0108150715496945
    ],
    "decayed_visits": [
      5.217031,
      4.68559
    ],
    "global_best_score": 0.9296930951412585,
    "ucb_exploration": 1.41,
    "min_visits": 3,
    "decay": 0.9,
    "epsilon": 1e-08
  },
  "island_config_names": [
    "balanced",
    "balanced"
  ],
  "islands": [
    [
      "8c06d33a-d68b-4e24-9bca-56d4d187fbf4",
      "af38203e-7865-47b9-a4a5-20a509dd8c60",
      "b31f5d46-bea8-4831-8367-c959d7f9bf7b",
      "6c4f3ff6-c6a6-4328-b91c-887e7c10661a",
      "7ba8f435-50f5-4d27-99fa-8d3491fd8bfb",
      "c5710fbe-89ed-4e36-862d-dcda0ca059b5",
      "e0bf3e03-d7eb-42f2-8072-a59f385fbec7"
    ],
    [
      "21b40072-4d00-4035-a6a6-fcc1b7f584a0",
      "cebb6c74-af69-40fa-8415-f1f3c16643ab",
      "160bff98-6595-4a19-9073-18fc0b585f8e",
      "2111f46f-ed5a-4865-9e19-559c041e2af8",
      "054b83e2-9829-484a-af23-f97310b6e832",
      "dbf8daa6-e7e7-44d8-ac2d-7fd368c43b32",
      "bba8f77b-89b8-4b46-b3b0-a5577c52f9e1"
    ]
  ],
  "archive_genealogies": [
    {
      "parents": {
        "8c06d33a-d68b-4e24-9bca-56d4d187fbf4": [],
        "af38203e-7865-47b9-a4a5-20a509dd8c60": [
          "8c06d33a-d68b-4e24-9bca-56d4d187fbf4"
        ],
        "b31f5d46-bea8-4831-8367-c959d7f9bf7b": [
          "8c06d33a-d68b-4e24-9bca-56d4d187fbf4"
        ],
        "6c4f3ff6-c6a6-4328-b91c-887e7c10661a": [
          "af38203e-7865-47b9-a4a5-20a509dd8c60"
        ],
        "7ba8f435-50f5-4d27-99fa-8d3491fd8bfb": [
          "b31f5d46-bea8-4831-8367-c959d7f9bf7b"
        ],
        "c5710fbe-89ed-4e36-862d-dcda0ca059b5": [
          "b31f5d46-bea8-4831-8367-c959d7f9bf7b"
        ],
        "e0bf3e03-d7eb-42f2-8072-a59f385fbec7": [
          "6c4f3ff6-c6a6-4328-b91c-887e7c10661a"
        ]
      },
      "children": {
        "8c06d33a-d68b-4e24-9bca-56d4d187fbf4": [
          "af38203e-7865-47b9-a4a5-20a509dd8c60",
          "b31f5d46-bea8-4831-8367-c959d7f9bf7b"
        ],
        "af38203e-7865-47b9-a4a5-20a509dd8c60": [
          "6c4f3ff6-c6a6-4328-b91c-887e7c10661a"
        ],
        "b31f5d46-bea8-4831-8367-c959d7f9bf7b": [
          "7ba8f435-50f5-4d27-99fa-8d3491fd8bfb",
          "c5710fbe-89ed-4e36-862d-dcda0ca059b5"
        ],
        "6c4f3ff6-c6a6-4328-b91c-887e7c10661a": [
          "e0bf3e03-d7eb-42f2-8072-a59f385fbec7"
        ]
      }
    },
    {
      "parents": {
        "21b40072-4d00-4035-a6a6-fcc1b7f584a0": [],
        "cebb6c74-af69-40fa-8415-f1f3c16643ab": [
          "21b40072-4d00-4035-a6a6-fcc1b7f584a0"
        ],
        "160bff98-6595-4a19-9073-18fc0b585f8e": [
          "21b40072-4d00-4035-a6a6-fcc1b7f584a0"
        ],
        "2111f46f-ed5a-4865-9e19-559c041e2af8": [
          "160bff98-6595-4a19-9073-18fc0b585f8e"
        ],
        "054b83e2-9829-484a-af23-f97310b6e832": [
          "21b40072-4d00-4035-a6a6-fcc1b7f584a0"
        ],
        "dbf8daa6-e7e7-44d8-ac2d-7fd368c43b32": [
          "160bff98-6595-4a19-9073-18fc0b585f8e"
        ],
        "bba8f77b-89b8-4b46-b3b0-a5577c52f9e1": [
          "21b40072-4d00-4035-a6a6-fcc1b7f584a0"
        ]
      },
      "children": {
        "21b40072-4d00-4035-a6a6-fcc1b7f584a0": [
          "cebb6c74-af69-40fa-8415-f1f3c16643ab",
          "160bff98-6595-4a19-9073-18fc0b585f8e",
          "054b83e2-9829-484a-af23-f97310b6e832",
          "bba8f77b-89b8-4b46-b3b0-a5577c52f9e1"
        ],
        "160bff98-6595-4a19-9073-18fc0b585f8e": [
          "2111f46f-ed5a-4865-9e19-559c041e2af8",
          "dbf8daa6-e7e7-44d8-ac2d-7fd368c43b32"
        ]
      }
    }
  ],
  "use_dynamic_islands": true,
  "max_islands": 5,
  "last_spawn_iteration": -30,
  "use_paradigm_breakthrough": true,
  "paradigm_tracker": {
    "window_size": 10,
    "improvement_threshold": 0.12,
    "max_paradigm_uses": 2,
    "max_tried_paradigms": 10,
    "num_paradigms_to_generate": 3,
    "improvement_history": [
      1.0,
      1.0,
      0.0,
      0.0,
      0.0,
      0.0,
      0.0,
      0.0,
      0.0,
      0.0
    ],
    "active_paradigms": [],
    "paradigm_usage_counts": {},
    "current_paradigm_index": 0,
    "tried_paradigms": [],
    "best_score_at_paradigm_gen": 0.0,
    "best_score_during_paradigm": 0.0
  }
}