{
  "id": "160bff98-6595-4a19-9073-18fc0b585f8e",
  "generation": 1,
  "iteration": 4,
  "current_iteration": 12,
  "metrics": {
    "combined_score": 0.9296930951412585,
    "n_stage1_datasets": 8.0,
    "n_stage1_successful": 8.0,
    "eval_workers": 8.0,
    "stage1_full_selected_datasets": 1.0,
    "cascade_stage1_time_seconds": 0.5981464385986328,
    "cascade_stage1_threshold": 0.15,
    "cascade_stage1_passed": 1.0,
    "loss": 0.0379769464173303,
    "complexity": 28.0,
    "nmse_train": 0.3578295132622451,
    "nmse_val": 0.0379769464173303,
    "mean_nmse_val": 0.0379769464173303,
    "mean_raw_nmse_val": 0.0379769464173303,
    "fit_score": 0.9634125338251384,
    "parsimony_weight": 0.2,
    "parsimony_penalty_factor": 0.965,
    "eval_time": 9.346705436706543,
    "n_datasets": 22.0,
    "n_successful": 22.0,
    "cascade_stage2_time_seconds": 9.347102403640747,
    "cascade_total_time_seconds": 9.94524884223938,
    "cascade_stage1_combined_score": 0.8223672171946952
  },
  "language": "python",
  "timestamp": 1781634317.1345909,
  "saved_at": 1781635542.0131078
}