{
  "program_id": "dab31c3f-ddb5-4c4c-bfaa-ae1224063921",
  "iteration_found": 30,
  "dataset": "Abeta42/inhibition_constraints",
  "plot": "outputs_diff_inhibited_norm/adaevolve/disease_relevant_inhibited_all_normalized_ode_0719_1838/checkpoints/checkpoint_30/iteration_30_best_validation_curves.svg",
  "metrics": {
    "equation": "d(c)/dt = (0.926971684639655 - x4)*(1319122.37526032*x2 + 1)*(33933.7425177512*x1*x4**2/(x4**2 + 37405.4878923166) + 6364637.70958302*x1)/(0.000944787973750282*x3*x4 + 1685000.91025801*x3 + 1)",
    "loss": 0.16728445514806387,
    "nmse_train": 0.11604176957848421,
    "nmse_val": 0.119863838525288,
    "mean_nmse_val": 0.119863838525288,
    "mean_raw_nmse_val": 0.119863838525288,
    "scored_loss_val": 0.16728445514806387,
    "mean_scored_loss_val": 0.16728445514806387,
    "shape_loss_val": 0.30954630501639147,
    "shape_loss_weight": 0.25,
    "heldout_curve_nmse": 0.119863838525288,
    "heldout_curve_scored_loss": 0.16728445514806387,
    "heldout_curve_shape_loss": 0.30954630501639147,
    "eval_only_nmse": NaN,
    "eval_only_scored_loss": NaN,
    "eval_only_shape_loss": NaN,
    "combined_score": 0.8566892119480468,
    "fit_score": 0.8566892119480468,
    "eval_time": 17.337594270706177,
    "n_datasets": 1,
    "n_successful": 1,
    "eval_workers": 8,
    "hard_cases": [
      {
        "dataset": "Abeta42/inhibition_constraints",
        "scored_loss_val": 0.16728445514806387,
        "nmse_val": 0.119863838525288,
        "shape_loss_val": 0.30954630501639147,
        "evaluation_only": false
      }
    ],
    "hard_case_feedback": "Abeta42/inhibition_constraints scored=0.1673 (nmse=0.1199, shape=0.3095)",
    "validation_semantics_feedback": "heldout_curve_scored_loss=0.1673, heldout_curve_nmse=0.1199, heldout_curve_shape=0.3095; eval_only_fit_score_scored_loss=nan, eval_only_nmse=nan, eval_only_shape=nan",
    "per_dataset": {
      "Abeta42/inhibition_constraints": {
        "nmse_train": 0.11604176957848421,
        "nmse_val": 0.119863838525288,
        "shape_loss_val": 0.30954630501639147,
        "scored_loss_val": 0.16728445514806387,
        "n_val_points": 12274,
        "evaluation_only": false,
        "combined_score": 0.8566892119480468,
        "equation": "d(c)/dt = (0.926971684639655 - x4)*(1319122.37526032*x2 + 1)*(33933.7425177512*x1*x4**2/(x4**2 + 37405.4878923166) + 6364637.70958302*x1)/(0.000944787973750282*x3*x4 + 1685000.91025801*x3 + 1)",
        "equation_template": "d(c)/dt = (c0 - x4)*(c1**2*x1 + c2**2*x1*x4**2/(c3**2 + x4**2))*(c6**2*x2 + 1)/(c4**2*x3 + c5**2*x3*x4 + 1)",
        "constants": {
          "c0": 0.9269716846396553,
          "c1": 2522.8233607573516,
          "c2": -184.21113570506864,
          "c3": -193.40498414548824,
          "c4": 1298.0758491929532,
          "c5": 0.030737403497209742,
          "c6": 1148.5305286583887
        }
      }
    },
    "error": ""
  },
  "saved_at": 1784471303.438216
}