{
  "program_id": "a78125ed-2e0e-4940-83ca-963c92783b12",
  "iteration_found": 14,
  "dataset": "Abeta42/inhibition_constraints",
  "plot": "outputs_diff_inhibited_norm/adaevolve/disease_relevant_inhibited_all_normalized_ode_0719_1838/checkpoints/checkpoint_14/iteration_14_best_validation_curves.svg",
  "metrics": {
    "equation": "d(c)/dt = (-x4 + (1.59385447445973*x1 + 0.930457609035122)/(36127.0481915069*x3 + 1))*(6519807.42128977*x1*x4*(1955100.50673416*x2 + 1) + 2.77594912222868)",
    "loss": 0.20502415915609637,
    "nmse_train": 0.19556124399567149,
    "nmse_val": 0.1672034300160466,
    "mean_nmse_val": 0.1672034300160466,
    "mean_raw_nmse_val": 0.1672034300160466,
    "scored_loss_val": 0.20502415915609637,
    "mean_scored_loss_val": 0.20502415915609637,
    "shape_loss_val": 0.31848634657624575,
    "shape_loss_weight": 0.25,
    "heldout_curve_nmse": 0.1672034300160466,
    "heldout_curve_scored_loss": 0.20502415915609637,
    "heldout_curve_shape_loss": 0.31848634657624575,
    "eval_only_nmse": NaN,
    "eval_only_scored_loss": NaN,
    "eval_only_shape_loss": NaN,
    "combined_score": 0.8298588807549891,
    "fit_score": 0.8298588807549891,
    "eval_time": 18.23190402984619,
    "n_datasets": 1,
    "n_successful": 1,
    "eval_workers": 8,
    "hard_cases": [
      {
        "dataset": "Abeta42/inhibition_constraints",
        "scored_loss_val": 0.2050241591560964,
        "nmse_val": 0.1672034300160466,
        "shape_loss_val": 0.31848634657624575,
        "evaluation_only": false
      }
    ],
    "hard_case_feedback": "Abeta42/inhibition_constraints scored=0.205 (nmse=0.1672, shape=0.3185)",
    "validation_semantics_feedback": "heldout_curve_scored_loss=0.205, heldout_curve_nmse=0.1672, heldout_curve_shape=0.3185; eval_only_fit_score_scored_loss=nan, eval_only_nmse=nan, eval_only_shape=nan",
    "per_dataset": {
      "Abeta42/inhibition_constraints": {
        "nmse_train": 0.19556124399567149,
        "nmse_val": 0.1672034300160466,
        "shape_loss_val": 0.31848634657624575,
        "scored_loss_val": 0.2050241591560964,
        "n_val_points": 12274,
        "evaluation_only": false,
        "combined_score": 0.8298588807549891,
        "equation": "d(c)/dt = (-x4 + (1.59385447445973*x1 + 0.930457609035122)/(36127.0481915069*x3 + 1))*(6519807.42128977*x1*x4*(1955100.50673416*x2 + 1) + 2.77594912222868)",
        "equation_template": "d(c)/dt = (c3**2 + c4**2*x1*x4*(c5**2*x2 + 1))*(-x4 + (c0 + c1**2*x1)/(c2**2*x3 + 1))",
        "constants": {
          "c0": 0.9304576090351224,
          "c1": -1.2624794946690134,
          "c2": 190.07116612339428,
          "c3": 1.6661179796847172,
          "c4": 2553.391356860473,
          "c5": 1398.249086083793
        }
      }
    },
    "error": ""
  },
  "saved_at": 1784469367.520669
}