{
  "id": "a8278379-9af5-4ab4-980d-3b2867c3de76",
  "generation": 1,
  "iteration": 9,
  "current_iteration": 12,
  "metrics": {
    "combined_score": 0.8884941964854783,
    "n_stage1_datasets": 5.0,
    "n_stage1_successful": 5.0,
    "eval_workers": 8.0,
    "stage1_full_selected_datasets": 1.0,
    "cascade_stage1_time_seconds": 90.16349458694458,
    "cascade_stage1_threshold": 0.15,
    "cascade_stage1_passed": 1.0,
    "loss": 0.1254997544785248,
    "nmse_train": 0.018797299671951446,
    "nmse_val": 0.038630983422010524,
    "mean_nmse_val": 0.038630983422010524,
    "mean_raw_nmse_val": 0.038630983422010524,
    "scored_loss_val": 0.1254997544785248,
    "mean_scored_loss_val": 0.1254997544785248,
    "shape_loss_val": 0.38610606764806765,
    "shape_loss_weight": 0.25,
    "heldout_curve_nmse": 0.04951182174737627,
    "heldout_curve_scored_loss": 0.10621167730029782,
    "heldout_curve_shape_loss": 0.2763112439590624,
    "eval_only_nmse": 0.03714060039468552,
    "eval_only_scored_loss": 0.12814170374719,
    "eval_only_shape_loss": 0.40114501380470335,
    "fit_score": 0.8884941964854783,
    "eval_time": 341.9823501110077,
    "n_datasets": 17.0,
    "n_successful": 17.0,
    "cascade_stage2_time_seconds": 341.98308634757996,
    "cascade_total_time_seconds": 432.14658093452454,
    "cascade_stage1_combined_score": 0.9140825462010616
  },
  "language": "python",
  "timestamp": 1782030538.5895736,
  "saved_at": 1782031790.2676408
}