{
  "id": "0afccf72-a898-4143-851b-e6fefc55431c",
  "generation": 1,
  "iteration": 1,
  "current_iteration": 1,
  "metrics": {
    "combined_score": 0.7639730066751438,
    "loss": 0.3089467707138762,
    "complexity": 0.0,
    "nmse_train": Infinity,
    "nmse_val": 0.3089467707138762,
    "eval_time": 71.2476966381073,
    "n_datasets": 60.0,
    "n_successful": 60.0
  },
  "language": "python",
  "timestamp": 1779833593.0231526,
  "saved_at": 1779833593.0324483
}