{
  "id": "36a63c85-02c0-463e-96af-e9371ded3e64",
  "generation": 6,
  "iteration": 44,
  "current_iteration": 65,
  "metrics": {
    "equation": "d(c)/dt = (18122876.5101035*x1*x4*(0.921817006957667 - x4) + (0.921817006957667 - x4)*(0.0274936379894024*x1 + 19595222.1343195*x2))/(5366233.19909004*x3/(1000000.0*x3 + 1.31833525547353) + 1)",
    "loss": 0.06285594418721982,
    "nmse_train": 0.032640264499151334,
    "nmse_val": 0.05444428324876785,
    "mean_nmse_val": 0.05444428324876785,
    "mean_raw_nmse_val": 0.05444428324876785,
    "scored_loss_val": 0.06285594418721982,
    "mean_scored_loss_val": 0.06285594418721982,
    "shape_loss_val": 0.08809092700257573,
    "shape_loss_weight": 0.25,
    "heldout_curve_nmse": 0.05444428324876785,
    "heldout_curve_scored_loss": 0.06285594418721982,
    "heldout_curve_shape_loss": 0.08809092700257573,
    "eval_only_nmse": NaN,
    "eval_only_scored_loss": NaN,
    "eval_only_shape_loss": NaN,
    "combined_score": 0.9408612761390852,
    "fit_score": 0.9408612761390852,
    "eval_time": 70.53721237182617,
    "n_datasets": 1,
    "n_successful": 1,
    "eval_workers": 8,
    "hard_cases": [
      {
        "dataset": "Abeta42/inhibition_constraints",
        "scored_loss_val": 0.06285594418721982,
        "nmse_val": 0.05444428324876785,
        "shape_loss_val": 0.08809092700257573,
        "evaluation_only": false
      }
    ],
    "hard_case_feedback": "Abeta42/inhibition_constraints scored=0.06286 (nmse=0.05444, shape=0.08809)",
    "validation_semantics_feedback": "heldout_curve_scored_loss=0.06286, heldout_curve_nmse=0.05444, heldout_curve_shape=0.08809; eval_only_fit_score_scored_loss=nan, eval_only_nmse=nan, eval_only_shape=nan",
    "per_dataset": {
      "Abeta42/inhibition_constraints": {
        "nmse_train": 0.032640264499151334,
        "nmse_val": 0.05444428324876785,
        "shape_loss_val": 0.08809092700257573,
        "scored_loss_val": 0.06285594418721982,
        "n_val_points": 680,
        "evaluation_only": false,
        "combined_score": 0.9408612761390852,
        "equation": "d(c)/dt = (18122876.5101035*x1*x4*(0.921817006957667 - x4) + (0.921817006957667 - x4)*(0.0274936379894024*x1 + 19595222.1343195*x2))/(5366233.19909004*x3/(1000000.0*x3 + 1.31833525547353) + 1)",
        "equation_template": "d(c)/dt = (1000000.0*c2**2*x1*x4*(c4 - x4) + (c4 - x4)*(1000000.0*c0**2*x2 + 1000000.0*c1**2*x1))/(1000000.0*c3**2*x3/(c5**2 + 1000000.0*x3) + 1)",
        "constants": {
          "c0": 4.426649086421856,
          "c1": -0.000165812056224517,
          "c2": -4.257097192935996,
          "c3": 2.316513155388944,
          "c4": 0.9218170069576671,
          "c5": 1.148187813675765
        }
      }
    },
    "error": ""
  },
  "language": "python",
  "timestamp": 1783060353.03372,
  "saved_at": 1783064580.0891445
}