{
  "num_islands": 2,
  "current_island": 1,
  "iteration_count": 9,
  "global_best_score": 0.8884941964854783,
  "decay": 0.9,
  "intensity_min": 0.15,
  "intensity_max": 0.5,
  "migration_interval": 15,
  "diversity_strategy_type": "code",
  "use_unified_archive": true,
  "use_adaptive_search": true,
  "use_ucb_selection": true,
  "fixed_intensity": 0.4,
  "adapter": {
    "states": [
      {
        "accumulated_signal": 0.07290688536492648,
        "best_score": 0.8884941964854783,
        "improvement_count": 4,
        "total_evaluations": 6,
        "decay": 0.9,
        "epsilon": 1e-08,
        "intensity_min": 0.15,
        "intensity_max": 0.5
      },
      {
        "accumulated_signal": 0.07290629884138726,
        "best_score": 0.8883707191460762,
        "improvement_count": 3,
        "total_evaluations": 5,
        "decay": 0.9,
        "epsilon": 1e-08,
        "intensity_min": 0.15,
        "intensity_max": 0.5
      }
    ],
    "dimension_visits": [
      6,
      5
    ],
    "dimension_rewards": [
      0.5998256726867603,
      0.009101092980552386
    ],
    "decayed_visits": [
      4.68559,
      4.0951
    ],
    "global_best_score": 0.8884941964854783,
    "ucb_exploration": 1.41,
    "min_visits": 3,
    "decay": 0.9,
    "epsilon": 1e-08
  },
  "island_config_names": [
    "balanced",
    "balanced"
  ],
  "islands": [
    [
      "bac93751-65d9-434c-907b-d96a474019dd",
      "02194892-df7e-49a7-8d81-c66575a1c629",
      "6ea224e4-811f-4dae-8da9-c7d5880dd5f8",
      "bdac9429-36c0-4361-9fa6-79b71920fe25",
      "3e535672-47e6-4a55-95fc-8497e67f9322",
      "a8278379-9af5-4ab4-980d-3b2867c3de76"
    ],
    [
      "9c14276e-1cfa-46cc-b2d9-dcad9403b1ce",
      "d2db1a3b-336e-443d-b804-296ecb18662d",
      "6c4ae2c2-3043-445b-ab98-e73e9f57a166",
      "84be7b55-211c-4179-ba2f-b94ef954c08e",
      "607f2811-c341-463a-96aa-cdb3e6f18a5b",
      "467fa9bc-ff97-478e-b652-e6d680b63d6c"
    ]
  ],
  "archive_genealogies": [
    {
      "parents": {
        "bac93751-65d9-434c-907b-d96a474019dd": [],
        "02194892-df7e-49a7-8d81-c66575a1c629": [
          "bac93751-65d9-434c-907b-d96a474019dd"
        ],
        "6ea224e4-811f-4dae-8da9-c7d5880dd5f8": [
          "bac93751-65d9-434c-907b-d96a474019dd"
        ],
        "bdac9429-36c0-4361-9fa6-79b71920fe25": [
          "02194892-df7e-49a7-8d81-c66575a1c629"
        ],
        "3e535672-47e6-4a55-95fc-8497e67f9322": [
          "bdac9429-36c0-4361-9fa6-79b71920fe25"
        ],
        "a8278379-9af5-4ab4-980d-3b2867c3de76": [
          "bac93751-65d9-434c-907b-d96a474019dd"
        ]
      },
      "children": {
        "bac93751-65d9-434c-907b-d96a474019dd": [
          "02194892-df7e-49a7-8d81-c66575a1c629",
          "6ea224e4-811f-4dae-8da9-c7d5880dd5f8",
          "a8278379-9af5-4ab4-980d-3b2867c3de76"
        ],
        "02194892-df7e-49a7-8d81-c66575a1c629": [
          "bdac9429-36c0-4361-9fa6-79b71920fe25"
        ],
        "bdac9429-36c0-4361-9fa6-79b71920fe25": [
          "3e535672-47e6-4a55-95fc-8497e67f9322"
        ]
      }
    },
    {
      "parents": {
        "9c14276e-1cfa-46cc-b2d9-dcad9403b1ce": [],
        "d2db1a3b-336e-443d-b804-296ecb18662d": [
          "9c14276e-1cfa-46cc-b2d9-dcad9403b1ce"
        ],
        "6c4ae2c2-3043-445b-ab98-e73e9f57a166": [
          "d2db1a3b-336e-443d-b804-296ecb18662d"
        ],
        "84be7b55-211c-4179-ba2f-b94ef954c08e": [
          "d2db1a3b-336e-443d-b804-296ecb18662d"
        ],
        "607f2811-c341-463a-96aa-cdb3e6f18a5b": [
          "84be7b55-211c-4179-ba2f-b94ef954c08e"
        ],
        "467fa9bc-ff97-478e-b652-e6d680b63d6c": [
          "84be7b55-211c-4179-ba2f-b94ef954c08e"
        ]
      },
      "children": {
        "9c14276e-1cfa-46cc-b2d9-dcad9403b1ce": [
          "d2db1a3b-336e-443d-b804-296ecb18662d"
        ],
        "d2db1a3b-336e-443d-b804-296ecb18662d": [
          "6c4ae2c2-3043-445b-ab98-e73e9f57a166",
          "84be7b55-211c-4179-ba2f-b94ef954c08e"
        ],
        "84be7b55-211c-4179-ba2f-b94ef954c08e": [
          "607f2811-c341-463a-96aa-cdb3e6f18a5b",
          "467fa9bc-ff97-478e-b652-e6d680b63d6c"
        ]
      }
    }
  ],
  "use_dynamic_islands": true,
  "max_islands": 5,
  "last_spawn_iteration": -30,
  "use_paradigm_breakthrough": true,
  "paradigm_tracker": {
    "window_size": 10,
    "improvement_threshold": 0.12,
    "max_paradigm_uses": 2,
    "max_tried_paradigms": 10,
    "num_paradigms_to_generate": 3,
    "improvement_history": [
      0.0,
      0.0,
      1.0,
      0.0,
      1.0,
      0.0,
      1.0,
      0.0,
      1.0,
      0.0
    ],
    "active_paradigms": [],
    "paradigm_usage_counts": {},
    "current_paradigm_index": 0,
    "tried_paradigms": [],
    "best_score_at_paradigm_gen": 0.0,
    "best_score_during_paradigm": 0.0
  }
}