{
  "program_id": "97e0848c-d4f4-4115-9b1b-385809bf5f6d",
  "iteration_found": 43,
  "dataset": "Abeta42/inhibition_constraints",
  "plot": "outputs_diff_inhibited_norm/adaevolve/disease_relevant_inhibited_all_normalized_ode_0721_0426/checkpoints/checkpoint_44/iteration_44_global_best_validation_curves.svg",
  "metrics": {
    "equation": "d(c)/dt = (0.971158084253247 - x4)*(3.44569117891325*x0**(1 + 9.76607643412356/(26.4025287524861*x3 + 1))*x1*x4*sqrt(x4**2 + 27.6366767373068)/((x0**(1 + 9.76607643412356/(26.4025287524861*x3 + 1)) + (0.0301545358293938*x3 + 0.00229673473593645)**(1 + 9.76607643412356/(26.4025287524861*x3 + 1)))*(0.477272028943141*x3 + 1)*(0.478765287180915*x4 + 1)) + 3.57668764839618e-5*x1/(8.85140558872169*x3 + 1) + 7.94774317319907*x2)",
    "loss": 0.04289038392345349,
    "nmse_train": 0.009695417949258345,
    "nmse_val": 0.002237512821863683,
    "mean_nmse_val": 0.002237512821863683,
    "mean_raw_nmse_val": 0.002237512821863683,
    "scored_loss_val": 0.04289038392345349,
    "mean_scored_loss_val": 0.04289038392345349,
    "shape_loss_val": 0.16484899722822288,
    "shape_loss_weight": 0.25,
    "heldout_curve_nmse": 0.002237512821863683,
    "heldout_curve_scored_loss": 0.04289038392345349,
    "heldout_curve_shape_loss": 0.16484899722822288,
    "eval_only_nmse": NaN,
    "eval_only_scored_loss": NaN,
    "eval_only_shape_loss": NaN,
    "combined_score": 0.958873545499484,
    "fit_score": 0.958873545499484,
    "eval_time": 97.07185316085815,
    "n_datasets": 1,
    "n_successful": 1,
    "eval_workers": 8,
    "hard_cases": [
      {
        "dataset": "Abeta42/inhibition_constraints",
        "scored_loss_val": 0.04289038392345349,
        "nmse_val": 0.002237512821863683,
        "shape_loss_val": 0.1648489972282229,
        "evaluation_only": false
      }
    ],
    "hard_case_feedback": "Abeta42/inhibition_constraints scored=0.04289 (nmse=0.002238, shape=0.1648)",
    "validation_semantics_feedback": "heldout_curve_scored_loss=0.04289, heldout_curve_nmse=0.002238, heldout_curve_shape=0.1648; eval_only_fit_score_scored_loss=nan, eval_only_nmse=nan, eval_only_shape=nan",
    "per_dataset": {
      "Abeta42/inhibition_constraints": {
        "nmse_train": 0.009695417949258345,
        "nmse_val": 0.002237512821863683,
        "shape_loss_val": 0.1648489972282229,
        "scored_loss_val": 0.04289038392345349,
        "n_val_points": 1805,
        "evaluation_only": false,
        "combined_score": 0.958873545499484,
        "equation": "d(c)/dt = (0.971158084253247 - x4)*(3.44569117891325*x0**(1 + 9.76607643412356/(26.4025287524861*x3 + 1))*x1*x4*sqrt(x4**2 + 27.6366767373068)/((x0**(1 + 9.76607643412356/(26.4025287524861*x3 + 1)) + (0.0301545358293938*x3 + 0.00229673473593645)**(1 + 9.76607643412356/(26.4025287524861*x3 + 1)))*(0.477272028943141*x3 + 1)*(0.478765287180915*x4 + 1)) + 3.57668764839618e-5*x1/(8.85140558872169*x3 + 1) + 7.94774317319907*x2)",
        "equation_template": "d(c)/dt = (c5 - x4)*(c2**2*x1/(c10**2*x3 + 1) + c3**2*x2 + c4**2*x0**(c9**2/(c11**2*x3 + 1) + 1)*x1*x4*sqrt(c0**2 + x4**2)/((x0**(c9**2/(c11**2*x3 + 1) + 1) + (c6**2*(c7**2*x3 + 1))**(c9**2/(c11**2*x3 + 1) + 1))*(c1**2*x3 + 1)*(c8**2*x4 + 1)))",
        "constants": {
          "c0": -5.257059704559844,
          "c1": 0.6908487742937242,
          "c2": -0.0059805414875211595,
          "c3": 2.819174200577019,
          "c4": 1.856257304070008,
          "c5": 0.9711580842532466,
          "c6": 0.047924260410949014,
          "c7": 3.6234385833172373,
          "c8": -0.6919286720326849,
          "c9": -3.125072228625054,
          "c10": -2.9751311884892893,
          "c11": 5.138339104466165
        }
      }
    },
    "error": ""
  },
  "saved_at": 1784596191.412339
}