{
  "program_id": "ed7f9a8a-e9cb-4d6f-8339-0ef0384cb295",
  "iteration_found": 44,
  "dataset": "Abeta42/inhibition_constraints",
  "plot": "outputs_diff_inhibited_norm/adaevolve/disease_relevant_inhibited_all_normalized_ode_0721_0426/checkpoints/checkpoint_44/iteration_44_best_validation_curves.svg",
  "metrics": {
    "equation": "d(c)/dt = (0.971144645626973 - x4)*(5.12944974845885*x0**(1 + 0.379864189941117/(4.11991154665699e-6*x3 + 1))*x1*x4*sqrt(x4**2 + 14.7875846515038)/((x0**(1 + 0.379864189941117/(4.11991154665699e-6*x3 + 1)) + (0.0233646967951547*x3 + 0.00302605460704091)**(1 + 0.379864189941117/(4.11991154665699e-6*x3 + 1)))*(0.451405583649139*x4 + 1)*(4.87894921094792e-13*x3**2 + 0.706773678107646*x3 + 1)) + 9.61892664613e-6*x1 + 7.59444933105531*x2)",
    "loss": 0.04314938270001755,
    "nmse_train": 0.009869441843701948,
    "nmse_val": 0.002368036693406714,
    "mean_nmse_val": 0.002368036693406714,
    "mean_raw_nmse_val": 0.002368036693406714,
    "scored_loss_val": 0.04314938270001755,
    "mean_scored_loss_val": 0.04314938270001755,
    "shape_loss_val": 0.16549342071985007,
    "shape_loss_weight": 0.25,
    "heldout_curve_nmse": 0.002368036693406714,
    "heldout_curve_scored_loss": 0.04314938270001755,
    "heldout_curve_shape_loss": 0.16549342071985007,
    "eval_only_nmse": NaN,
    "eval_only_scored_loss": NaN,
    "eval_only_shape_loss": NaN,
    "combined_score": 0.958635471184067,
    "fit_score": 0.958635471184067,
    "eval_time": 86.79760789871216,
    "n_datasets": 1,
    "n_successful": 1,
    "eval_workers": 8,
    "hard_cases": [
      {
        "dataset": "Abeta42/inhibition_constraints",
        "scored_loss_val": 0.04314938270001755,
        "nmse_val": 0.002368036693406714,
        "shape_loss_val": 0.16549342071985007,
        "evaluation_only": false
      }
    ],
    "hard_case_feedback": "Abeta42/inhibition_constraints scored=0.04315 (nmse=0.002368, shape=0.1655)",
    "validation_semantics_feedback": "heldout_curve_scored_loss=0.04315, heldout_curve_nmse=0.002368, heldout_curve_shape=0.1655; eval_only_fit_score_scored_loss=nan, eval_only_nmse=nan, eval_only_shape=nan",
    "per_dataset": {
      "Abeta42/inhibition_constraints": {
        "nmse_train": 0.009869441843701948,
        "nmse_val": 0.002368036693406714,
        "shape_loss_val": 0.16549342071985007,
        "scored_loss_val": 0.04314938270001755,
        "n_val_points": 1805,
        "evaluation_only": false,
        "combined_score": 0.958635471184067,
        "equation": "d(c)/dt = (0.971144645626973 - x4)*(5.12944974845885*x0**(1 + 0.379864189941117/(4.11991154665699e-6*x3 + 1))*x1*x4*sqrt(x4**2 + 14.7875846515038)/((x0**(1 + 0.379864189941117/(4.11991154665699e-6*x3 + 1)) + (0.0233646967951547*x3 + 0.00302605460704091)**(1 + 0.379864189941117/(4.11991154665699e-6*x3 + 1)))*(0.451405583649139*x4 + 1)*(4.87894921094792e-13*x3**2 + 0.706773678107646*x3 + 1)) + 9.61892664613e-6*x1 + 7.59444933105531*x2)",
        "equation_template": "d(c)/dt = (c5 - x4)*(c2**2*x1 + c3**2*x2 + c4**2*x0**(c9**2/(c11**2*x3 + 1) + 1)*x1*x4*sqrt(c0**2 + x4**2)/((x0**(c9**2/(c11**2*x3 + 1) + 1) + (c6**2*(c7**2*x3 + 1))**(c9**2/(c11**2*x3 + 1) + 1))*(c8**2*x4 + 1)*(c1**2*x3 + c10**2*x3**2 + 1)))",
        "constants": {
          "c0": -3.845462865703402,
          "c1": 0.8406983276465144,
          "c2": -0.003101439447438883,
          "c3": 2.7558028469132756,
          "c4": -2.264828856328629,
          "c5": 0.9711446456269733,
          "c6": -0.05500958650127184,
          "c7": 2.7787002128065597,
          "c8": 0.6718672366242747,
          "c9": -0.6163312339490163,
          "c10": 6.984947538062054e-07,
          "c11": 0.00202975652398434
        }
      }
    },
    "error": ""
  },
  "saved_at": 1784596191.3911328
}