{
  "program_id": "5bb7c4f0-8dc0-45c8-92b5-44009e6eca6a",
  "iteration_found": 7,
  "dataset": "Abeta42/inhibition_constraints",
  "plot": "outputs_diff_inhibited_norm/adaevolve/disease_relevant_inhibited_all_normalized_ode_0720_0022/checkpoints/checkpoint_7/iteration_7_best_validation_curves.svg",
  "metrics": {
    "equation": "d(c)/dt = (0.959253805548914 - x4)*(62.1651038201492*x1*x4**2/(5.55487434675923*x3 + 1) + 0.912246953163977*x1 + 0.000214241221797274*x2*x4 + 3.51676917575453*x2 + 3.03312454351226e-6)",
    "loss": 0.10858172555414214,
    "nmse_train": 0.010799465909967705,
    "nmse_val": 0.056986910901112006,
    "mean_nmse_val": 0.056986910901112006,
    "mean_raw_nmse_val": 0.056986910901112006,
    "scored_loss_val": 0.10858172555414214,
    "mean_scored_loss_val": 0.10858172555414214,
    "shape_loss_val": 0.26336616951323255,
    "shape_loss_weight": 0.25,
    "heldout_curve_nmse": 0.056986910901112006,
    "heldout_curve_scored_loss": 0.10858172555414214,
    "heldout_curve_shape_loss": 0.26336616951323255,
    "eval_only_nmse": NaN,
    "eval_only_scored_loss": NaN,
    "eval_only_shape_loss": NaN,
    "combined_score": 0.9020534769325501,
    "fit_score": 0.9020534769325501,
    "eval_time": 9.199538946151733,
    "n_datasets": 1,
    "n_successful": 1,
    "eval_workers": 8,
    "hard_cases": [
      {
        "dataset": "Abeta42/inhibition_constraints",
        "scored_loss_val": 0.10858172555414214,
        "nmse_val": 0.056986910901112006,
        "shape_loss_val": 0.26336616951323255,
        "evaluation_only": false
      }
    ],
    "hard_case_feedback": "Abeta42/inhibition_constraints scored=0.1086 (nmse=0.05699, shape=0.2634)",
    "validation_semantics_feedback": "heldout_curve_scored_loss=0.1086, heldout_curve_nmse=0.05699, heldout_curve_shape=0.2634; eval_only_fit_score_scored_loss=nan, eval_only_nmse=nan, eval_only_shape=nan",
    "per_dataset": {
      "Abeta42/inhibition_constraints": {
        "nmse_train": 0.010799465909967705,
        "nmse_val": 0.056986910901112006,
        "shape_loss_val": 0.26336616951323255,
        "scored_loss_val": 0.10858172555414214,
        "n_val_points": 3610,
        "evaluation_only": false,
        "combined_score": 0.9020534769325501,
        "equation": "d(c)/dt = (0.959253805548914 - x4)*(62.1651038201492*x1*x4**2/(5.55487434675923*x3 + 1) + 0.912246953163977*x1 + 0.000214241221797274*x2*x4 + 3.51676917575453*x2 + 3.03312454351226e-6)",
        "equation_template": "d(c)/dt = (c0 - x4)*(c1**2 + c2**2*x1 + c3**2*x1*x4**2/(c4**2*x3 + 1) + c5**2*x2*x4 + c6**2*x2)",
        "constants": {
          "c0": 0.9592538055489142,
          "c1": 0.0017415867889692608,
          "c2": 0.9551161987758229,
          "c3": -7.884485006653838,
          "c4": 2.3568780933173517,
          "c5": 0.014636981307539954,
          "c6": 1.8753050887134408
        }
      }
    },
    "error": ""
  },
  "saved_at": 1784488428.5504
}