{
  "program_id": "f9b15201-bb63-4690-b256-64eaabc2b3e0",
  "iteration_found": 13,
  "dataset": "Abeta42/inhibition_constraints",
  "plot": "outputs_diff_inhibited_norm/adaevolve/disease_relevant_inhibited_all_normalized_ode_0704_1057/checkpoints/checkpoint_13/iteration_13_best_validation_curves.svg",
  "metrics": {
    "equation": "d(c)/dt = (0.922213462576438 - x4)*(15368770.2156329*x1*x4*(850734.09030706*x2 + 1)/(10548.2342167294*x3*x4 + 2031656.32923313*x3 + 1) + 25.606632977524*x1 + 0.852782278882926)",
    "loss": 0.13692350300232822,
    "nmse_train": 0.0663084963263532,
    "nmse_val": 0.08605098280096826,
    "mean_nmse_val": 0.08605098280096826,
    "mean_raw_nmse_val": 0.08605098280096826,
    "scored_loss_val": 0.13692350300232822,
    "mean_scored_loss_val": 0.13692350300232822,
    "shape_loss_val": 0.2895410636064081,
    "shape_loss_weight": 0.25,
    "heldout_curve_nmse": 0.08605098280096826,
    "heldout_curve_scored_loss": 0.13692350300232822,
    "heldout_curve_shape_loss": 0.2895410636064081,
    "eval_only_nmse": NaN,
    "eval_only_scored_loss": NaN,
    "eval_only_shape_loss": NaN,
    "combined_score": 0.8795666527776516,
    "fit_score": 0.8795666527776516,
    "eval_time": 18.230649948120117,
    "n_datasets": 1,
    "n_successful": 1,
    "eval_workers": 8,
    "hard_cases": [
      {
        "dataset": "Abeta42/inhibition_constraints",
        "scored_loss_val": 0.13692350300232822,
        "nmse_val": 0.08605098280096826,
        "shape_loss_val": 0.2895410636064081,
        "evaluation_only": false
      }
    ],
    "hard_case_feedback": "Abeta42/inhibition_constraints scored=0.1369 (nmse=0.08605, shape=0.2895)",
    "validation_semantics_feedback": "heldout_curve_scored_loss=0.1369, heldout_curve_nmse=0.08605, heldout_curve_shape=0.2895; eval_only_fit_score_scored_loss=nan, eval_only_nmse=nan, eval_only_shape=nan",
    "per_dataset": {
      "Abeta42/inhibition_constraints": {
        "nmse_train": 0.0663084963263532,
        "nmse_val": 0.08605098280096826,
        "shape_loss_val": 0.2895410636064081,
        "scored_loss_val": 0.13692350300232822,
        "n_val_points": 12274,
        "evaluation_only": false,
        "combined_score": 0.8795666527776516,
        "equation": "d(c)/dt = (0.922213462576438 - x4)*(15368770.2156329*x1*x4*(850734.09030706*x2 + 1)/(10548.2342167294*x3*x4 + 2031656.32923313*x3 + 1) + 25.606632977524*x1 + 0.852782278882926)",
        "equation_template": "d(c)/dt = (c6 - x4)*(c0**2 + c1**2*x1 + c2**2*x1*x4*(c3**2*x2 + 1)/(c4**2*x3 + c5**2*x3*x4 + 1))",
        "constants": {
          "c0": 0.9234621155645347,
          "c1": 5.060299692461312,
          "c2": -3920.302311765366,
          "c3": 922.3524761754912,
          "c4": -1425.3618239707164,
          "c5": -102.7045968626982,
          "c6": 0.9222134625764384
        }
      }
    },
    "error": ""
  },
  "saved_at": 1783146283.863317
}