{
  "id": "cd8a7312-3754-4415-a9fe-e50f72c87540",
  "generation": 2,
  "iteration": 3,
  "current_iteration": 4,
  "metrics": {
    "combined_score": 0.9613532224887448,
    "n_stage1_datasets": 8.0,
    "n_stage1_successful": 8.0,
    "eval_workers": 8.0,
    "stage1_full_selected_datasets": 1.0,
    "cascade_stage1_time_seconds": 5.490497827529907,
    "cascade_stage1_threshold": 0.15,
    "cascade_stage1_passed": 1.0,
    "loss": 0.0219968862813094,
    "complexity": 14.0,
    "nmse_train": 0.011866747535430105,
    "nmse_val": 0.0219968862813094,
    "mean_nmse_val": 0.0219968862813094,
    "mean_raw_nmse_val": 0.0219968862813094,
    "fit_score": 0.9784765623295112,
    "parsimony_weight": 0.2,
    "parsimony_penalty_factor": 0.9825,
    "eval_time": 38.37500333786011,
    "n_datasets": 41.0,
    "n_successful": 41.0,
    "hard_case_tail_nmse": 0.1763148433505407,
    "hard_case_tail_weight": 0.0,
    "per_dataset_nmse_cap": 10.0,
    "cascade_stage2_time_seconds": 38.37544369697571,
    "cascade_total_time_seconds": 43.865941524505615,
    "cascade_stage1_combined_score": 0.9907025181703806
  },
  "language": "python",
  "timestamp": 1781078818.2904546,
  "saved_at": 1781078943.425192
}