{
  "id": "75cdf6ea-4242-4076-8e8c-a3bc84a4ba4d",
  "generation": 1,
  "iteration": 14,
  "current_iteration": 19,
  "metrics": {
    "equation": "d(c)/dt = 8.31586666326855*x0*(0.960908040855656 - x4) + (0.960908040855656 - x4)*(18.9686348639662*x1*x4*(0.0292034590576599*x2 + 1) + 0.000104232195295394*x1 + 12.9104344894046*x2 + 9.96702867260683e-9)/(8.88912117851378e-8*x3*x4**2 + 1.94330691103711*x3 + 1)",
    "loss": 0.09004412275235389,
    "nmse_train": 0.010547628805630748,
    "nmse_val": 0.0433056692940755,
    "mean_nmse_val": 0.0433056692940755,
    "mean_raw_nmse_val": 0.0433056692940755,
    "scored_loss_val": 0.09004412275235389,
    "mean_scored_loss_val": 0.09004412275235389,
    "shape_loss_val": 0.23025948312718908,
    "shape_loss_weight": 0.25,
    "heldout_curve_nmse": 0.0433056692940755,
    "heldout_curve_scored_loss": 0.09004412275235389,
    "heldout_curve_shape_loss": 0.23025948312718908,
    "eval_only_nmse": NaN,
    "eval_only_scored_loss": NaN,
    "eval_only_shape_loss": NaN,
    "combined_score": 0.9173940569258856,
    "fit_score": 0.9173940569258856,
    "eval_time": 86.52412414550781,
    "n_datasets": 1,
    "n_successful": 1,
    "eval_workers": 8,
    "hard_cases": [
      {
        "dataset": "Abeta42/inhibition_constraints",
        "scored_loss_val": 0.09004412275235389,
        "nmse_val": 0.0433056692940755,
        "shape_loss_val": 0.23025948312718908,
        "evaluation_only": false
      }
    ],
    "hard_case_feedback": "Abeta42/inhibition_constraints scored=0.09004 (nmse=0.04331, shape=0.2303)",
    "validation_semantics_feedback": "heldout_curve_scored_loss=0.09004, heldout_curve_nmse=0.04331, heldout_curve_shape=0.2303; eval_only_fit_score_scored_loss=nan, eval_only_nmse=nan, eval_only_shape=nan",
    "per_dataset": {
      "Abeta42/inhibition_constraints": {
        "nmse_train": 0.010547628805630748,
        "nmse_val": 0.0433056692940755,
        "shape_loss_val": 0.23025948312718908,
        "scored_loss_val": 0.09004412275235389,
        "n_val_points": 3610,
        "evaluation_only": false,
        "combined_score": 0.9173940569258856,
        "equation": "d(c)/dt = 8.31586666326855*x0*(0.960908040855656 - x4) + (0.960908040855656 - x4)*(18.9686348639662*x1*x4*(0.0292034590576599*x2 + 1) + 0.000104232195295394*x1 + 12.9104344894046*x2 + 9.96702867260683e-9)/(8.88912117851378e-8*x3*x4**2 + 1.94330691103711*x3 + 1)",
        "equation_template": "d(c)/dt = c8*x0*(c0 - x4) + (c0 - x4)*(c3**2 + c4**2*x1 + c5**2*x2 + c6**2*x1*x4*(c7**2*x2 + 1))/(c1**2*x3 + c2**2*x3*x4**2 + 1)",
        "constants": {
          "c0": 0.960908040855656,
          "c1": 1.3940254341428309,
          "c2": 0.00029814629258995953,
          "c3": 9.983500724999639e-05,
          "c4": 0.010209416990964448,
          "c5": 3.5931093066318818,
          "c6": 4.3552996296427455,
          "c7": 0.17089019590854224,
          "c8": 8.315866663268551
        }
      }
    },
    "error": ""
  },
  "language": "python",
  "timestamp": 1784489223.8934348,
  "saved_at": 1784489809.6988459
}