{
  "program_id": "dfb76c8d-0b6d-43d2-ae57-b3757a3b52a8",
  "iteration_found": 19,
  "dataset": "Abeta42/inhibition_constraints",
  "plot": "outputs_diff_inhibited_norm/adaevolve/disease_relevant_inhibited_all_normalized_ode_0720_0022/checkpoints/checkpoint_19/iteration_19_best_validation_curves.svg",
  "metrics": {
    "equation": "d(c)/dt = 7.34150663785571*x0*(0.960997794651382 - x4) + (0.960997794651382 - x4)*(19.8460631054406*x1*x4*(0.116956827228455*x2 + 1)/(1.11591971648343e-8*x3*x4 + 2.12672058030901*x3 + 1) + 0.000143940922641134*x1 + 3.77889299554192*x2 + 3.60404984732277e-9)",
    "loss": 0.09333296182134887,
    "nmse_train": 0.010232272276904548,
    "nmse_val": 0.04593717060281506,
    "mean_nmse_val": 0.04593717060281506,
    "mean_raw_nmse_val": 0.04593717060281506,
    "scored_loss_val": 0.09333296182134887,
    "mean_scored_loss_val": 0.09333296182134887,
    "shape_loss_val": 0.23552033547695034,
    "shape_loss_weight": 0.25,
    "heldout_curve_nmse": 0.04593717060281506,
    "heldout_curve_scored_loss": 0.09333296182134887,
    "heldout_curve_shape_loss": 0.23552033547695034,
    "eval_only_nmse": NaN,
    "eval_only_scored_loss": NaN,
    "eval_only_shape_loss": NaN,
    "combined_score": 0.9146344571320081,
    "fit_score": 0.9146344571320081,
    "eval_time": 101.73711705207825,
    "n_datasets": 1,
    "n_successful": 1,
    "eval_workers": 8,
    "hard_cases": [
      {
        "dataset": "Abeta42/inhibition_constraints",
        "scored_loss_val": 0.09333296182134887,
        "nmse_val": 0.04593717060281506,
        "shape_loss_val": 0.2355203354769503,
        "evaluation_only": false
      }
    ],
    "hard_case_feedback": "Abeta42/inhibition_constraints scored=0.09333 (nmse=0.04594, shape=0.2355)",
    "validation_semantics_feedback": "heldout_curve_scored_loss=0.09333, heldout_curve_nmse=0.04594, heldout_curve_shape=0.2355; eval_only_fit_score_scored_loss=nan, eval_only_nmse=nan, eval_only_shape=nan",
    "per_dataset": {
      "Abeta42/inhibition_constraints": {
        "nmse_train": 0.010232272276904548,
        "nmse_val": 0.04593717060281506,
        "shape_loss_val": 0.2355203354769503,
        "scored_loss_val": 0.09333296182134887,
        "n_val_points": 3610,
        "evaluation_only": false,
        "combined_score": 0.9146344571320081,
        "equation": "d(c)/dt = 7.34150663785571*x0*(0.960997794651382 - x4) + (0.960997794651382 - x4)*(19.8460631054406*x1*x4*(0.116956827228455*x2 + 1)/(1.11591971648343e-8*x3*x4 + 2.12672058030901*x3 + 1) + 0.000143940922641134*x1 + 3.77889299554192*x2 + 3.60404984732277e-9)",
        "equation_template": "d(c)/dt = c8*x0*(c0 - x4) + (c0 - x4)*(c1**2 + c2**2*x1 + c3**2*x2 + c4**2*x1*x4*(c5**2*x2 + 1)/(c6**2*x3 + c7**2*x3*x4 + 1))",
        "constants": {
          "c0": 0.9609977946513818,
          "c1": -6.0033739241552906e-05,
          "c2": 0.01199753819085958,
          "c3": 1.9439374978486104,
          "c4": 4.454892041951248,
          "c5": 0.3419895133311183,
          "c6": 1.4583280084771784,
          "c7": -0.00010563710127050203,
          "c8": 7.341506637855705
        }
      }
    },
    "error": ""
  },
  "saved_at": 1784489809.734408
}