{
  "id": "4adc8cca-8b3a-45a0-a04d-1ee3107e1c20",
  "generation": 2,
  "iteration": 4,
  "current_iteration": 4,
  "metrics": {
    "combined_score": 0.7018823163633615,
    "loss": 0.4247402686838804,
    "complexity": 0.0,
    "nmse_train": Infinity,
    "nmse_val": 0.4247402686838804,
    "eval_time": 34.028210401535034,
    "n_datasets": 60.0,
    "n_successful": 60.0
  },
  "language": "python",
  "timestamp": 1779812809.9380937,
  "saved_at": 1779812809.950073
}