{
  "id": "37d3d66b-1f35-474f-8ef1-a9e032cb193c",
  "generation": 5,
  "iteration": 14,
  "current_iteration": 30,
  "metrics": {
    "combined_score": 0.977182816789544,
    "loss": 0.023349963608058626,
    "complexity": 0.0,
    "nmse_train": Infinity,
    "nmse_val": 0.023349963608058626,
    "eval_time": 19922.26340198517,
    "n_datasets": 60.0,
    "n_successful": 60.0
  },
  "language": "python",
  "timestamp": 1779870496.1016068,
  "saved_at": 1779870496.8865633
}