{
  "id": "7a6e25c1-1c6a-4a02-be23-cab1ef4ccb72",
  "generation": 2,
  "iteration": 3,
  "current_iteration": 4,
  "metrics": {
    "combined_score": 0.8715243992286021,
    "n_stage1_datasets": 5.0,
    "n_stage1_successful": 5.0,
    "eval_workers": 8.0,
    "stage1_full_selected_datasets": 1.0,
    "cascade_stage1_time_seconds": 136.56471037864685,
    "cascade_stage1_threshold": 0.15,
    "cascade_stage1_passed": 1.0,
    "loss": 0.14741480661369138,
    "nmse_train": 0.016507400678240455,
    "nmse_val": 0.06581878077222128,
    "mean_nmse_val": 0.06581878077222128,
    "mean_raw_nmse_val": 0.06581878077222128,
    "scored_loss_val": 0.14741480661369138,
    "mean_scored_loss_val": 0.14741480661369138,
    "shape_loss_val": 0.3922028841381016,
    "shape_loss_weight": 0.25,
    "heldout_curve_nmse": 0.0721812833000621,
    "heldout_curve_scored_loss": 0.13142307275055284,
    "heldout_curve_shape_loss": 0.3091484411020251,
    "eval_only_nmse": 0.06494728856773734,
    "eval_only_scored_loss": 0.14960524525586455,
    "eval_only_shape_loss": 0.40357911532024615,
    "fit_score": 0.8715243992286021,
    "eval_time": 395.096067905426,
    "n_datasets": 17.0,
    "n_successful": 17.0,
    "cascade_stage2_time_seconds": 395.09659028053284,
    "cascade_total_time_seconds": 531.6613006591797,
    "cascade_stage1_combined_score": 0.8941048802338741
  },
  "language": "python",
  "timestamp": 1781989262.4980757,
  "saved_at": 1781989905.1068234
}