{
  "id": "d7d32324-5349-4e2e-b210-e9d96bde6927",
  "generation": 2,
  "iteration": 15,
  "current_iteration": 16,
  "metrics": {
    "combined_score": 0.8890160325603259,
    "n_stage1_datasets": 5.0,
    "n_stage1_successful": 5.0,
    "eval_workers": 8.0,
    "stage1_full_selected_datasets": 1.0,
    "cascade_stage1_time_seconds": 156.10935759544373,
    "cascade_stage1_threshold": 0.15,
    "cascade_stage1_passed": 1.0,
    "loss": 0.12483910680445799,
    "nmse_train": 0.014453153618713565,
    "nmse_val": 0.03762950407277565,
    "mean_nmse_val": 0.03762950407277565,
    "mean_raw_nmse_val": 0.03762950407277565,
    "scored_loss_val": 0.12483910680445799,
    "mean_scored_loss_val": 0.12483910680445799,
    "shape_loss_val": 0.38646791499950495,
    "shape_loss_weight": 0.25,
    "heldout_curve_nmse": 0.04622383481304039,
    "heldout_curve_scored_loss": 0.10315339167328544,
    "heldout_curve_shape_loss": 0.2739420622540206,
    "eval_only_nmse": 0.03645231126065126,
    "eval_only_scored_loss": 0.12780946816821054,
    "eval_only_shape_loss": 0.40188093889088833,
    "fit_score": 0.8890160325603259,
    "eval_time": 637.8549795150757,
    "n_datasets": 17.0,
    "n_successful": 17.0,
    "cascade_stage2_time_seconds": 637.8563139438629,
    "cascade_total_time_seconds": 793.9656715393066,
    "cascade_stage1_combined_score": 0.9217953740470952
  },
  "language": "python",
  "timestamp": 1782033511.5887632,
  "saved_at": 1782034390.964028
}