{
  "id": "bcc83451-1934-400c-b643-303f8eb53f81",
  "generation": 1,
  "iteration": 1,
  "current_iteration": 1,
  "metrics": {
    "equation": "d(c)/dt = (0.921586591427062 - x4)*(16777068.9123456*x1*x4 + 18058390.6573315*x2)/(1694140.72603189*x3 + 1)",
    "loss": 0.06461819236976067,
    "nmse_train": 0.037165382675028405,
    "nmse_val": 0.05407364803222301,
    "mean_nmse_val": 0.05407364803222301,
    "mean_raw_nmse_val": 0.05407364803222301,
    "scored_loss_val": 0.06461819236976067,
    "mean_scored_loss_val": 0.06461819236976067,
    "shape_loss_val": 0.09625182538237366,
    "shape_loss_weight": 0.25,
    "heldout_curve_nmse": 0.05407364803222301,
    "heldout_curve_scored_loss": 0.06461819236976067,
    "heldout_curve_shape_loss": 0.09625182538237366,
    "eval_only_nmse": NaN,
    "eval_only_scored_loss": NaN,
    "eval_only_shape_loss": NaN,
    "combined_score": 0.9393038811163603,
    "fit_score": 0.9393038811163603,
    "eval_time": 31.73249340057373,
    "n_datasets": 1,
    "n_successful": 1,
    "eval_workers": 8,
    "hard_cases": [
      {
        "dataset": "Abeta42/inhibition_constraints",
        "scored_loss_val": 0.06461819236976067,
        "nmse_val": 0.05407364803222301,
        "shape_loss_val": 0.09625182538237365,
        "evaluation_only": false
      }
    ],
    "hard_case_feedback": "Abeta42/inhibition_constraints scored=0.06462 (nmse=0.05407, shape=0.09625)",
    "validation_semantics_feedback": "heldout_curve_scored_loss=0.06462, heldout_curve_nmse=0.05407, heldout_curve_shape=0.09625; eval_only_fit_score_scored_loss=nan, eval_only_nmse=nan, eval_only_shape=nan",
    "per_dataset": {
      "Abeta42/inhibition_constraints": {
        "nmse_train": 0.037165382675028405,
        "nmse_val": 0.05407364803222301,
        "shape_loss_val": 0.09625182538237365,
        "scored_loss_val": 0.06461819236976067,
        "n_val_points": 680,
        "evaluation_only": false,
        "combined_score": 0.9393038811163603,
        "equation": "d(c)/dt = (0.921586591427062 - x4)*(16777068.9123456*x1*x4 + 18058390.6573315*x2)/(1694140.72603189*x3 + 1)",
        "equation_template": "d(c)/dt = (c3 - x4)*(1000000.0*c0**2*x2 + 1000000.0*c1**2*x1*x4)/(1000000.0*c2**2*x3 + 1)",
        "constants": {
          "c0": 4.2495165204210625,
          "c1": 4.095982044924705,
          "c2": 1.301591612615836,
          "c3": 0.9215865914270621
        }
      }
    },
    "error": ""
  },
  "language": "python",
  "timestamp": 1783052127.1408718,
  "saved_at": 1783052127.1449466
}