{
  "program_id": "05054129-18ed-45a8-a81b-0b020606b95e",
  "iteration_found": 9,
  "dataset": "Abeta42/inhibition_constraints",
  "plot": "outputs_diff_inhibited_norm/adaevolve/disease_relevant_inhibited_all_normalized_ode_0720_0232/checkpoints/checkpoint_9/iteration_9_best_validation_curves.svg",
  "metrics": {
    "equation": "d(c)/dt = (0.970278605149368 - x4)*(3.18865052024819*x1*x4*(0.941440571610603*x2 + 7.72924346597744*x4 + 1)/((1.39811147577533*x3 + 1)*(7.39955965399668e-6*x3*x4 + 1)) + 0.776377739206285*x1/(1.39811147577533*x3 + 1) + 4.21260244018307e-6*x2 + 0.701781533583278)",
    "loss": 0.050186373071186126,
    "nmse_train": 0.013349364831882078,
    "nmse_val": 0.007145566726308962,
    "mean_nmse_val": 0.007145566726308962,
    "mean_raw_nmse_val": 0.007145566726308962,
    "scored_loss_val": 0.050186373071186126,
    "mean_scored_loss_val": 0.050186373071186126,
    "shape_loss_val": 0.17930879210581763,
    "shape_loss_weight": 0.25,
    "heldout_curve_nmse": 0.007145566726308962,
    "heldout_curve_scored_loss": 0.050186373071186126,
    "heldout_curve_shape_loss": 0.17930879210581763,
    "eval_only_nmse": NaN,
    "eval_only_scored_loss": NaN,
    "eval_only_shape_loss": NaN,
    "combined_score": 0.9522119365114021,
    "fit_score": 0.9522119365114021,
    "eval_time": 6.903428077697754,
    "n_datasets": 1,
    "n_successful": 1,
    "eval_workers": 8,
    "hard_cases": [
      {
        "dataset": "Abeta42/inhibition_constraints",
        "scored_loss_val": 0.050186373071186126,
        "nmse_val": 0.007145566726308962,
        "shape_loss_val": 0.17930879210581763,
        "evaluation_only": false
      }
    ],
    "hard_case_feedback": "Abeta42/inhibition_constraints scored=0.05019 (nmse=0.007146, shape=0.1793)",
    "validation_semantics_feedback": "heldout_curve_scored_loss=0.05019, heldout_curve_nmse=0.007146, heldout_curve_shape=0.1793; eval_only_fit_score_scored_loss=nan, eval_only_nmse=nan, eval_only_shape=nan",
    "per_dataset": {
      "Abeta42/inhibition_constraints": {
        "nmse_train": 0.013349364831882078,
        "nmse_val": 0.007145566726308962,
        "shape_loss_val": 0.17930879210581763,
        "scored_loss_val": 0.050186373071186126,
        "n_val_points": 1805,
        "evaluation_only": false,
        "combined_score": 0.9522119365114021,
        "equation": "d(c)/dt = (0.970278605149368 - x4)*(3.18865052024819*x1*x4*(0.941440571610603*x2 + 7.72924346597744*x4 + 1)/((1.39811147577533*x3 + 1)*(7.39955965399668e-6*x3*x4 + 1)) + 0.776377739206285*x1/(1.39811147577533*x3 + 1) + 4.21260244018307e-6*x2 + 0.701781533583278)",
        "equation_template": "d(c)/dt = (c0 - x4)*(c3**2 + c4**2*x1/(c1**2*x3 + 1) + c5**2*x2 + c6**2*x1*x4*(c0**2*x2 + c7**2*x4 + 1)/((c1**2*x3 + 1)*(c2**2*x3*x4 + 1)))",
        "constants": {
          "c0": 0.9702786051493679,
          "c1": 1.182417640165828,
          "c2": -0.0027202131633378814,
          "c3": 0.8377240199393102,
          "c4": 0.8811229989089407,
          "c5": -0.002052462530762271,
          "c6": 1.7856792881836832,
          "c7": 2.7801516983750085
        }
      }
    },
    "error": ""
  },
  "saved_at": 1784495974.9484239
}