{
  "id": "515b10c5-dc65-490f-85c8-05ec7627e8a0",
  "generation": 6,
  "iteration": 30,
  "timestamp": 1781260857.984948,
  "parent_id": "9bae8817-2205-42b7-9cb9-4ffa0d553eae",
  "metrics": {
    "combined_score": 0.9472815395240946,
    "n_stage1_datasets": 8.0,
    "n_stage1_successful": 8.0,
    "eval_workers": 8.0,
    "stage1_full_selected_datasets": 1.0,
    "cascade_stage1_time_seconds": 9.038788557052612,
    "cascade_stage1_threshold": 0.15,
    "cascade_stage1_passed": 1.0,
    "loss": 0.03717845118527156,
    "complexity": 14.0,
    "nmse_train": 0.006727539500778579,
    "nmse_val": 0.03717845118527156,
    "mean_nmse_val": 0.03717845118527156,
    "mean_raw_nmse_val": 0.03717845118527156,
    "fit_score": 0.9641542387013685,
    "parsimony_weight": 0.2,
    "parsimony_penalty_factor": 0.9825,
    "eval_time": 69.58157896995544,
    "n_datasets": 24.0,
    "n_successful": 24.0,
    "cascade_stage2_time_seconds": 69.58217191696167,
    "cascade_total_time_seconds": 78.62096047401428,
    "cascade_stage1_combined_score": 0.98636152832178,
    "test_combined_score": 0.9472815395240946,
    "test_n_stage1_datasets": 8.0,
    "test_n_stage1_successful": 8.0,
    "test_eval_workers": 8.0,
    "test_stage1_full_selected_datasets": 1.0,
    "test_cascade_stage1_time_seconds": 11.728344440460205,
    "test_cascade_stage1_threshold": 0.15,
    "test_cascade_stage1_passed": 1.0,
    "test_loss": 0.03717845118527156,
    "test_complexity": 14.0,
    "test_nmse_train": 0.006727539500778579,
    "test_nmse_val": 0.03717845118527156,
    "test_mean_nmse_val": 0.03717845118527156,
    "test_mean_raw_nmse_val": 0.03717845118527156,
    "test_fit_score": 0.9641542387013685,
    "test_parsimony_weight": 0.2,
    "test_parsimony_penalty_factor": 0.9825,
    "test_eval_time": 70.38285803794861,
    "test_n_datasets": 24.0,
    "test_n_successful": 24.0,
    "test_cascade_stage2_time_seconds": 70.38318753242493,
    "test_cascade_total_time_seconds": 82.11153197288513,
    "test_cascade_stage1_combined_score": 0.98636152832178
  },
  "language": "python",
  "saved_at": 1781260941.196238
}