{
  "program_id": "a32c0b1f-999f-433e-9812-f772797b6d05",
  "iteration_found": 38,
  "dataset": "Abeta42/inhibition_constraints",
  "plot": "outputs_diff_inhibited_norm/adaevolve/disease_relevant_inhibited_all_normalized_ode_0721_0426/checkpoints/checkpoint_38/iteration_38_best_validation_curves.svg",
  "metrics": {
    "equation": "d(c)/dt = -8.69440688749424e-9*x3*x4 + 1.42539134800439*x4 + (0.971681928216949 - x4)*(3.29230645235048e-8*x1 + 2.50606373874653*x2 + 47.3884974872301*x4 + 7.36376731860441e-8)*log((0.971681928216949 - x4)**2 + 2.41602804668443)/(8.25489827226851e-8*x0*x3 + 0.568117017991428*x3 + 1) - 1.38502701349266",
    "loss": 0.04756096230190498,
    "nmse_train": 0.008721989412136743,
    "nmse_val": 0.006475888608734723,
    "mean_nmse_val": 0.006475888608734723,
    "mean_raw_nmse_val": 0.006475888608734723,
    "scored_loss_val": 0.04756096230190498,
    "mean_scored_loss_val": 0.04756096230190498,
    "shape_loss_val": 0.17081618338141574,
    "shape_loss_weight": 0.25,
    "heldout_curve_nmse": 0.006475888608734723,
    "heldout_curve_scored_loss": 0.04756096230190498,
    "heldout_curve_shape_loss": 0.17081618338141574,
    "eval_only_nmse": NaN,
    "eval_only_scored_loss": NaN,
    "eval_only_shape_loss": NaN,
    "combined_score": 0.9545983823247912,
    "fit_score": 0.9545983823247912,
    "eval_time": 38.9294650554657,
    "n_datasets": 1,
    "n_successful": 1,
    "eval_workers": 8,
    "hard_cases": [
      {
        "dataset": "Abeta42/inhibition_constraints",
        "scored_loss_val": 0.04756096230190498,
        "nmse_val": 0.006475888608734723,
        "shape_loss_val": 0.17081618338141574,
        "evaluation_only": false
      }
    ],
    "hard_case_feedback": "Abeta42/inhibition_constraints scored=0.04756 (nmse=0.006476, shape=0.1708)",
    "validation_semantics_feedback": "heldout_curve_scored_loss=0.04756, heldout_curve_nmse=0.006476, heldout_curve_shape=0.1708; eval_only_fit_score_scored_loss=nan, eval_only_nmse=nan, eval_only_shape=nan",
    "per_dataset": {
      "Abeta42/inhibition_constraints": {
        "nmse_train": 0.008721989412136743,
        "nmse_val": 0.006475888608734723,
        "shape_loss_val": 0.17081618338141574,
        "scored_loss_val": 0.04756096230190498,
        "n_val_points": 1805,
        "evaluation_only": false,
        "combined_score": 0.9545983823247912,
        "equation": "d(c)/dt = -8.69440688749424e-9*x3*x4 + 1.42539134800439*x4 + (0.971681928216949 - x4)*(3.29230645235048e-8*x1 + 2.50606373874653*x2 + 47.3884974872301*x4 + 7.36376731860441e-8)*log((0.971681928216949 - x4)**2 + 2.41602804668443)/(8.25489827226851e-8*x0*x3 + 0.568117017991428*x3 + 1) - 1.38502701349266",
        "equation_template": "d(c)/dt = c7*(c0 - x4) - c8**2*x3*x4 + (c0 - x4)*(c2**2*x1 + c3**2*x2 + c4**2*x4 + c9**2)*log(c1**2 + (c0 - x4)**2 + 1)/(c5**2*x3 + c6**2*x0*x3 + 1)",
        "constants": {
          "c0": 0.9716819282169488,
          "c1": 1.1899697671304206,
          "c2": -0.0001814471397501344,
          "c3": 1.5830551913141027,
          "c4": 6.883930380765783,
          "c5": 0.7537353766352138,
          "c6": -0.0002873133876495926,
          "c7": -1.4253913480043854,
          "c8": 9.324380348041495e-05,
          "c9": 0.0002713626230453342
        }
      }
    },
    "error": ""
  },
  "saved_at": 1784594946.772274
}