{
  "id": "b536bbfc-d2ce-43e0-8736-4ab447921abe",
  "generation": 3,
  "iteration": 7,
  "current_iteration": 8,
  "metrics": {
    "combined_score": 0.8995169641954538,
    "n_stage1_datasets": 8.0,
    "n_stage1_successful": 8.0,
    "eval_workers": 8.0,
    "stage1_full_selected_datasets": 1.0,
    "cascade_stage1_time_seconds": 65.86911296844482,
    "cascade_stage1_threshold": 0.15,
    "cascade_stage1_passed": 1.0,
    "loss": 0.07974617340174969,
    "complexity": 23.0,
    "nmse_train": 0.02200430071526616,
    "nmse_val": 0.07974617340174969,
    "mean_nmse_val": 0.07974617340174969,
    "mean_raw_nmse_val": 0.07974617340174969,
    "fit_score": 0.9261435924792317,
    "parsimony_weight": 0.2,
    "parsimony_penalty_factor": 0.97125,
    "eval_time": 227.060693025589,
    "n_datasets": 22.0,
    "n_successful": 22.0,
    "cascade_stage2_time_seconds": 227.06147122383118,
    "cascade_total_time_seconds": 292.930584192276,
    "cascade_stage1_combined_score": 0.8639591589669069
  },
  "language": "python",
  "timestamp": 1781620874.592494,
  "saved_at": 1781621249.139507
}