{
  "num_islands": 2,
  "current_island": 0,
  "iteration_count": 13,
  "global_best_score": 0.9701580070058834,
  "decay": 0.9,
  "intensity_min": 0.15,
  "intensity_max": 0.5,
  "migration_interval": 15,
  "diversity_strategy_type": "code",
  "use_unified_archive": true,
  "use_adaptive_search": true,
  "use_ucb_selection": true,
  "fixed_intensity": 0.4,
  "adapter": {
    "states": [
      {
        "accumulated_signal": 0.13851319948208576,
        "best_score": 0.9701580070058834,
        "improvement_count": 5,
        "total_evaluations": 8,
        "decay": 0.9,
        "epsilon": 1e-08,
        "intensity_min": 0.15,
        "intensity_max": 0.5
      },
      {
        "accumulated_signal": 0.13851816534766895,
        "best_score": 0.9696600899115427,
        "improvement_count": 4,
        "total_evaluations": 7,
        "decay": 0.9,
        "epsilon": 1e-08,
        "intensity_min": 0.15,
        "intensity_max": 0.5
      }
    ],
    "dimension_visits": [
      8,
      7
    ],
    "dimension_rewards": [
      0.9124173090446024,
      0.5396053292977057
    ],
    "decayed_visits": [
      5.6953279000000006,
      5.217031
    ],
    "global_best_score": 0.9701580070058834,
    "ucb_exploration": 1.41,
    "min_visits": 3,
    "decay": 0.9,
    "epsilon": 1e-08
  },
  "island_config_names": [
    "balanced",
    "balanced"
  ],
  "islands": [
    [
      "7768da4e-233f-4eed-a08e-70b5ac667ef9",
      "8bc23a2b-b46e-446c-bda8-27a6dcd06e76",
      "977ad053-74f5-4d4b-9078-8622ddf0e09e",
      "e9f07d0d-9135-4a7e-826f-8eb7dc4298bd",
      "538105b5-e80a-4454-a2fe-6190d8cd2f99",
      "9a8fbd07-2aa8-4014-ab6d-5cc2989fac5c",
      "ca84fa46-7cb7-46f6-8aba-9b5fa3c3142c",
      "76b00838-49b4-4913-8a9c-5af8b7c9c1c8"
    ],
    [
      "f4cc1bbc-24bd-4295-a1e5-8e756e9930b9",
      "7720465e-947e-4f3e-9fef-3fad0b8aaed5",
      "cd8a7312-3754-4415-a9fe-e50f72c87540",
      "777f592e-0c1d-4940-ac85-8417d8904c23",
      "ac90f709-5ce5-4a57-8a60-4f8add593b52",
      "e8a42793-244e-4646-be1f-dd7ddb4cde62",
      "98307010-8f03-448a-bbda-dd8a8cb7faf5",
      "0515f49a-8c2a-411f-9218-89baecc1ca52"
    ]
  ],
  "archive_genealogies": [
    {
      "parents": {
        "7768da4e-233f-4eed-a08e-70b5ac667ef9": [],
        "8bc23a2b-b46e-446c-bda8-27a6dcd06e76": [
          "7768da4e-233f-4eed-a08e-70b5ac667ef9"
        ],
        "977ad053-74f5-4d4b-9078-8622ddf0e09e": [
          "7768da4e-233f-4eed-a08e-70b5ac667ef9"
        ],
        "e9f07d0d-9135-4a7e-826f-8eb7dc4298bd": [
          "977ad053-74f5-4d4b-9078-8622ddf0e09e"
        ],
        "538105b5-e80a-4454-a2fe-6190d8cd2f99": [
          "e9f07d0d-9135-4a7e-826f-8eb7dc4298bd"
        ],
        "9a8fbd07-2aa8-4014-ab6d-5cc2989fac5c": [
          "538105b5-e80a-4454-a2fe-6190d8cd2f99"
        ],
        "ca84fa46-7cb7-46f6-8aba-9b5fa3c3142c": [
          "538105b5-e80a-4454-a2fe-6190d8cd2f99"
        ],
        "76b00838-49b4-4913-8a9c-5af8b7c9c1c8": [
          "538105b5-e80a-4454-a2fe-6190d8cd2f99"
        ]
      },
      "children": {
        "7768da4e-233f-4eed-a08e-70b5ac667ef9": [
          "8bc23a2b-b46e-446c-bda8-27a6dcd06e76",
          "977ad053-74f5-4d4b-9078-8622ddf0e09e"
        ],
        "977ad053-74f5-4d4b-9078-8622ddf0e09e": [
          "e9f07d0d-9135-4a7e-826f-8eb7dc4298bd"
        ],
        "e9f07d0d-9135-4a7e-826f-8eb7dc4298bd": [
          "538105b5-e80a-4454-a2fe-6190d8cd2f99"
        ],
        "538105b5-e80a-4454-a2fe-6190d8cd2f99": [
          "9a8fbd07-2aa8-4014-ab6d-5cc2989fac5c",
          "ca84fa46-7cb7-46f6-8aba-9b5fa3c3142c",
          "76b00838-49b4-4913-8a9c-5af8b7c9c1c8"
        ]
      }
    },
    {
      "parents": {
        "f4cc1bbc-24bd-4295-a1e5-8e756e9930b9": [],
        "7720465e-947e-4f3e-9fef-3fad0b8aaed5": [
          "f4cc1bbc-24bd-4295-a1e5-8e756e9930b9"
        ],
        "cd8a7312-3754-4415-a9fe-e50f72c87540": [
          "7720465e-947e-4f3e-9fef-3fad0b8aaed5"
        ],
        "777f592e-0c1d-4940-ac85-8417d8904c23": [
          "cd8a7312-3754-4415-a9fe-e50f72c87540"
        ],
        "ac90f709-5ce5-4a57-8a60-4f8add593b52": [
          "777f592e-0c1d-4940-ac85-8417d8904c23"
        ],
        "e8a42793-244e-4646-be1f-dd7ddb4cde62": [
          "ac90f709-5ce5-4a57-8a60-4f8add593b52"
        ],
        "98307010-8f03-448a-bbda-dd8a8cb7faf5": [
          "777f592e-0c1d-4940-ac85-8417d8904c23"
        ],
        "0515f49a-8c2a-411f-9218-89baecc1ca52": [
          "ac90f709-5ce5-4a57-8a60-4f8add593b52"
        ]
      },
      "children": {
        "f4cc1bbc-24bd-4295-a1e5-8e756e9930b9": [
          "7720465e-947e-4f3e-9fef-3fad0b8aaed5"
        ],
        "7720465e-947e-4f3e-9fef-3fad0b8aaed5": [
          "cd8a7312-3754-4415-a9fe-e50f72c87540"
        ],
        "cd8a7312-3754-4415-a9fe-e50f72c87540": [
          "777f592e-0c1d-4940-ac85-8417d8904c23"
        ],
        "777f592e-0c1d-4940-ac85-8417d8904c23": [
          "ac90f709-5ce5-4a57-8a60-4f8add593b52",
          "98307010-8f03-448a-bbda-dd8a8cb7faf5"
        ],
        "ac90f709-5ce5-4a57-8a60-4f8add593b52": [
          "e8a42793-244e-4646-be1f-dd7ddb4cde62",
          "0515f49a-8c2a-411f-9218-89baecc1ca52"
        ]
      }
    }
  ],
  "use_dynamic_islands": true,
  "max_islands": 5,
  "last_spawn_iteration": -30,
  "use_paradigm_breakthrough": true,
  "paradigm_tracker": {
    "window_size": 10,
    "improvement_threshold": 0.12,
    "max_paradigm_uses": 2,
    "max_tried_paradigms": 10,
    "num_paradigms_to_generate": 3,
    "improvement_history": [
      1.0,
      0.0,
      1.0,
      0.0,
      0.0,
      0.0,
      0.0,
      0.0,
      0.0,
      1.0
    ],
    "active_paradigms": [],
    "paradigm_usage_counts": {},
    "current_paradigm_index": 0,
    "tried_paradigms": [],
    "best_score_at_paradigm_gen": 0.0,
    "best_score_during_paradigm": 0.0
  }
}