{
  "program_id": "52c18b2c-cbbd-43d9-a4fc-fafffdf45956",
  "iteration_found": 1,
  "dataset": "Abeta42/inhibition_constraints",
  "plot": "outputs_diff_inhibited_norm/adaevolve/disease_relevant_inhibited_all_normalized_ode_0720_0022/checkpoints/checkpoint_1/iteration_1_best_validation_curves.svg",
  "metrics": {
    "equation": "d(c)/dt = (0.959957066072173 - x4)*(3.58126525628919*x1*x4 + 2.23405629819011*x2 + (42.230494462224*x1*x4**2 + 6.79115085229634*x1*x4)/(9.57869763047038*x3*x4 + 1.21741790593854*x3 + 1) + 7.98447575892171e-9)",
    "loss": 0.10325247189044603,
    "nmse_train": 0.007894593247958149,
    "nmse_val": 0.052838565691031875,
    "mean_nmse_val": 0.052838565691031875,
    "mean_raw_nmse_val": 0.052838565691031875,
    "scored_loss_val": 0.10325247189044603,
    "mean_scored_loss_val": 0.10325247189044603,
    "shape_loss_val": 0.2544941904886885,
    "shape_loss_weight": 0.25,
    "heldout_curve_nmse": 0.052838565691031875,
    "heldout_curve_scored_loss": 0.10325247189044603,
    "heldout_curve_shape_loss": 0.2544941904886885,
    "eval_only_nmse": NaN,
    "eval_only_scored_loss": NaN,
    "eval_only_shape_loss": NaN,
    "combined_score": 0.9064108402009554,
    "fit_score": 0.9064108402009554,
    "eval_time": 43.48290300369263,
    "n_datasets": 1,
    "n_successful": 1,
    "eval_workers": 8,
    "hard_cases": [
      {
        "dataset": "Abeta42/inhibition_constraints",
        "scored_loss_val": 0.10325247189044603,
        "nmse_val": 0.052838565691031875,
        "shape_loss_val": 0.2544941904886885,
        "evaluation_only": false
      }
    ],
    "hard_case_feedback": "Abeta42/inhibition_constraints scored=0.1033 (nmse=0.05284, shape=0.2545)",
    "validation_semantics_feedback": "heldout_curve_scored_loss=0.1033, heldout_curve_nmse=0.05284, heldout_curve_shape=0.2545; eval_only_fit_score_scored_loss=nan, eval_only_nmse=nan, eval_only_shape=nan",
    "per_dataset": {
      "Abeta42/inhibition_constraints": {
        "nmse_train": 0.007894593247958149,
        "nmse_val": 0.052838565691031875,
        "shape_loss_val": 0.2544941904886885,
        "scored_loss_val": 0.10325247189044603,
        "n_val_points": 3610,
        "evaluation_only": false,
        "combined_score": 0.9064108402009554,
        "equation": "d(c)/dt = (0.959957066072173 - x4)*(3.58126525628919*x1*x4 + 2.23405629819011*x2 + (42.230494462224*x1*x4**2 + 6.79115085229634*x1*x4)/(9.57869763047038*x3*x4 + 1.21741790593854*x3 + 1) + 7.98447575892171e-9)",
        "equation_template": "d(c)/dt = (c0 - x4)*(c1**2*x2 + c2**2*x1*x4 + c7**2 + (c3**2*x1*x4**2 + c6**2*x1*x4)/(c4**2*x3 + c5**2*x3*x4 + 1))",
        "constants": {
          "c0": 0.9599570660721732,
          "c1": 1.4946759843491535,
          "c2": 1.8924231176693,
          "c3": -6.498499400802005,
          "c4": 1.103366623538403,
          "c5": -3.094947112709744,
          "c6": 2.6059836630908384,
          "c7": 8.935589381188971e-05
        }
      }
    },
    "error": ""
  },
  "saved_at": 1784487761.680599
}