{
  "num_islands": 2,
  "current_island": 0,
  "iteration_count": 10,
  "global_best_score": 0.8909651310186072,
  "decay": 0.9,
  "intensity_min": 0.15,
  "intensity_max": 0.5,
  "migration_interval": 15,
  "diversity_strategy_type": "code",
  "use_unified_archive": true,
  "use_adaptive_search": true,
  "use_ucb_selection": true,
  "fixed_intensity": 0.4,
  "adapter": {
    "states": [
      {
        "accumulated_signal": 0.08101508203463552,
        "best_score": 0.8909651310186072,
        "improvement_count": 3,
        "total_evaluations": 7,
        "decay": 0.9,
        "epsilon": 1e-08,
        "intensity_min": 0.15,
        "intensity_max": 0.5
      },
      {
        "accumulated_signal": 0.08101107689349137,
        "best_score": 0.8904588349019349,
        "improvement_count": 2,
        "total_evaluations": 5,
        "decay": 0.9,
        "epsilon": 1e-08,
        "intensity_min": 0.15,
        "intensity_max": 0.5
      }
    ],
    "dimension_visits": [
      7,
      5
    ],
    "dimension_rewards": [
      0.5409092353422067,
      0.010313427239990038
    ],
    "decayed_visits": [
      5.217031,
      4.0951
    ],
    "global_best_score": 0.8909651310186072,
    "ucb_exploration": 1.41,
    "min_visits": 3,
    "decay": 0.9,
    "epsilon": 1e-08
  },
  "island_config_names": [
    "balanced",
    "balanced"
  ],
  "islands": [
    [
      "910d22df-3c5a-46f4-b4f7-4fb72e132717",
      "9fb0f2ca-247f-4b63-abda-c636655aec04",
      "180963bf-ed9e-4c30-be50-f563e5808d98",
      "68e5bbae-b06a-4747-bebe-44003de6b719",
      "86a76bb3-b3ed-43a1-b532-bf98fcd489db",
      "44667c02-ec20-4680-ba97-5fed61b4a319",
      "a401ff3d-b8ce-4299-a9a8-cd46d7b674d3"
    ],
    [
      "c373ce4a-5786-41d3-9aed-13b4e98b6312",
      "5fa7b412-574e-4934-8661-fa41e5866566",
      "dfc5c830-795c-40ab-b93c-df4f74c545e1",
      "5559282d-edf7-42eb-b99d-61310070ff99",
      "6e44429d-2b7a-4628-9b8e-ed20d9e831cc",
      "bac719fe-02f2-4b01-bcb2-328b7ae49e3d"
    ]
  ],
  "archive_genealogies": [
    {
      "parents": {
        "910d22df-3c5a-46f4-b4f7-4fb72e132717": [],
        "9fb0f2ca-247f-4b63-abda-c636655aec04": [
          "910d22df-3c5a-46f4-b4f7-4fb72e132717"
        ],
        "180963bf-ed9e-4c30-be50-f563e5808d98": [
          "910d22df-3c5a-46f4-b4f7-4fb72e132717"
        ],
        "68e5bbae-b06a-4747-bebe-44003de6b719": [
          "180963bf-ed9e-4c30-be50-f563e5808d98"
        ],
        "86a76bb3-b3ed-43a1-b532-bf98fcd489db": [
          "68e5bbae-b06a-4747-bebe-44003de6b719"
        ],
        "44667c02-ec20-4680-ba97-5fed61b4a319": [
          "910d22df-3c5a-46f4-b4f7-4fb72e132717"
        ],
        "a401ff3d-b8ce-4299-a9a8-cd46d7b674d3": [
          "86a76bb3-b3ed-43a1-b532-bf98fcd489db"
        ]
      },
      "children": {
        "910d22df-3c5a-46f4-b4f7-4fb72e132717": [
          "9fb0f2ca-247f-4b63-abda-c636655aec04",
          "180963bf-ed9e-4c30-be50-f563e5808d98",
          "44667c02-ec20-4680-ba97-5fed61b4a319"
        ],
        "180963bf-ed9e-4c30-be50-f563e5808d98": [
          "68e5bbae-b06a-4747-bebe-44003de6b719"
        ],
        "68e5bbae-b06a-4747-bebe-44003de6b719": [
          "86a76bb3-b3ed-43a1-b532-bf98fcd489db"
        ],
        "86a76bb3-b3ed-43a1-b532-bf98fcd489db": [
          "a401ff3d-b8ce-4299-a9a8-cd46d7b674d3"
        ]
      }
    },
    {
      "parents": {
        "c373ce4a-5786-41d3-9aed-13b4e98b6312": [],
        "5fa7b412-574e-4934-8661-fa41e5866566": [
          "c373ce4a-5786-41d3-9aed-13b4e98b6312"
        ],
        "dfc5c830-795c-40ab-b93c-df4f74c545e1": [
          "c373ce4a-5786-41d3-9aed-13b4e98b6312"
        ],
        "5559282d-edf7-42eb-b99d-61310070ff99": [
          "c373ce4a-5786-41d3-9aed-13b4e98b6312"
        ],
        "6e44429d-2b7a-4628-9b8e-ed20d9e831cc": [
          "5559282d-edf7-42eb-b99d-61310070ff99"
        ],
        "bac719fe-02f2-4b01-bcb2-328b7ae49e3d": [
          "5559282d-edf7-42eb-b99d-61310070ff99"
        ]
      },
      "children": {
        "c373ce4a-5786-41d3-9aed-13b4e98b6312": [
          "5fa7b412-574e-4934-8661-fa41e5866566",
          "dfc5c830-795c-40ab-b93c-df4f74c545e1",
          "5559282d-edf7-42eb-b99d-61310070ff99"
        ],
        "5559282d-edf7-42eb-b99d-61310070ff99": [
          "6e44429d-2b7a-4628-9b8e-ed20d9e831cc",
          "bac719fe-02f2-4b01-bcb2-328b7ae49e3d"
        ]
      }
    }
  ],
  "use_dynamic_islands": true,
  "max_islands": 5,
  "last_spawn_iteration": -30,
  "use_paradigm_breakthrough": true,
  "paradigm_tracker": {
    "window_size": 10,
    "improvement_threshold": 0.12,
    "max_paradigm_uses": 2,
    "max_tried_paradigms": 10,
    "num_paradigms_to_generate": 3,
    "improvement_history": [
      1.0,
      0.0,
      0.0,
      1.0,
      0.0,
      1.0,
      0.0,
      0.0,
      0.0,
      0.0
    ],
    "active_paradigms": [],
    "paradigm_usage_counts": {},
    "current_paradigm_index": 0,
    "tried_paradigms": [],
    "best_score_at_paradigm_gen": 0.0,
    "best_score_during_paradigm": 0.0
  }
}