{
  "program_id": "77ba0e42-34b3-4a35-912a-10a228c8c747",
  "iteration_found": 16,
  "dataset": "Abeta42/inhibition_constraints",
  "plot": "outputs_diff_inhibited_norm/adaevolve/disease_relevant_inhibited_all_normalized_ode_0704_1057/checkpoints/checkpoint_16/iteration_16_best_validation_curves.svg",
  "metrics": {
    "equation": "d(c)/dt = (0.922286059305887 - x4)*(11860928.598969*x1*x4*(873014.497017183*x2 + 1)/(175.317879466*x3*x4 + 980093.773571579*x3 + 1) + (1276212.30161757*x1 + 0.9117878472834)/(73843499.3212034*x3 + 1))",
    "loss": 0.1381987339602205,
    "nmse_train": 0.06179625064478513,
    "nmse_val": 0.08730296981419927,
    "mean_nmse_val": 0.08730296981419927,
    "mean_raw_nmse_val": 0.08730296981419927,
    "scored_loss_val": 0.1381987339602205,
    "mean_scored_loss_val": 0.1381987339602205,
    "shape_loss_val": 0.2908860263982842,
    "shape_loss_weight": 0.25,
    "heldout_curve_nmse": 0.08730296981419927,
    "heldout_curve_scored_loss": 0.1381987339602205,
    "heldout_curve_shape_loss": 0.2908860263982842,
    "eval_only_nmse": NaN,
    "eval_only_scored_loss": NaN,
    "eval_only_shape_loss": NaN,
    "combined_score": 0.8785811916348077,
    "fit_score": 0.8785811916348077,
    "eval_time": 73.84951305389404,
    "n_datasets": 1,
    "n_successful": 1,
    "eval_workers": 8,
    "hard_cases": [
      {
        "dataset": "Abeta42/inhibition_constraints",
        "scored_loss_val": 0.1381987339602205,
        "nmse_val": 0.08730296981419927,
        "shape_loss_val": 0.2908860263982842,
        "evaluation_only": false
      }
    ],
    "hard_case_feedback": "Abeta42/inhibition_constraints scored=0.1382 (nmse=0.0873, shape=0.2909)",
    "validation_semantics_feedback": "heldout_curve_scored_loss=0.1382, heldout_curve_nmse=0.0873, heldout_curve_shape=0.2909; eval_only_fit_score_scored_loss=nan, eval_only_nmse=nan, eval_only_shape=nan",
    "per_dataset": {
      "Abeta42/inhibition_constraints": {
        "nmse_train": 0.06179625064478513,
        "nmse_val": 0.08730296981419927,
        "shape_loss_val": 0.2908860263982842,
        "scored_loss_val": 0.1381987339602205,
        "n_val_points": 12274,
        "evaluation_only": false,
        "combined_score": 0.8785811916348077,
        "equation": "d(c)/dt = (0.922286059305887 - x4)*(11860928.598969*x1*x4*(873014.497017183*x2 + 1)/(175.317879466*x3*x4 + 980093.773571579*x3 + 1) + (1276212.30161757*x1 + 0.9117878472834)/(73843499.3212034*x3 + 1))",
        "equation_template": "d(c)/dt = (c6 - x4)*(c2**2*x1*x4*(c3**2*x2 + 1)/(c4**2*x3 + c5**2*x3*x4 + 1) + (c0**2 + c1**2*x1)/(c7**2*x3 + 1))",
        "constants": {
          "c0": 0.9548758282014476,
          "c1": 1129.6956676988566,
          "c2": 3443.96988938188,
          "c3": 934.352447964462,
          "c4": 989.9968553341868,
          "c5": -13.240765818713058,
          "c6": 0.9222860593058866,
          "c7": 8593.22403532012
        }
      }
    },
    "error": ""
  },
  "saved_at": 1783146658.977532
}