{
  "id": "2bd7bb08-59fc-416f-bf3d-2ddf1c99a385",
  "generation": 0,
  "iteration": 0,
  "current_iteration": 1,
  "metrics": {
    "combined_score": 0.591738114832581,
    "loss": 0.6899367725922597,
    "complexity": 0.0,
    "nmse_train": Infinity,
    "nmse_val": 0.6899367725922597,
    "eval_time": 15.330119371414185,
    "n_datasets": 60.0,
    "n_successful": 60.0
  },
  "language": "python",
  "timestamp": 1779966247.8912146,
  "saved_at": 1779966301.6661983
}