{
  "num_islands": 2,
  "current_island": 0,
  "iteration_count": 16,
  "global_best_score": 0.7101237445908337,
  "decay": 0.9,
  "intensity_min": 0.15,
  "intensity_max": 0.5,
  "migration_interval": 15,
  "diversity_strategy_type": "code",
  "use_unified_archive": true,
  "use_adaptive_search": true,
  "use_ucb_selection": true,
  "fixed_intensity": 0.4,
  "adapter": {
    "states": [
      {
        "accumulated_signal": 0.07428207833337921,
        "best_score": 0.7101237445908337,
        "improvement_count": 3,
        "total_evaluations": 10,
        "decay": 0.9,
        "epsilon": 1e-08,
        "intensity_min": 0.15,
        "intensity_max": 0.5
      },
      {
        "accumulated_signal": 0.07490534996575565,
        "best_score": 0.7101237445908337,
        "improvement_count": 3,
        "total_evaluations": 12,
        "decay": 0.9,
        "epsilon": 1e-08,
        "intensity_min": 0.15,
        "intensity_max": 0.5
      }
    ],
    "dimension_visits": [
      10,
      12
    ],
    "dimension_rewards": [
      0.4966553607877275,
      0.08306968337270734
    ],
    "decayed_visits": [
      6.5132155990000005,
      7.175704635190001
    ],
    "global_best_score": 0.7101237445908337,
    "ucb_exploration": 1.41,
    "min_visits": 3,
    "decay": 0.9,
    "epsilon": 1e-08
  },
  "island_config_names": [
    "balanced",
    "balanced"
  ],
  "islands": [
    [
      "1b546c27-b9e1-4c38-b0df-e0fe8520f02f",
      "896a50e1-f056-4165-a575-94690dd555e2",
      "839cfc04-b170-4d81-842f-3993ac6acd88",
      "6b81e8f1-e901-4291-9aab-7dc897139659",
      "7f619dfe-f4e9-41f5-9c82-3ab28ab89e1f",
      "b9658d64-6565-4941-999e-f3d7c50f959b",
      "99e0b35e-1073-4d1f-af27-95f22a258246",
      "6fc2e1c7-eef8-4d35-a100-314fbaa5dbf6",
      "b9a2e041-c1e8-4d2b-8a45-d74b5e1d5808",
      "9c5f28ad-55f6-4f6c-bc98-44f150761b72",
      "1f5e4c35-a721-4f5e-84a8-8d7e41e6b888",
      "e2cb77fb-79ef-448b-bf88-f7af809d2e3b",
      "2cf7dd62-579c-46a1-bc67-6b1457d6b400"
    ],
    [
      "11eec953-d69c-4fee-8fce-d1ab0c2ba014",
      "26da2746-b689-4e78-b2a4-9a14299c4472",
      "fe4bc909-fd6e-42cf-a75b-4ee5d4f4f347",
      "29b8cc22-fb21-4ef4-abdc-37b6c99a4e7b",
      "ec6a2d27-5eed-4f82-8d34-2dfba55a416b",
      "1a44d4cf-bd9d-4a5e-8b6a-fc30c1b6163c",
      "5fb35578-3eb3-4b0a-9d35-9e266520172f",
      "167f80aa-8359-413e-b268-847ee2a58fbc",
      "2ace857c-757f-4156-ab29-192198b9d5f2",
      "6ab1ab56-0f4d-4af3-8471-ec964a86ddd6",
      "2bd9da62-0ac5-4f5b-9229-7d132a1b339e",
      "ae751b6a-8434-44a9-ac33-c5b907484124",
      "fc7721d7-418b-4c2b-b7f3-e2f8e924647d"
    ]
  ],
  "archive_genealogies": [
    {
      "parents": {
        "1b546c27-b9e1-4c38-b0df-e0fe8520f02f": [],
        "896a50e1-f056-4165-a575-94690dd555e2": [
          "1b546c27-b9e1-4c38-b0df-e0fe8520f02f"
        ],
        "839cfc04-b170-4d81-842f-3993ac6acd88": [
          "1b546c27-b9e1-4c38-b0df-e0fe8520f02f"
        ],
        "6b81e8f1-e901-4291-9aab-7dc897139659": [
          "896a50e1-f056-4165-a575-94690dd555e2"
        ],
        "7f619dfe-f4e9-41f5-9c82-3ab28ab89e1f": [
          "839cfc04-b170-4d81-842f-3993ac6acd88"
        ],
        "b9658d64-6565-4941-999e-f3d7c50f959b": [
          "1b546c27-b9e1-4c38-b0df-e0fe8520f02f"
        ],
        "99e0b35e-1073-4d1f-af27-95f22a258246": [
          "7f619dfe-f4e9-41f5-9c82-3ab28ab89e1f"
        ],
        "6fc2e1c7-eef8-4d35-a100-314fbaa5dbf6": [
          "99e0b35e-1073-4d1f-af27-95f22a258246"
        ],
        "b9a2e041-c1e8-4d2b-8a45-d74b5e1d5808": [
          "1b546c27-b9e1-4c38-b0df-e0fe8520f02f"
        ],
        "9c5f28ad-55f6-4f6c-bc98-44f150761b72": [
          "1a44d4cf-bd9d-4a5e-8b6a-fc30c1b6163c"
        ],
        "1f5e4c35-a721-4f5e-84a8-8d7e41e6b888": [
          "5fb35578-3eb3-4b0a-9d35-9e266520172f"
        ],
        "e2cb77fb-79ef-448b-bf88-f7af809d2e3b": [
          "ec6a2d27-5eed-4f82-8d34-2dfba55a416b"
        ],
        "2cf7dd62-579c-46a1-bc67-6b1457d6b400": [
          "1a44d4cf-bd9d-4a5e-8b6a-fc30c1b6163c"
        ]
      },
      "children": {
        "1b546c27-b9e1-4c38-b0df-e0fe8520f02f": [
          "896a50e1-f056-4165-a575-94690dd555e2",
          "839cfc04-b170-4d81-842f-3993ac6acd88",
          "b9658d64-6565-4941-999e-f3d7c50f959b",
          "b9a2e041-c1e8-4d2b-8a45-d74b5e1d5808"
        ],
        "896a50e1-f056-4165-a575-94690dd555e2": [
          "6b81e8f1-e901-4291-9aab-7dc897139659"
        ],
        "839cfc04-b170-4d81-842f-3993ac6acd88": [
          "7f619dfe-f4e9-41f5-9c82-3ab28ab89e1f"
        ],
        "7f619dfe-f4e9-41f5-9c82-3ab28ab89e1f": [
          "99e0b35e-1073-4d1f-af27-95f22a258246"
        ],
        "99e0b35e-1073-4d1f-af27-95f22a258246": [
          "6fc2e1c7-eef8-4d35-a100-314fbaa5dbf6"
        ],
        "1a44d4cf-bd9d-4a5e-8b6a-fc30c1b6163c": [
          "9c5f28ad-55f6-4f6c-bc98-44f150761b72",
          "2cf7dd62-579c-46a1-bc67-6b1457d6b400"
        ],
        "5fb35578-3eb3-4b0a-9d35-9e266520172f": [
          "1f5e4c35-a721-4f5e-84a8-8d7e41e6b888"
        ],
        "ec6a2d27-5eed-4f82-8d34-2dfba55a416b": [
          "e2cb77fb-79ef-448b-bf88-f7af809d2e3b"
        ]
      }
    },
    {
      "parents": {
        "11eec953-d69c-4fee-8fce-d1ab0c2ba014": [],
        "26da2746-b689-4e78-b2a4-9a14299c4472": [
          "11eec953-d69c-4fee-8fce-d1ab0c2ba014"
        ],
        "fe4bc909-fd6e-42cf-a75b-4ee5d4f4f347": [
          "26da2746-b689-4e78-b2a4-9a14299c4472"
        ],
        "29b8cc22-fb21-4ef4-abdc-37b6c99a4e7b": [
          "11eec953-d69c-4fee-8fce-d1ab0c2ba014"
        ],
        "ec6a2d27-5eed-4f82-8d34-2dfba55a416b": [
          "fe4bc909-fd6e-42cf-a75b-4ee5d4f4f347"
        ],
        "1a44d4cf-bd9d-4a5e-8b6a-fc30c1b6163c": [
          "ec6a2d27-5eed-4f82-8d34-2dfba55a416b"
        ],
        "5fb35578-3eb3-4b0a-9d35-9e266520172f": [
          "1a44d4cf-bd9d-4a5e-8b6a-fc30c1b6163c"
        ],
        "167f80aa-8359-413e-b268-847ee2a58fbc": [
          "5fb35578-3eb3-4b0a-9d35-9e266520172f"
        ],
        "2ace857c-757f-4156-ab29-192198b9d5f2": [
          "99e0b35e-1073-4d1f-af27-95f22a258246"
        ],
        "6ab1ab56-0f4d-4af3-8471-ec964a86ddd6": [
          "b9a2e041-c1e8-4d2b-8a45-d74b5e1d5808"
        ],
        "2bd9da62-0ac5-4f5b-9229-7d132a1b339e": [
          "b9658d64-6565-4941-999e-f3d7c50f959b"
        ],
        "ae751b6a-8434-44a9-ac33-c5b907484124": [
          "6fc2e1c7-eef8-4d35-a100-314fbaa5dbf6"
        ],
        "fc7721d7-418b-4c2b-b7f3-e2f8e924647d": [
          "1a44d4cf-bd9d-4a5e-8b6a-fc30c1b6163c"
        ]
      },
      "children": {
        "11eec953-d69c-4fee-8fce-d1ab0c2ba014": [
          "26da2746-b689-4e78-b2a4-9a14299c4472",
          "29b8cc22-fb21-4ef4-abdc-37b6c99a4e7b"
        ],
        "26da2746-b689-4e78-b2a4-9a14299c4472": [
          "fe4bc909-fd6e-42cf-a75b-4ee5d4f4f347"
        ],
        "fe4bc909-fd6e-42cf-a75b-4ee5d4f4f347": [
          "ec6a2d27-5eed-4f82-8d34-2dfba55a416b"
        ],
        "ec6a2d27-5eed-4f82-8d34-2dfba55a416b": [
          "1a44d4cf-bd9d-4a5e-8b6a-fc30c1b6163c"
        ],
        "1a44d4cf-bd9d-4a5e-8b6a-fc30c1b6163c": [
          "5fb35578-3eb3-4b0a-9d35-9e266520172f",
          "fc7721d7-418b-4c2b-b7f3-e2f8e924647d"
        ],
        "5fb35578-3eb3-4b0a-9d35-9e266520172f": [
          "167f80aa-8359-413e-b268-847ee2a58fbc"
        ],
        "99e0b35e-1073-4d1f-af27-95f22a258246": [
          "2ace857c-757f-4156-ab29-192198b9d5f2"
        ],
        "b9a2e041-c1e8-4d2b-8a45-d74b5e1d5808": [
          "6ab1ab56-0f4d-4af3-8471-ec964a86ddd6"
        ],
        "b9658d64-6565-4941-999e-f3d7c50f959b": [
          "2bd9da62-0ac5-4f5b-9229-7d132a1b339e"
        ],
        "6fc2e1c7-eef8-4d35-a100-314fbaa5dbf6": [
          "ae751b6a-8434-44a9-ac33-c5b907484124"
        ]
      }
    }
  ],
  "use_dynamic_islands": true,
  "max_islands": 5,
  "last_spawn_iteration": -30,
  "use_paradigm_breakthrough": true,
  "paradigm_tracker": {
    "window_size": 10,