{
  "program_id": "929ce963-e9f3-47b9-b5c8-2f431aaedd71",
  "iteration_found": 10,
  "dataset": "Abeta42/inhibition_constraints",
  "plot": "outputs_diff_inhibited_norm/adaevolve/disease_relevant_inhibited_all_normalized_ode_0704_1057/checkpoints/checkpoint_10/iteration_10_best_validation_curves.svg",
  "metrics": {
    "equation": "d(c)/dt = (0.920722858557363 - x4)*(13069473.2065382*x1*x4 + 364.861989894867*x1 + 15270346.4481422*x2 + 16.3489409176513*x4**2)/(4507.56492405028*x3*x4 + 1429530.87355053*x3 + 1)",
    "loss": 0.1486769850118565,
    "nmse_train": 0.0637340657602292,
    "nmse_val": 0.10189849848851827,
    "mean_nmse_val": 0.10189849848851827,
    "mean_raw_nmse_val": 0.10189849848851827,
    "scored_loss_val": 0.1486769850118565,
    "mean_scored_loss_val": 0.1486769850118565,
    "shape_loss_val": 0.28901244458187125,
    "shape_loss_weight": 0.25,
    "heldout_curve_nmse": 0.10189849848851827,
    "heldout_curve_scored_loss": 0.1486769850118565,
    "heldout_curve_shape_loss": 0.28901244458187125,
    "eval_only_nmse": NaN,
    "eval_only_scored_loss": NaN,
    "eval_only_shape_loss": NaN,
    "combined_score": 0.8705667590177042,
    "fit_score": 0.8705667590177042,
    "eval_time": 27.932053089141846,
    "n_datasets": 1,
    "n_successful": 1,
    "eval_workers": 8,
    "hard_cases": [
      {
        "dataset": "Abeta42/inhibition_constraints",
        "scored_loss_val": 0.1486769850118565,
        "nmse_val": 0.10189849848851827,
        "shape_loss_val": 0.28901244458187125,
        "evaluation_only": false
      }
    ],
    "hard_case_feedback": "Abeta42/inhibition_constraints scored=0.1487 (nmse=0.1019, shape=0.289)",
    "validation_semantics_feedback": "heldout_curve_scored_loss=0.1487, heldout_curve_nmse=0.1019, heldout_curve_shape=0.289; eval_only_fit_score_scored_loss=nan, eval_only_nmse=nan, eval_only_shape=nan",
    "per_dataset": {
      "Abeta42/inhibition_constraints": {
        "nmse_train": 0.0637340657602292,
        "nmse_val": 0.10189849848851827,
        "shape_loss_val": 0.28901244458187125,
        "scored_loss_val": 0.1486769850118565,
        "n_val_points": 12274,
        "evaluation_only": false,
        "combined_score": 0.8705667590177042,
        "equation": "d(c)/dt = (0.920722858557363 - x4)*(13069473.2065382*x1*x4 + 364.861989894867*x1 + 15270346.4481422*x2 + 16.3489409176513*x4**2)/(4507.56492405028*x3*x4 + 1429530.87355053*x3 + 1)",
        "equation_template": "d(c)/dt = (c0 - x4)*(c1**2*x2 + c2**2*x1 + c3**2*x1*x4 + c4**2*x4**2)/(c5**2*x3 + c6**2*x3*x4 + 1)",
        "constants": {
          "c0": 0.9207228585573635,
          "c1": -3907.7290653450086,
          "c2": -19.101360943526178,
          "c3": 3615.17263855244,
          "c4": -4.0433823610501225,
          "c5": 1195.6299065975759,
          "c6": 67.13840126224541
        }
      }
    },
    "error": ""
  },
  "saved_at": 1783145466.2255921
}