{
  "num_islands": 2,
  "current_island": 0,
  "iteration_count": 21,
  "global_best_score": 0.9440381973008652,
  "decay": 0.9,
  "intensity_min": 0.15,
  "intensity_max": 0.5,
  "migration_interval": 15,
  "diversity_strategy_type": "code",
  "use_unified_archive": true,
  "use_adaptive_search": true,
  "use_ucb_selection": true,
  "fixed_intensity": 0.4,
  "adapter": {
    "states": [
      {
        "accumulated_signal": 0.1710002959632948,
        "best_score": 0.9440381973008652,
        "improvement_count": 2,
        "total_evaluations": 15,
        "decay": 0.9,
        "epsilon": 1e-08,
        "intensity_min": 0.15,
        "intensity_max": 0.5
      },
      {
        "accumulated_signal": 0.1710002959632948,
        "best_score": 0.9440381973008652,
        "improvement_count": 2,
        "total_evaluations": 13,
        "decay": 0.9,
        "epsilon": 1e-08,
        "intensity_min": 0.15,
        "intensity_max": 0.5
      }
    ],
    "dimension_visits": [
      15,
      13
    ],
    "dimension_rewards": [
      0.48295450738251006,
      0.16662125174949324
    ],
    "decayed_visits": [
      7.94108867905351,
      7.458134171671
    ],
    "global_best_score": 0.9440381973008652,
    "ucb_exploration": 1.41,
    "min_visits": 3,
    "decay": 0.9,
    "epsilon": 1e-08
  },
  "island_config_names": [
    "balanced",
    "balanced"
  ],
  "islands": [
    [
      "f5625ecc-4ea9-47ff-ba4b-0ceab63568ac",
      "beed9b6f-9b3d-45a6-b0cc-a87c4882fd41",
      "bdad4696-266b-44bc-bba1-b7437b3dc551",
      "52aa1db1-71c0-4e30-9b35-16ddb05abdd6",
      "8e3863e1-ac7b-4b4c-9432-d84babc53bae",
      "406f5d87-ac87-486f-870b-03e3f029dbbe",
      "9d91ea2c-22cf-4668-b0b0-81547bac9756",
      "4a3dc667-1de0-4cfc-8959-58d3cca0cba9",
      "c7d3df78-bd91-4a69-9963-fb078058e1bb",
      "b7ecca47-70cf-40ce-b749-9bd9b0e4401f",
      "f0e04398-c75d-49bd-997d-e4b83faaa7f9",
      "a245aaa3-651a-469c-b63c-185010360544",
      "5ebd5eff-e18d-4529-9809-13e9ef0adfbb",
      "7b9d7f3d-c3c5-4a77-8659-d9d69d0134f9",
      "955381d9-3fa5-4b65-8bb9-25ac3d129101",
      "e0ffa6d4-1bfd-454c-8956-bcb2577928f0",
      "ad9463b2-8606-4f3b-9e47-a22b56407c49",
      "b3132fd0-e2c4-4c31-827a-4f152f1369e4"
    ],
    [
      "b1807b5c-cbf2-4b01-9fa5-367325acebc4",
      "843e43a4-c99f-4d9f-bd17-7203419e4181",
      "d8af4af3-1184-43bc-9db0-b0781387fc6d",
      "29be13b7-d7cb-4c0b-9a3b-89c7f498558a",
      "5bceb49c-3109-4325-b997-66c35fb246b8",
      "9f179a3b-15ee-4ddb-91bc-b9cc90690bfe",
      "72d63869-a89f-4c4d-8ceb-cc804c1a0bbc",
      "418c0bc7-e0e3-4fa0-8e81-06fd93be74c6",
      "102d1d01-8e96-491a-91a2-04d8f9173d6e",
      "ce7edc6a-e846-4aca-86eb-afe78721c048",
      "aa7bace1-7302-4093-af30-916e71166594",
      "d6e81dcf-9058-4772-9632-6c1029b871a3",
      "d809d529-b4c4-4b99-a89e-9354640b4535",
      "087fffd7-6513-483e-90ce-2b3412c8d5da"
    ]
  ],
  "archive_genealogies": [
    {
      "parents": {
        "f5625ecc-4ea9-47ff-ba4b-0ceab63568ac": [],
        "beed9b6f-9b3d-45a6-b0cc-a87c4882fd41": [
          "f5625ecc-4ea9-47ff-ba4b-0ceab63568ac"
        ],
        "bdad4696-266b-44bc-bba1-b7437b3dc551": [
          "beed9b6f-9b3d-45a6-b0cc-a87c4882fd41"
        ],
        "52aa1db1-71c0-4e30-9b35-16ddb05abdd6": [
          "beed9b6f-9b3d-45a6-b0cc-a87c4882fd41"
        ],
        "8e3863e1-ac7b-4b4c-9432-d84babc53bae": [
          "beed9b6f-9b3d-45a6-b0cc-a87c4882fd41"
        ],
        "406f5d87-ac87-486f-870b-03e3f029dbbe": [
          "8e3863e1-ac7b-4b4c-9432-d84babc53bae"
        ],
        "9d91ea2c-22cf-4668-b0b0-81547bac9756": [
          "beed9b6f-9b3d-45a6-b0cc-a87c4882fd41"
        ],
        "4a3dc667-1de0-4cfc-8959-58d3cca0cba9": [
          "beed9b6f-9b3d-45a6-b0cc-a87c4882fd41"
        ],
        "c7d3df78-bd91-4a69-9963-fb078058e1bb": [
          "418c0bc7-e0e3-4fa0-8e81-06fd93be74c6"
        ],
        "b7ecca47-70cf-40ce-b749-9bd9b0e4401f": [
          "418c0bc7-e0e3-4fa0-8e81-06fd93be74c6"
        ],
        "f0e04398-c75d-49bd-997d-e4b83faaa7f9": [
          "843e43a4-c99f-4d9f-bd17-7203419e4181"
        ],
        "a245aaa3-651a-469c-b63c-185010360544": [
          "5bceb49c-3109-4325-b997-66c35fb246b8"
        ],
        "5ebd5eff-e18d-4529-9809-13e9ef0adfbb": [
          "418c0bc7-e0e3-4fa0-8e81-06fd93be74c6"
        ],
        "7b9d7f3d-c3c5-4a77-8659-d9d69d0134f9": [
          "418c0bc7-e0e3-4fa0-8e81-06fd93be74c6"
        ],
        "955381d9-3fa5-4b65-8bb9-25ac3d129101": [
          "418c0bc7-e0e3-4fa0-8e81-06fd93be74c6"
        ],
        "e0ffa6d4-1bfd-454c-8956-bcb2577928f0": [
          "418c0bc7-e0e3-4fa0-8e81-06fd93be74c6"
        ],
        "ad9463b2-8606-4f3b-9e47-a22b56407c49": [
          "418c0bc7-e0e3-4fa0-8e81-06fd93be74c6"
        ],
        "b3132fd0-e2c4-4c31-827a-4f152f1369e4": [
          "418c0bc7-e0e3-4fa0-8e81-06fd93be74c6"
        ]
      },
      "children": {
        "f5625ecc-4ea9-47ff-ba4b-0ceab63568ac": [
          "beed9b6f-9b3d-45a6-b0cc-a87c4882fd41"
        ],
        "beed9b6f-9b3d-45a6-b0cc-a87c4882fd41": [
          "bdad4696-266b-44bc-bba1-b7437b3dc551",
          "52aa1db1-71c0-4e30-9b35-16ddb05abdd6",
          "8e3863e1-ac7b-4b4c-9432-d84babc53bae",
          "9d91ea2c-22cf-4668-b0b0-81547bac9756",
          "4a3dc667-1de0-4cfc-8959-58d3cca0cba9"
        ],
        "8e3863e1-ac7b-4b4c-9432-d84babc53bae": [
          "406f5d87-ac87-486f-870b-03e3f029dbbe"
        ],
        "418c0bc7-e0e3-4fa0-8e81-06fd93be74c6": [
          "c7d3df78-bd91-4a69-9963-fb078058e1bb",
          "b7ecca47-70cf-40ce-b749-9bd9b0e4401f",
          "5ebd5eff-e18d-4529-9809-13e9ef0adfbb",
          "7b9d7f3d-c3c5-4a77-8659-d9d69d0134f9",
          "955381d9-3fa5-4b65-8bb9-25ac3d129101",
          "e0ffa6d4-1bfd-454c-8956-bcb2577928f0",
          "ad9463b2-8606-4f3b-9e47-a22b56407c49",
          "b3132fd0-e2c4-4c31-827a-4f152f1369e4"
        ],
        "843e43a4-c99f-4d9f-bd17-7203419e4181": [
          "f0e04398-c75d-49bd-997d-e4b83faaa7f9"
        ],
        "5bceb49c-3109-4325-b997-66c35fb246b8": [
          "a245aaa3-651a-469c-b63c-185010360544"
        ]
      }
    },
    {
      "parents": {
        "b1807b5c-cbf2-4b01-9fa5-367325acebc4": [],
        "843e43a4-c99f-4d9f-bd17-7203419e4181": [
          "b1807b5c-cbf2-4b01-9fa5-367325acebc4"
        ],
        "d8af4af3-1184-43bc-9db0-b0781387fc6d": [
          "843e43a4-c99f-4d9f-bd17-7203419e4181"
        ],
        "29be13b7-d7cb-4c0b-9a3b-89c7f498558a": [
          "843e43a4-c99f-4d9f-bd17-7203419e4181"
        ],
        "5bceb49c-3109-4325-b997-66c35fb246b8": [
          "b1807b5c-cbf2-4b01-9fa5-367325acebc4"
        ],
        "9f179a3b-15ee-4ddb-91bc-b9cc90690bfe": [
          "843e43a4-c99f-4d9f-bd17-7203419e4181"
        ],
        "72d63869-a89f-4c4d-8ceb-cc804c1a0bbc": [
          "beed9b6f-9b3d-45a6-b0cc-a87c4882fd41"
        ],
        "418c0bc7-e0e3-4fa0-8e81-06fd93be74c6": [
          "beed9b6f-9b3d-45a6-b0cc-a87c4882fd41"
        ],
        "102d1d01-8e96-491a-91a2-04d8f9173d6e": [
          "beed9b6f-9b3d-45a6-b0cc-a87c4882fd41"
        ],
        "ce7edc6a-e846-4aca-86eb-afe78721c048": [
          "406f5d87-ac87-486f-870b-03e3f029dbbe"
        ],
        "aa7bace1-7302-4093-af30-916e71166594": [
          "8e3863e1-ac7b-4b4c-9432-d84babc53bae"
        ],
        "d6e81dcf-9058-4772-9632-6c1029b871a3": [
          "9d91ea2c-22cf-4668-b0b0-81547bac9756"
        ],
        "d809d529-b4c4-4b99-a89e-9354640b4535": [
          "52aa1db1-71c0-4e30-9b35-16ddb05abdd6"
        ],
        "087fffd7-6513-483e-90ce-2b3412c8d5da": [
          "418c0bc7-e0e3-4fa0-8e81-06fd93be74c6"
        ]
      },
      "children": {
        "b1807b5c-cbf2-4b01-9fa5-367325acebc4": [
          "843e43a4-c99f-4d9f-bd17-7203419e4181",
          "5bceb49c-3109-4325-b997-66c35fb246b8"
        ],