{
  "program_id": "340f8f60-c6df-46ca-9ec0-ee659e42558e",
  "iteration_found": 11,
  "dataset": "Abeta42/inhibition_constraints",
  "plot": "outputs_diff_inhibited_norm/adaevolve/disease_relevant_inhibited_all_normalized_ode_0720_0357/checkpoints/checkpoint_11/iteration_11_best_validation_curves.svg",
  "metrics": {
    "equation": "d(c)/dt = (0.971462750758454 - x4)*(13.3615392717517*x1*x4*(0.413585947546236*x4 + 1)/(4.74939353866968e-7*x3*x4 + 1.00900130121112*x3 + 1) + (2.96438026562552e-8*x1 + 10.3524593601562*x2)/(10.0489114642567*x3 + 1) + 1.69123363079197e-5)",
    "loss": 0.04824623949756501,
    "nmse_train": 0.01008446762033565,
    "nmse_val": 0.0065169726233551125,
    "mean_nmse_val": 0.0065169726233551125,
    "mean_raw_nmse_val": 0.0065169726233551125,
    "scored_loss_val": 0.04824623949756501,
    "mean_scored_loss_val": 0.04824623949756501,
    "shape_loss_val": 0.1734340401201947,
    "shape_loss_weight": 0.25,
    "heldout_curve_nmse": 0.0065169726233551125,
    "heldout_curve_scored_loss": 0.04824623949756501,
    "heldout_curve_shape_loss": 0.1734340401201947,
    "eval_only_nmse": NaN,
    "eval_only_scored_loss": NaN,
    "eval_only_shape_loss": NaN,
    "combined_score": 0.95397432618438,
    "fit_score": 0.95397432618438,
    "eval_time": 14.19183087348938,
    "n_datasets": 1,
    "n_successful": 1,
    "eval_workers": 8,
    "hard_cases": [
      {
        "dataset": "Abeta42/inhibition_constraints",
        "scored_loss_val": 0.04824623949756501,
        "nmse_val": 0.006516972623355113,
        "shape_loss_val": 0.1734340401201947,
        "evaluation_only": false
      }
    ],
    "hard_case_feedback": "Abeta42/inhibition_constraints scored=0.04825 (nmse=0.006517, shape=0.1734)",
    "validation_semantics_feedback": "heldout_curve_scored_loss=0.04825, heldout_curve_nmse=0.006517, heldout_curve_shape=0.1734; eval_only_fit_score_scored_loss=nan, eval_only_nmse=nan, eval_only_shape=nan",
    "per_dataset": {
      "Abeta42/inhibition_constraints": {
        "nmse_train": 0.01008446762033565,
        "nmse_val": 0.006516972623355113,
        "shape_loss_val": 0.1734340401201947,
        "scored_loss_val": 0.04824623949756501,
        "n_val_points": 1805,
        "evaluation_only": false,
        "combined_score": 0.95397432618438,
        "equation": "d(c)/dt = (0.971462750758454 - x4)*(13.3615392717517*x1*x4*(0.413585947546236*x4 + 1)/(4.74939353866968e-7*x3*x4 + 1.00900130121112*x3 + 1) + (2.96438026562552e-8*x1 + 10.3524593601562*x2)/(10.0489114642567*x3 + 1) + 1.69123363079197e-5)",
        "equation_template": "d(c)/dt = (c0 - x4)*(c6**2*x1*x4*(c7**2*x4 + 1)/(c2**2*x3 + c3**2*x3*x4 + 1) + c8**2 + (c4**2*x1 + c5**2*x2)/(c1**2*x3 + 1))",
        "constants": {
          "c0": 0.9714627507584536,
          "c1": 3.1700018082418633,
          "c2": 1.0044905680050558,
          "c3": 0.0006891584388708939,
          "c4": 0.00017217375716483386,
          "c5": 3.2175237932540974,
          "c6": 3.6553439334420683,
          "c7": 0.6431064822766412,
          "c8": 0.004112461101082863
        }
      }
    },
    "error": ""
  },
  "saved_at": 1784501623.614785
}