{
  "program_id": "6dcdfa63-c171-43fa-9ac2-4c4e7035bea4",
  "iteration_found": 3,
  "dataset": "Abeta42/inhibition_constraints",
  "plot": "outputs_diff_inhibited_norm/adaevolve/disease_relevant_inhibited_all_normalized_ode_0721_0426/checkpoints/checkpoint_3/iteration_3_best_validation_curves.svg",
  "metrics": {
    "equation": "d(c)/dt = -4.35920863703473e-5*x3*x4/(0.849469488171765*x4 + 1) + (0.97098845287914 - x4)*(0.00010247877887845*x1 + 14.186764829267*x1*(0.353393108730002*x4**2 + sqrt(x4**2 + 2.80266977846014e-8) + 9.90444185753655e-9)/(1.11596851372303*x3 + 1) + 2.35142709261119*x2)",
    "loss": 0.04502437930917228,
    "nmse_train": 0.010480643696014397,
    "nmse_val": 0.0032550935032722617,
    "mean_nmse_val": 0.0032550935032722617,
    "mean_raw_nmse_val": 0.0032550935032722617,
    "scored_loss_val": 0.04502437930917228,
    "mean_scored_loss_val": 0.04502437930917228,
    "shape_loss_val": 0.17033223672687234,
    "shape_loss_weight": 0.25,
    "heldout_curve_nmse": 0.0032550935032722617,
    "heldout_curve_scored_loss": 0.04502437930917228,
    "heldout_curve_shape_loss": 0.17033223672687234,
    "eval_only_nmse": NaN,
    "eval_only_scored_loss": NaN,
    "eval_only_shape_loss": NaN,
    "combined_score": 0.956915474700278,
    "fit_score": 0.956915474700278,
    "eval_time": 52.4915611743927,
    "n_datasets": 1,
    "n_successful": 1,
    "eval_workers": 8,
    "hard_cases": [
      {
        "dataset": "Abeta42/inhibition_constraints",
        "scored_loss_val": 0.04502437930917228,
        "nmse_val": 0.0032550935032722617,
        "shape_loss_val": 0.17033223672687234,
        "evaluation_only": false
      }
    ],
    "hard_case_feedback": "Abeta42/inhibition_constraints scored=0.04502 (nmse=0.003255, shape=0.1703)",
    "validation_semantics_feedback": "heldout_curve_scored_loss=0.04502, heldout_curve_nmse=0.003255, heldout_curve_shape=0.1703; eval_only_fit_score_scored_loss=nan, eval_only_nmse=nan, eval_only_shape=nan",
    "per_dataset": {
      "Abeta42/inhibition_constraints": {
        "nmse_train": 0.010480643696014397,
        "nmse_val": 0.0032550935032722617,
        "shape_loss_val": 0.17033223672687234,
        "scored_loss_val": 0.04502437930917228,
        "n_val_points": 1805,
        "evaluation_only": false,
        "combined_score": 0.956915474700278,
        "equation": "d(c)/dt = -4.35920863703473e-5*x3*x4/(0.849469488171765*x4 + 1) + (0.97098845287914 - x4)*(0.00010247877887845*x1 + 14.186764829267*x1*(0.353393108730002*x4**2 + sqrt(x4**2 + 2.80266977846014e-8) + 9.90444185753655e-9)/(1.11596851372303*x3 + 1) + 2.35142709261119*x2)",
        "equation_template": "d(c)/dt = -c7**2*x3*x4/(c8**2*x4 + 1) + (c6 - x4)*(c2**2*x1 + c3**2*x2 + c4**2*x1*(c5**2*(c0**2 + x4**2) + sqrt(c0**2 + x4**2))/(c1**2*x3 + 1))",
        "constants": {
          "c0": 0.00016741176118959336,
          "c1": 1.0563941090914095,
          "c2": 0.010123180274916089,
          "c3": 1.5334363673172726,
          "c4": 3.7665322020748695,
          "c5": -0.5944687617781119,
          "c6": 0.9709884528791405,
          "c7": -0.006602430338166948,
          "c8": 0.9216666903885401
        }
      }
    },
    "error": ""
  },
  "saved_at": 1784588896.999894
}