{
  "id": "8f86705f-9306-4b3b-a273-493779626fea",
  "generation": 1,
  "iteration": 1,
  "current_iteration": 1,
  "metrics": {
    "combined_score": 0.8453298664683073,
    "n_stage1_datasets": 5.0,
    "n_stage1_successful": 5.0,
    "eval_workers": 8.0,
    "stage1_full_selected_datasets": 1.0,
    "cascade_stage1_time_seconds": 172.98278975486755,
    "cascade_stage1_threshold": 0.15,
    "cascade_stage1_passed": 1.0,
    "loss": 0.18297015125927935,
    "nmse_train": 0.03822079315847214,
    "nmse_val": 0.11305289248387955,
    "mean_nmse_val": 0.11305289248387955,
    "mean_raw_nmse_val": 0.11305289248387955,
    "scored_loss_val": 0.18297015125927935,
    "mean_scored_loss_val": 0.18297015125927935,
    "shape_loss_val": 0.3927219275854787,
    "shape_loss_weight": 0.25,
    "heldout_curve_nmse": 0.10505107774140496,
    "heldout_curve_scored_loss": 0.15285690232062973,
    "heldout_curve_shape_loss": 0.296274376058304,
    "eval_only_nmse": 0.11414892649554034,
    "eval_only_scored_loss": 0.18709485872884532,
    "eval_only_shape_loss": 0.4059326554287603,
    "fit_score": 0.8453298664683073,
    "eval_time": 343.56668186187744,
    "n_datasets": 17.0,
    "n_successful": 17.0,
    "cascade_stage2_time_seconds": 343.56761741638184,
    "cascade_total_time_seconds": 516.5504071712494,
    "cascade_stage1_combined_score": 0.86230587770975
  },
  "language": "python",
  "timestamp": 1781991716.8021178,
  "saved_at": 1781991716.8076904
}