{
  "id": "ad208230-f9a5-47ed-8046-16e6079d1e20",
  "generation": 1,
  "iteration": 12,
  "current_iteration": 19,
  "metrics": {
    "equation": "d(c)/dt = -x4*(4.34226846178791e-7*x0**2 + 0.000219655828345282*x0)/(0.169402657115846*x4 + 1) + (0.970577948054343 - x4)*(9.09998487279393*x1*x4*(0.942021553249379*x2 + x4 + 1)/(0.349071501618356*x1*x3 + 0.0887944262960518*x3 + 1) + 0.444786929970528*x1/(0.349071501618356*x1*x3 + 0.0887944262960518*x3 + 1) + 0.000293412199860517*x2 + 0.361553929863531)",
    "loss": 0.04538919341826651,
    "nmse_train": 0.01520562550503036,
    "nmse_val": 0.003410658687354124,
    "mean_nmse_val": 0.003410658687354124,
    "mean_raw_nmse_val": 0.003410658687354124,
    "scored_loss_val": 0.04538919341826651,
    "mean_scored_loss_val": 0.04538919341826651,
    "shape_loss_val": 0.1713247976110037,
    "shape_loss_weight": 0.25,
    "heldout_curve_nmse": 0.003410658687354124,
    "heldout_curve_scored_loss": 0.04538919341826651,
    "heldout_curve_shape_loss": 0.1713247976110037,
    "eval_only_nmse": NaN,
    "eval_only_scored_loss": NaN,
    "eval_only_shape_loss": NaN,
    "combined_score": 0.9565815356576908,
    "fit_score": 0.9565815356576908,
    "eval_time": 6.902223110198975,
    "n_datasets": 1,
    "n_successful": 1,
    "eval_workers": 8,
    "hard_cases": [
      {
        "dataset": "Abeta42/inhibition_constraints",
        "scored_loss_val": 0.04538919341826651,
        "nmse_val": 0.003410658687354124,
        "shape_loss_val": 0.1713247976110037,
        "evaluation_only": false
      }
    ],
    "hard_case_feedback": "Abeta42/inhibition_constraints scored=0.04539 (nmse=0.003411, shape=0.1713)",
    "validation_semantics_feedback": "heldout_curve_scored_loss=0.04539, heldout_curve_nmse=0.003411, heldout_curve_shape=0.1713; eval_only_fit_score_scored_loss=nan, eval_only_nmse=nan, eval_only_shape=nan",
    "per_dataset": {
      "Abeta42/inhibition_constraints": {
        "nmse_train": 0.01520562550503036,
        "nmse_val": 0.003410658687354124,
        "shape_loss_val": 0.1713247976110037,
        "scored_loss_val": 0.04538919341826651,
        "n_val_points": 1805,
        "evaluation_only": false,
        "combined_score": 0.9565815356576908,
        "equation": "d(c)/dt = -x4*(4.34226846178791e-7*x0**2 + 0.000219655828345282*x0)/(0.169402657115846*x4 + 1) + (0.970577948054343 - x4)*(9.09998487279393*x1*x4*(0.942021553249379*x2 + x4 + 1)/(0.349071501618356*x1*x3 + 0.0887944262960518*x3 + 1) + 0.444786929970528*x1/(0.349071501618356*x1*x3 + 0.0887944262960518*x3 + 1) + 0.000293412199860517*x2 + 0.361553929863531)",
        "equation_template": "d(c)/dt = -x4*(c7**2*x0 + c8**2*x0**2)/(c9**2*x4 + 1) + (c0 - x4)*(c3**2 + c4**2*x1/(c1**2*x3 + c2**2*x1*x3 + 1) + c5**2*x2 + c6**2*x1*x4*(c0**2*x2 + x4 + 1)/(c1**2*x3 + c2**2*x1*x3 + 1))",
        "constants": {
          "c0": 0.9705779480543428,
          "c1": 0.29798393630538517,
          "c2": 0.5908227328212382,
          "c3": 0.6012935471660502,
          "c4": 0.6669234813458949,
          "c5": 0.017129279023371566,
          "c6": 3.0166181184886387,
          "c7": 0.014820790408924946,
          "c8": -0.0006589589108425436,
          "c9": 0.41158554046011625
        }
      }
    },
    "error": ""
  },
  "language": "python",
  "timestamp": 1784501738.8570912,
  "saved_at": 1784502636.454684
}