{
  "program_id": "034c192a-a34e-46c0-9bd9-7d38b9e46402",
  "iteration_found": 19,
  "dataset": "Abeta42/inhibition_constraints",
  "plot": "outputs_diff_inhibited_norm/adaevolve/disease_relevant_inhibited_all_normalized_ode_0720_0357/checkpoints/checkpoint_19/iteration_19_best_validation_curves.svg",
  "metrics": {
    "equation": "d(c)/dt = (0.97141921468028 - x4)*(6.10211484847763*x1*x4*(2.18659286662882e-7*x2 + x4 + 2.21547434813757)/((2.81527073540968e-6*x3 + 1)*(2.46591540036125e-8*x3**2 + 1.05396667573765*x3 + 1)) + 1.40721707577857e-6*x1/(2.81527073540968e-6*x3 + 1) + 1.20388516850745*x2 + 1.11456550531388e-7)",
    "loss": 0.04707369055987186,
    "nmse_train": 0.010282466485956807,
    "nmse_val": 0.0049819881683815775,
    "mean_nmse_val": 0.0049819881683815775,
    "mean_raw_nmse_val": 0.0049819881683815775,
    "scored_loss_val": 0.04707369055987186,
    "mean_scored_loss_val": 0.04707369055987186,
    "shape_loss_val": 0.1733487977343427,
    "shape_loss_weight": 0.25,
    "heldout_curve_nmse": 0.0049819881683815775,
    "heldout_curve_scored_loss": 0.04707369055987186,
    "heldout_curve_shape_loss": 0.1733487977343427,
    "eval_only_nmse": NaN,
    "eval_only_scored_loss": NaN,
    "eval_only_shape_loss": NaN,
    "combined_score": 0.9550426192690397,
    "fit_score": 0.9550426192690397,
    "eval_time": 16.989729642868042,
    "n_datasets": 1,
    "n_successful": 1,
    "eval_workers": 8,
    "hard_cases": [
      {
        "dataset": "Abeta42/inhibition_constraints",
        "scored_loss_val": 0.04707369055987186,
        "nmse_val": 0.004981988168381577,
        "shape_loss_val": 0.1733487977343427,
        "evaluation_only": false
      }
    ],
    "hard_case_feedback": "Abeta42/inhibition_constraints scored=0.04707 (nmse=0.004982, shape=0.1733)",
    "validation_semantics_feedback": "heldout_curve_scored_loss=0.04707, heldout_curve_nmse=0.004982, heldout_curve_shape=0.1733; eval_only_fit_score_scored_loss=nan, eval_only_nmse=nan, eval_only_shape=nan",
    "per_dataset": {
      "Abeta42/inhibition_constraints": {
        "nmse_train": 0.010282466485956807,
        "nmse_val": 0.004981988168381577,
        "shape_loss_val": 0.1733487977343427,
        "scored_loss_val": 0.04707369055987186,
        "n_val_points": 1805,
        "evaluation_only": false,
        "combined_score": 0.9550426192690397,
        "equation": "d(c)/dt = (0.97141921468028 - x4)*(6.10211484847763*x1*x4*(2.18659286662882e-7*x2 + x4 + 2.21547434813757)/((2.81527073540968e-6*x3 + 1)*(2.46591540036125e-8*x3**2 + 1.05396667573765*x3 + 1)) + 1.40721707577857e-6*x1/(2.81527073540968e-6*x3 + 1) + 1.20388516850745*x2 + 1.11456550531388e-7)",
        "equation_template": "d(c)/dt = (c0 - x4)*(c2**2 + c3**2*x1/(c1**2*x3 + 1) + c4**2*x2 + c7**2*x1*x4*(c8 + c9**2*x2 + x4)/((c1**2*x3 + 1)*(c5**2*x3 + c6**2*x3**2 + 1)))",
        "constants": {
          "c0": 0.9714192146802803,
          "c1": 0.0016778768534697877,
          "c2": -0.00033385109035524816,
          "c3": 0.001186261807434839,
          "c4": 1.0972170106717483,
          "c5": 1.0266287915978454,
          "c6": -0.00015703233426149062,
          "c7": -2.470245908503367,
          "c8": 2.2154743481375703,
          "c9": 0.00046761018665431356
        }
      }
    },
    "error": ""
  },
  "saved_at": 1784502636.477026
}