{
  "id": "412e5a63-adca-46de-971a-1ac81d551e21",
  "generation": 1,
  "iteration": 1,
  "current_iteration": 1,
  "metrics": {
    "combined_score": 0.684760679884723,
    "loss": 0.4603642255982725,
    "complexity": 0.0,
    "nmse_train": Infinity,
    "nmse_val": 0.4603642255982725,
    "eval_time": 43.936206102371216,
    "n_datasets": 60.0,
    "n_successful": 60.0
  },
  "language": "python",
  "timestamp": 1779807677.2300212,
  "saved_at": 1779807677.237004
}