{
  "id": "48cc2c6b-03e1-495f-96c7-e1e2e3b5e500",
  "generation": 1,
  "iteration": 2,
  "current_iteration": 2,
  "metrics": {
    "combined_score": 0.8626044208385681,
    "n_stage1_datasets": 5.0,
    "n_stage1_successful": 5.0,
    "eval_workers": 8.0,
    "stage1_full_selected_datasets": 1.0,
    "cascade_stage1_time_seconds": 128.12205910682678,
    "cascade_stage1_threshold": 0.15,
    "cascade_stage1_passed": 1.0,
    "loss": 0.159279938570063,
    "nmse_train": 0.02044432725159159,
    "nmse_val": 0.08191978261921813,
    "mean_nmse_val": 0.08191978261921813,
    "mean_raw_nmse_val": 0.08191978261921813,
    "scored_loss_val": 0.159279938570063,
    "mean_scored_loss_val": 0.159279938570063,
    "shape_loss_val": 0.3913604064225976,
    "shape_loss_weight": 0.25,
    "heldout_curve_nmse": 0.07809701839384285,
    "heldout_curve_scored_loss": 0.1290736488519316,
    "heldout_curve_shape_loss": 0.2820035402261977,
    "eval_only_nmse": 0.08244339879185096,
    "eval_only_scored_loss": 0.16341739013107143,
    "eval_only_shape_loss": 0.4063393641487329,
    "fit_score": 0.8626044208385681,
    "eval_time": 308.21830201148987,
    "n_datasets": 17.0,
    "n_successful": 17.0,
    "cascade_stage2_time_seconds": 308.2189974784851,
    "cascade_total_time_seconds": 436.3410565853119,
    "cascade_stage1_combined_score": 0.8823250642396205
  },
  "language": "python",
  "timestamp": 1781988676.755404,
  "saved_at": 1781988676.7603788
}