{
  "id": "cab768be-7ab7-427a-9f8b-253aa5a2a60b",
  "generation": 3,
  "iteration": 5,
  "current_iteration": 5,
  "metrics": {
    "combined_score": 0.8712082403667888,
    "loss": 0.14783120001136393,
    "complexity": 0.0,
    "nmse_train": Infinity,
    "nmse_val": 0.14783120001136393,
    "eval_time": 107.39648771286011,
    "n_datasets": 60.0,
    "n_successful": 60.0
  },
  "language": "python",
  "timestamp": 1779812991.8190305,
  "saved_at": 1779812991.8353143
}