{
  "program_id": "dc491eda-c600-43a0-979a-949be5077d29",
  "iteration_found": 17,
  "dataset": "Abeta42/inhibition_constraints",
  "plot": "outputs_diff_inhibited_norm/adaevolve/disease_relevant_inhibited_all_normalized_ode_0720_0357/checkpoints/checkpoint_17/iteration_17_best_validation_curves.svg",
  "metrics": {
    "equation": "d(c)/dt = (0.971372943508844 - x4)*(1.17134570745885*x2 + (2.94055221410437e-8*x2 + 1)*(x1*x4**2*(0.00250730999407797*x4 + 6.33383002296866) + 13.4545555571263*x1*x4)/(0.000274936734155713*x1*x3 + 1.05305337339915*x3 + 1) + 2.14773392418049e-7)",
    "loss": 0.04711542183037092,
    "nmse_train": 0.010281879532288112,
    "nmse_val": 0.004997927523665932,
    "mean_nmse_val": 0.004997927523665932,
    "mean_raw_nmse_val": 0.004997927523665932,
    "scored_loss_val": 0.04711542183037092,
    "mean_scored_loss_val": 0.04711542183037092,
    "shape_loss_val": 0.1734679047504859,
    "shape_loss_weight": 0.25,
    "heldout_curve_nmse": 0.004997927523665932,
    "heldout_curve_scored_loss": 0.04711542183037092,
    "heldout_curve_shape_loss": 0.1734679047504859,
    "eval_only_nmse": NaN,
    "eval_only_scored_loss": NaN,
    "eval_only_shape_loss": NaN,
    "combined_score": 0.9550045574269047,
    "fit_score": 0.9550045574269047,
    "eval_time": 18.99388337135315,
    "n_datasets": 1,
    "n_successful": 1,
    "eval_workers": 8,
    "hard_cases": [
      {
        "dataset": "Abeta42/inhibition_constraints",
        "scored_loss_val": 0.04711542183037092,
        "nmse_val": 0.004997927523665931,
        "shape_loss_val": 0.1734679047504859,
        "evaluation_only": false
      }
    ],
    "hard_case_feedback": "Abeta42/inhibition_constraints scored=0.04712 (nmse=0.004998, shape=0.1735)",
    "validation_semantics_feedback": "heldout_curve_scored_loss=0.04712, heldout_curve_nmse=0.004998, heldout_curve_shape=0.1735; eval_only_fit_score_scored_loss=nan, eval_only_nmse=nan, eval_only_shape=nan",
    "per_dataset": {
      "Abeta42/inhibition_constraints": {
        "nmse_train": 0.010281879532288112,
        "nmse_val": 0.004997927523665931,
        "shape_loss_val": 0.1734679047504859,
        "scored_loss_val": 0.04711542183037092,
        "n_val_points": 1805,
        "evaluation_only": false,
        "combined_score": 0.9550045574269047,
        "equation": "d(c)/dt = (0.971372943508844 - x4)*(1.17134570745885*x2 + (2.94055221410437e-8*x2 + 1)*(x1*x4**2*(0.00250730999407797*x4 + 6.33383002296866) + 13.4545555571263*x1*x4)/(0.000274936734155713*x1*x3 + 1.05305337339915*x3 + 1) + 2.14773392418049e-7)",
        "equation_template": "d(c)/dt = (c0 - x4)*(c3**2 + c5**2*x2 + (c8**2*x2 + 1)*(c4**2*x1*x4 + x1*x4**2*(c6**2 + c7**2*x4))/(c1**2*x3 + c2**2*x1*x3 + 1))",
        "constants": {
          "c0": 0.9713729435088443,
          "c1": 1.0261838886862074,
          "c2": -0.016581216305075832,
          "c3": -0.00046343650311347814,
          "c4": 3.668045195622084,
          "c5": 1.0822872573669402,
          "c6": 2.5167101587128906,
          "c7": 0.05007304658274723,
          "c8": 0.00017148038412904173
        }
      }
    },
    "error": ""
  },
  "saved_at": 1784502385.240545
}