{
  "id": "96b347e2-5efe-4457-8866-2af32639012c",
  "generation": 5,
  "iteration": 26,
  "current_iteration": 26,
  "metrics": {
    "combined_score": 0.8658714051913752,
    "loss": 0.15490590635566673,
    "complexity": 0.0,
    "nmse_train": Infinity,
    "nmse_val": 0.15490590635566673,
    "eval_time": 22.315160512924194,
    "n_datasets": 60.0,
    "n_successful": 60.0
  },
  "language": "python",
  "timestamp": 1779969806.5375547,
  "saved_at": 1779969806.5474887
}