{
  "program_id": "d587f6c5-183e-43f1-afc6-f876ed708552",
  "iteration_found": 4,
  "dataset": "Abeta42/inhibition_constraints",
  "plot": "outputs_diff_inhibited_norm/adaevolve/disease_relevant_inhibited_all_normalized_ode_0721_0426/checkpoints/checkpoint_4/iteration_4_best_validation_curves.svg",
  "metrics": {
    "equation": "d(c)/dt = -1.45368349074821e-9*x3*x4/(0.13656884724666*x4 + 1) + (0.97089677337426 - x4)*(15.4775046876339*x1*x4/(1.39361733843854*x3 + 1) + 2.71782533943118*x1*x4*sqrt(x4**2 + 1.52704850171967e-9)/(2.07849077349062e-7*x3 + 1) + 3.84908414330034e-9*x1 + 2.4821486486967*x2)",
    "loss": 0.044651811792338084,
    "nmse_train": 0.010164443369777145,
    "nmse_val": 0.0029078868168269287,
    "mean_nmse_val": 0.0029078868168269287,
    "mean_raw_nmse_val": 0.0029078868168269287,
    "scored_loss_val": 0.044651811792338084,
    "mean_scored_loss_val": 0.044651811792338084,
    "shape_loss_val": 0.16988358671887155,
    "shape_loss_weight": 0.25,
    "heldout_curve_nmse": 0.0029078868168269287,
    "heldout_curve_scored_loss": 0.044651811792338084,
    "heldout_curve_shape_loss": 0.16988358671887155,
    "eval_only_nmse": NaN,
    "eval_only_scored_loss": NaN,
    "eval_only_shape_loss": NaN,
    "combined_score": 0.9572567516867388,
    "fit_score": 0.9572567516867388,
    "eval_time": 14.937709093093872,
    "n_datasets": 1,
    "n_successful": 1,
    "eval_workers": 8,
    "hard_cases": [
      {
        "dataset": "Abeta42/inhibition_constraints",
        "scored_loss_val": 0.044651811792338084,
        "nmse_val": 0.0029078868168269287,
        "shape_loss_val": 0.16988358671887155,
        "evaluation_only": false
      }
    ],
    "hard_case_feedback": "Abeta42/inhibition_constraints scored=0.04465 (nmse=0.002908, shape=0.1699)",
    "validation_semantics_feedback": "heldout_curve_scored_loss=0.04465, heldout_curve_nmse=0.002908, heldout_curve_shape=0.1699; eval_only_fit_score_scored_loss=nan, eval_only_nmse=nan, eval_only_shape=nan",
    "per_dataset": {
      "Abeta42/inhibition_constraints": {
        "nmse_train": 0.010164443369777145,
        "nmse_val": 0.0029078868168269287,
        "shape_loss_val": 0.16988358671887155,
        "scored_loss_val": 0.044651811792338084,
        "n_val_points": 1805,
        "evaluation_only": false,
        "combined_score": 0.9572567516867388,
        "equation": "d(c)/dt = -1.45368349074821e-9*x3*x4/(0.13656884724666*x4 + 1) + (0.97089677337426 - x4)*(15.4775046876339*x1*x4/(1.39361733843854*x3 + 1) + 2.71782533943118*x1*x4*sqrt(x4**2 + 1.52704850171967e-9)/(2.07849077349062e-7*x3 + 1) + 3.84908414330034e-9*x1 + 2.4821486486967*x2)",
        "equation_template": "d(c)/dt = -c8**2*x3*x4/(c9**2*x4 + 1) + (c7 - x4)*(c3**2*x1 + c4**2*x2 + c5**2*x1*x4/(c2**2*x3 + 1) + c6**2*x1*x4*sqrt(c0**2 + x4**2)/(c1**2*x3 + 1))",
        "constants": {
          "c0": -3.907746795430421e-05,
          "c1": -0.0004559046801131376,
          "c2": 1.1805157086792808,
          "c3": 6.204098760739018e-05,
          "c4": 1.5754836237475465,
          "c5": 3.934145992160676,
          "c6": -1.6485828275919836,
          "c7": 0.9708967733742604,
          "c8": -3.812720145445e-05,
          "c9": -0.36955222533041243
        }
      }
    },
    "error": ""
  },
  "saved_at": 1784589007.98003
}