{
  "program_id": "37ee0438-d189-4caa-a5f0-21a0f08d5766",
  "iteration_found": 29,
  "dataset": "Abeta42/inhibition_constraints",
  "plot": "outputs_diff_inhibited_norm/adaevolve/disease_relevant_inhibited_all_normalized_ode_0720_0022/checkpoints/checkpoint_29/iteration_29_best_validation_curves.svg",
  "metrics": {
    "equation": "d(c)/dt = (0.961162678139751 - x4)*(186.482264802973*x1*x4*(0.096403275916751*x2 + 1)/(17.6288209109233*x3 + x4 + 8.92378804575049) + 1.40652621849263e-7*x1 + 3.6063804654736*x2 + 3.85403281461556e-9)/(4.59511275793838e-5*x3 + 1)",
    "loss": 0.09628012006116973,
    "nmse_train": 0.011088514593514643,
    "nmse_val": 0.051004747163527445,
    "mean_nmse_val": 0.051004747163527445,
    "mean_raw_nmse_val": 0.051004747163527445,
    "scored_loss_val": 0.09628012006116973,
    "mean_scored_loss_val": 0.09628012006116973,
    "shape_loss_val": 0.23210623875409658,
    "shape_loss_weight": 0.25,
    "heldout_curve_nmse": 0.051004747163527445,
    "heldout_curve_scored_loss": 0.09628012006116973,
    "heldout_curve_shape_loss": 0.23210623875409658,
    "eval_only_nmse": NaN,
    "eval_only_scored_loss": NaN,
    "eval_only_shape_loss": NaN,
    "combined_score": 0.9121756216323638,
    "fit_score": 0.9121756216323638,
    "eval_time": 98.92397999763489,
    "n_datasets": 1,
    "n_successful": 1,
    "eval_workers": 8,
    "hard_cases": [
      {
        "dataset": "Abeta42/inhibition_constraints",
        "scored_loss_val": 0.09628012006116973,
        "nmse_val": 0.051004747163527445,
        "shape_loss_val": 0.23210623875409658,
        "evaluation_only": false
      }
    ],
    "hard_case_feedback": "Abeta42/inhibition_constraints scored=0.09628 (nmse=0.051, shape=0.2321)",
    "validation_semantics_feedback": "heldout_curve_scored_loss=0.09628, heldout_curve_nmse=0.051, heldout_curve_shape=0.2321; eval_only_fit_score_scored_loss=nan, eval_only_nmse=nan, eval_only_shape=nan",
    "per_dataset": {
      "Abeta42/inhibition_constraints": {
        "nmse_train": 0.011088514593514643,
        "nmse_val": 0.051004747163527445,
        "shape_loss_val": 0.23210623875409658,
        "scored_loss_val": 0.09628012006116973,
        "n_val_points": 3610,
        "evaluation_only": false,
        "combined_score": 0.9121756216323638,
        "equation": "d(c)/dt = (0.961162678139751 - x4)*(186.482264802973*x1*x4*(0.096403275916751*x2 + 1)/(17.6288209109233*x3 + x4 + 8.92378804575049) + 1.40652621849263e-7*x1 + 3.6063804654736*x2 + 3.85403281461556e-9)/(4.59511275793838e-5*x3 + 1)",
        "equation_template": "d(c)/dt = (c0 - x4)*(c3**2 + c4**2*x1 + c5**2*x2 + c6**2*x1*x4*(c7**2*x2 + 1)/(c1**2 + c2**2*x3 + x4))/(c8**2*x3 + 1)",
        "constants": {
          "c0": 0.961162678139751,
          "c1": 2.9872710030645844,
          "c2": 4.198668945144794,
          "c3": -6.20808570705621e-05,
          "c4": -0.00037503682732401445,
          "c5": 1.8990472520381383,
          "c6": 13.655850936612213,
          "c7": 0.31048876938908926,
          "c8": -0.0067787261029919055
        }
      }
    },
    "error": ""
  },
  "saved_at": 1784491014.612302
}