{
  "id": "8aceae6c-714e-419f-8493-7333ef6fafb0",
  "generation": 1,
  "iteration": 1,
  "current_iteration": 1,
  "metrics": {
    "combined_score": 0.8302094144132858,
    "n_stage1_datasets": 8.0,
    "n_stage1_successful": 8.0,
    "eval_workers": 8.0,
    "stage1_full_selected_datasets": 1.0,
    "cascade_stage1_time_seconds": 42.40863227844238,
    "cascade_stage1_threshold": 0.15,
    "cascade_stage1_passed": 1.0,
    "loss": 0.17440248577407244,
    "complexity": 20.0,
    "nmse_train": 0.030432521223410433,
    "nmse_val": 0.10309444197440405,
    "mean_nmse_val": 0.10309444197440405,
    "mean_raw_nmse_val": 0.10309444197440405,
    "scored_loss_val": 0.17440248577407244,
    "mean_scored_loss_val": 0.17440248577407244,
    "shape_loss_val": 0.38832661717307765,
    "shape_loss_weight": 0.25,
    "heldout_curve_nmse": 0.22317343077474616,
    "heldout_curve_scored_loss": 0.2482043408411,
    "heldout_curve_shape_loss": 0.32329707104016153,
    "eval_only_nmse": 0.08344724413777546,
    "eval_only_scored_loss": 0.16232710388005078,
    "eval_only_shape_loss": 0.3989666831068768,
    "fit_score": 0.8514968352956778,
    "parsimony_weight": 0.2,
    "parsimony_penalty_factor": 0.975,
    "eval_time": 120.74460482597351,
    "n_datasets": 22.0,
    "n_successful": 22.0,
    "cascade_stage2_time_seconds": 120.74509835243225,
    "cascade_total_time_seconds": 163.15373063087463,
    "cascade_stage1_combined_score": 0.7418231471154955
  },
  "language": "python",
  "timestamp": 1781888327.5747976,
  "saved_at": 1781888327.5771084
}