{
  "id": "ca082ada-706b-40c6-92bb-8b31e5049218",
  "generation": 3,
  "iteration": 26,
  "current_iteration": 28,
  "metrics": {
    "equation": "d(c)/dt = (0.920772917731124 - x4)*(17372379.3091599*x1*(333207.984721556*x2 + x4) + 12672.5151302291*x1)/(2088346.99132841*x3/(x4 + 0.823302714989715) + 1)",
    "loss": 0.1286835815817205,
    "nmse_train": 0.06848761065391447,
    "nmse_val": 0.07547803245552814,
    "mean_nmse_val": 0.07547803245552814,
    "mean_raw_nmse_val": 0.07547803245552814,
    "scored_loss_val": 0.1286835815817205,
    "mean_scored_loss_val": 0.1286835815817205,
    "shape_loss_val": 0.2883002289602975,
    "shape_loss_weight": 0.25,
    "heldout_curve_nmse": 0.07547803245552814,
    "heldout_curve_scored_loss": 0.1286835815817205,
    "heldout_curve_shape_loss": 0.2883002289602975,
    "eval_only_nmse": NaN,
    "eval_only_scored_loss": NaN,
    "eval_only_shape_loss": NaN,
    "combined_score": 0.8859879033578346,
    "fit_score": 0.8859879033578346,
    "eval_time": 22.968901872634888,
    "n_datasets": 1,
    "n_successful": 1,
    "eval_workers": 8,
    "hard_cases": [
      {
        "dataset": "Abeta42/inhibition_constraints",
        "scored_loss_val": 0.1286835815817205,
        "nmse_val": 0.07547803245552814,
        "shape_loss_val": 0.2883002289602975,
        "evaluation_only": false
      }
    ],
    "hard_case_feedback": "Abeta42/inhibition_constraints scored=0.1287 (nmse=0.07548, shape=0.2883)",
    "validation_semantics_feedback": "heldout_curve_scored_loss=0.1287, heldout_curve_nmse=0.07548, heldout_curve_shape=0.2883; eval_only_fit_score_scored_loss=nan, eval_only_nmse=nan, eval_only_shape=nan",
    "per_dataset": {
      "Abeta42/inhibition_constraints": {
        "nmse_train": 0.06848761065391447,
        "nmse_val": 0.07547803245552814,
        "shape_loss_val": 0.2883002289602975,
        "scored_loss_val": 0.1286835815817205,
        "n_val_points": 12274,
        "evaluation_only": false,
        "combined_score": 0.8859879033578346,
        "equation": "d(c)/dt = (0.920772917731124 - x4)*(17372379.3091599*x1*(333207.984721556*x2 + x4) + 12672.5151302291*x1)/(2088346.99132841*x3/(x4 + 0.823302714989715) + 1)",
        "equation_template": "d(c)/dt = (c3 - x4)*(c0**2*x1 + c1**2*x1*(c2**2*x2 + x4))/(c4**2*x3/(c5**2 + x4) + 1)",
        "constants": {
          "c0": 112.57226625696514,
          "c1": -4168.018631095579,
          "c2": -577.241703900157,
          "c3": 0.920772917731124,
          "c4": -1445.1114113895887,
          "c5": 0.907360300536515
        }
      }
    },
    "error": ""
  },
  "language": "python",
  "timestamp": 1783148306.523922,
  "saved_at": 1783148476.218324
}