{
  "program_id": "55e5d01b-d1cd-421d-9239-06de1650228d",
  "iteration_found": 28,
  "dataset": "Abeta42/inhibition_constraints",
  "plot": "outputs_diff_inhibited_norm/adaevolve/disease_relevant_inhibited_all_normalized_ode_0704_1057/checkpoints/checkpoint_28/iteration_28_best_validation_curves.svg",
  "metrics": {
    "equation": "d(c)/dt = (-x4 + 0.921655724555384/(4.56575011873614e-5*x3 + 1))*(17032335.3003978*x1*(376995.945184545*x2 + x4)/(1774496.60304104*x3 + 1) + 76587.0334401986*x1/(1774496.60304104*x3 + 1))",
    "loss": 0.1300557139170545,
    "nmse_train": 0.06941727443343867,
    "nmse_val": 0.07696360256042059,
    "mean_nmse_val": 0.07696360256042059,
    "mean_raw_nmse_val": 0.07696360256042059,
    "scored_loss_val": 0.1300557139170545,
    "mean_scored_loss_val": 0.1300557139170545,
    "shape_loss_val": 0.2893320479869563,
    "shape_loss_weight": 0.25,
    "heldout_curve_nmse": 0.07696360256042059,
    "heldout_curve_scored_loss": 0.1300557139170545,
    "heldout_curve_shape_loss": 0.2893320479869563,
    "eval_only_nmse": NaN,
    "eval_only_scored_loss": NaN,
    "eval_only_shape_loss": NaN,
    "combined_score": 0.8849121221941803,
    "fit_score": 0.8849121221941803,
    "eval_time": 26.61498999595642,
    "n_datasets": 1,
    "n_successful": 1,
    "eval_workers": 8,
    "hard_cases": [
      {
        "dataset": "Abeta42/inhibition_constraints",
        "scored_loss_val": 0.1300557139170545,
        "nmse_val": 0.07696360256042059,
        "shape_loss_val": 0.2893320479869563,
        "evaluation_only": false
      }
    ],
    "hard_case_feedback": "Abeta42/inhibition_constraints scored=0.1301 (nmse=0.07696, shape=0.2893)",
    "validation_semantics_feedback": "heldout_curve_scored_loss=0.1301, heldout_curve_nmse=0.07696, heldout_curve_shape=0.2893; eval_only_fit_score_scored_loss=nan, eval_only_nmse=nan, eval_only_shape=nan",
    "per_dataset": {
      "Abeta42/inhibition_constraints": {
        "nmse_train": 0.06941727443343867,
        "nmse_val": 0.07696360256042059,
        "shape_loss_val": 0.2893320479869563,
        "scored_loss_val": 0.1300557139170545,
        "n_val_points": 12274,
        "evaluation_only": false,
        "combined_score": 0.8849121221941803,
        "equation": "d(c)/dt = (-x4 + 0.921655724555384/(4.56575011873614e-5*x3 + 1))*(17032335.3003978*x1*(376995.945184545*x2 + x4)/(1774496.60304104*x3 + 1) + 76587.0334401986*x1/(1774496.60304104*x3 + 1))",
        "equation_template": "d(c)/dt = (c3/(c5**2*x3 + 1) - x4)*(c0**2*x1/(c4**2*x3 + 1) + c1**2*x1*(c2**2*x2 + x4)/(c4**2*x3 + 1))",
        "constants": {
          "c0": 276.7436240280859,
          "c1": 4127.024993914838,
          "c2": -613.9999553620058,
          "c3": 0.9216557245553845,
          "c4": 1332.1023245385627,
          "c5": 0.006757033460577313
        }
      }
    },
    "error": ""
  },
  "saved_at": 1783148476.269666
}