{
  "id": "1b235487-1425-4043-b930-d3b95c45d9c9",
  "generation": 4,
  "iteration": 23,
  "current_iteration": 25,
  "metrics": {
    "equation": "d(c)/dt = (0.971131610152623 - x4)*(4.27454079747909*x0*x1*x4*sqrt(x4**2 + 26.9378067587704)/((0.630280616007029*x3 + 1)*(x4*(5.75782247399896e-11*x3 + 0.51690124360185) + 1)*(x0 + 0.0318596295348236*x3 + 0.00335000061446729)) + 8.16054198286428e-6*x1/(0.142859242700246*x3**2 + 4.74773038474705*x3 + 1) + 7.5594353045018*x2)",
    "loss": 0.04323988372134259,
    "nmse_train": 0.009776818851489648,
    "nmse_val": 0.002393870920589053,
    "mean_nmse_val": 0.002393870920589053,
    "mean_raw_nmse_val": 0.002393870920589053,
    "scored_loss_val": 0.04323988372134259,
    "mean_scored_loss_val": 0.04323988372134259,
    "shape_loss_val": 0.1657779221236032,
    "shape_loss_weight": 0.25,
    "heldout_curve_nmse": 0.002393870920589053,
    "heldout_curve_scored_loss": 0.04323988372134259,
    "heldout_curve_shape_loss": 0.1657779221236032,
    "eval_only_nmse": NaN,
    "eval_only_scored_loss": NaN,
    "eval_only_shape_loss": NaN,
    "combined_score": 0.9585523095924002,
    "fit_score": 0.9585523095924002,
    "eval_time": 102.69983792304993,
    "n_datasets": 1,
    "n_successful": 1,
    "eval_workers": 8,
    "hard_cases": [
      {
        "dataset": "Abeta42/inhibition_constraints",
        "scored_loss_val": 0.04323988372134259,
        "nmse_val": 0.002393870920589053,
        "shape_loss_val": 0.1657779221236032,
        "evaluation_only": false
      }
    ],
    "hard_case_feedback": "Abeta42/inhibition_constraints scored=0.04324 (nmse=0.002394, shape=0.1658)",
    "validation_semantics_feedback": "heldout_curve_scored_loss=0.04324, heldout_curve_nmse=0.002394, heldout_curve_shape=0.1658; eval_only_fit_score_scored_loss=nan, eval_only_nmse=nan, eval_only_shape=nan",
    "per_dataset": {
      "Abeta42/inhibition_constraints": {
        "nmse_train": 0.009776818851489648,
        "nmse_val": 0.002393870920589053,
        "shape_loss_val": 0.1657779221236032,
        "scored_loss_val": 0.04323988372134259,
        "n_val_points": 1805,
        "evaluation_only": false,
        "combined_score": 0.9585523095924002,
        "equation": "d(c)/dt = (0.971131610152623 - x4)*(4.27454079747909*x0*x1*x4*sqrt(x4**2 + 26.9378067587704)/((0.630280616007029*x3 + 1)*(x4*(5.75782247399896e-11*x3 + 0.51690124360185) + 1)*(x0 + 0.0318596295348236*x3 + 0.00335000061446729)) + 8.16054198286428e-6*x1/(0.142859242700246*x3**2 + 4.74773038474705*x3 + 1) + 7.5594353045018*x2)",
        "equation_template": "d(c)/dt = (c5 - x4)*(c2**2*x1/(c10**2*x3 + c11**2*x3**2 + 1) + c3**2*x2 + c4**2*x0*x1*x4*sqrt(c0**2 + x4**2)/((c1**2*x3 + 1)*(c6**2*(c7**2*x3 + 1) + x0)*(x4*(c8**2 + c9**2*x3) + 1)))",
        "constants": {
          "c0": 5.19016442502262,
          "c1": 0.7939021451079652,
          "c2": -0.002856666235818298,
          "c3": 2.7494427261723047,
          "c4": -2.067496262990356,
          "c5": 0.971131610152623,
          "c6": 0.057879189822139826,
          "c7": 3.0838831738830925,
          "c8": 0.7189584435847803,
          "c9": 7.588031677582111e-06,
          "c10": -2.1789287241089483,
          "c11": -0.3779672508303417
        }
      }
    },
    "error": ""
  },
  "language": "python",
  "timestamp": 1784592202.224177,
  "saved_at": 1784592508.55922
}