{
  "program_id": "f5327dab-8029-46fe-876c-30d760b1a5e5",
  "iteration_found": 25,
  "dataset": "Abeta42/inhibition_constraints",
  "plot": "outputs_diff_inhibited_norm/adaevolve/disease_relevant_inhibited_all_normalized_ode_0721_0426/checkpoints/checkpoint_25/iteration_25_best_validation_curves.svg",
  "metrics": {
    "equation": "d(c)/dt = (0.971215310686536 - x4)*(3.11701400157457*x0**2*x1*x4*sqrt(x4**2 + 33.2272345570493)/((x0**2 + 1.04301197876488e-5*(5.00324400619521*x3 + 1)**2)*(0.858475081140783*x3 + 1)*(x4*(4.167418708928e-10*x3 + 0.270670699342353) + 1)) + 4.25555630931207e-7*x1 + 6.97010290593196*x2)",
    "loss": 0.04334327138307219,
    "nmse_train": 0.00999580949321853,
    "nmse_val": 0.002527048951768186,
    "mean_nmse_val": 0.002527048951768186,
    "mean_raw_nmse_val": 0.002527048951768186,
    "scored_loss_val": 0.04334327138307219,
    "mean_scored_loss_val": 0.04334327138307219,
    "shape_loss_val": 0.16579193867698416,
    "shape_loss_weight": 0.25,
    "heldout_curve_nmse": 0.002527048951768186,
    "heldout_curve_scored_loss": 0.04334327138307219,
    "heldout_curve_shape_loss": 0.16579193867698416,
    "eval_only_nmse": NaN,
    "eval_only_scored_loss": NaN,
    "eval_only_shape_loss": NaN,
    "combined_score": 0.9584573240927546,
    "fit_score": 0.9584573240927546,
    "eval_time": 53.18340706825256,
    "n_datasets": 1,
    "n_successful": 1,
    "eval_workers": 8,
    "hard_cases": [
      {
        "dataset": "Abeta42/inhibition_constraints",
        "scored_loss_val": 0.04334327138307218,
        "nmse_val": 0.002527048951768186,
        "shape_loss_val": 0.16579193867698416,
        "evaluation_only": false
      }
    ],
    "hard_case_feedback": "Abeta42/inhibition_constraints scored=0.04334 (nmse=0.002527, shape=0.1658)",
    "validation_semantics_feedback": "heldout_curve_scored_loss=0.04334, heldout_curve_nmse=0.002527, heldout_curve_shape=0.1658; eval_only_fit_score_scored_loss=nan, eval_only_nmse=nan, eval_only_shape=nan",
    "per_dataset": {
      "Abeta42/inhibition_constraints": {
        "nmse_train": 0.00999580949321853,
        "nmse_val": 0.002527048951768186,
        "shape_loss_val": 0.16579193867698416,
        "scored_loss_val": 0.04334327138307218,
        "n_val_points": 1805,
        "evaluation_only": false,
        "combined_score": 0.9584573240927546,
        "equation": "d(c)/dt = (0.971215310686536 - x4)*(3.11701400157457*x0**2*x1*x4*sqrt(x4**2 + 33.2272345570493)/((x0**2 + 1.04301197876488e-5*(5.00324400619521*x3 + 1)**2)*(0.858475081140783*x3 + 1)*(x4*(4.167418708928e-10*x3 + 0.270670699342353) + 1)) + 4.25555630931207e-7*x1 + 6.97010290593196*x2)",
        "equation_template": "d(c)/dt = (c5 - x4)*(c2**2*x1 + c3**2*x2 + c4**2*x0**2*x1*x4*sqrt(c0**2 + x4**2)/((c1**2*x3 + 1)*(c6**4*(c7**2*x3 + 1)**2 + x0**2)*(x4*(c8**2 + c9**2*x3) + 1)))",
        "constants": {
          "c0": 5.764306945075813,
          "c1": 0.9265393036136043,
          "c2": -0.0006523462507987665,
          "c3": 2.6400952456174687,
          "c4": 1.7655067265730175,
          "c5": 0.9712153106865355,
          "c6": -0.056829302282318944,
          "c7": -2.236793241717976,
          "c8": -0.5202602227177788,
          "c9": -2.04142565598848e-05
        }
      }
    },
    "error": ""
  },
  "saved_at": 1784592508.585066
}