{
  "id": "783beeb7-af7c-463f-b96c-f3dc74b7212f",
  "generation": 4,
  "iteration": 19,
  "current_iteration": 29,
  "metrics": {
    "equation": "d(c)/dt = (0.921536730624508 - x4)*(16726590.7815446*x1*x4 + 354.785136453415*x1 + 18900433.7624824*x2)/(1691088901361.38*x3**2/(1000000.0*x3 + 5.81472040546753e-6) + 1)",
    "loss": 0.06451228061540529,
    "nmse_train": 0.037146748550245134,
    "nmse_val": 0.05398662056587722,
    "mean_nmse_val": 0.05398662056587722,
    "mean_raw_nmse_val": 0.05398662056587722,
    "scored_loss_val": 0.06451228061540529,
    "mean_scored_loss_val": 0.06451228061540529,
    "shape_loss_val": 0.09608926076398952,
    "shape_loss_weight": 0.25,
    "heldout_curve_nmse": 0.05398662056587722,
    "heldout_curve_scored_loss": 0.06451228061540529,
    "heldout_curve_shape_loss": 0.09608926076398952,
    "eval_only_nmse": NaN,
    "eval_only_scored_loss": NaN,
    "eval_only_shape_loss": NaN,
    "combined_score": 0.9393973354838987,
    "fit_score": 0.9393973354838987,
    "eval_time": 98.46875381469727,
    "n_datasets": 1,
    "n_successful": 1,
    "eval_workers": 8,
    "hard_cases": [
      {
        "dataset": "Abeta42/inhibition_constraints",
        "scored_loss_val": 0.06451228061540529,
        "nmse_val": 0.05398662056587722,
        "shape_loss_val": 0.09608926076398952,
        "evaluation_only": false
      }
    ],
    "hard_case_feedback": "Abeta42/inhibition_constraints scored=0.06451 (nmse=0.05399, shape=0.09609)",
    "validation_semantics_feedback": "heldout_curve_scored_loss=0.06451, heldout_curve_nmse=0.05399, heldout_curve_shape=0.09609; eval_only_fit_score_scored_loss=nan, eval_only_nmse=nan, eval_only_shape=nan",
    "per_dataset": {
      "Abeta42/inhibition_constraints": {
        "nmse_train": 0.037146748550245134,
        "nmse_val": 0.05398662056587722,
        "shape_loss_val": 0.09608926076398952,
        "scored_loss_val": 0.06451228061540529,
        "n_val_points": 680,
        "evaluation_only": false,
        "combined_score": 0.9393973354838987,
        "equation": "d(c)/dt = (0.921536730624508 - x4)*(16726590.7815446*x1*x4 + 354.785136453415*x1 + 18900433.7624824*x2)/(1691088901361.38*x3**2/(1000000.0*x3 + 5.81472040546753e-6) + 1)",
        "equation_template": "d(c)/dt = (c4 - x4)*(1000000.0*c0**2*x2 + 1000000.0*c1**2*x1 + 1000000.0*c2**2*x1*x4)/(1000000000000.0*c3**2*x3**2/(c5**2 + 1000000.0*x3) + 1)",
        "constants": {
          "c0": 4.347462910995608,
          "c1": 0.018835740931893677,
          "c2": 4.089815494804696,
          "c3": 1.3004187407759766,
          "c4": 0.9215367306245084,
          "c5": 0.002411373136921685
        }
      }
    },
    "error": ""
  },
  "language": "python",
  "timestamp": 1783055032.347093,
  "saved_at": 1783057005.711715
}