{
  "id": "c5fa255b-0a9b-44ce-af44-0f960dcdf04e",
  "generation": 3,
  "iteration": 6,
  "current_iteration": 100,
  "metrics": {
    "combined_score": 0.8799464350017691,
    "n_stage1_datasets": 1.0,
    "n_stage1_successful": 1.0,
    "eval_workers": 8.0,
    "stage1_full_selected_datasets": 1.0,
    "cascade_stage1_time_seconds": 840.7263429164886,
    "cascade_stage1_threshold": 0.15,
    "cascade_stage1_passed": 1.0,
    "loss": 0.1364328102516713,
    "nmse_train": 0.16939615512799172,
    "nmse_val": 0.12851244182420735,
    "mean_nmse_val": 0.12851244182420735,
    "mean_raw_nmse_val": 0.12851244182420735,
    "scored_loss_val": 0.1364328102516713,
    "mean_scored_loss_val": 0.1364328102516713,
    "shape_loss_val": 0.1601939155340632,
    "shape_loss_weight": 0.25,
    "heldout_curve_nmse": 0.12851244182420735,
    "heldout_curve_scored_loss": 0.1364328102516713,
    "heldout_curve_shape_loss": 0.1601939155340632,
    "eval_only_nmse": NaN,
    "eval_only_scored_loss": NaN,
    "eval_only_shape_loss": NaN,
    "fit_score": 0.8799464350017691,
    "eval_time": 265.532190322876,
    "n_datasets": 1.0,
    "n_successful": 1.0,
    "cascade_stage2_time_seconds": 265.5331618785858,
    "cascade_total_time_seconds": 1106.2595047950745,
    "cascade_stage1_combined_score": 0.9385181584202784
  },
  "language": "python",
  "timestamp": 1783051863.4777253,
  "saved_at": 1783051863.531384
}