{
  "num_islands": 2,
  "current_island": 1,
  "iteration_count": 9,
  "global_best_score": 0.944369847585894,
  "decay": 0.9,
  "intensity_min": 0.15,
  "intensity_max": 0.5,
  "migration_interval": 15,
  "diversity_strategy_type": "code",
  "use_unified_archive": true,
  "use_adaptive_search": true,
  "use_ucb_selection": true,
  "fixed_intensity": 0.4,
  "adapter": {
    "states": [
      {
        "accumulated_signal": 0.18999999999999995,
        "best_score": 0.944369847585894,
        "improvement_count": 2,
        "total_evaluations": 6,
        "decay": 0.9,
        "epsilon": 1e-08,
        "intensity_min": 0.15,
        "intensity_max": 0.5
      },
      {
        "accumulated_signal": 0.18999999999999995,
        "best_score": 0.944369847585894,
        "improvement_count": 1,
        "total_evaluations": 5,
        "decay": 0.9,
        "epsilon": 1e-08,
        "intensity_min": 0.15,
        "intensity_max": 0.5
      }
    ],
    "dimension_visits": [
      6,
      5
    ],
    "dimension_rewards": [
      1.24659,
      0.49213999508070894
    ],
    "decayed_visits": [
      4.68559,
      4.0951
    ],
    "global_best_score": 0.944369847585894,
    "ucb_exploration": 1.41,
    "min_visits": 3,
    "decay": 0.9,
    "epsilon": 1e-08
  },
  "island_config_names": [
    "balanced",
    "balanced"
  ],
  "islands": [
    [
      "0ffd5a9c-6677-40a9-845f-76059ca254b8",
      "ebafd93c-1285-47d9-ac19-014d55683e59",
      "c7081bde-1a3e-4986-8fa6-1a54ab56e795",
      "e4fed25f-1d7a-4eea-aa84-fc448d94b2f2",
      "cadad808-a0d9-4300-be5c-b6639850199e",
      "ae6d72a4-d4fa-4d68-8a00-6e041fecd8e8"
    ],
    [
      "b2e43a19-ea21-4f43-b538-983a0398dcc6",
      "cfd43bd1-e5e1-4be7-b939-6a98fba8338d",
      "6763e1cc-0889-4b59-8556-54a6b87506d2",
      "055b755c-42f8-4914-8c62-05197440f75a",
      "d0333ebb-163b-441a-8496-510337b0c5c5",
      "aeb78eb7-3b0a-4357-b4ef-ac5604e66ab6"
    ]
  ],
  "archive_genealogies": [
    {
      "parents": {
        "0ffd5a9c-6677-40a9-845f-76059ca254b8": [],
        "ebafd93c-1285-47d9-ac19-014d55683e59": [
          "0ffd5a9c-6677-40a9-845f-76059ca254b8"
        ],
        "c7081bde-1a3e-4986-8fa6-1a54ab56e795": [
          "ebafd93c-1285-47d9-ac19-014d55683e59"
        ],
        "e4fed25f-1d7a-4eea-aa84-fc448d94b2f2": [
          "ebafd93c-1285-47d9-ac19-014d55683e59"
        ],
        "cadad808-a0d9-4300-be5c-b6639850199e": [
          "c7081bde-1a3e-4986-8fa6-1a54ab56e795"
        ],
        "ae6d72a4-d4fa-4d68-8a00-6e041fecd8e8": [
          "e4fed25f-1d7a-4eea-aa84-fc448d94b2f2"
        ]
      },
      "children": {
        "0ffd5a9c-6677-40a9-845f-76059ca254b8": [
          "ebafd93c-1285-47d9-ac19-014d55683e59"
        ],
        "ebafd93c-1285-47d9-ac19-014d55683e59": [
          "c7081bde-1a3e-4986-8fa6-1a54ab56e795",
          "e4fed25f-1d7a-4eea-aa84-fc448d94b2f2"
        ],
        "c7081bde-1a3e-4986-8fa6-1a54ab56e795": [
          "cadad808-a0d9-4300-be5c-b6639850199e"
        ],
        "e4fed25f-1d7a-4eea-aa84-fc448d94b2f2": [
          "ae6d72a4-d4fa-4d68-8a00-6e041fecd8e8"
        ]
      }
    },
    {
      "parents": {
        "b2e43a19-ea21-4f43-b538-983a0398dcc6": [],
        "cfd43bd1-e5e1-4be7-b939-6a98fba8338d": [
          "b2e43a19-ea21-4f43-b538-983a0398dcc6"
        ],
        "6763e1cc-0889-4b59-8556-54a6b87506d2": [
          "cfd43bd1-e5e1-4be7-b939-6a98fba8338d"
        ],
        "055b755c-42f8-4914-8c62-05197440f75a": [
          "cfd43bd1-e5e1-4be7-b939-6a98fba8338d"
        ],
        "d0333ebb-163b-441a-8496-510337b0c5c5": [
          "cfd43bd1-e5e1-4be7-b939-6a98fba8338d"
        ],
        "aeb78eb7-3b0a-4357-b4ef-ac5604e66ab6": [
          "cfd43bd1-e5e1-4be7-b939-6a98fba8338d"
        ]
      },
      "children": {
        "b2e43a19-ea21-4f43-b538-983a0398dcc6": [
          "cfd43bd1-e5e1-4be7-b939-6a98fba8338d"
        ],
        "cfd43bd1-e5e1-4be7-b939-6a98fba8338d": [
          "6763e1cc-0889-4b59-8556-54a6b87506d2",
          "055b755c-42f8-4914-8c62-05197440f75a",
          "d0333ebb-163b-441a-8496-510337b0c5c5",
          "aeb78eb7-3b0a-4357-b4ef-ac5604e66ab6"
        ]
      }
    }
  ],
  "use_dynamic_islands": true,
  "max_islands": 5,
  "last_spawn_iteration": -30,
  "use_paradigm_breakthrough": true,
  "paradigm_tracker": {
    "window_size": 10,
    "improvement_threshold": 0.12,
    "max_paradigm_uses": 2,
    "max_tried_paradigms": 10,
    "num_paradigms_to_generate": 3,
    "improvement_history": [
      1.0,
      0.0,
      0.0,
      0.0,
      0.0,
      0.0,
      0.0,
      0.0,
      0.0,
      0.0
    ],
    "active_paradigms": [],
    "paradigm_usage_counts": {},
    "current_paradigm_index": 0,
    "tried_paradigms": [],
    "best_score_at_paradigm_gen": 0.0,
    "best_score_during_paradigm": 0.0
  }
}