{
  "num_islands": 2,
  "current_island": 0,
  "iteration_count": 16,
  "global_best_score": 0.9130137341492894,
  "decay": 0.9,
  "intensity_min": 0.15,
  "intensity_max": 0.5,
  "migration_interval": 15,
  "diversity_strategy_type": "code",
  "use_unified_archive": true,
  "use_adaptive_search": true,
  "use_ucb_selection": true,
  "fixed_intensity": 0.4,
  "adapter": {
    "states": [
      {
        "accumulated_signal": 0.0964484211989711,
        "best_score": 0.9130137341492894,
        "improvement_count": 3,
        "total_evaluations": 10,
        "decay": 0.9,
        "epsilon": 1e-08,
        "intensity_min": 0.15,
        "intensity_max": 0.5
      },
      {
        "accumulated_signal": 0.0964484211989711,
        "best_score": 0.9130137341492894,
        "improvement_count": 2,
        "total_evaluations": 11,
        "decay": 0.9,
        "epsilon": 1e-08,
        "intensity_min": 0.15,
        "intensity_max": 0.5
      }
    ],
    "dimension_visits": [
      10,
      11
    ],
    "dimension_rewards": [
      0.5665234704610286,
      0.10282339727824336
    ],
    "decayed_visits": [
      6.5132155990000005,
      6.861894039100001
    ],
    "global_best_score": 0.9130137341492894,
    "ucb_exploration": 1.41,
    "min_visits": 3,
    "decay": 0.9,
    "epsilon": 1e-08
  },
  "island_config_names": [
    "balanced",
    "balanced"
  ],
  "islands": [
    [
      "da9889b8-eb6e-4ee7-b733-138e7f81ae43",
      "2e62f25a-6e13-4fa1-85bd-a1eb1c30e5b7",
      "a4eab951-a4e9-44c6-9735-9f5375a1c710",
      "69d9c01c-b353-462f-9fe1-f167e2e434ab",
      "eed69564-e405-4f92-8bb4-952971dbbe64",
      "1538d125-806c-4291-bc81-c2b562ad2d07",
      "d2379abe-716f-4009-a84f-cfce6cf649a0",
      "7d109503-7307-49a8-99f5-ccf19f2374b8",
      "76b36a78-8937-4a85-89fb-8b70b96e908b",
      "85a6aef4-24be-4af5-92cb-3ec9c13c393f",
      "04df4a93-5744-4619-8472-8e061c2793e5",
      "a0df38df-b915-4109-9333-37fd956ce846",
      "b34d14ad-369c-4a92-aa9b-afb58ec3d391"
    ],
    [
      "69d50cd3-70b6-4ff1-87ec-a19621833a2f",
      "f47fc07c-96de-42ca-ac18-f76ac9e4d2b5",
      "7cf013c1-8bba-4f27-8cc1-e65de38b5b9c",
      "f49a917f-3fbc-4ba3-becd-a24e9775aa4a",
      "829020a6-1737-438e-8bde-1379f3612fcf",
      "906b7f12-1324-4427-a929-e351a1dbfb7d",
      "a6ed1a63-fb86-4680-b91e-b4bb09dc3350",
      "70dfaa41-52d0-43f2-b058-6dfab5a1479b",
      "91a2bd97-ef12-46d3-a93c-539b6f5bd3f7",
      "849ea0de-72de-4400-af83-4461e02ad2cc",
      "5eb94f32-d55f-4601-953a-be8618d4ccd7",
      "d6a44252-f2c8-4369-a4f1-9484f56d0c33"
    ]
  ],
  "archive_genealogies": [
    {
      "parents": {
        "da9889b8-eb6e-4ee7-b733-138e7f81ae43": [],
        "2e62f25a-6e13-4fa1-85bd-a1eb1c30e5b7": [
          "da9889b8-eb6e-4ee7-b733-138e7f81ae43"
        ],
        "a4eab951-a4e9-44c6-9735-9f5375a1c710": [
          "2e62f25a-6e13-4fa1-85bd-a1eb1c30e5b7"
        ],
        "69d9c01c-b353-462f-9fe1-f167e2e434ab": [
          "a4eab951-a4e9-44c6-9735-9f5375a1c710"
        ],
        "eed69564-e405-4f92-8bb4-952971dbbe64": [
          "69d9c01c-b353-462f-9fe1-f167e2e434ab"
        ],
        "1538d125-806c-4291-bc81-c2b562ad2d07": [
          "a4eab951-a4e9-44c6-9735-9f5375a1c710"
        ],
        "d2379abe-716f-4009-a84f-cfce6cf649a0": [
          "eed69564-e405-4f92-8bb4-952971dbbe64"
        ],
        "7d109503-7307-49a8-99f5-ccf19f2374b8": [
          "eed69564-e405-4f92-8bb4-952971dbbe64"
        ],
        "76b36a78-8937-4a85-89fb-8b70b96e908b": [
          "eed69564-e405-4f92-8bb4-952971dbbe64"
        ],
        "85a6aef4-24be-4af5-92cb-3ec9c13c393f": [
          "906b7f12-1324-4427-a929-e351a1dbfb7d"
        ],
        "04df4a93-5744-4619-8472-8e061c2793e5": [
          "f47fc07c-96de-42ca-ac18-f76ac9e4d2b5"
        ],
        "a0df38df-b915-4109-9333-37fd956ce846": [
          "7cf013c1-8bba-4f27-8cc1-e65de38b5b9c"
        ],
        "b34d14ad-369c-4a92-aa9b-afb58ec3d391": [
          "eed69564-e405-4f92-8bb4-952971dbbe64"
        ]
      },
      "children": {
        "da9889b8-eb6e-4ee7-b733-138e7f81ae43": [
          "2e62f25a-6e13-4fa1-85bd-a1eb1c30e5b7"
        ],
        "2e62f25a-6e13-4fa1-85bd-a1eb1c30e5b7": [
          "a4eab951-a4e9-44c6-9735-9f5375a1c710"
        ],
        "a4eab951-a4e9-44c6-9735-9f5375a1c710": [
          "69d9c01c-b353-462f-9fe1-f167e2e434ab",
          "1538d125-806c-4291-bc81-c2b562ad2d07"
        ],
        "69d9c01c-b353-462f-9fe1-f167e2e434ab": [
          "eed69564-e405-4f92-8bb4-952971dbbe64"
        ],
        "eed69564-e405-4f92-8bb4-952971dbbe64": [
          "d2379abe-716f-4009-a84f-cfce6cf649a0",
          "7d109503-7307-49a8-99f5-ccf19f2374b8",
          "76b36a78-8937-4a85-89fb-8b70b96e908b",
          "b34d14ad-369c-4a92-aa9b-afb58ec3d391"
        ],
        "906b7f12-1324-4427-a929-e351a1dbfb7d": [
          "85a6aef4-24be-4af5-92cb-3ec9c13c393f"
        ],
        "f47fc07c-96de-42ca-ac18-f76ac9e4d2b5": [
          "04df4a93-5744-4619-8472-8e061c2793e5"
        ],
        "7cf013c1-8bba-4f27-8cc1-e65de38b5b9c": [
          "a0df38df-b915-4109-9333-37fd956ce846"
        ]
      }
    },
    {
      "parents": {
        "69d50cd3-70b6-4ff1-87ec-a19621833a2f": [],
        "f47fc07c-96de-42ca-ac18-f76ac9e4d2b5": [
          "69d50cd3-70b6-4ff1-87ec-a19621833a2f"
        ],
        "7cf013c1-8bba-4f27-8cc1-e65de38b5b9c": [
          "69d50cd3-70b6-4ff1-87ec-a19621833a2f"
        ],
        "f49a917f-3fbc-4ba3-becd-a24e9775aa4a": [
          "f47fc07c-96de-42ca-ac18-f76ac9e4d2b5"
        ],
        "829020a6-1737-438e-8bde-1379f3612fcf": [
          "f47fc07c-96de-42ca-ac18-f76ac9e4d2b5"
        ],
        "906b7f12-1324-4427-a929-e351a1dbfb7d": [
          "69d50cd3-70b6-4ff1-87ec-a19621833a2f"
        ],
        "a6ed1a63-fb86-4680-b91e-b4bb09dc3350": [
          "eed69564-e405-4f92-8bb4-952971dbbe64"
        ],
        "70dfaa41-52d0-43f2-b058-6dfab5a1479b": [
          "eed69564-e405-4f92-8bb4-952971dbbe64"
        ],
        "91a2bd97-ef12-46d3-a93c-539b6f5bd3f7": [
          "eed69564-e405-4f92-8bb4-952971dbbe64"
        ],
        "849ea0de-72de-4400-af83-4461e02ad2cc": [
          "1538d125-806c-4291-bc81-c2b562ad2d07"
        ],
        "5eb94f32-d55f-4601-953a-be8618d4ccd7": [
          "2e62f25a-6e13-4fa1-85bd-a1eb1c30e5b7"
        ],
        "d6a44252-f2c8-4369-a4f1-9484f56d0c33": [
          "eed69564-e405-4f92-8bb4-952971dbbe64"
        ]
      },
      "children": {
        "69d50cd3-70b6-4ff1-87ec-a19621833a2f": [
          "f47fc07c-96de-42ca-ac18-f76ac9e4d2b5",
          "7cf013c1-8bba-4f27-8cc1-e65de38b5b9c",
          "906b7f12-1324-4427-a929-e351a1dbfb7d"
        ],
        "f47fc07c-96de-42ca-ac18-f76ac9e4d2b5": [
          "f49a917f-3fbc-4ba3-becd-a24e9775aa4a",
          "829020a6-1737-438e-8bde-1379f3612fcf"
        ],
        "eed69564-e405-4f92-8bb4-952971dbbe64": [
          "a6ed1a63-fb86-4680-b91e-b4bb09dc3350",
          "70dfaa41-52d0-43f2-b058-6dfab5a1479b",
          "91a2bd97-ef12-46d3-a93c-539b6f5bd3f7",
          "d6a44252-f2c8-4369-a4f1-9484f56d0c33"
        ],
        "1538d125-806c-4291-bc81-c2b562ad2d07": [
          "849ea0de-72de-4400-af83-4461e02ad2cc"
        ],
        "2e62f25a-6e13-4fa1-85bd-a1eb1c30e5b7": [
          "5eb94f32-d55f-4601-953a-be8618d4ccd7"
        ]
      }
    }
  ],
  "use_dynamic_islands": true,
  "max_islands": 5,
  "last_spawn_iteration": -30,
  "use_paradigm_breakthrough": true,
  "paradigm_tracker": {
    "window_size": 10,
    "improvement_threshold": 0.12,
    "max_paradigm_uses": 2,
    "max_tried_paradigms": 10,
    "num_paradigms_to_generate": 3,
    "improvement_history": [
      0.0,
      0.0,
      0.0,
      0.0,
      0.0,
      0.0,
      0.0,
      0.0,
      0.0,
      0.0
    ],
    "active_paradigms": [
      {
        "idea": "Gompertz double-exponential with x1 linear midpoint shift: y = c0*exp(-exp(c1 - c2*x0 - c3*x1)) + c4",