{
  "program_id": "3de1dd34-b915-42ea-9c2c-5239ddfca5af",
  "iteration_found": 21,
  "dataset": "Abeta42/inhibition_constraints",
  "plot": "outputs_diff_inhibited_norm/adaevolve/disease_relevant_inhibited_all_normalized_ode_0720_0022/checkpoints/checkpoint_21/iteration_21_best_validation_curves.svg",
  "metrics": {
    "equation": "d(c)/dt = (0.960088849155848 - x4)*(0.294806555939089*x1*x2 + 0.00252534394595152*x2 + 1.37204255992079e-8 + (2.53049334548899*x1*x2*x4 + 18.055814068744*x1*(0.590568366638727*x4**2 + x4))/(5.27257654647649*x3/(x3 + 1.73205307297093) + 1))",
    "loss": 0.09460560003448609,
    "nmse_train": 0.008982956676694904,
    "nmse_val": 0.0464055013396995,
    "mean_nmse_val": 0.0464055013396995,
    "mean_raw_nmse_val": 0.0464055013396995,
    "scored_loss_val": 0.09460560003448609,
    "mean_scored_loss_val": 0.09460560003448609,
    "shape_loss_val": 0.23920589611884585,
    "shape_loss_weight": 0.25,
    "heldout_curve_nmse": 0.0464055013396995,
    "heldout_curve_scored_loss": 0.09460560003448609,
    "heldout_curve_shape_loss": 0.23920589611884585,
    "eval_only_nmse": NaN,
    "eval_only_scored_loss": NaN,
    "eval_only_shape_loss": NaN,
    "combined_score": 0.9135710615480995,
    "fit_score": 0.9135710615480995,
    "eval_time": 33.20134687423706,
    "n_datasets": 1,
    "n_successful": 1,
    "eval_workers": 8,
    "hard_cases": [
      {
        "dataset": "Abeta42/inhibition_constraints",
        "scored_loss_val": 0.09460560003448609,
        "nmse_val": 0.0464055013396995,
        "shape_loss_val": 0.23920589611884585,
        "evaluation_only": false
      }
    ],
    "hard_case_feedback": "Abeta42/inhibition_constraints scored=0.09461 (nmse=0.04641, shape=0.2392)",
    "validation_semantics_feedback": "heldout_curve_scored_loss=0.09461, heldout_curve_nmse=0.04641, heldout_curve_shape=0.2392; eval_only_fit_score_scored_loss=nan, eval_only_nmse=nan, eval_only_shape=nan",
    "per_dataset": {
      "Abeta42/inhibition_constraints": {
        "nmse_train": 0.008982956676694904,
        "nmse_val": 0.0464055013396995,
        "shape_loss_val": 0.23920589611884585,
        "scored_loss_val": 0.09460560003448609,
        "n_val_points": 3610,
        "evaluation_only": false,
        "combined_score": 0.9135710615480995,
        "equation": "d(c)/dt = (0.960088849155848 - x4)*(0.294806555939089*x1*x2 + 0.00252534394595152*x2 + 1.37204255992079e-8 + (2.53049334548899*x1*x2*x4 + 18.055814068744*x1*(0.590568366638727*x4**2 + x4))/(5.27257654647649*x3/(x3 + 1.73205307297093) + 1))",
        "equation_template": "d(c)/dt = (c0 - x4)*(c1**2 + c2**2*x2 + c3**2*x1*x2 + (c4**2*x1*(c5**2*x4**2 + x4) + c6**2*x1*x2*x4)/(c7**2*x3/(c8**2 + x3 + 1.0e-9) + 1))",
        "constants": {
          "c0": 0.9600888491558479,
          "c1": 0.00011713422044478675,
          "c2": 0.050252800379197944,
          "c3": 0.5429609156643684,
          "c4": 4.249213347049551,
          "c5": 0.7684844608960726,
          "c6": 1.5907524463250051,
          "c7": 2.2962091687118775,
          "c8": 1.316074873238953
        }
      }
    },
    "error": ""
  },
  "saved_at": 1784490058.139842
}