{
  "id": "5ddc69c2-5542-49bf-a93e-9e73d793908f",
  "generation": 2,
  "iteration": 4,
  "current_iteration": 9,
  "metrics": {
    "combined_score": 0.8338934974317685,
    "n_stage1_datasets": 8.0,
    "n_stage1_successful": 8.0,
    "eval_workers": 8.0,
    "stage1_full_selected_datasets": 1.0,
    "cascade_stage1_time_seconds": 61.055299520492554,
    "cascade_stage1_threshold": 0.15,
    "cascade_stage1_passed": 1.0,
    "loss": 0.1542241340942395,
    "complexity": 30.0,
    "nmse_train": 0.018527118236720774,
    "nmse_val": 0.07464194390809517,
    "mean_nmse_val": 0.07464194390809517,
    "mean_raw_nmse_val": 0.07464194390809517,
    "scored_loss_val": 0.1542241340942395,
    "mean_scored_loss_val": 0.1542241340942395,
    "shape_loss_val": 0.3929707046526725,
    "shape_loss_weight": 0.25,
    "heldout_curve_nmse": 0.15229395961233924,
    "heldout_curve_scored_loss": 0.19159917183817365,
    "heldout_curve_shape_loss": 0.30951480851567686,
    "eval_only_nmse": 0.06193660278058954,
    "eval_only_scored_loss": 0.1481088697333154,
    "eval_only_shape_loss": 0.40662567059149296,
    "fit_score": 0.8663828544745648,
    "parsimony_weight": 0.2,
    "parsimony_penalty_factor": 0.9625,
    "eval_time": 211.70129108428955,
    "n_datasets": 22.0,
    "n_successful": 22.0,
    "cascade_stage2_time_seconds": 211.70178127288818,
    "cascade_total_time_seconds": 272.75708079338074,
    "cascade_stage1_combined_score": 0.8039228539664802
  },
  "language": "python",
  "timestamp": 1781889155.0458694,
  "saved_at": 1781890886.6178794
}