{
  "program_id": "e5037cdc-251e-497d-99bc-7effd25e592f",
  "iteration_found": 18,
  "dataset": "Abeta42/inhibition_constraints",
  "plot": "outputs_diff_inhibited_norm/adaevolve/disease_relevant_inhibited_all_normalized_ode_0719_2131/checkpoints/checkpoint_18/iteration_18_best_validation_curves.svg",
  "metrics": {
    "equation": "d(c)/dt = (0.961023614457337 - x4)*(20.1994342121602*x1*x4*(0.0693116847537243*x2 + 1)/(8.89554144990426e-7*x3*x4 + 1.90844912162367*x3 + 1) + 4.53416914765607e-10*x1/(4.84583021926527*x3 + 1) + 3.74089986389076*x2 + 9.22876465839045e-10)",
    "loss": 0.09665899794270962,
    "nmse_train": 0.01079231345368121,
    "nmse_val": 0.051147784628351636,
    "mean_nmse_val": 0.051147784628351636,
    "mean_raw_nmse_val": 0.051147784628351636,
    "scored_loss_val": 0.09665899794270962,
    "mean_scored_loss_val": 0.09665899794270962,
    "shape_loss_val": 0.23319263788578354,
    "shape_loss_weight": 0.25,
    "heldout_curve_nmse": 0.051147784628351636,
    "heldout_curve_scored_loss": 0.09665899794270962,
    "heldout_curve_shape_loss": 0.23319263788578354,
    "eval_only_nmse": NaN,
    "eval_only_scored_loss": NaN,
    "eval_only_shape_loss": NaN,
    "combined_score": 0.9118604797625895,
    "fit_score": 0.9118604797625895,
    "eval_time": 16.132455825805664,
    "n_datasets": 1,
    "n_successful": 1,
    "eval_workers": 8,
    "hard_cases": [
      {
        "dataset": "Abeta42/inhibition_constraints",
        "scored_loss_val": 0.09665899794270962,
        "nmse_val": 0.051147784628351636,
        "shape_loss_val": 0.23319263788578354,
        "evaluation_only": false
      }
    ],
    "hard_case_feedback": "Abeta42/inhibition_constraints scored=0.09666 (nmse=0.05115, shape=0.2332)",
    "validation_semantics_feedback": "heldout_curve_scored_loss=0.09666, heldout_curve_nmse=0.05115, heldout_curve_shape=0.2332; eval_only_fit_score_scored_loss=nan, eval_only_nmse=nan, eval_only_shape=nan",
    "per_dataset": {
      "Abeta42/inhibition_constraints": {
        "nmse_train": 0.01079231345368121,
        "nmse_val": 0.051147784628351636,
        "shape_loss_val": 0.23319263788578354,
        "scored_loss_val": 0.09665899794270962,
        "n_val_points": 3610,
        "evaluation_only": false,
        "combined_score": 0.9118604797625895,
        "equation": "d(c)/dt = (0.961023614457337 - x4)*(20.1994342121602*x1*x4*(0.0693116847537243*x2 + 1)/(8.89554144990426e-7*x3*x4 + 1.90844912162367*x3 + 1) + 4.53416914765607e-10*x1/(4.84583021926527*x3 + 1) + 3.74089986389076*x2 + 9.22876465839045e-10)",
        "equation_template": "d(c)/dt = (c0 - x4)*(c3**2 + c4**2*x1/(c5**2*x3 + 1) + c6**2*x2 + c7**2*x1*x4*(c8**2*x2 + 1)/(c1**2*x3 + c2**2*x3*x4 + 1))",
        "constants": {
          "c0": 0.9610236144573374,
          "c1": 1.3814662940599274,
          "c2": 0.0009431617809211876,
          "c3": -3.0378881905676592e-05,
          "c4": -2.1293588583552733e-05,
          "c5": 2.201324651037476,
          "c6": 1.9341406008588828,
          "c7": -4.494378067337038,
          "c8": 0.2632711240408342
        }
      }
    },
    "error": ""
  },
  "saved_at": 1784479443.241523
}