{
  "program_id": "1f2c1144-2294-4aa9-92c4-d956fe7932d4",
  "iteration_found": 11,
  "dataset": "Abeta42/inhibition_constraints",
  "plot": "outputs_diff_inhibited_norm/adaevolve/disease_relevant_inhibited_all_normalized_ode_0719_2131/checkpoints/checkpoint_11/iteration_11_best_validation_curves.svg",
  "metrics": {
    "equation": "d(c)/dt = 1.35527905585261*(0.960855120814214 - x4)*(15.003522908789*x1*x4/(5.65861911221385*x3/(x4 + 2.62692474617991) + 1) + 9.36980847748271e-10*x1 + 2.93069212154801*x2)",
    "loss": 0.09693702113070253,
    "nmse_train": 0.010808452738415174,
    "nmse_val": 0.05125042097983355,
    "mean_nmse_val": 0.05125042097983355,
    "mean_raw_nmse_val": 0.05125042097983355,
    "scored_loss_val": 0.09693702113070253,
    "mean_scored_loss_val": 0.09693702113070253,
    "shape_loss_val": 0.23399682158330948,
    "shape_loss_weight": 0.25,
    "heldout_curve_nmse": 0.05125042097983355,
    "heldout_curve_scored_loss": 0.09693702113070253,
    "heldout_curve_shape_loss": 0.23399682158330948,
    "eval_only_nmse": NaN,
    "eval_only_scored_loss": NaN,
    "eval_only_shape_loss": NaN,
    "combined_score": 0.9116293649832498,
    "fit_score": 0.9116293649832498,
    "eval_time": 39.11300778388977,
    "n_datasets": 1,
    "n_successful": 1,
    "eval_workers": 8,
    "hard_cases": [
      {
        "dataset": "Abeta42/inhibition_constraints",
        "scored_loss_val": 0.09693702113070253,
        "nmse_val": 0.05125042097983355,
        "shape_loss_val": 0.23399682158330948,
        "evaluation_only": false
      }
    ],
    "hard_case_feedback": "Abeta42/inhibition_constraints scored=0.09694 (nmse=0.05125, shape=0.234)",
    "validation_semantics_feedback": "heldout_curve_scored_loss=0.09694, heldout_curve_nmse=0.05125, heldout_curve_shape=0.234; eval_only_fit_score_scored_loss=nan, eval_only_nmse=nan, eval_only_shape=nan",
    "per_dataset": {
      "Abeta42/inhibition_constraints": {
        "nmse_train": 0.010808452738415174,
        "nmse_val": 0.05125042097983355,
        "shape_loss_val": 0.23399682158330948,
        "scored_loss_val": 0.09693702113070253,
        "n_val_points": 3610,
        "evaluation_only": false,
        "combined_score": 0.9116293649832498,
        "equation": "d(c)/dt = 1.35527905585261*(0.960855120814214 - x4)*(15.003522908789*x1*x4/(5.65861911221385*x3/(x4 + 2.62692474617991) + 1) + 9.36980847748271e-10*x1 + 2.93069212154801*x2)",
        "equation_template": "d(c)/dt = c6**2*(c0**2 - x4)*(c1**2*x1 + c2**2*x2 + c3**2*x1*x4/(c4**2*x3/(c5**2 + x4 + 1) + 1))",
        "constants": {
          "c0": 0.9802321769939066,
          "c1": 3.061014289003354e-05,
          "c2": 1.7119264357874768,
          "c3": -3.8734381250755723,
          "c4": 2.3787852177558717,
          "c5": 1.275509602543199,
          "c6": 1.1641645312637752
        }
      }
    },
    "error": ""
  },
  "saved_at": 1784478623.9812438
}