{
  "num_islands": 4,
  "current_island": 3,
  "iteration_count": 7,
  "global_best_score": 0.9173940569258856,
  "decay": 0.9,
  "intensity_min": 0.15,
  "intensity_max": 0.5,
  "migration_interval": 15,
  "diversity_strategy_type": "code",
  "use_unified_archive": true,
  "use_adaptive_search": true,
  "use_ucb_selection": true,
  "fixed_intensity": 0.4,
  "adapter": {
    "states": [
      {
        "accumulated_signal": 0.0900443756757587,
        "best_score": 0.9170383284718306,
        "improvement_count": 2,
        "total_evaluations": 9,
        "decay": 0.9,
        "epsilon": 1e-08,
        "intensity_min": 0.15,
        "intensity_max": 0.5
      },
      {
        "accumulated_signal": 0.09999999999999998,
        "best_score": 0.9173940569258856,
        "improvement_count": 0,
        "total_evaluations": 3,
        "decay": 0.9,
        "epsilon": 1e-08,
        "intensity_min": 0.15,
        "intensity_max": 0.5
      },
      {
        "accumulated_signal": 0.09000571695943735,
        "best_score": 0.9134009879289866,
        "improvement_count": 1,
        "total_evaluations": 3,
        "decay": 0.9,
        "epsilon": 1e-08,
        "intensity_min": 0.15,
        "intensity_max": 0.5
      },
      {
        "accumulated_signal": 0.09999999999999998,
        "best_score": 0.9152645653301065,
        "improvement_count": 0,
        "total_evaluations": 1,
        "decay": 0.9,
        "epsilon": 1e-08,
        "intensity_min": 0.15,
        "intensity_max": 0.5
      }
    ],
    "dimension_visits": [
      9,
      3,
      3,
      1
    ],
    "dimension_rewards": [
      0.44033109508627777,
      0.0,
      0.006052039519852619,
      0.0
    ],
    "decayed_visits": [
      6.12579511,
      2.71,
      2.71,
      1.0
    ],
    "global_best_score": 0.9173940569258856,
    "ucb_exploration": 1.41,
    "min_visits": 3,
    "decay": 0.9,
    "epsilon": 1e-08
  },
  "island_config_names": [
    "balanced",
    "balanced",
    "balanced",
    "balanced"
  ],
  "islands": [
    [
      "3b9be0a0-7949-4a0f-9789-bf7efadf5e83",
      "a30975d6-f670-4a1d-a072-2fa1343d5c4e",
      "eb6d414b-fc41-42de-a44c-b88655642c66",
      "f7a0ac63-72b4-4697-baa8-c949f6b24f6f",
      "24175169-d311-417c-a453-6858d053feb3",
      "badc2160-c870-487a-869d-9c1f1683e56b",
      "6f6a0942-2880-4a23-852c-63717ed36870",
      "ba022f92-3368-424d-958f-a1bfa4840530",
      "52c18b2c-cbbd-43d9-a4fc-fafffdf45956"
    ],
    [
      "ee4607b9-e093-46ce-a871-9beb28787db8",
      "cf1147de-2283-44c7-bbfc-0d9521c43f68",
      "13350bfd-83a2-4371-994e-8cb6603db0a6",
      "62e7fb12-4de6-4e2e-a5cc-3a6b321e0346",
      "6c0256e7-bf4d-4086-b479-84d164e6d383",
      "b567bf66-284a-471f-af7e-3db3dda1a808",
      "0a74f7b3-cfbb-4df8-bd09-293e02f08989",
      "f62c29e0-5f57-4bb6-ad04-8bc0cf89ad2a",
      "5e492c73-7200-4ae8-98f8-1f3bddffaf50",
      "5bb7c4f0-8dc0-45c8-92b5-44009e6eca6a"
    ],
    [
      "4d044ad5-38ef-438c-9519-6eb9ae319cd5",
      "402f7413-94bc-4467-8311-93b342ed0ded",
      "31cba451-d4f0-46b0-b1cc-2c9827a46e18",
      "7266286f-73b5-40d2-ba3b-d376788cd4ba",
      "bbec297a-b345-40ea-96ba-1f3c97848344",
      "0e1495eb-4a89-42ed-81f4-46271a1c6f95",
      "1dee1980-ef76-458d-9b53-bb0b1fafff23",
      "d0fb6de9-0772-42de-ae23-6e96a0308614",
      "1bd10461-5929-415e-a982-5cb685472838"
    ],
    [
      "a1be5353-44d6-4aad-92fc-321d48f7637d",
      "59c819f5-3fb2-487c-8205-c9c5a63fffb6",
      "faf8c43e-ee05-48ba-8147-bda2b8b0d2c7",
      "1570ab87-f81c-433c-bf9e-586ab0b5fe90",
      "cdaa3cf5-6f00-45b7-8b95-f6cc354a082e"
    ]
  ],
  "archive_genealogies": [
    {
      "parents": {
        "3b9be0a0-7949-4a0f-9789-bf7efadf5e83": [],
        "a30975d6-f670-4a1d-a072-2fa1343d5c4e": [],
        "eb6d414b-fc41-42de-a44c-b88655642c66": [],
        "f7a0ac63-72b4-4697-baa8-c949f6b24f6f": [],
        "24175169-d311-417c-a453-6858d053feb3": [],
        "badc2160-c870-487a-869d-9c1f1683e56b": [],
        "6f6a0942-2880-4a23-852c-63717ed36870": [],
        "ba022f92-3368-424d-958f-a1bfa4840530": [],
        "52c18b2c-cbbd-43d9-a4fc-fafffdf45956": [
          "eb6d414b-fc41-42de-a44c-b88655642c66"
        ]
      },
      "children": {
        "eb6d414b-fc41-42de-a44c-b88655642c66": [
          "52c18b2c-cbbd-43d9-a4fc-fafffdf45956"
        ]
      }
    },
    {
      "parents": {
        "ee4607b9-e093-46ce-a871-9beb28787db8": [],
        "cf1147de-2283-44c7-bbfc-0d9521c43f68": [],
        "13350bfd-83a2-4371-994e-8cb6603db0a6": [],
        "62e7fb12-4de6-4e2e-a5cc-3a6b321e0346": [],
        "6c0256e7-bf4d-4086-b479-84d164e6d383": [],
        "b567bf66-284a-471f-af7e-3db3dda1a808": [],
        "0a74f7b3-cfbb-4df8-bd09-293e02f08989": [],
        "f62c29e0-5f57-4bb6-ad04-8bc0cf89ad2a": [
          "ee4607b9-e093-46ce-a871-9beb28787db8"
        ],
        "5e492c73-7200-4ae8-98f8-1f3bddffaf50": [
          "ee4607b9-e093-46ce-a871-9beb28787db8"
        ],
        "5bb7c4f0-8dc0-45c8-92b5-44009e6eca6a": [
          "ee4607b9-e093-46ce-a871-9beb28787db8"
        ]
      },
      "children": {
        "ee4607b9-e093-46ce-a871-9beb28787db8": [
          "f62c29e0-5f57-4bb6-ad04-8bc0cf89ad2a",
          "5e492c73-7200-4ae8-98f8-1f3bddffaf50",
          "5bb7c4f0-8dc0-45c8-92b5-44009e6eca6a"
        ]
      }
    },
    {
      "parents": {
        "4d044ad5-38ef-438c-9519-6eb9ae319cd5": [],
        "402f7413-94bc-4467-8311-93b342ed0ded": [],
        "31cba451-d4f0-46b0-b1cc-2c9827a46e18": [],
        "7266286f-73b5-40d2-ba3b-d376788cd4ba": [],
        "bbec297a-b345-40ea-96ba-1f3c97848344": [],
        "0e1495eb-4a89-42ed-81f4-46271a1c6f95": [],
        "1dee1980-ef76-458d-9b53-bb0b1fafff23": [
          "31cba451-d4f0-46b0-b1cc-2c9827a46e18"
        ],
        "d0fb6de9-0772-42de-ae23-6e96a0308614": [
          "31cba451-d4f0-46b0-b1cc-2c9827a46e18"
        ],
        "1bd10461-5929-415e-a982-5cb685472838": [
          "ee4607b9-e093-46ce-a871-9beb28787db8"
        ]
      },
      "children": {
        "31cba451-d4f0-46b0-b1cc-2c9827a46e18": [
          "1dee1980-ef76-458d-9b53-bb0b1fafff23",
          "d0fb6de9-0772-42de-ae23-6e96a0308614"
        ],
        "ee4607b9-e093-46ce-a871-9beb28787db8": [
          "1bd10461-5929-415e-a982-5cb685472838"
        ]
      }
    },
    {
      "parents": {
        "a1be5353-44d6-4aad-92fc-321d48f7637d": [],
        "59c819f5-3fb2-487c-8205-c9c5a63fffb6": [],
        "faf8c43e-ee05-48ba-8147-bda2b8b0d2c7": [],
        "1570ab87-f81c-433c-bf9e-586ab0b5fe90": [],
        "cdaa3cf5-6f00-45b7-8b95-f6cc354a082e": [
          "ee4607b9-e093-46ce-a871-9beb28787db8"
        ]
      },
      "children": {
        "ee4607b9-e093-46ce-a871-9beb28787db8": [
          "cdaa3cf5-6f00-45b7-8b95-f6cc354a082e"
        ]
      }
    }
  ],
  "use_dynamic_islands": true,
  "max_islands": 5,
  "last_spawn_iteration": -30,
  "use_paradigm_breakthrough": true,
  "paradigm_tracker": {
    "window_size": 10,
    "improvement_threshold": 0.12,
    "max_paradigm_uses": 2,
    "max_tried_paradigms": 10,
    "num_paradigms_to_generate": 3,
    "improvement_history": [
      0.0,
      0.0,
      0.0,
      0.0,
      0.0,
      0.0,
      0.0,
      0.0,
      0.0,
      0.0
    ],
    "active_paradigms": [
      {
        "idea": "Reformulate RHS as amyloid master-equation kinetics with c^2 secondary nucleation and inhibitor targeting the secondary/surface-catalyzed term specifically",