{
  "program_id": "cdaa3cf5-6f00-45b7-8b95-f6cc354a082e",
  "iteration_found": 8,
  "dataset": "Abeta42/inhibition_constraints",
  "plot": "outputs_diff_inhibited_norm/adaevolve/disease_relevant_inhibited_all_normalized_ode_0720_0022/checkpoints/checkpoint_8/iteration_8_best_validation_curves.svg",
  "metrics": {
    "equation": "d(c)/dt = (0.960895984352072 - x4)*(21.3098480865337*x1*x4*(0.290307354083179*x2 + 1)/(4.74348047405614*x3/(x3 + 1.45582900531198) + 1) + 8.12979400568588e-9*x1 + 0.0397322299823953*x2 + 1.81551327812671e-8)",
    "loss": 0.09316207050040287,
    "nmse_train": 0.009599719896783996,
    "nmse_val": 0.046298919510696715,
    "mean_nmse_val": 0.046298919510696715,
    "mean_raw_nmse_val": 0.046298919510696715,
    "scored_loss_val": 0.09316207050040287,
    "mean_scored_loss_val": 0.09316207050040287,
    "shape_loss_val": 0.23375152346952133,
    "shape_loss_weight": 0.25,
    "heldout_curve_nmse": 0.046298919510696715,
    "heldout_curve_scored_loss": 0.09316207050040287,
    "heldout_curve_shape_loss": 0.23375152346952133,
    "eval_only_nmse": NaN,
    "eval_only_scored_loss": NaN,
    "eval_only_shape_loss": NaN,
    "combined_score": 0.9147774396730055,
    "fit_score": 0.9147774396730055,
    "eval_time": 57.63458204269409,
    "n_datasets": 1,
    "n_successful": 1,
    "eval_workers": 8,
    "hard_cases": [
      {
        "dataset": "Abeta42/inhibition_constraints",
        "scored_loss_val": 0.09316207050040287,
        "nmse_val": 0.046298919510696715,
        "shape_loss_val": 0.2337515234695213,
        "evaluation_only": false
      }
    ],
    "hard_case_feedback": "Abeta42/inhibition_constraints scored=0.09316 (nmse=0.0463, shape=0.2338)",
    "validation_semantics_feedback": "heldout_curve_scored_loss=0.09316, heldout_curve_nmse=0.0463, heldout_curve_shape=0.2338; eval_only_fit_score_scored_loss=nan, eval_only_nmse=nan, eval_only_shape=nan",
    "per_dataset": {
      "Abeta42/inhibition_constraints": {
        "nmse_train": 0.009599719896783996,
        "nmse_val": 0.046298919510696715,
        "shape_loss_val": 0.2337515234695213,
        "scored_loss_val": 0.09316207050040287,
        "n_val_points": 3610,
        "evaluation_only": false,
        "combined_score": 0.9147774396730055,
        "equation": "d(c)/dt = (0.960895984352072 - x4)*(21.3098480865337*x1*x4*(0.290307354083179*x2 + 1)/(4.74348047405614*x3/(x3 + 1.45582900531198) + 1) + 8.12979400568588e-9*x1 + 0.0397322299823953*x2 + 1.81551327812671e-8)",
        "equation_template": "d(c)/dt = (c0 - x4)*(c1**2 + c2**2*x1 + c3**2*x2 + c4**2*x1*x4*(c5**2*x2 + 1)/(c6**2*x3/(c7**2 + x3 + 1.0e-9) + 1))",
        "constants": {
          "c0": 0.9608959843520719,
          "c1": 0.00013474098404445142,
          "c2": 9.016537032412099e-05,
          "c3": 0.19932945086563417,
          "c4": 4.616259100888263,
          "c5": -0.5388017762435262,
          "c6": 2.177953276371222,
          "c7": 1.2065773925911158
        }
      }
    },
    "error": ""
  },
  "saved_at": 1784488516.121182
}