{
  "id": "4c53ea76-e0b3-42b2-9b39-bdc6b8ea036b",
  "generation": 4,
  "iteration": 26,
  "current_iteration": 26,
  "metrics": {
    "combined_score": 0.9431661045291132,
    "n_stage1_datasets": 8.0,
    "n_stage1_successful": 8.0,
    "eval_workers": 8.0,
    "stage1_full_selected_datasets": 1.0,
    "cascade_stage1_time_seconds": 43.29962611198425,
    "cascade_stage1_threshold": 0.15,
    "cascade_stage1_passed": 1.0,
    "loss": 0.027125545911830442,
    "complexity": 25.0,
    "nmse_train": 0.0008606012721175425,
    "nmse_val": 0.027125545911830442,
    "mean_nmse_val": 0.027125545911830442,
    "mean_raw_nmse_val": 0.027125545911830442,
    "fit_score": 0.9735908175784395,
    "parsimony_weight": 0.2,
    "parsimony_penalty_factor": 0.96875,
    "eval_time": 244.15287685394287,
    "n_datasets": 24.0,
    "n_successful": 24.0,
    "cascade_stage2_time_seconds": 244.15328693389893,
    "cascade_total_time_seconds": 287.4529130458832,
    "cascade_stage1_combined_score": 0.9934506678725014
  },
  "language": "python",
  "timestamp": 1781259930.590329,
  "saved_at": 1781259930.608411
}