{
  "num_islands": 2,
  "current_island": 1,
  "iteration_count": 13,
  "global_best_score": 0.9262836937959532,
  "decay": 0.9,
  "intensity_min": 0.15,
  "intensity_max": 0.5,
  "migration_interval": 15,
  "diversity_strategy_type": "code",
  "use_unified_archive": true,
  "use_adaptive_search": true,
  "use_ucb_selection": true,
  "fixed_intensity": 0.4,
  "adapter": {
    "states": [
      {
        "accumulated_signal": 0.07429343868975964,
        "best_score": 0.9262836937959532,
        "improvement_count": 5,
        "total_evaluations": 8,
        "decay": 0.9,
        "epsilon": 1e-08,
        "intensity_min": 0.15,
        "intensity_max": 0.5
      },
      {
        "accumulated_signal": 0.0848280001000794,
        "best_score": 0.9215315298995524,
        "improvement_count": 3,
        "total_evaluations": 7,
        "decay": 0.9,
        "epsilon": 1e-08,
        "intensity_min": 0.15,
        "intensity_max": 0.5
      }
    ],
    "dimension_visits": [
      8,
      7
    ],
    "dimension_rewards": [
      0.769454521761753,
      0.2906021115049733
    ],
    "decayed_visits": [
      5.6953279000000006,
      5.217031
    ],
    "global_best_score": 0.9262836937959532,
    "ucb_exploration": 1.41,
    "min_visits": 3,
    "decay": 0.9,
    "epsilon": 1e-08
  },
  "island_config_names": [
    "balanced",
    "balanced"
  ],
  "islands": [
    [
      "722c9a7f-0e8f-4ef6-9a4f-fea879f33aaf",
      "cd5faca3-3d31-4491-af08-c45426484f54",
      "a4c3f8a5-25f6-45c5-9a38-cc4ca7fe9389",
      "bf833bd8-a336-4060-af6b-262f42b033ce",
      "ff81760f-2c78-48a0-8d5e-58a1d050a8a9",
      "ea31560a-d206-422f-bafb-bc94c54eb16a",
      "08ba6e64-b016-4891-92f8-c49f672f88fe",
      "03539971-ba34-46fb-9a36-fe65fb24a86b"
    ],
    [
      "9dac4430-930b-43f8-8dc2-28c482dbb91f",
      "646e0bae-6074-4929-b3e6-ac1f4aa61e3f",
      "9ed18592-f3eb-419c-a237-8c7a9b91d03a",
      "5bc5fb78-fae5-4504-a141-1f46c035a318",
      "33406ce1-422b-41fc-9936-eb6a2e79b57f",
      "fc0a7995-b4f9-462f-9ad0-17f830c6f67b",
      "66dcb74f-6add-4c06-8ba4-c87d5bce41d1",
      "15ffbbe0-1b58-4a4b-9144-db4ca2453d87"
    ]
  ],
  "archive_genealogies": [
    {
      "parents": {
        "722c9a7f-0e8f-4ef6-9a4f-fea879f33aaf": [],
        "cd5faca3-3d31-4491-af08-c45426484f54": [
          "722c9a7f-0e8f-4ef6-9a4f-fea879f33aaf"
        ],
        "a4c3f8a5-25f6-45c5-9a38-cc4ca7fe9389": [
          "cd5faca3-3d31-4491-af08-c45426484f54"
        ],
        "bf833bd8-a336-4060-af6b-262f42b033ce": [
          "a4c3f8a5-25f6-45c5-9a38-cc4ca7fe9389"
        ],
        "ff81760f-2c78-48a0-8d5e-58a1d050a8a9": [
          "a4c3f8a5-25f6-45c5-9a38-cc4ca7fe9389"
        ],
        "ea31560a-d206-422f-bafb-bc94c54eb16a": [
          "bf833bd8-a336-4060-af6b-262f42b033ce"
        ],
        "08ba6e64-b016-4891-92f8-c49f672f88fe": [
          "bf833bd8-a336-4060-af6b-262f42b033ce"
        ],
        "03539971-ba34-46fb-9a36-fe65fb24a86b": [
          "08ba6e64-b016-4891-92f8-c49f672f88fe"
        ]
      },
      "children": {
        "722c9a7f-0e8f-4ef6-9a4f-fea879f33aaf": [
          "cd5faca3-3d31-4491-af08-c45426484f54"
        ],
        "cd5faca3-3d31-4491-af08-c45426484f54": [
          "a4c3f8a5-25f6-45c5-9a38-cc4ca7fe9389"
        ],
        "a4c3f8a5-25f6-45c5-9a38-cc4ca7fe9389": [
          "bf833bd8-a336-4060-af6b-262f42b033ce",
          "ff81760f-2c78-48a0-8d5e-58a1d050a8a9"
        ],
        "bf833bd8-a336-4060-af6b-262f42b033ce": [
          "ea31560a-d206-422f-bafb-bc94c54eb16a",
          "08ba6e64-b016-4891-92f8-c49f672f88fe"
        ],
        "08ba6e64-b016-4891-92f8-c49f672f88fe": [
          "03539971-ba34-46fb-9a36-fe65fb24a86b"
        ]
      }
    },
    {
      "parents": {
        "9dac4430-930b-43f8-8dc2-28c482dbb91f": [],
        "646e0bae-6074-4929-b3e6-ac1f4aa61e3f": [
          "9dac4430-930b-43f8-8dc2-28c482dbb91f"
        ],
        "9ed18592-f3eb-419c-a237-8c7a9b91d03a": [
          "9dac4430-930b-43f8-8dc2-28c482dbb91f"
        ],
        "5bc5fb78-fae5-4504-a141-1f46c035a318": [
          "646e0bae-6074-4929-b3e6-ac1f4aa61e3f"
        ],
        "33406ce1-422b-41fc-9936-eb6a2e79b57f": [
          "5bc5fb78-fae5-4504-a141-1f46c035a318"
        ],
        "fc0a7995-b4f9-462f-9ad0-17f830c6f67b": [
          "646e0bae-6074-4929-b3e6-ac1f4aa61e3f"
        ],
        "66dcb74f-6add-4c06-8ba4-c87d5bce41d1": [
          "5bc5fb78-fae5-4504-a141-1f46c035a318"
        ],
        "15ffbbe0-1b58-4a4b-9144-db4ca2453d87": [
          "646e0bae-6074-4929-b3e6-ac1f4aa61e3f"
        ]
      },
      "children": {
        "9dac4430-930b-43f8-8dc2-28c482dbb91f": [
          "646e0bae-6074-4929-b3e6-ac1f4aa61e3f",
          "9ed18592-f3eb-419c-a237-8c7a9b91d03a"
        ],
        "646e0bae-6074-4929-b3e6-ac1f4aa61e3f": [
          "5bc5fb78-fae5-4504-a141-1f46c035a318",
          "fc0a7995-b4f9-462f-9ad0-17f830c6f67b",
          "15ffbbe0-1b58-4a4b-9144-db4ca2453d87"
        ],
        "5bc5fb78-fae5-4504-a141-1f46c035a318": [
          "33406ce1-422b-41fc-9936-eb6a2e79b57f",
          "66dcb74f-6add-4c06-8ba4-c87d5bce41d1"
        ]
      }
    }
  ],
  "use_dynamic_islands": true,
  "max_islands": 5,
  "last_spawn_iteration": -30,
  "use_paradigm_breakthrough": true,
  "paradigm_tracker": {
    "window_size": 10,
    "improvement_threshold": 0.12,
    "max_paradigm_uses": 2,
    "max_tried_paradigms": 10,
    "num_paradigms_to_generate": 3,
    "improvement_history": [
      1.0,
      0.0,
      0.0,
      0.0,
      0.0,
      0.0,
      1.0,
      0.0,
      1.0,
      0.0
    ],
    "active_paradigms": [],
    "paradigm_usage_counts": {},
    "current_paradigm_index": 0,
    "tried_paradigms": [],
    "best_score_at_paradigm_gen": 0.0,
    "best_score_during_paradigm": 0.0
  }
}