{
  "id": "7ab7b01c-900a-45fe-9a16-7da23c49cbe2",
  "generation": 2,
  "iteration": 14,
  "current_iteration": 14,
  "metrics": {
    "combined_score": 0.9319136335986442,
    "n_stage1_datasets": 8.0,
    "n_stage1_successful": 8.0,
    "eval_workers": 8.0,
    "stage1_full_selected_datasets": 1.0,
    "cascade_stage1_time_seconds": 1.7611935138702393,
    "cascade_stage1_threshold": 0.15,
    "cascade_stage1_passed": 1.0,
    "loss": 0.032821031154190314,
    "complexity": 30.0,
    "nmse_train": 0.009442305243331891,
    "nmse_val": 0.032821031154190314,
    "mean_nmse_val": 0.032821031154190314,
    "mean_raw_nmse_val": 0.032821031154190314,
    "fit_score": 0.9682219569856043,
    "parsimony_weight": 0.2,
    "parsimony_penalty_factor": 0.9625,
    "eval_time": 14.832213878631592,
    "n_datasets": 22.0,
    "n_successful": 22.0,
    "cascade_stage2_time_seconds": 14.832576036453247,
    "cascade_total_time_seconds": 16.593769550323486,
    "cascade_stage1_combined_score": 0.8154232598036191
  },
  "language": "python",
  "timestamp": 1781635758.8033335,
  "saved_at": 1781635758.81192
}