{
  "num_islands": 2,
  "current_island": 0,
  "iteration_count": 15,
  "global_best_score": 0.9128296693833188,
  "decay": 0.9,
  "intensity_min": 0.15,
  "intensity_max": 0.5,
  "migration_interval": 15,
  "diversity_strategy_type": "code",
  "use_unified_archive": true,
  "use_adaptive_search": true,
  "use_ucb_selection": true,
  "fixed_intensity": 0.4,
  "adapter": {
    "states": [
      {
        "accumulated_signal": 0.12263834149596667,
        "best_score": 0.9128296693833188,
        "improvement_count": 5,
        "total_evaluations": 11,
        "decay": 0.9,
        "epsilon": 1e-08,
        "intensity_min": 0.15,
        "intensity_max": 0.5
      },
      {
        "accumulated_signal": 0.09839823746933822,
        "best_score": 0.9128296693833188,
        "improvement_count": 5,
        "total_evaluations": 8,
        "decay": 0.9,
        "epsilon": 1e-08,
        "intensity_min": 0.15,
        "intensity_max": 0.5
      }
    ],
    "dimension_visits": [
      11,
      8
    ],
    "dimension_rewards": [
      0.5852453575836928,
      0.4508622546750506
    ],
    "decayed_visits": [
      6.861894039100001,
      5.6953279000000006
    ],
    "global_best_score": 0.9128296693833188,
    "ucb_exploration": 1.41,
    "min_visits": 3,
    "decay": 0.9,
    "epsilon": 1e-08
  },
  "island_config_names": [
    "balanced",
    "balanced"
  ],
  "islands": [
    [
      "c1d1c0c5-5168-4c3c-8496-a55b7886b121",
      "6e8d1f81-0c9a-462e-b98e-32c3ed8812e5",
      "6e959ed7-9b6f-4b7a-a1b4-b035bb4c1615",
      "4b86ec4e-4434-43d0-9ca2-6ddbce22f2bb",
      "8a4bcaa8-8030-41e3-adb2-ac4ce4150f95",
      "34e74c0b-d251-490f-809d-9a9ada05fa72",
      "64c80054-45d3-4dd6-978a-156a37c1d06a",
      "23474fe5-cde3-4b5a-b7a8-73907119f6ab",
      "4f7ba432-246c-41e8-88a3-269e88c1a586",
      "95385db8-b80b-47e9-a061-3bcddfdef118",
      "bf568a53-e04d-4f2f-a292-dc49ec0bdb7a"
    ],
    [
      "988f794f-58e9-4ee7-a911-b05be9c6e541",
      "af142781-3b07-40b8-8044-98c115a625be",
      "0ecc557d-7f06-41be-86d5-eaba3e5ce48c",
      "c733e8e0-8c83-48f5-ae35-3e7014167a48",
      "d0863d77-37b7-41ab-b0c2-b6ea7827597f",
      "a1201b93-e213-4392-814a-da980f4f25e9",
      "f25feb50-2f47-4eb8-9b29-452b636096c8",
      "7c3be267-4c1d-4a10-9307-5962020e9787",
      "a8e004e3-901a-4f68-86f3-fc0661a4e8fa",
      "70680955-3fc2-40b3-909f-b4d95a70e9f1",
      "84e52d29-2b19-4648-9ae2-1784e382ff32",
      "326c7f5f-df4e-4a34-91b6-7f539dc9f223",
      "a89383f7-2a34-48e1-a15c-9aa500b73ad9"
    ]
  ],
  "archive_genealogies": [
    {
      "parents": {
        "c1d1c0c5-5168-4c3c-8496-a55b7886b121": [],
        "6e8d1f81-0c9a-462e-b98e-32c3ed8812e5": [
          "c1d1c0c5-5168-4c3c-8496-a55b7886b121"
        ],
        "6e959ed7-9b6f-4b7a-a1b4-b035bb4c1615": [
          "6e8d1f81-0c9a-462e-b98e-32c3ed8812e5"
        ],
        "4b86ec4e-4434-43d0-9ca2-6ddbce22f2bb": [
          "6e8d1f81-0c9a-462e-b98e-32c3ed8812e5"
        ],
        "8a4bcaa8-8030-41e3-adb2-ac4ce4150f95": [
          "4b86ec4e-4434-43d0-9ca2-6ddbce22f2bb"
        ],
        "34e74c0b-d251-490f-809d-9a9ada05fa72": [
          "c1d1c0c5-5168-4c3c-8496-a55b7886b121"
        ],
        "64c80054-45d3-4dd6-978a-156a37c1d06a": [
          "8a4bcaa8-8030-41e3-adb2-ac4ce4150f95"
        ],
        "23474fe5-cde3-4b5a-b7a8-73907119f6ab": [
          "4b86ec4e-4434-43d0-9ca2-6ddbce22f2bb"
        ],
        "4f7ba432-246c-41e8-88a3-269e88c1a586": [
          "a8e004e3-901a-4f68-86f3-fc0661a4e8fa"
        ],
        "95385db8-b80b-47e9-a061-3bcddfdef118": [
          "a1201b93-e213-4392-814a-da980f4f25e9"
        ],
        "bf568a53-e04d-4f2f-a292-dc49ec0bdb7a": [
          "4f7ba432-246c-41e8-88a3-269e88c1a586"
        ]
      },
      "children": {
        "c1d1c0c5-5168-4c3c-8496-a55b7886b121": [
          "6e8d1f81-0c9a-462e-b98e-32c3ed8812e5",
          "34e74c0b-d251-490f-809d-9a9ada05fa72"
        ],
        "6e8d1f81-0c9a-462e-b98e-32c3ed8812e5": [
          "6e959ed7-9b6f-4b7a-a1b4-b035bb4c1615",
          "4b86ec4e-4434-43d0-9ca2-6ddbce22f2bb"
        ],
        "4b86ec4e-4434-43d0-9ca2-6ddbce22f2bb": [
          "8a4bcaa8-8030-41e3-adb2-ac4ce4150f95",
          "23474fe5-cde3-4b5a-b7a8-73907119f6ab"
        ],
        "8a4bcaa8-8030-41e3-adb2-ac4ce4150f95": [
          "64c80054-45d3-4dd6-978a-156a37c1d06a"
        ],
        "a8e004e3-901a-4f68-86f3-fc0661a4e8fa": [
          "4f7ba432-246c-41e8-88a3-269e88c1a586"
        ],
        "a1201b93-e213-4392-814a-da980f4f25e9": [
          "95385db8-b80b-47e9-a061-3bcddfdef118"
        ],
        "4f7ba432-246c-41e8-88a3-269e88c1a586": [
          "bf568a53-e04d-4f2f-a292-dc49ec0bdb7a"
        ]
      }
    },
    {
      "parents": {
        "988f794f-58e9-4ee7-a911-b05be9c6e541": [],
        "af142781-3b07-40b8-8044-98c115a625be": [
          "988f794f-58e9-4ee7-a911-b05be9c6e541"
        ],
        "0ecc557d-7f06-41be-86d5-eaba3e5ce48c": [
          "af142781-3b07-40b8-8044-98c115a625be"
        ],
        "c733e8e0-8c83-48f5-ae35-3e7014167a48": [
          "0ecc557d-7f06-41be-86d5-eaba3e5ce48c"
        ],
        "d0863d77-37b7-41ab-b0c2-b6ea7827597f": [
          "0ecc557d-7f06-41be-86d5-eaba3e5ce48c"
        ],
        "a1201b93-e213-4392-814a-da980f4f25e9": [
          "d0863d77-37b7-41ab-b0c2-b6ea7827597f"
        ],
        "f25feb50-2f47-4eb8-9b29-452b636096c8": [
          "988f794f-58e9-4ee7-a911-b05be9c6e541"
        ],
        "7c3be267-4c1d-4a10-9307-5962020e9787": [
          "988f794f-58e9-4ee7-a911-b05be9c6e541"
        ],
        "a8e004e3-901a-4f68-86f3-fc0661a4e8fa": [
          "af142781-3b07-40b8-8044-98c115a625be"
        ],
        "70680955-3fc2-40b3-909f-b4d95a70e9f1": [
          "64c80054-45d3-4dd6-978a-156a37c1d06a"
        ],
        "84e52d29-2b19-4648-9ae2-1784e382ff32": [
          "23474fe5-cde3-4b5a-b7a8-73907119f6ab"
        ],
        "326c7f5f-df4e-4a34-91b6-7f539dc9f223": [
          "8a4bcaa8-8030-41e3-adb2-ac4ce4150f95"
        ],
        "a89383f7-2a34-48e1-a15c-9aa500b73ad9": [
          "4b86ec4e-4434-43d0-9ca2-6ddbce22f2bb"
        ]
      },
      "children": {
        "988f794f-58e9-4ee7-a911-b05be9c6e541": [
          "af142781-3b07-40b8-8044-98c115a625be",
          "f25feb50-2f47-4eb8-9b29-452b636096c8",
          "7c3be267-4c1d-4a10-9307-5962020e9787"
        ],
        "af142781-3b07-40b8-8044-98c115a625be": [
          "0ecc557d-7f06-41be-86d5-eaba3e5ce48c",
          "a8e004e3-901a-4f68-86f3-fc0661a4e8fa"
        ],
        "0ecc557d-7f06-41be-86d5-eaba3e5ce48c": [
          "c733e8e0-8c83-48f5-ae35-3e7014167a48",
          "d0863d77-37b7-41ab-b0c2-b6ea7827597f"
        ],
        "d0863d77-37b7-41ab-b0c2-b6ea7827597f": [
          "a1201b93-e213-4392-814a-da980f4f25e9"
        ],
        "64c80054-45d3-4dd6-978a-156a37c1d06a": [
          "70680955-3fc2-40b3-909f-b4d95a70e9f1"
        ],
        "23474fe5-cde3-4b5a-b7a8-73907119f6ab": [
          "84e52d29-2b19-4648-9ae2-1784e382ff32"
        ],
        "8a4bcaa8-8030-41e3-adb2-ac4ce4150f95": [
          "326c7f5f-df4e-4a34-91b6-7f539dc9f223"
        ],
        "4b86ec4e-4434-43d0-9ca2-6ddbce22f2bb": [
          "a89383f7-2a34-48e1-a15c-9aa500b73ad9"
        ]
      }
    }
  ],
  "use_dynamic_islands": true,
  "max_islands": 5,
  "last_spawn_iteration": -30,
  "use_paradigm_breakthrough": true,
  "paradigm_tracker": {
    "window_size": 10,
    "improvement_threshold": 0.12,
    "max_paradigm_uses": 2,
    "max_tried_paradigms": 10,
    "num_paradigms_to_generate": 3,
    "improvement_history": [
      0.0,
      0.0,
      0.0,
      1.0,
      0.0,
      0.0,
      0.0,
      0.0,
      0.0,
      0.0
    ],
    "active_paradigms": [],
    "paradigm_usage_counts": {},
    "current_paradigm_index": 0,
    "tried_paradigms": [],
    "best_score_at_paradigm_gen": 0.0,
    "best_score_during_paradigm": 0.0
  }
}