{
  "id": "0e047f80-d796-40f9-9ac7-88fd1909366b",
  "generation": 4,
  "iteration": 10,
  "current_iteration": 10,
  "metrics": {
    "combined_score": 0.9747139000461844,
    "loss": 0.02594207382557846,
    "complexity": 0.0,
    "nmse_train": Infinity,
    "nmse_val": 0.02594207382557846,
    "eval_time": 1141.1434342861176,
    "n_datasets": 60.0,
    "n_successful": 60.0
  },
  "language": "python",
  "timestamp": 1779846344.6298156,
  "saved_at": 1779846344.651239
}