{
  "program_id": "e332eea2-73a2-4432-9398-df50d73295c1",
  "iteration_found": 37,
  "dataset": "Abeta42/inhibition_constraints",
  "plot": "outputs_diff_inhibited_norm/adaevolve/disease_relevant_inhibited_all_normalized_ode_0721_0426/checkpoints/checkpoint_37/iteration_37_best_validation_curves.svg",
  "metrics": {
    "equation": "d(c)/dt = (0.971147957433237 - x4)*(5.36658308066384*x0**1.44058874891509*x1*x4*(x4**2 + 13.4178649149365)**0.500047404234558/((x0**1.44058874891509 + (0.0215591760318569*x3 + 0.00344825717657016)**1.44058874891509)*(0.745783682881904*x3 + 1)*(0.437797515703552*x4 + 1)) + 0.000200795375812732*x1/(0.0106485977011025*x3**2 + 8.67357695924404*x3 + 1) + 7.55868736584394*x2)",
    "loss": 0.04319464131788745,
    "nmse_train": 0.009886217246823627,
    "nmse_val": 0.0024029128770382876,
    "mean_nmse_val": 0.0024029128770382876,
    "mean_raw_nmse_val": 0.0024029128770382876,
    "scored_loss_val": 0.04319464131788745,
    "mean_scored_loss_val": 0.04319464131788745,
    "shape_loss_val": 0.16556982664043493,
    "shape_loss_weight": 0.25,
    "heldout_curve_nmse": 0.0024029128770382876,
    "heldout_curve_scored_loss": 0.04319464131788745,
    "heldout_curve_shape_loss": 0.16556982664043493,
    "eval_only_nmse": NaN,
    "eval_only_scored_loss": NaN,
    "eval_only_shape_loss": NaN,
    "combined_score": 0.9585938811348582,
    "fit_score": 0.9585938811348582,
    "eval_time": 54.08413600921631,
    "n_datasets": 1,
    "n_successful": 1,
    "eval_workers": 8,
    "hard_cases": [
      {
        "dataset": "Abeta42/inhibition_constraints",
        "scored_loss_val": 0.04319464131788745,
        "nmse_val": 0.0024029128770382876,
        "shape_loss_val": 0.16556982664043493,
        "evaluation_only": false
      }
    ],
    "hard_case_feedback": "Abeta42/inhibition_constraints scored=0.04319 (nmse=0.002403, shape=0.1656)",
    "validation_semantics_feedback": "heldout_curve_scored_loss=0.04319, heldout_curve_nmse=0.002403, heldout_curve_shape=0.1656; eval_only_fit_score_scored_loss=nan, eval_only_nmse=nan, eval_only_shape=nan",
    "per_dataset": {
      "Abeta42/inhibition_constraints": {
        "nmse_train": 0.009886217246823627,
        "nmse_val": 0.0024029128770382876,
        "shape_loss_val": 0.16556982664043493,
        "scored_loss_val": 0.04319464131788745,
        "n_val_points": 1805,
        "evaluation_only": false,
        "combined_score": 0.9585938811348582,
        "equation": "d(c)/dt = (0.971147957433237 - x4)*(5.36658308066384*x0**1.44058874891509*x1*x4*(x4**2 + 13.4178649149365)**0.500047404234558/((x0**1.44058874891509 + (0.0215591760318569*x3 + 0.00344825717657016)**1.44058874891509)*(0.745783682881904*x3 + 1)*(0.437797515703552*x4 + 1)) + 0.000200795375812732*x1/(0.0106485977011025*x3**2 + 8.67357695924404*x3 + 1) + 7.55868736584394*x2)",
        "equation_template": "d(c)/dt = (c5 - x4)*(c2**2*x1/(c10**2*x3 + c11**2*x3**2 + 1) + c3**2*x2 + c4**2*x0**(c9**2 + 1)*x1*x4*(c0**2 + x4**2)**(c12**2/(2*(c12**2 + 1)) + 1/2)/((x0**(c9**2 + 1) + (c6**2*(c7**2*x3 + 1))**(c9**2 + 1))*(c1**2*x3 + 1)*(c8**2*x4 + 1)))",
        "constants": {
          "c0": -3.6630403922065216,
          "c1": 0.8635876810619199,
          "c2": -0.01417022850248829,
          "c3": 2.7493067063978045,
          "c4": -2.316588673170927,
          "c5": 0.9711479574332371,
          "c6": 0.058721862849965514,
          "c7": 2.5004389471848634,
          "c8": 0.6616626902762104,
          "c9": 0.6637685959090632,
          "c10": -2.945093709755946,
          "c11": -0.1031920428187296,
          "c12": 0.009737425666682894
        }
      }
    },
    "error": ""
  },
  "saved_at": 1784594757.2118962
}