{
  "id": "4963b475-3fe2-4463-9e57-7afed2309399",
  "generation": 1,
  "iteration": 2,
  "current_iteration": 2,
  "metrics": {
    "combined_score": 0.6747952268953874,
    "loss": 0.4819310512921406,
    "complexity": 0.0,
    "nmse_train": Infinity,
    "nmse_val": 0.4819310512921406,
    "eval_time": 23.850967407226562,
    "n_datasets": 60.0,
    "n_successful": 60.0
  },
  "language": "python",
  "timestamp": 1779966377.7163324,
  "saved_at": 1779966377.7187362
}