{
  "num_islands": 2,
  "current_island": 1,
  "iteration_count": 13,
  "global_best_score": 0.9092983714403842,
  "decay": 0.9,
  "intensity_min": 0.15,
  "intensity_max": 0.5,
  "migration_interval": 15,
  "diversity_strategy_type": "code",
  "use_unified_archive": true,
  "use_adaptive_search": true,
  "use_ucb_selection": true,
  "fixed_intensity": 0.4,
  "adapter": {
    "states": [
      {
        "accumulated_signal": 0.06599648187218296,
        "best_score": 0.9092983714403842,
        "improvement_count": 5,
        "total_evaluations": 8,
        "decay": 0.9,
        "epsilon": 1e-08,
        "intensity_min": 0.15,
        "intensity_max": 0.5
      },
      {
        "accumulated_signal": 0.07326775362453354,
        "best_score": 0.9092983714403842,
        "improvement_count": 3,
        "total_evaluations": 7,
        "decay": 0.9,
        "epsilon": 1e-08,
        "intensity_min": 0.15,
        "intensity_max": 0.5
      }
    ],
    "dimension_visits": [
      8,
      7
    ],
    "dimension_rewards": [
      0.551044870402825,
      0.07117270446943898
    ],
    "decayed_visits": [
      5.6953279000000006,
      5.217031
    ],
    "global_best_score": 0.9092983714403842,
    "ucb_exploration": 1.41,
    "min_visits": 3,
    "decay": 0.9,
    "epsilon": 1e-08
  },
  "island_config_names": [
    "balanced",
    "balanced"
  ],
  "islands": [
    [
      "64c611e2-0f40-4627-ac5a-2a688373f7f5",
      "1a0857a9-40b5-4bee-bff9-483aaa59a7ef",
      "107fb1af-a9d2-43fb-a1ef-f73480ed4a6d",
      "b069fdf7-1b71-4cbb-babf-c6eea9aac24d",
      "b536bbfc-d2ce-43e0-8736-4ab447921abe",
      "ea1c57aa-a069-44b7-b001-2eece5aeba36",
      "ddae4981-6252-4907-9f12-9509ca31eee9",
      "bdf86861-9ebb-4c75-8db5-072d8d9e57a7"
    ],
    [
      "588fabe9-4d71-4dfd-b799-2bb11f665747",
      "48f27a0a-bdec-42b1-891f-fba98a750455",
      "80fe1f2a-0fca-44e1-8aae-fb3a2ed01639",
      "e5fe870b-2ba9-4c0d-aa79-5dd5a104c257",
      "9ea0c890-86a6-4c86-8671-4bbd8157bee1",
      "c5726e7f-a72e-48b3-81d9-c6afd38b246a",
      "c7ef0fc5-0384-419b-8764-596a008dd040",
      "2c09fddd-dfa1-4747-aab9-3ab4c1c6cecb"
    ]
  ],
  "archive_genealogies": [
    {
      "parents": {
        "64c611e2-0f40-4627-ac5a-2a688373f7f5": [],
        "1a0857a9-40b5-4bee-bff9-483aaa59a7ef": [
          "64c611e2-0f40-4627-ac5a-2a688373f7f5"
        ],
        "107fb1af-a9d2-43fb-a1ef-f73480ed4a6d": [
          "1a0857a9-40b5-4bee-bff9-483aaa59a7ef"
        ],
        "b069fdf7-1b71-4cbb-babf-c6eea9aac24d": [
          "64c611e2-0f40-4627-ac5a-2a688373f7f5"
        ],
        "b536bbfc-d2ce-43e0-8736-4ab447921abe": [
          "107fb1af-a9d2-43fb-a1ef-f73480ed4a6d"
        ],
        "ea1c57aa-a069-44b7-b001-2eece5aeba36": [
          "b536bbfc-d2ce-43e0-8736-4ab447921abe"
        ],
        "ddae4981-6252-4907-9f12-9509ca31eee9": [
          "107fb1af-a9d2-43fb-a1ef-f73480ed4a6d"
        ],
        "bdf86861-9ebb-4c75-8db5-072d8d9e57a7": [
          "ea1c57aa-a069-44b7-b001-2eece5aeba36"
        ]
      },
      "children": {
        "64c611e2-0f40-4627-ac5a-2a688373f7f5": [
          "1a0857a9-40b5-4bee-bff9-483aaa59a7ef",
          "b069fdf7-1b71-4cbb-babf-c6eea9aac24d"
        ],
        "1a0857a9-40b5-4bee-bff9-483aaa59a7ef": [
          "107fb1af-a9d2-43fb-a1ef-f73480ed4a6d"
        ],
        "107fb1af-a9d2-43fb-a1ef-f73480ed4a6d": [
          "b536bbfc-d2ce-43e0-8736-4ab447921abe",
          "ddae4981-6252-4907-9f12-9509ca31eee9"
        ],
        "b536bbfc-d2ce-43e0-8736-4ab447921abe": [
          "ea1c57aa-a069-44b7-b001-2eece5aeba36"
        ],
        "ea1c57aa-a069-44b7-b001-2eece5aeba36": [
          "bdf86861-9ebb-4c75-8db5-072d8d9e57a7"
        ]
      }
    },
    {
      "parents": {
        "588fabe9-4d71-4dfd-b799-2bb11f665747": [],
        "48f27a0a-bdec-42b1-891f-fba98a750455": [
          "588fabe9-4d71-4dfd-b799-2bb11f665747"
        ],
        "80fe1f2a-0fca-44e1-8aae-fb3a2ed01639": [
          "588fabe9-4d71-4dfd-b799-2bb11f665747"
        ],
        "e5fe870b-2ba9-4c0d-aa79-5dd5a104c257": [
          "48f27a0a-bdec-42b1-891f-fba98a750455"
        ],
        "9ea0c890-86a6-4c86-8671-4bbd8157bee1": [
          "e5fe870b-2ba9-4c0d-aa79-5dd5a104c257"
        ],
        "c5726e7f-a72e-48b3-81d9-c6afd38b246a": [
          "588fabe9-4d71-4dfd-b799-2bb11f665747"
        ],
        "c7ef0fc5-0384-419b-8764-596a008dd040": [
          "588fabe9-4d71-4dfd-b799-2bb11f665747"
        ],
        "2c09fddd-dfa1-4747-aab9-3ab4c1c6cecb": [
          "48f27a0a-bdec-42b1-891f-fba98a750455"
        ]
      },
      "children": {
        "588fabe9-4d71-4dfd-b799-2bb11f665747": [
          "48f27a0a-bdec-42b1-891f-fba98a750455",
          "80fe1f2a-0fca-44e1-8aae-fb3a2ed01639",
          "c5726e7f-a72e-48b3-81d9-c6afd38b246a",
          "c7ef0fc5-0384-419b-8764-596a008dd040"
        ],
        "48f27a0a-bdec-42b1-891f-fba98a750455": [
          "e5fe870b-2ba9-4c0d-aa79-5dd5a104c257",
          "2c09fddd-dfa1-4747-aab9-3ab4c1c6cecb"
        ],
        "e5fe870b-2ba9-4c0d-aa79-5dd5a104c257": [
          "9ea0c890-86a6-4c86-8671-4bbd8157bee1"
        ]
      }
    }
  ],
  "use_dynamic_islands": true,
  "max_islands": 5,
  "last_spawn_iteration": -30,
  "use_paradigm_breakthrough": true,
  "paradigm_tracker": {
    "window_size": 10,
    "improvement_threshold": 0.12,
    "max_paradigm_uses": 2,
    "max_tried_paradigms": 10,
    "num_paradigms_to_generate": 3,
    "improvement_history": [
      0.0,
      0.0,
      1.0,
      0.0,
      1.0,
      0.0,
      0.0,
      0.0,
      0.0,
      0.0
    ],
    "active_paradigms": [],
    "paradigm_usage_counts": {},
    "current_paradigm_index": 0,
    "tried_paradigms": [],
    "best_score_at_paradigm_gen": 0.0,
    "best_score_during_paradigm": 0.0
  }
}