{
  "program_id": "000960e4-0f6b-46f4-9111-5bd4ae1d6e78",
  "iteration_found": 10,
  "dataset": "Abeta42/inhibition_constraints",
  "plot": "outputs_diff_inhibited_norm/adaevolve/disease_relevant_inhibited_all_normalized_ode_0720_0232/checkpoints/checkpoint_10/iteration_10_best_validation_curves.svg",
  "metrics": {
    "equation": "d(c)/dt = (0.970597716030475 - x4)*(11.8062114773982*x1*(9.0977215273421e-7*x2 + 1)*(x4**2 + x4)/((0.0654055876394974*x3*x4 + 1)*(0.183993178462853*x1*x3 + 0.430307978079824*x3 + 1)) + 2.16472274452891e-5*x1/(0.183993178462853*x1*x3 + 0.430307978079824*x3 + 1) + 0.502432681052898*x2 + 0.0108704016150092)",
    "loss": 0.04874140790859849,
    "nmse_train": 0.010676768764160493,
    "nmse_val": 0.006114127311941959,
    "mean_nmse_val": 0.006114127311941959,
    "mean_raw_nmse_val": 0.006114127311941959,
    "scored_loss_val": 0.04874140790859849,
    "mean_scored_loss_val": 0.04874140790859849,
    "shape_loss_val": 0.17662324969856807,
    "shape_loss_weight": 0.25,
    "heldout_curve_nmse": 0.006114127311941959,
    "heldout_curve_scored_loss": 0.04874140790859849,
    "heldout_curve_shape_loss": 0.17662324969856807,
    "eval_only_nmse": NaN,
    "eval_only_scored_loss": NaN,
    "eval_only_shape_loss": NaN,
    "combined_score": 0.9535239025168285,
    "fit_score": 0.9535239025168285,
    "eval_time": 24.03271198272705,
    "n_datasets": 1,
    "n_successful": 1,
    "eval_workers": 8,
    "hard_cases": [
      {
        "dataset": "Abeta42/inhibition_constraints",
        "scored_loss_val": 0.04874140790859849,
        "nmse_val": 0.006114127311941959,
        "shape_loss_val": 0.17662324969856807,
        "evaluation_only": false
      }
    ],
    "hard_case_feedback": "Abeta42/inhibition_constraints scored=0.04874 (nmse=0.006114, shape=0.1766)",
    "validation_semantics_feedback": "heldout_curve_scored_loss=0.04874, heldout_curve_nmse=0.006114, heldout_curve_shape=0.1766; eval_only_fit_score_scored_loss=nan, eval_only_nmse=nan, eval_only_shape=nan",
    "per_dataset": {
      "Abeta42/inhibition_constraints": {
        "nmse_train": 0.010676768764160493,
        "nmse_val": 0.006114127311941959,
        "shape_loss_val": 0.17662324969856807,
        "scored_loss_val": 0.04874140790859849,
        "n_val_points": 1805,
        "evaluation_only": false,
        "combined_score": 0.9535239025168285,
        "equation": "d(c)/dt = (0.970597716030475 - x4)*(11.8062114773982*x1*(9.0977215273421e-7*x2 + 1)*(x4**2 + x4)/((0.0654055876394974*x3*x4 + 1)*(0.183993178462853*x1*x3 + 0.430307978079824*x3 + 1)) + 2.16472274452891e-5*x1/(0.183993178462853*x1*x3 + 0.430307978079824*x3 + 1) + 0.502432681052898*x2 + 0.0108704016150092)",
        "equation_template": "d(c)/dt = (c0 - x4)*(c5**2 + c6**2*x1/(c2**2*x3 + c3**2*x1*x3 + 1) + c7**2*x2 + c8**2*x1*(x4**2 + x4)*(c1**2*x2 + 1)/((c4**2*x3*x4 + 1)*(c2**2*x3 + c3**2*x1*x3 + 1)))",
        "constants": {
          "c0": 0.9705977160304747,
          "c1": 0.000953819769523682,
          "c2": 0.6559786414814309,
          "c3": -0.42894426032161,
          "c4": 0.25574516151727555,
          "c5": 0.10426121817343771,
          "c6": -0.0046526581053510764,
          "c7": 0.7088248592232768,
          "c8": -3.4360168040040477
        }
      }
    },
    "error": ""
  },
  "saved_at": 1784496072.203959
}