{
  "num_islands": 2,
  "current_island": 1,
  "iteration_count": 26,
  "global_best_score": 0.9730753902776199,
  "decay": 0.9,
  "intensity_min": 0.15,
  "intensity_max": 0.5,
  "migration_interval": 15,
  "diversity_strategy_type": "code",
  "use_unified_archive": true,
  "use_adaptive_search": true,
  "use_ucb_selection": true,
  "fixed_intensity": 0.4,
  "adapter": {
    "states": [
      {
        "accumulated_signal": 0.15268562899181556,
        "best_score": 0.9730753902776199,
        "improvement_count": 4,
        "total_evaluations": 17,
        "decay": 0.9,
        "epsilon": 1e-08,
        "intensity_min": 0.15,
        "intensity_max": 0.5
      },
      {
        "accumulated_signal": 0.1696509475494374,
        "best_score": 0.9730753902776199,
        "improvement_count": 2,
        "total_evaluations": 16,
        "decay": 0.9,
        "epsilon": 1e-08,
        "intensity_min": 0.15,
        "intensity_max": 0.5
      }
    ],
    "dimension_visits": [
      17,
      16
    ],
    "dimension_rewards": [
      0.3922315852031508,
      0.10617594969524516
    ],
    "decayed_visits": [
      8.332281830033345,
      8.14697981114816
    ],
    "global_best_score": 0.9730753902776199,
    "ucb_exploration": 1.41,
    "min_visits": 3,
    "decay": 0.9,
    "epsilon": 1e-08
  },
  "island_config_names": [
    "balanced",
    "balanced"
  ],
  "islands": [
    [
      "81e4df0c-cf74-4072-be51-5f22661cbba8",
      "b7155808-6d8f-488b-b19d-343f36256784",
      "2eafa280-1167-4666-a600-44598ab46917",
      "280218e1-cb0c-4f27-b278-54de9329e9b6",
      "17f57557-1163-4631-9eb1-053fd24259fb",
      "188f8d75-4d57-423b-bb99-484edc6ce901",
      "34d593c1-85a3-42b0-b65b-9bf0cbe80fe2",
      "9d58391b-661f-4a70-ad7f-d1bdd7221408",
      "ab820ede-ad72-4dd6-bf15-9ac8e7b0b14a",
      "305ac326-3670-441b-ab7a-055917bfb55a",
      "62cb8e5c-d730-4bab-a8a9-7b886cef0d23",
      "0f8f7916-3ac5-4bbc-ad9b-aa35c70e5307",
      "272bfdac-8b0a-4b59-b458-a9a043d83e6b",
      "8c7c9d49-93ba-4f5c-b2e7-a97036c361a4",
      "3842de53-672f-4943-abd7-64d4e74d6e5d",
      "de35a25c-0dfb-4182-b4e0-350f5e7e6215",
      "15223fc9-9813-4356-967d-1038be5d613c",
      "98900405-cd67-4253-8f4f-e42070958db5",
      "35f316e7-0d6a-48ea-9350-a57b004d4a72",
      "84169bfd-13bf-41d4-a53c-e1d802357ae7"
    ],
    [
      "d28d09a6-7215-4b8f-a422-5c382c7b16a9",
      "fd4cdfaa-b956-4a17-87a8-27b6cb154718",
      "92e047e9-3814-443c-a29c-6f3cfeb36e1d",
      "3a7f80c8-c19d-442e-8109-c1aead6da19e",
      "f1c589a7-8592-47de-8aab-1630a991fb8f",
      "514cd2dd-1c19-45a7-b1b1-722b53a00798",
      "6e5e84ed-5e61-400f-ba46-14ef38e354e8",
      "179172f3-c613-4aed-a48e-9a6e7d94a25d",
      "a9c92cb8-850c-4fcc-a5ba-a03dcbeb3915",
      "24d9c482-b65f-432e-8a95-32451c9b730e",
      "68b37a75-28cd-418c-9f9a-95f188962f02",
      "a3919f61-90e8-41ac-bf49-562fa8a021eb",
      "db08c9a4-950f-4d8f-98f8-e8ba1370cd3f",
      "7a878ec8-8807-4b38-8bbf-d25f0c0b04ce",
      "7c2c49ca-37ab-457c-b8b7-86e68ad455b9",
      "ae191a10-e377-4d8e-b291-04d04eb3fbe7",
      "e3f6ca88-7ca3-41ea-9e05-a79da993c852"
    ]
  ],
  "archive_genealogies": [
    {
      "parents": {
        "81e4df0c-cf74-4072-be51-5f22661cbba8": [],
        "b7155808-6d8f-488b-b19d-343f36256784": [
          "81e4df0c-cf74-4072-be51-5f22661cbba8"
        ],
        "2eafa280-1167-4666-a600-44598ab46917": [
          "b7155808-6d8f-488b-b19d-343f36256784"
        ],
        "280218e1-cb0c-4f27-b278-54de9329e9b6": [
          "b7155808-6d8f-488b-b19d-343f36256784"
        ],
        "17f57557-1163-4631-9eb1-053fd24259fb": [
          "b7155808-6d8f-488b-b19d-343f36256784"
        ],
        "188f8d75-4d57-423b-bb99-484edc6ce901": [
          "b7155808-6d8f-488b-b19d-343f36256784"
        ],
        "34d593c1-85a3-42b0-b65b-9bf0cbe80fe2": [
          "b7155808-6d8f-488b-b19d-343f36256784"
        ],
        "9d58391b-661f-4a70-ad7f-d1bdd7221408": [
          "b7155808-6d8f-488b-b19d-343f36256784"
        ],
        "ab820ede-ad72-4dd6-bf15-9ac8e7b0b14a": [
          "b7155808-6d8f-488b-b19d-343f36256784"
        ],
        "305ac326-3670-441b-ab7a-055917bfb55a": [
          "fd4cdfaa-b956-4a17-87a8-27b6cb154718"
        ],
        "62cb8e5c-d730-4bab-a8a9-7b886cef0d23": [
          "3a7f80c8-c19d-442e-8109-c1aead6da19e"
        ],
        "0f8f7916-3ac5-4bbc-ad9b-aa35c70e5307": [
          "514cd2dd-1c19-45a7-b1b1-722b53a00798"
        ],
        "272bfdac-8b0a-4b59-b458-a9a043d83e6b": [
          "b7155808-6d8f-488b-b19d-343f36256784"
        ],
        "8c7c9d49-93ba-4f5c-b2e7-a97036c361a4": [
          "272bfdac-8b0a-4b59-b458-a9a043d83e6b"
        ],
        "3842de53-672f-4943-abd7-64d4e74d6e5d": [
          "272bfdac-8b0a-4b59-b458-a9a043d83e6b"
        ],
        "de35a25c-0dfb-4182-b4e0-350f5e7e6215": [
          "3842de53-672f-4943-abd7-64d4e74d6e5d"
        ],
        "15223fc9-9813-4356-967d-1038be5d613c": [
          "3842de53-672f-4943-abd7-64d4e74d6e5d"
        ],
        "98900405-cd67-4253-8f4f-e42070958db5": [
          "3842de53-672f-4943-abd7-64d4e74d6e5d"
        ],
        "35f316e7-0d6a-48ea-9350-a57b004d4a72": [
          "3842de53-672f-4943-abd7-64d4e74d6e5d"
        ],
        "84169bfd-13bf-41d4-a53c-e1d802357ae7": [
          "3842de53-672f-4943-abd7-64d4e74d6e5d"
        ]
      },
      "children": {
        "81e4df0c-cf74-4072-be51-5f22661cbba8": [
          "b7155808-6d8f-488b-b19d-343f36256784"
        ],
        "b7155808-6d8f-488b-b19d-343f36256784": [
          "2eafa280-1167-4666-a600-44598ab46917",
          "280218e1-cb0c-4f27-b278-54de9329e9b6",
          "17f57557-1163-4631-9eb1-053fd24259fb",
          "188f8d75-4d57-423b-bb99-484edc6ce901",
          "34d593c1-85a3-42b0-b65b-9bf0cbe80fe2",
          "9d58391b-661f-4a70-ad7f-d1bdd7221408",
          "ab820ede-ad72-4dd6-bf15-9ac8e7b0b14a",
          "272bfdac-8b0a-4b59-b458-a9a043d83e6b"
        ],
        "fd4cdfaa-b956-4a17-87a8-27b6cb154718": [
          "305ac326-3670-441b-ab7a-055917bfb55a"
        ],
        "3a7f80c8-c19d-442e-8109-c1aead6da19e": [
          "62cb8e5c-d730-4bab-a8a9-7b886cef0d23"
        ],
        "514cd2dd-1c19-45a7-b1b1-722b53a00798": [
          "0f8f7916-3ac5-4bbc-ad9b-aa35c70e5307"
        ],
        "272bfdac-8b0a-4b59-b458-a9a043d83e6b": [
          "8c7c9d49-93ba-4f5c-b2e7-a97036c361a4",
          "3842de53-672f-4943-abd7-64d4e74d6e5d"
        ],
        "3842de53-672f-4943-abd7-64d4e74d6e5d": [
          "de35a25c-0dfb-4182-b4e0-350f5e7e6215",
          "15223fc9-9813-4356-967d-1038be5d613c",
          "98900405-cd67-4253-8f4f-e42070958db5",
          "35f316e7-0d6a-48ea-9350-a57b004d4a72",
          "84169bfd-13bf-41d4-a53c-e1d802357ae7"
        ]
      }
    },
    {
      "parents": {
        "d28d09a6-7215-4b8f-a422-5c382c7b16a9": [],
        "fd4cdfaa-b956-4a17-87a8-27b6cb154718": [
          "d28d09a6-7215-4b8f-a422-5c382c7b16a9"
        ],
        "92e047e9-3814-443c-a29c-6f3cfeb36e1d": [
          "d28d09a6-7215-4b8f-a422-5c382c7b16a9"
        ],
        "3a7f80c8-c19d-442e-8109-c1aead6da19e": [
          "fd4cdfaa-b956-4a17-87a8-27b6cb154718"
        ],
        "f1c589a7-8592-47de-8aab-1630a991fb8f": [
          "fd4cdfaa-b956-4a17-87a8-27b6cb154718"
        ],
        "514cd2dd-1c19-45a7-b1b1-722b53a00798": [
          "fd4cdfaa-b956-4a17-87a8-27b6cb154718"
        ],
        "6e5e84ed-5e61-400f-ba46-14ef38e354e8": [
          "b7155808-6d8f-488b-b19d-343f36256784"
        ],
        "179172f3-c613-4aed-a48e-9a6e7d94a25d": [
          "b7155808-6d8f-488b-b19d-343f36256784"
        ],
        "a9c92cb8-850c-4fcc-a5ba-a03dcbeb3915": [
          "b7155808-6d8f-488b-b19d-343f36256784"
        ],
        "24d9c482-b65f-432e-8a95-32451c9b730e": [
          "188f8d75-4d57-423b-bb99-484edc6ce901"
        ],
        "68b37a75-28cd-418c-9f9a-95f188962f02": [
          "2eafa280-1167-4666-a600-44598ab46917"
        ],