{
  "num_islands": 2,
  "current_island": 1,
  "iteration_count": 26,
  "global_best_score": 0.8941295527392314,
  "decay": 0.9,
  "intensity_min": 0.15,
  "intensity_max": 0.5,
  "migration_interval": 15,
  "diversity_strategy_type": "code",
  "use_unified_archive": true,
  "use_adaptive_search": true,
  "use_ucb_selection": true,
  "fixed_intensity": 0.4,
  "adapter": {
    "states": [
      {
        "accumulated_signal": 0.04783892858005443,
        "best_score": 0.8941295527392314,
        "improvement_count": 8,
        "total_evaluations": 17,
        "decay": 0.9,
        "epsilon": 1e-08,
        "intensity_min": 0.15,
        "intensity_max": 0.5
      },
      {
        "accumulated_signal": 0.0656200058570949,
        "best_score": 0.8941295527392314,
        "improvement_count": 4,
        "total_evaluations": 16,
        "decay": 0.9,
        "epsilon": 1e-08,
        "intensity_min": 0.15,
        "intensity_max": 0.5
      }
    ],
    "dimension_visits": [
      17,
      16
    ],
    "dimension_rewards": [
      0.1911386183585255,
      0.006161711183511999
    ],
    "decayed_visits": [
      8.332281830033345,
      8.14697981114816
    ],
    "global_best_score": 0.8941295527392314,
    "ucb_exploration": 1.41,
    "min_visits": 3,
    "decay": 0.9,
    "epsilon": 1e-08
  },
  "island_config_names": [
    "balanced",
    "balanced"
  ],
  "islands": [
    [
      "910d22df-3c5a-46f4-b4f7-4fb72e132717",
      "9fb0f2ca-247f-4b63-abda-c636655aec04",
      "180963bf-ed9e-4c30-be50-f563e5808d98",
      "68e5bbae-b06a-4747-bebe-44003de6b719",
      "86a76bb3-b3ed-43a1-b532-bf98fcd489db",
      "44667c02-ec20-4680-ba97-5fed61b4a319",
      "a401ff3d-b8ce-4299-a9a8-cd46d7b674d3",
      "2fc35f31-a437-47b2-8c8e-1fe05383e6e8",
      "555fad2e-f355-4d2a-8948-d0aa7dbcf378",
      "2a71e201-5801-44bc-b1ae-cb4300b8815a",
      "2ac3edf4-ad2a-48ae-a9ee-b1b98622f29e",
      "ce68c595-e640-47e4-971a-2ccb199c10ee",
      "509a7ddd-3fb6-4342-9379-d2722b551658",
      "9a06e09e-7faa-4103-b3a0-c6afb0a66b96",
      "4245adf4-7aa9-4681-86e4-ca09dbe50b85",
      "04a169a2-3344-48dd-aced-aeacccd77893",
      "04c82f15-cafc-4b07-ac0f-5dd9503b564d",
      "af9b17c3-8020-4bed-b008-4d8f5687772b",
      "f5ff8213-d020-4b10-bb42-83e05cccaa19"
    ],
    [
      "c373ce4a-5786-41d3-9aed-13b4e98b6312",
      "5fa7b412-574e-4934-8661-fa41e5866566",
      "dfc5c830-795c-40ab-b93c-df4f74c545e1",
      "5559282d-edf7-42eb-b99d-61310070ff99",
      "6e44429d-2b7a-4628-9b8e-ed20d9e831cc",
      "bac719fe-02f2-4b01-bcb2-328b7ae49e3d",
      "1024fd1e-b7ce-4569-9b89-2d6c04d7a625",
      "0d737331-f02d-43b8-8e12-22e4493cb8c8",
      "8251ea03-efd7-4e36-8f94-67c2d43914dc",
      "45e56c40-a07a-42a8-82cb-afab6cd2f0e6",
      "55cc51ce-53d7-4744-ba4d-685d8a3b0477",
      "8b1bd9b0-fd9a-41d7-ae7b-b43527956365",
      "9e5bbbc4-3280-4ed7-8408-d945edf7e519",
      "423ee50e-92be-48c2-b095-744634b17f69",
      "a7e39209-2296-46ee-89a9-44b6a61b8d7f",
      "bd693ce3-af77-4d71-a92c-fe87192c7f7b",
      "4eb3d03f-8a40-4431-92a9-c5eefac674a8"
    ]
  ],
  "archive_genealogies": [
    {
      "parents": {
        "910d22df-3c5a-46f4-b4f7-4fb72e132717": [],
        "9fb0f2ca-247f-4b63-abda-c636655aec04": [
          "910d22df-3c5a-46f4-b4f7-4fb72e132717"
        ],
        "180963bf-ed9e-4c30-be50-f563e5808d98": [
          "910d22df-3c5a-46f4-b4f7-4fb72e132717"
        ],
        "68e5bbae-b06a-4747-bebe-44003de6b719": [
          "180963bf-ed9e-4c30-be50-f563e5808d98"
        ],
        "86a76bb3-b3ed-43a1-b532-bf98fcd489db": [
          "68e5bbae-b06a-4747-bebe-44003de6b719"
        ],
        "44667c02-ec20-4680-ba97-5fed61b4a319": [
          "910d22df-3c5a-46f4-b4f7-4fb72e132717"
        ],
        "a401ff3d-b8ce-4299-a9a8-cd46d7b674d3": [
          "86a76bb3-b3ed-43a1-b532-bf98fcd489db"
        ],
        "2fc35f31-a437-47b2-8c8e-1fe05383e6e8": [
          "86a76bb3-b3ed-43a1-b532-bf98fcd489db"
        ],
        "555fad2e-f355-4d2a-8948-d0aa7dbcf378": [
          "910d22df-3c5a-46f4-b4f7-4fb72e132717"
        ],
        "2a71e201-5801-44bc-b1ae-cb4300b8815a": [
          "5559282d-edf7-42eb-b99d-61310070ff99"
        ],
        "2ac3edf4-ad2a-48ae-a9ee-b1b98622f29e": [
          "0d737331-f02d-43b8-8e12-22e4493cb8c8"
        ],
        "ce68c595-e640-47e4-971a-2ccb199c10ee": [
          "2fc35f31-a437-47b2-8c8e-1fe05383e6e8"
        ],
        "509a7ddd-3fb6-4342-9379-d2722b551658": [
          "2fc35f31-a437-47b2-8c8e-1fe05383e6e8"
        ],
        "9a06e09e-7faa-4103-b3a0-c6afb0a66b96": [
          "2fc35f31-a437-47b2-8c8e-1fe05383e6e8"
        ],
        "4245adf4-7aa9-4681-86e4-ca09dbe50b85": [
          "9a06e09e-7faa-4103-b3a0-c6afb0a66b96"
        ],
        "04a169a2-3344-48dd-aced-aeacccd77893": [
          "9a06e09e-7faa-4103-b3a0-c6afb0a66b96"
        ],
        "04c82f15-cafc-4b07-ac0f-5dd9503b564d": [
          "86a76bb3-b3ed-43a1-b532-bf98fcd489db"
        ],
        "af9b17c3-8020-4bed-b008-4d8f5687772b": [
          "04c82f15-cafc-4b07-ac0f-5dd9503b564d"
        ],
        "f5ff8213-d020-4b10-bb42-83e05cccaa19": [
          "04a169a2-3344-48dd-aced-aeacccd77893"
        ]
      },
      "children": {
        "910d22df-3c5a-46f4-b4f7-4fb72e132717": [
          "9fb0f2ca-247f-4b63-abda-c636655aec04",
          "180963bf-ed9e-4c30-be50-f563e5808d98",
          "44667c02-ec20-4680-ba97-5fed61b4a319",
          "555fad2e-f355-4d2a-8948-d0aa7dbcf378"
        ],
        "180963bf-ed9e-4c30-be50-f563e5808d98": [
          "68e5bbae-b06a-4747-bebe-44003de6b719"
        ],
        "68e5bbae-b06a-4747-bebe-44003de6b719": [
          "86a76bb3-b3ed-43a1-b532-bf98fcd489db"
        ],
        "86a76bb3-b3ed-43a1-b532-bf98fcd489db": [
          "a401ff3d-b8ce-4299-a9a8-cd46d7b674d3",
          "2fc35f31-a437-47b2-8c8e-1fe05383e6e8",
          "04c82f15-cafc-4b07-ac0f-5dd9503b564d"
        ],
        "5559282d-edf7-42eb-b99d-61310070ff99": [
          "2a71e201-5801-44bc-b1ae-cb4300b8815a"
        ],
        "0d737331-f02d-43b8-8e12-22e4493cb8c8": [
          "2ac3edf4-ad2a-48ae-a9ee-b1b98622f29e"
        ],
        "2fc35f31-a437-47b2-8c8e-1fe05383e6e8": [
          "ce68c595-e640-47e4-971a-2ccb199c10ee",
          "509a7ddd-3fb6-4342-9379-d2722b551658",
          "9a06e09e-7faa-4103-b3a0-c6afb0a66b96"
        ],
        "9a06e09e-7faa-4103-b3a0-c6afb0a66b96": [
          "4245adf4-7aa9-4681-86e4-ca09dbe50b85",
          "04a169a2-3344-48dd-aced-aeacccd77893"
        ],
        "04c82f15-cafc-4b07-ac0f-5dd9503b564d": [
          "af9b17c3-8020-4bed-b008-4d8f5687772b"
        ],
        "04a169a2-3344-48dd-aced-aeacccd77893": [
          "f5ff8213-d020-4b10-bb42-83e05cccaa19"
        ]
      }
    },
    {
      "parents": {
        "c373ce4a-5786-41d3-9aed-13b4e98b6312": [],
        "5fa7b412-574e-4934-8661-fa41e5866566": [
          "c373ce4a-5786-41d3-9aed-13b4e98b6312"
        ],
        "dfc5c830-795c-40ab-b93c-df4f74c545e1": [
          "c373ce4a-5786-41d3-9aed-13b4e98b6312"
        ],
        "5559282d-edf7-42eb-b99d-61310070ff99": [
          "c373ce4a-5786-41d3-9aed-13b4e98b6312"
        ],
        "6e44429d-2b7a-4628-9b8e-ed20d9e831cc": [
          "5559282d-edf7-42eb-b99d-61310070ff99"
        ],
        "bac719fe-02f2-4b01-bcb2-328b7ae49e3d": [
          "5559282d-edf7-42eb-b99d-61310070ff99"
        ],
        "1024fd1e-b7ce-4569-9b89-2d6c04d7a625": [
          "5559282d-edf7-42eb-b99d-61310070ff99"
        ],
        "0d737331-f02d-43b8-8e12-22e4493cb8c8": [
          "5559282d-edf7-42eb-b99d-61310070ff99"
        ],
        "8251ea03-efd7-4e36-8f94-67c2d43914dc": [
          "2fc35f31-a437-47b2-8c8e-1fe05383e6e8"
        ],
        "45e56c40-a07a-42a8-82cb-afab6cd2f0e6": [
          "86a76bb3-b3ed-43a1-b532-bf98fcd489db"
        ],
        "55cc51ce-53d7-4744-ba4d-685d8a3b0477": [
          "180963bf-ed9e-4c30-be50-f563e5808d98"
        ],
        "8b1bd9b0-fd9a-41d7-ae7b-b43527956365": [
          "44667c02-ec20-4680-ba97-5fed61b4a319"
        ],