{
  "num_islands": 2,
  "current_island": 1,
  "iteration_count": 13,
  "global_best_score": 0.9354172443324507,
  "decay": 0.9,
  "intensity_min": 0.15,
  "intensity_max": 0.5,
  "migration_interval": 15,
  "diversity_strategy_type": "code",
  "use_unified_archive": true,
  "use_adaptive_search": true,
  "use_ucb_selection": true,
  "fixed_intensity": 0.4,
  "adapter": {
    "states": [
      {
        "accumulated_signal": 0.15409074938073516,
        "best_score": 0.9354172443324507,
        "improvement_count": 4,
        "total_evaluations": 8,
        "decay": 0.9,
        "epsilon": 1e-08,
        "intensity_min": 0.15,
        "intensity_max": 0.5
      },
      {
        "accumulated_signal": 0.15409074938073516,
        "best_score": 0.9354172443324507,
        "improvement_count": 3,
        "total_evaluations": 7,
        "decay": 0.9,
        "epsilon": 1e-08,
        "intensity_min": 0.15,
        "intensity_max": 0.5
      }
    ],
    "dimension_visits": [
      8,
      7
    ],
    "dimension_rewards": [
      1.1111979898401885,
      0.4264058822928902
    ],
    "decayed_visits": [
      5.6953279000000006,
      5.217031
    ],
    "global_best_score": 0.9354172443324507,
    "ucb_exploration": 1.41,
    "min_visits": 3,
    "decay": 0.9,
    "epsilon": 1e-08
  },
  "island_config_names": [
    "balanced",
    "balanced"
  ],
  "islands": [
    [
      "120f5dd8-b1e4-4813-bbe0-1e52821980d7",
      "8c00e03c-7d18-44f1-8c7e-c22ade3518ec",
      "f6555eb3-2655-43ce-973e-30c4e22d94a0",
      "c07a8d86-5b93-4497-a754-256276277115",
      "4db21a4a-cf9a-4132-a35e-a0e4ba1ff9c0",
      "0e7873ae-71ff-4329-ab08-eb16d65d832c",
      "fb2557af-84bd-49c9-91b5-fe6a2ebe96e1",
      "6f668cc6-6bfd-430f-88d9-9360c10f51bd"
    ],
    [
      "e56cf239-629d-48ea-a7d2-f04108c84fb2",
      "ec672760-56b7-41a6-bbe2-9d26734027f4",
      "f1e13c62-4966-4d3e-8f37-cc145f68e3f6",
      "2b6f3773-5c11-4221-a885-d16b7e49e951",
      "2336e731-08a0-45e7-b550-fbc880b88dfb",
      "1d9b98b0-5ffb-4fe5-8e67-09df3314c9d0",
      "112a9bbf-b9ac-4f79-956b-ef2885a0a8a4",
      "1ef6153b-b133-4fb6-90b4-721ffde49ef3"
    ]
  ],
  "archive_genealogies": [
    {
      "parents": {
        "120f5dd8-b1e4-4813-bbe0-1e52821980d7": [],
        "8c00e03c-7d18-44f1-8c7e-c22ade3518ec": [
          "120f5dd8-b1e4-4813-bbe0-1e52821980d7"
        ],
        "f6555eb3-2655-43ce-973e-30c4e22d94a0": [
          "120f5dd8-b1e4-4813-bbe0-1e52821980d7"
        ],
        "c07a8d86-5b93-4497-a754-256276277115": [
          "f6555eb3-2655-43ce-973e-30c4e22d94a0"
        ],
        "4db21a4a-cf9a-4132-a35e-a0e4ba1ff9c0": [
          "f6555eb3-2655-43ce-973e-30c4e22d94a0"
        ],
        "0e7873ae-71ff-4329-ab08-eb16d65d832c": [
          "f6555eb3-2655-43ce-973e-30c4e22d94a0"
        ],
        "fb2557af-84bd-49c9-91b5-fe6a2ebe96e1": [
          "4db21a4a-cf9a-4132-a35e-a0e4ba1ff9c0"
        ],
        "6f668cc6-6bfd-430f-88d9-9360c10f51bd": [
          "4db21a4a-cf9a-4132-a35e-a0e4ba1ff9c0"
        ]
      },
      "children": {
        "120f5dd8-b1e4-4813-bbe0-1e52821980d7": [
          "8c00e03c-7d18-44f1-8c7e-c22ade3518ec",
          "f6555eb3-2655-43ce-973e-30c4e22d94a0"
        ],
        "f6555eb3-2655-43ce-973e-30c4e22d94a0": [
          "c07a8d86-5b93-4497-a754-256276277115",
          "4db21a4a-cf9a-4132-a35e-a0e4ba1ff9c0",
          "0e7873ae-71ff-4329-ab08-eb16d65d832c"
        ],
        "4db21a4a-cf9a-4132-a35e-a0e4ba1ff9c0": [
          "fb2557af-84bd-49c9-91b5-fe6a2ebe96e1",
          "6f668cc6-6bfd-430f-88d9-9360c10f51bd"
        ]
      }
    },
    {
      "parents": {
        "e56cf239-629d-48ea-a7d2-f04108c84fb2": [],
        "ec672760-56b7-41a6-bbe2-9d26734027f4": [
          "e56cf239-629d-48ea-a7d2-f04108c84fb2"
        ],
        "f1e13c62-4966-4d3e-8f37-cc145f68e3f6": [
          "ec672760-56b7-41a6-bbe2-9d26734027f4"
        ],
        "2b6f3773-5c11-4221-a885-d16b7e49e951": [
          "e56cf239-629d-48ea-a7d2-f04108c84fb2"
        ],
        "2336e731-08a0-45e7-b550-fbc880b88dfb": [
          "e56cf239-629d-48ea-a7d2-f04108c84fb2"
        ],
        "1d9b98b0-5ffb-4fe5-8e67-09df3314c9d0": [
          "f1e13c62-4966-4d3e-8f37-cc145f68e3f6"
        ],
        "112a9bbf-b9ac-4f79-956b-ef2885a0a8a4": [
          "2b6f3773-5c11-4221-a885-d16b7e49e951"
        ],
        "1ef6153b-b133-4fb6-90b4-721ffde49ef3": [
          "1d9b98b0-5ffb-4fe5-8e67-09df3314c9d0"
        ]
      },
      "children": {
        "e56cf239-629d-48ea-a7d2-f04108c84fb2": [
          "ec672760-56b7-41a6-bbe2-9d26734027f4",
          "2b6f3773-5c11-4221-a885-d16b7e49e951",
          "2336e731-08a0-45e7-b550-fbc880b88dfb"
        ],
        "ec672760-56b7-41a6-bbe2-9d26734027f4": [
          "f1e13c62-4966-4d3e-8f37-cc145f68e3f6"
        ],
        "f1e13c62-4966-4d3e-8f37-cc145f68e3f6": [
          "1d9b98b0-5ffb-4fe5-8e67-09df3314c9d0"
        ],
        "2b6f3773-5c11-4221-a885-d16b7e49e951": [
          "112a9bbf-b9ac-4f79-956b-ef2885a0a8a4"
        ],
        "1d9b98b0-5ffb-4fe5-8e67-09df3314c9d0": [
          "1ef6153b-b133-4fb6-90b4-721ffde49ef3"
        ]
      }
    }
  ],
  "use_dynamic_islands": true,
  "max_islands": 5,
  "last_spawn_iteration": -30,
  "use_paradigm_breakthrough": true,
  "paradigm_tracker": {
    "window_size": 10,
    "improvement_threshold": 0.12,
    "max_paradigm_uses": 2,
    "max_tried_paradigms": 10,
    "num_paradigms_to_generate": 3,
    "improvement_history": [
      0.0,
      0.0,
      0.0,
      0.0,
      0.0,
      0.0,
      0.0,
      1.0,
      0.0,
      0.0
    ],
    "active_paradigms": [],
    "paradigm_usage_counts": {},
    "current_paradigm_index": 0,
    "tried_paradigms": [],
    "best_score_at_paradigm_gen": 0.0,
    "best_score_during_paradigm": 0.0
  }
}