{
  "id": "112a9bbf-b9ac-4f79-956b-ef2885a0a8a4",
  "generation": 2,
  "iteration": 12,
  "current_iteration": 14,
  "metrics": {
    "combined_score": 0.9354172443324507,
    "n_stage1_datasets": 8.0,
    "n_stage1_successful": 8.0,
    "eval_workers": 8.0,
    "stage1_full_selected_datasets": 1.0,
    "cascade_stage1_time_seconds": 6.840299844741821,
    "cascade_stage1_threshold": 0.15,
    "cascade_stage1_passed": 1.0,
    "loss": 0.04632452088102489,
    "complexity": 17.0,
    "nmse_train": 0.005797767887264599,
    "nmse_val": 0.04632452088102489,
    "mean_nmse_val": 0.04632452088102489,
    "mean_raw_nmse_val": 0.04632452088102489,
    "fit_score": 0.9557264309910096,
    "parsimony_weight": 0.2,
    "parsimony_penalty_factor": 0.97875,
    "eval_time": 39.914674282073975,
    "n_datasets": 24.0,
    "n_successful": 24.0,
    "cascade_stage2_time_seconds": 39.9151554107666,
    "cascade_total_time_seconds": 46.75545525550842,
    "cascade_stage1_combined_score": 0.9721287005497361
  },
  "language": "python",
  "timestamp": 1781257118.9508903,
  "saved_at": 1781257468.9432838
}