{
  "num_islands": 2,
  "current_island": 1,
  "iteration_count": 14,
  "global_best_score": 0.27890944369707515,
  "decay": 0.9,
  "intensity_min": 0.15,
  "intensity_max": 0.5,
  "migration_interval": 15,
  "diversity_strategy_type": "code",
  "use_unified_archive": true,
  "use_adaptive_search": true,
  "use_ucb_selection": true,
  "fixed_intensity": 0.4,
  "adapter": {
    "states": [
      {
        "accumulated_signal": 0.18999999999999995,
        "best_score": 0.27890944369707515,
        "improvement_count": 2,
        "total_evaluations": 8,
        "decay": 0.9,
        "epsilon": 1e-08,
        "intensity_min": 0.15,
        "intensity_max": 0.5
      },
      {
        "accumulated_signal": 0.18999999999999995,
        "best_score": 0.24620181388526957,
        "improvement_count": 1,
        "total_evaluations": 8,
        "decay": 0.9,
        "epsilon": 1e-08,
        "intensity_min": 0.15,
        "intensity_max": 0.5
      }
    ],
    "dimension_visits": [
      8,
      8
    ],
    "dimension_rewards": [
      1.0097379,
      0.7148880064853042
    ],
    "decayed_visits": [
      5.6953279000000006,
      5.6953279000000006
    ],
    "global_best_score": 0.27890944369707515,
    "ucb_exploration": 1.41,
    "min_visits": 3,
    "decay": 0.9,
    "epsilon": 1e-08
  },
  "island_config_names": [
    "balanced",
    "balanced"
  ],
  "islands": [
    [
      "e624efb5-d82d-42dd-a291-10f08b5dbe19",
      "53c6ffe2-5f6e-4e0f-abc7-7bada67fc5c4",
      "32c5aad8-0fd1-4d70-9901-445388627b04",
      "403c7e81-8e5a-45b1-90f4-a092694f5ade",
      "f92479d0-41d1-419e-81fd-fb8ccde47403",
      "cfb889c9-d3cd-48e7-82b0-fb98cf3b84dd",
      "d1992156-8461-4b28-b052-a0da900d4115",
      "ae980f85-efa0-406b-8807-d4ed6eb26936"
    ],
    [
      "ae3c9c90-2d41-49c1-8f28-d324b141323e",
      "1bb2aed6-06b4-49b4-820e-54c4c97c3d9d",
      "1a15043b-b485-41e2-9112-62bc25289691",
      "33f35a3f-c8f3-4c02-b6d2-72a7baadd7af",
      "5fc30e3a-63be-4616-9682-aed1b0e0e828",
      "36532b43-f86a-4084-a10c-cfd039a44ab7",
      "72e8cff9-48fc-445c-a551-03db39a05638",
      "e77ab3f4-6d41-4f28-95ad-9049c8936900",
      "abf6b800-e148-4357-bd62-c80eb5fb2780"
    ]
  ],
  "archive_genealogies": [
    {
      "parents": {
        "e624efb5-d82d-42dd-a291-10f08b5dbe19": [],
        "53c6ffe2-5f6e-4e0f-abc7-7bada67fc5c4": [
          "e624efb5-d82d-42dd-a291-10f08b5dbe19"
        ],
        "32c5aad8-0fd1-4d70-9901-445388627b04": [
          "53c6ffe2-5f6e-4e0f-abc7-7bada67fc5c4"
        ],
        "403c7e81-8e5a-45b1-90f4-a092694f5ade": [
          "53c6ffe2-5f6e-4e0f-abc7-7bada67fc5c4"
        ],
        "f92479d0-41d1-419e-81fd-fb8ccde47403": [
          "e624efb5-d82d-42dd-a291-10f08b5dbe19"
        ],
        "cfb889c9-d3cd-48e7-82b0-fb98cf3b84dd": [
          "403c7e81-8e5a-45b1-90f4-a092694f5ade"
        ],
        "d1992156-8461-4b28-b052-a0da900d4115": [
          "53c6ffe2-5f6e-4e0f-abc7-7bada67fc5c4"
        ],
        "ae980f85-efa0-406b-8807-d4ed6eb26936": [
          "53c6ffe2-5f6e-4e0f-abc7-7bada67fc5c4"
        ]
      },
      "children": {
        "e624efb5-d82d-42dd-a291-10f08b5dbe19": [
          "53c6ffe2-5f6e-4e0f-abc7-7bada67fc5c4",
          "f92479d0-41d1-419e-81fd-fb8ccde47403"
        ],
        "53c6ffe2-5f6e-4e0f-abc7-7bada67fc5c4": [
          "32c5aad8-0fd1-4d70-9901-445388627b04",
          "403c7e81-8e5a-45b1-90f4-a092694f5ade",
          "d1992156-8461-4b28-b052-a0da900d4115",
          "ae980f85-efa0-406b-8807-d4ed6eb26936"
        ],
        "403c7e81-8e5a-45b1-90f4-a092694f5ade": [
          "cfb889c9-d3cd-48e7-82b0-fb98cf3b84dd"
        ]
      }
    },
    {
      "parents": {
        "ae3c9c90-2d41-49c1-8f28-d324b141323e": [],
        "1bb2aed6-06b4-49b4-820e-54c4c97c3d9d": [
          "ae3c9c90-2d41-49c1-8f28-d324b141323e"
        ],
        "1a15043b-b485-41e2-9112-62bc25289691": [
          "ae3c9c90-2d41-49c1-8f28-d324b141323e"
        ],
        "33f35a3f-c8f3-4c02-b6d2-72a7baadd7af": [
          "ae3c9c90-2d41-49c1-8f28-d324b141323e"
        ],
        "5fc30e3a-63be-4616-9682-aed1b0e0e828": [
          "ae3c9c90-2d41-49c1-8f28-d324b141323e"
        ],
        "36532b43-f86a-4084-a10c-cfd039a44ab7": [
          "53c6ffe2-5f6e-4e0f-abc7-7bada67fc5c4"
        ],
        "72e8cff9-48fc-445c-a551-03db39a05638": [
          "53c6ffe2-5f6e-4e0f-abc7-7bada67fc5c4"
        ],
        "e77ab3f4-6d41-4f28-95ad-9049c8936900": [
          "53c6ffe2-5f6e-4e0f-abc7-7bada67fc5c4"
        ],
        "abf6b800-e148-4357-bd62-c80eb5fb2780": [
          "53c6ffe2-5f6e-4e0f-abc7-7bada67fc5c4"
        ]
      },
      "children": {
        "ae3c9c90-2d41-49c1-8f28-d324b141323e": [
          "1bb2aed6-06b4-49b4-820e-54c4c97c3d9d",
          "1a15043b-b485-41e2-9112-62bc25289691",
          "33f35a3f-c8f3-4c02-b6d2-72a7baadd7af",
          "5fc30e3a-63be-4616-9682-aed1b0e0e828"
        ],
        "53c6ffe2-5f6e-4e0f-abc7-7bada67fc5c4": [
          "36532b43-f86a-4084-a10c-cfd039a44ab7",
          "72e8cff9-48fc-445c-a551-03db39a05638",
          "e77ab3f4-6d41-4f28-95ad-9049c8936900",
          "abf6b800-e148-4357-bd62-c80eb5fb2780"
        ]
      }
    }
  ],
  "use_dynamic_islands": true,
  "max_islands": 5,
  "last_spawn_iteration": -30,
  "use_paradigm_breakthrough": true,
  "paradigm_tracker": {
    "window_size": 10,
    "improvement_threshold": 0.12,
    "max_paradigm_uses": 2,
    "max_tried_paradigms": 10,
    "num_paradigms_to_generate": 3,
    "improvement_history": [
      0.0,
      0.0,
      0.0,
      0.0,
      0.0,
      0.0,
      0.0,
      0.0,
      0.0,
      0.0
    ],
    "active_paradigms": [
      {
        "idea": "Gompertz-inspired ODE with multiplicative x1 scaling: c1*x2*(c0 - sp.log(x2 + c3))*( 1 + c2*x1)",
        "description": "The Gompertz model is widely used for sigmoidal growth with asymmetric lag phases, which matches amyloid aggregation better than symmetric logistic growth. The RHS d(c)/dt = c1*(1+c2*x1)*x2*(c0 - log(x2+c3)) produces a skewed sigmoid where growth accelerates slowly then decelerates sharply near saturation. The log term creates a natural deceleration as c approaches exp(c0), and c3 is a small offset to prevent log(0). The (1+c2*x1) factor allows the experimental parameter to modulate overall rate. This is more physically grounded than the current nucleation term because it avoids non-zero rate at the plateau. Four constants give enough flexibility while remaining identifiable from typical dataset sizes.",
        "what_to_optimize": "Better fit on hard-case datasets with asymmetric sigmoidal shapes; reduce mean_nmse_val by capturing lag-phase and plateau more accurately",
        "cautions": "Must ensure x2+c3 > 0 during integration; use c3 initial value ~0.01 to keep log well-defined. The log can produce large negative values if x2 is near zero - use soft_l1 loss in fitting to handle this. Initial values should be c0~1.0 (target plateau in log space), c1~5.0, c2~1.0, c3~0.01",
        "approach_type": "sympy.log"
      },
      {
        "idea": "Pure autocatalytic secondary nucleation ODE: c0*x2*(1-x2)*(1 + c1*x2 + c2*x1) with no separate nucleation term",
        "description": "Secondary nucleation (fibril-dependent monomer conversion) is the dominant mechanism in many amyloid systems (A\u03b2, \u03b1-synuclein, tau). The expression c0*x2*(1-x2)*(1 + c1*x2 + c2*x1) combines primary elongation x2*(1-x2) with a secondary nucleation boost proportional to existing fibril concentration c1*x2. The x1 term modulates the overall rate via experimental parameter. This form has a natural fixed point at x2=0 and x2=1, so it respects the 0\u21921 transition without forcing nucleation at x2=0. The c1*x2 term inside the bracket creates super-linear early growth that matches the characteristic explosive nucleation seen in many disease-relevant aggregation datasets. Three constants keep it compact and reliably identifiable.",