{
  "id": "0e8337e9-088b-4b01-93f5-3f8580c5d689",
  "generation": 1,
  "iteration": 1,
  "current_iteration": 1,
  "metrics": {
    "combined_score": 0.923051811261166,
    "loss": 0.08336280564110435,
    "complexity": 0.0,
    "nmse_train": Infinity,
    "nmse_val": 0.08336280564110435,
    "eval_time": 30.90856170654297,
    "n_datasets": 60.0,
    "n_successful": 60.0
  },
  "language": "python",
  "timestamp": 1779803467.3541162,
  "saved_at": 1779803467.3655736
}