{
  "program_id": "c25ef4ac-6124-4296-ae54-0e144698cc4e",
  "iteration_found": 18,
  "dataset": "Abeta42/inhibition_constraints",
  "plot": "outputs_diff_inhibited_norm/adaevolve/disease_relevant_inhibited_all_normalized_ode_0720_0357/checkpoints/checkpoint_18/iteration_18_best_validation_curves.svg",
  "metrics": {
    "equation": "d(c)/dt = (0.971582727658814 - x4)*(9.12694530662458*x1*x4*(9.85850072153723e-9*x2 + x4**2/(1.76305111702705e-9*x3 + x4**2 + 0.0146612200331278) + 1)/(0.352537318033135*x1*x3 + 0.00612141352171525*x3 + 1) + 3.80944284399789e-10*x1/(0.352537318033135*x1*x3 + 0.00612141352171525*x3 + 1) + 0.50189049939884*x2 + 2.77606414777938e-9)",
    "loss": 0.04749727877518996,
    "nmse_train": 0.009106616573485231,
    "nmse_val": 0.00563202671863858,
    "mean_nmse_val": 0.00563202671863858,
    "mean_raw_nmse_val": 0.00563202671863858,
    "scored_loss_val": 0.04749727877518996,
    "mean_scored_loss_val": 0.04749727877518996,
    "shape_loss_val": 0.1730930349448441,
    "shape_loss_weight": 0.25,
    "heldout_curve_nmse": 0.00563202671863858,
    "heldout_curve_scored_loss": 0.04749727877518996,
    "heldout_curve_shape_loss": 0.1730930349448441,
    "eval_only_nmse": NaN,
    "eval_only_scored_loss": NaN,
    "eval_only_shape_loss": NaN,
    "combined_score": 0.9546564179806488,
    "fit_score": 0.9546564179806488,
    "eval_time": 25.301603078842163,
    "n_datasets": 1,
    "n_successful": 1,
    "eval_workers": 8,
    "hard_cases": [
      {
        "dataset": "Abeta42/inhibition_constraints",
        "scored_loss_val": 0.04749727877518996,
        "nmse_val": 0.00563202671863858,
        "shape_loss_val": 0.1730930349448441,
        "evaluation_only": false
      }
    ],
    "hard_case_feedback": "Abeta42/inhibition_constraints scored=0.0475 (nmse=0.005632, shape=0.1731)",
    "validation_semantics_feedback": "heldout_curve_scored_loss=0.0475, heldout_curve_nmse=0.005632, heldout_curve_shape=0.1731; eval_only_fit_score_scored_loss=nan, eval_only_nmse=nan, eval_only_shape=nan",
    "per_dataset": {
      "Abeta42/inhibition_constraints": {
        "nmse_train": 0.009106616573485231,
        "nmse_val": 0.00563202671863858,
        "shape_loss_val": 0.1730930349448441,
        "scored_loss_val": 0.04749727877518996,
        "n_val_points": 1805,
        "evaluation_only": false,
        "combined_score": 0.9546564179806488,
        "equation": "d(c)/dt = (0.971582727658814 - x4)*(9.12694530662458*x1*x4*(9.85850072153723e-9*x2 + x4**2/(1.76305111702705e-9*x3 + x4**2 + 0.0146612200331278) + 1)/(0.352537318033135*x1*x3 + 0.00612141352171525*x3 + 1) + 3.80944284399789e-10*x1/(0.352537318033135*x1*x3 + 0.00612141352171525*x3 + 1) + 0.50189049939884*x2 + 2.77606414777938e-9)",
        "equation_template": "d(c)/dt = (c0 - x4)*(c3**2 + c4**2*x1/(c1**2*x1*x3 + c2**2*x3 + 1) + c5**2*x2 + c6**2*x1*x4*(c9**2*x2 + x4**2/(c7**2*(c8**2*x3 + 1) + x4**2) + 1)/(c1**2*x1*x3 + c2**2*x3 + 1))",
        "constants": {
          "c0": 0.9715827276588143,
          "c1": 0.5937485309734543,
          "c2": 0.07823946268805305,
          "c3": 5.268836823986279e-05,
          "c4": 1.9517794045429133e-05,
          "c5": 0.7084423049189258,
          "c6": 3.0210834656832266,
          "c7": 0.12108352502767579,
          "c8": -0.00034677469329557253,
          "c9": -9.928998298689161e-05
        }
      }
    },
    "error": ""
  },
  "saved_at": 1784502504.7503302
}