{
  "num_islands": 2,
  "current_island": 1,
  "iteration_count": 9,
  "global_best_score": 0.9966079979460182,
  "decay": 0.9,
  "intensity_min": 0.15,
  "intensity_max": 0.5,
  "migration_interval": 15,
  "diversity_strategy_type": "code",
  "use_unified_archive": true,
  "use_adaptive_search": true,
  "use_ucb_selection": true,
  "fixed_intensity": 0.4,
  "adapter": {
    "states": [
      {
        "accumulated_signal": 0.08208821551336912,
        "best_score": 0.9966079979460182,
        "improvement_count": 3,
        "total_evaluations": 6,
        "decay": 0.9,
        "epsilon": 1e-08,
        "intensity_min": 0.15,
        "intensity_max": 0.5
      },
      {
        "accumulated_signal": 0.0817459028398139,
        "best_score": 0.9966079979460182,
        "improvement_count": 2,
        "total_evaluations": 4,
        "decay": 0.9,
        "epsilon": 1e-08,
        "intensity_min": 0.15,
        "intensity_max": 0.5
      }
    ],
    "dimension_visits": [
      6,
      4
    ],
    "dimension_rewards": [
      0.6695533986595034,
      0.08119491863321875
    ],
    "decayed_visits": [
      4.68559,
      3.439
    ],
    "global_best_score": 0.9966079979460182,
    "ucb_exploration": 1.41,
    "min_visits": 3,
    "decay": 0.9,
    "epsilon": 1e-08
  },
  "island_config_names": [
    "balanced",
    "balanced"
  ],
  "islands": [
    [
      "09dab602-e0ee-43b9-8537-9f75e07ccafa",
      "e1dfc569-967e-46b3-ba13-a488d8be4bef",
      "51ce7de1-b39d-44ed-9164-c439b672d75f",
      "b3e9af0d-6dee-4b7b-b57a-ad1e750b4b88",
      "67a11ec3-0eca-4c43-85f7-2eb01cd94f10",
      "15810c12-6592-4c17-b7c7-8991568ad81c"
    ],
    [
      "542d9e33-5244-4e28-a2a2-25836802a4d7",
      "277b97b3-5134-41d1-913e-d791ec13890c",
      "3173c851-a353-467d-8769-930eed590bee",
      "cbb73c39-6b6e-457e-8089-1546aae1d339",
      "a80a0c1a-f091-47c6-bf67-514e75ccb833"
    ]
  ],
  "archive_genealogies": [
    {
      "parents": {
        "09dab602-e0ee-43b9-8537-9f75e07ccafa": [],
        "e1dfc569-967e-46b3-ba13-a488d8be4bef": [
          "09dab602-e0ee-43b9-8537-9f75e07ccafa"
        ],
        "51ce7de1-b39d-44ed-9164-c439b672d75f": [
          "09dab602-e0ee-43b9-8537-9f75e07ccafa"
        ],
        "b3e9af0d-6dee-4b7b-b57a-ad1e750b4b88": [
          "51ce7de1-b39d-44ed-9164-c439b672d75f"
        ],
        "67a11ec3-0eca-4c43-85f7-2eb01cd94f10": [
          "51ce7de1-b39d-44ed-9164-c439b672d75f"
        ],
        "15810c12-6592-4c17-b7c7-8991568ad81c": [
          "b3e9af0d-6dee-4b7b-b57a-ad1e750b4b88"
        ]
      },
      "children": {
        "09dab602-e0ee-43b9-8537-9f75e07ccafa": [
          "e1dfc569-967e-46b3-ba13-a488d8be4bef",
          "51ce7de1-b39d-44ed-9164-c439b672d75f"
        ],
        "51ce7de1-b39d-44ed-9164-c439b672d75f": [
          "b3e9af0d-6dee-4b7b-b57a-ad1e750b4b88",
          "67a11ec3-0eca-4c43-85f7-2eb01cd94f10"
        ],
        "b3e9af0d-6dee-4b7b-b57a-ad1e750b4b88": [
          "15810c12-6592-4c17-b7c7-8991568ad81c"
        ]
      }
    },
    {
      "parents": {
        "542d9e33-5244-4e28-a2a2-25836802a4d7": [],
        "277b97b3-5134-41d1-913e-d791ec13890c": [
          "542d9e33-5244-4e28-a2a2-25836802a4d7"
        ],
        "3173c851-a353-467d-8769-930eed590bee": [
          "277b97b3-5134-41d1-913e-d791ec13890c"
        ],
        "cbb73c39-6b6e-457e-8089-1546aae1d339": [
          "277b97b3-5134-41d1-913e-d791ec13890c"
        ],
        "a80a0c1a-f091-47c6-bf67-514e75ccb833": [
          "277b97b3-5134-41d1-913e-d791ec13890c"
        ]
      },
      "children": {
        "542d9e33-5244-4e28-a2a2-25836802a4d7": [
          "277b97b3-5134-41d1-913e-d791ec13890c"
        ],
        "277b97b3-5134-41d1-913e-d791ec13890c": [
          "3173c851-a353-467d-8769-930eed590bee",
          "cbb73c39-6b6e-457e-8089-1546aae1d339",
          "a80a0c1a-f091-47c6-bf67-514e75ccb833"
        ]
      }
    }
  ],
  "use_dynamic_islands": true,
  "max_islands": 5,
  "last_spawn_iteration": -30,
  "use_paradigm_breakthrough": true,
  "paradigm_tracker": {
    "window_size": 10,
    "improvement_threshold": 0.12,
    "max_paradigm_uses": 2,
    "max_tried_paradigms": 10,
    "num_paradigms_to_generate": 3,
    "improvement_history": [
      1.0,
      0.0,
      1.0,
      1.0,
      1.0,
      0.0,
      0.0,
      0.0,
      0.0,
      0.0
    ],
    "active_paradigms": [],
    "paradigm_usage_counts": {},
    "current_paradigm_index": 0,
    "tried_paradigms": [],
    "best_score_at_paradigm_gen": 0.0,
    "best_score_during_paradigm": 0.0
  }
}