{
  "id": "3173c851-a353-467d-8769-930eed590bee",
  "generation": 2,
  "iteration": 4,
  "current_iteration": 50,
  "metrics": {
    "loss": 0.0006537881517607941,
    "complexity": 29.0,
    "nmse_train": 0.00459256091137081,
    "nmse_val": 0.0034035468920303783,
    "combined_score": 0.9966079979460182,
    "eval_time": 38.18138670921326
  },
  "language": "python",
  "timestamp": 1779616513.398674,
  "saved_at": 1779617243.950649
}