{
  "id": "caaaefa8-21de-46bd-a1e7-3bd4f66c81bc",
  "generation": 4,
  "iteration": 27,
  "timestamp": 1780771053.558038,
  "parent_id": "792ed886-e26c-478d-9a9b-d96c53daa113",
  "metrics": {
    "combined_score": 0.942416902470017,
    "n_stage1_datasets": 8.0,
    "n_stage1_successful": 8.0,
    "eval_workers": 8.0,
    "stage1_full_selected_datasets": 1.0,
    "cascade_stage1_time_seconds": 5.1353394985198975,
    "cascade_stage1_threshold": 0.15,
    "cascade_stage1_passed": 1.0,
    "loss": 0.03987948160891427,
    "complexity": 16.0,
    "nmse_train": 0.024532794618109338,
    "nmse_val": 0.03987948160891427,
    "mean_nmse_val": 0.03987948160891427,
    "fit_score": 0.9616499004796092,
    "parsimony_weight": 0.2,
    "parsimony_penalty_factor": 0.98,
    "eval_time": 42.47968316078186,
    "n_datasets": 42.0,
    "n_successful": 42.0,
    "hard_case_tail_nmse": 0.3525339808738037,
    "hard_case_tail_weight": 0.0,
    "cascade_stage2_time_seconds": 42.4803032875061,
    "cascade_total_time_seconds": 47.615642786026,
    "cascade_stage1_combined_score": 0.9276848523539747,
    "test_combined_score": 0.942416902470017,
    "test_n_stage1_datasets": 8.0,
    "test_n_stage1_successful": 8.0,
    "test_eval_workers": 8.0,
    "test_stage1_full_selected_datasets": 1.0,
    "test_cascade_stage1_time_seconds": 5.064928293228149,
    "test_cascade_stage1_threshold": 0.15,
    "test_cascade_stage1_passed": 1.0,
    "test_loss": 0.03987948160891427,
    "test_complexity": 16.0,
    "test_nmse_train": 0.02453279461810933,
    "test_nmse_val": 0.03987948160891427,
    "test_mean_nmse_val": 0.03987948160891427,
    "test_fit_score": 0.9616499004796092,
    "test_parsimony_weight": 0.2,
    "test_parsimony_penalty_factor": 0.98,
    "test_eval_time": 42.33172249794006,
    "test_n_datasets": 42.0,
    "test_n_successful": 42.0,
    "test_hard_case_tail_nmse": 0.3525339808738037,
    "test_hard_case_tail_weight": 0.0,
    "test_cascade_stage2_time_seconds": 42.33223032951355,
    "test_cascade_total_time_seconds": 47.3971586227417,
    "test_cascade_stage1_combined_score": 0.9276848523539747
  },
  "language": "python",
  "saved_at": 1780772235.6539447
}