{
  "id": "ebafd93c-1285-47d9-ac19-014d55683e59",
  "generation": 1,
  "iteration": 1,
  "current_iteration": 8,
  "metrics": {
    "combined_score": 0.944369847585894,
    "n_stage1_datasets": 8.0,
    "n_stage1_successful": 8.0,
    "eval_workers": 8.0,
    "stage1_full_selected_datasets": 1.0,
    "cascade_stage1_time_seconds": 56.36903119087219,
    "cascade_stage1_threshold": 0.15,
    "cascade_stage1_passed": 1.0,
    "loss": 0.03772902375609266,
    "complexity": 16.0,
    "nmse_train": 0.001945691050170432,
    "nmse_val": 0.03772902375609266,
    "mean_nmse_val": 0.03772902375609266,
    "mean_raw_nmse_val": 0.03772902375609266,
    "fit_score": 0.9636427016182593,
    "parsimony_weight": 0.2,
    "parsimony_penalty_factor": 0.98,
    "eval_time": 222.3536856174469,
    "n_datasets": 24.0,
    "n_successful": 24.0,
    "cascade_stage2_time_seconds": 222.35439372062683,
    "cascade_total_time_seconds": 278.723424911499,
    "cascade_stage1_combined_score": 0.9794788819332014
  },
  "language": "python",
  "timestamp": 1781608806.9589891,
  "saved_at": 1781611581.051348
}