{
  "id": "dd61827a-c6c9-4376-8dda-7fcf8041eccd",
  "generation": 2,
  "iteration": 9,
  "current_iteration": 9,
  "metrics": {
    "combined_score": 0.9744929412837862,
    "loss": 0.02617469828217636,
    "complexity": 0.0,
    "nmse_train": Infinity,
    "nmse_val": 0.02617469828217636,
    "eval_time": 1407.0204639434814,
    "n_datasets": 60.0,
    "n_successful": 60.0
  },
  "language": "python",
  "timestamp": 1779844988.7713964,
  "saved_at": 1779844988.787992
}