{
  "id": "9a06e09e-7faa-4103-b3a0-c6afb0a66b96",
  "generation": 5,
  "iteration": 19,
  "current_iteration": 20,
  "metrics": {
    "combined_score": 0.8917413624652811,
    "n_stage1_datasets": 5.0,
    "n_stage1_successful": 5.0,
    "eval_workers": 8.0,
    "stage1_full_selected_datasets": 1.0,
    "cascade_stage1_time_seconds": 41.40436935424805,
    "cascade_stage1_threshold": 0.15,
    "cascade_stage1_passed": 1.0,
    "loss": 0.12140138619950328,
    "nmse_train": 0.01935030227382348,
    "nmse_val": 0.03161530507177555,
    "mean_nmse_val": 0.03161530507177555,
    "mean_raw_nmse_val": 0.03161530507177555,
    "scored_loss_val": 0.12140138619950328,
    "mean_scored_loss_val": 0.12140138619950328,
    "shape_loss_val": 0.3907596295826864,
    "shape_loss_weight": 0.25,
    "heldout_curve_nmse": 0.03832522558650234,
    "heldout_curve_scored_loss": 0.09562869405177915,
    "heldout_curve_shape_loss": 0.26753909944760956,
    "eval_only_nmse": 0.030696225920812014,
    "eval_only_scored_loss": 0.12493155380211299,
    "eval_only_shape_loss": 0.40763753744601594,
    "fit_score": 0.8917413624652811,
    "eval_time": 417.6622369289398,
    "n_datasets": 17.0,
    "n_successful": 17.0,
    "cascade_stage2_time_seconds": 417.66276478767395,
    "cascade_total_time_seconds": 459.067134141922,
    "cascade_stage1_combined_score": 0.9182676522800914
  },
  "language": "python",
  "timestamp": 1782004983.456927,
  "saved_at": 1782005350.973348
}