{
  "program_id": "c1fb7bb1-cf2f-42f8-aa45-c28e43e63632",
  "iteration_found": 30,
  "dataset": "Abeta42/inhibition_constraints",
  "plot": "outputs_diff_inhibited_norm/adaevolve/disease_relevant_inhibited_all_normalized_ode_0720_0357/checkpoints/checkpoint_30/iteration_30_best_validation_curves.svg",
  "metrics": {
    "equation": "d(c)/dt = (0.971332340858048 - x4)*(1.44951618080993*x2 + (6.61804780918667e-8*x2 + 1)*(3.33324280690611*x1*x4**2/(2.36970821085424e-6*x3 + 1)**2 + 15.0950831689785*x1*x4/(1.39963236887457*x3 + 1)) + 1.11967955364715e-6)",
    "loss": 0.04584004941624113,
    "nmse_train": 0.010000385219356846,
    "nmse_val": 0.0038327632047039234,
    "mean_nmse_val": 0.0038327632047039234,
    "mean_raw_nmse_val": 0.0038327632047039234,
    "scored_loss_val": 0.04584004941624113,
    "mean_scored_loss_val": 0.04584004941624113,
    "shape_loss_val": 0.17186190805085277,
    "shape_loss_weight": 0.25,
    "heldout_curve_nmse": 0.0038327632047039234,
    "heldout_curve_scored_loss": 0.04584004941624113,
    "heldout_curve_shape_loss": 0.17186190805085277,
    "eval_only_nmse": NaN,
    "eval_only_scored_loss": NaN,
    "eval_only_shape_loss": NaN,
    "combined_score": 0.9561691585230191,
    "fit_score": 0.9561691585230191,
    "eval_time": 14.100947141647339,
    "n_datasets": 1,
    "n_successful": 1,
    "eval_workers": 8,
    "hard_cases": [
      {
        "dataset": "Abeta42/inhibition_constraints",
        "scored_loss_val": 0.04584004941624113,
        "nmse_val": 0.0038327632047039234,
        "shape_loss_val": 0.17186190805085277,
        "evaluation_only": false
      }
    ],
    "hard_case_feedback": "Abeta42/inhibition_constraints scored=0.04584 (nmse=0.003833, shape=0.1719)",
    "validation_semantics_feedback": "heldout_curve_scored_loss=0.04584, heldout_curve_nmse=0.003833, heldout_curve_shape=0.1719; eval_only_fit_score_scored_loss=nan, eval_only_nmse=nan, eval_only_shape=nan",
    "per_dataset": {
      "Abeta42/inhibition_constraints": {
        "nmse_train": 0.010000385219356846,
        "nmse_val": 0.0038327632047039234,
        "shape_loss_val": 0.17186190805085277,
        "scored_loss_val": 0.04584004941624113,
        "n_val_points": 1805,
        "evaluation_only": false,
        "combined_score": 0.9561691585230191,
        "equation": "d(c)/dt = (0.971332340858048 - x4)*(1.44951618080993*x2 + (6.61804780918667e-8*x2 + 1)*(3.33324280690611*x1*x4**2/(2.36970821085424e-6*x3 + 1)**2 + 15.0950831689785*x1*x4/(1.39963236887457*x3 + 1)) + 1.11967955364715e-6)",
        "equation_template": "d(c)/dt = (c0 - x4)*(c3**2 + c5**2*x2 + (c7**2*x2 + 1)*(c4**2*x1*x4/(c1**2*x3 + 1) + c6**2*x1*x4**2/(c2**2*x3 + 1)**2))",
        "constants": {
          "c0": 0.9713323408580476,
          "c1": 1.1830605939150258,
          "c2": -0.0015393856602080721,
          "c3": -0.0010581491169240505,
          "c4": 3.885239139226636,
          "c5": 1.2039585461343447,
          "c6": 1.8257170664991074,
          "c7": 0.00025725566678280715
        }
      }
    },
    "error": ""
  },
  "saved_at": 1784504495.243849
}