{
  "id": "71db3eae-ecef-4a5b-8e14-c0cdef561292",
  "generation": 2,
  "iteration": 4,
  "current_iteration": 5,
  "metrics": {
    "combined_score": 0.8940828988642741,
    "loss": 0.11846451964383735,
    "complexity": 0.0,
    "nmse_train": Infinity,
    "nmse_val": 0.11846451964383735,
    "eval_time": 162.10018825531006,
    "n_datasets": 60.0,
    "n_successful": 59.0
  },
  "language": "python",
  "timestamp": 1779834794.2189589,
  "saved_at": 1779839848.1103072
}