{
  "program_id": "091cd44a-b5bd-4324-8d5d-6b8c3e8646a3",
  "iteration_found": 16,
  "dataset": "Abeta42/inhibition_constraints",
  "plot": "outputs_diff_inhibited_norm/adaevolve/disease_relevant_inhibited_all_normalized_ode_0719_2131/checkpoints/checkpoint_16/iteration_16_best_validation_curves.svg",
  "metrics": {
    "equation": "d(c)/dt = 1.69404902659617*x0*(1.00001002824743 - x4) + (1.00001002824743 - x4)*(x1*x4*(9.65110009410741*x4 + 1) + 1.71900993864947*x1 + 13.9144423445456*x2 + 3.65902820409887)/(1.31574756417641*x3*x4 + 1.02103422453351*x3 + 1)",
    "loss": 0.14214369916965888,
    "nmse_train": 0.056969121086228425,
    "nmse_val": 0.11034786157781676,
    "mean_nmse_val": 0.11034786157781676,
    "mean_raw_nmse_val": 0.11034786157781676,
    "scored_loss_val": 0.14214369916965888,
    "mean_scored_loss_val": 0.14214369916965888,
    "shape_loss_val": 0.2375312119451852,
    "shape_loss_weight": 0.25,
    "heldout_curve_nmse": 0.11034786157781676,
    "heldout_curve_scored_loss": 0.14214369916965888,
    "heldout_curve_shape_loss": 0.2375312119451852,
    "eval_only_nmse": NaN,
    "eval_only_scored_loss": NaN,
    "eval_only_shape_loss": NaN,
    "combined_score": 0.8755465715277353,
    "fit_score": 0.8755465715277353,
    "eval_time": 72.60293006896973,
    "n_datasets": 1,
    "n_successful": 1,
    "eval_workers": 8,
    "hard_cases": [
      {
        "dataset": "Abeta42/inhibition_constraints",
        "scored_loss_val": 0.14214369916965888,
        "nmse_val": 0.11034786157781677,
        "shape_loss_val": 0.23753121194518523,
        "evaluation_only": false
      }
    ],
    "hard_case_feedback": "Abeta42/inhibition_constraints scored=0.1421 (nmse=0.1103, shape=0.2375)",
    "validation_semantics_feedback": "heldout_curve_scored_loss=0.1421, heldout_curve_nmse=0.1103, heldout_curve_shape=0.2375; eval_only_fit_score_scored_loss=nan, eval_only_nmse=nan, eval_only_shape=nan",
    "per_dataset": {
      "Abeta42/inhibition_constraints": {
        "nmse_train": 0.056969121086228425,
        "nmse_val": 0.11034786157781677,
        "shape_loss_val": 0.23753121194518523,
        "scored_loss_val": 0.14214369916965888,
        "n_val_points": 3610,
        "evaluation_only": false,
        "combined_score": 0.8755465715277353,
        "equation": "d(c)/dt = 1.69404902659617*x0*(1.00001002824743 - x4) + (1.00001002824743 - x4)*(x1*x4*(9.65110009410741*x4 + 1) + 1.71900993864947*x1 + 13.9144423445456*x2 + 3.65902820409887)/(1.31574756417641*x3*x4 + 1.02103422453351*x3 + 1)",
        "equation_template": "d(c)/dt = c7*x0*(c0**2 - x4 + 1) + (c0**2 - x4 + 1)*(c3**2 + c4**2*x1 + c5**2*x2 + x1*x4*(c6**2*x4 + 1))/(c1**2*x3 + c2**2*x3*x4 + 1)",
        "constants": {
          "c0": -0.0031667408219947226,
          "c1": 1.010462381552878,
          "c2": 1.1470604012764134,
          "c3": 1.9128586471819793,
          "c4": 1.3111101931757945,
          "c5": 3.7302067428690293,
          "c6": 3.106621974767354,
          "c7": 1.6940490265961727
        }
      }
    },
    "error": ""
  },
  "saved_at": 1784479245.513522
}