{
  "id": "8b50968e-badc-4157-ba32-df66e06da8fa",
  "generation": 2,
  "iteration": 25,
  "current_iteration": 25,
  "metrics": {
    "equation": "d(c)/dt = (0.919164302741934 - x4)*(29537047.1915243*x1*x4**2*(600859.192617272*x2 + 1)/(1770238.1810421*x3 + 1) + 1974299.92010697*x1/(1770238.1810421*x3 + 1))",
    "loss": 0.13451345339015447,
    "nmse_train": 0.07122706589442397,
    "nmse_val": 0.0825939840855041,
    "mean_nmse_val": 0.0825939840855041,
    "mean_raw_nmse_val": 0.0825939840855041,
    "scored_loss_val": 0.13451345339015447,
    "mean_scored_loss_val": 0.13451345339015447,
    "shape_loss_val": 0.29027186130410554,
    "shape_loss_weight": 0.25,
    "heldout_curve_nmse": 0.0825939840855041,
    "heldout_curve_scored_loss": 0.13451345339015447,
    "heldout_curve_shape_loss": 0.29027186130410554,
    "eval_only_nmse": NaN,
    "eval_only_scored_loss": NaN,
    "eval_only_shape_loss": NaN,
    "combined_score": 0.8814351182983321,
    "fit_score": 0.8814351182983321,
    "eval_time": 16.70489811897278,
    "n_datasets": 1,
    "n_successful": 1,
    "eval_workers": 8,
    "hard_cases": [
      {
        "dataset": "Abeta42/inhibition_constraints",
        "scored_loss_val": 0.13451345339015447,
        "nmse_val": 0.0825939840855041,
        "shape_loss_val": 0.29027186130410554,
        "evaluation_only": false
      }
    ],
    "hard_case_feedback": "Abeta42/inhibition_constraints scored=0.1345 (nmse=0.08259, shape=0.2903)",
    "validation_semantics_feedback": "heldout_curve_scored_loss=0.1345, heldout_curve_nmse=0.08259, heldout_curve_shape=0.2903; eval_only_fit_score_scored_loss=nan, eval_only_nmse=nan, eval_only_shape=nan",
    "per_dataset": {
      "Abeta42/inhibition_constraints": {
        "nmse_train": 0.07122706589442397,
        "nmse_val": 0.0825939840855041,
        "shape_loss_val": 0.29027186130410554,
        "scored_loss_val": 0.13451345339015447,
        "n_val_points": 12274,
        "evaluation_only": false,
        "combined_score": 0.8814351182983321,
        "equation": "d(c)/dt = (0.919164302741934 - x4)*(29537047.1915243*x1*x4**2*(600859.192617272*x2 + 1)/(1770238.1810421*x3 + 1) + 1974299.92010697*x1/(1770238.1810421*x3 + 1))",
        "equation_template": "d(c)/dt = (c0 - x4)*(c1**2*x1/(c3**2*x3 + 1) + c2**2*x1*x4**2*(c4**2*x2 + 1)/(c3**2*x3 + 1))",
        "constants": {
          "c0": 0.9191643027419338,
          "c1": 1405.0978329308496,
          "c2": -5434.799645941357,
          "c3": 1330.5029804709563,
          "c4": 775.1510772857587
        }
      }
    },
    "error": ""
  },
  "language": "python",
  "timestamp": 1784470752.727988,
  "saved_at": 1784470752.757144
}