{
  "num_islands": 2,
  "current_island": 1,
  "iteration_count": 7,
  "global_best_score": 0.931534406844802,
  "decay": 0.9,
  "intensity_min": 0.15,
  "intensity_max": 0.5,
  "migration_interval": 15,
  "diversity_strategy_type": "code",
  "use_unified_archive": true,
  "use_adaptive_search": true,
  "use_ucb_selection": true,
  "fixed_intensity": 0.4,
  "adapter": {
    "states": [
      {
        "accumulated_signal": 0.0814156634299044,
        "best_score": 0.9268856271331726,
        "improvement_count": 3,
        "total_evaluations": 5,
        "decay": 0.9,
        "epsilon": 1e-08,
        "intensity_min": 0.15,
        "intensity_max": 0.5
      },
      {
        "accumulated_signal": 0.07327860857573484,
        "best_score": 0.931534406844802,
        "improvement_count": 3,
        "total_evaluations": 4,
        "decay": 0.9,
        "epsilon": 1e-08,
        "intensity_min": 0.15,
        "intensity_max": 0.5
      }
    ],
    "dimension_visits": [
      5,
      4
    ],
    "dimension_rewards": [
      0.7224228126888087,
      0.06719950602265178
    ],
    "decayed_visits": [
      4.0951,
      3.439
    ],
    "global_best_score": 0.931534406844802,
    "ucb_exploration": 1.41,
    "min_visits": 3,
    "decay": 0.9,
    "epsilon": 1e-08
  },
  "island_config_names": [
    "balanced",
    "balanced"
  ],
  "islands": [
    [
      "401387d4-b666-47cc-906b-5bda4b54b171",
      "5cafa0d1-3f46-4975-963e-e8f0f41aff95",
      "31ce9926-7cb8-4fa4-90c9-c777c1ab7e53",
      "ba60a5f3-130e-46a9-97bb-dd070d082cba",
      "ee51125b-1459-4d76-96f3-466bc946025c"
    ],
    [
      "362096f5-03bc-4581-bb66-86f722ed7561",
      "0d553830-8c59-4c48-9b6f-409e25520893",
      "88ca9a23-e122-48aa-acb3-188638333dc1",
      "cb3c3730-9199-4575-8eb2-654b64fda5b6",
      "c22bd51c-95cc-4b54-9ca6-0a6f0d390267"
    ]
  ],
  "archive_genealogies": [
    {
      "parents": {
        "401387d4-b666-47cc-906b-5bda4b54b171": [],
        "5cafa0d1-3f46-4975-963e-e8f0f41aff95": [
          "401387d4-b666-47cc-906b-5bda4b54b171"
        ],
        "31ce9926-7cb8-4fa4-90c9-c777c1ab7e53": [
          "5cafa0d1-3f46-4975-963e-e8f0f41aff95"
        ],
        "ba60a5f3-130e-46a9-97bb-dd070d082cba": [
          "31ce9926-7cb8-4fa4-90c9-c777c1ab7e53"
        ],
        "ee51125b-1459-4d76-96f3-466bc946025c": [
          "401387d4-b666-47cc-906b-5bda4b54b171"
        ]
      },
      "children": {
        "401387d4-b666-47cc-906b-5bda4b54b171": [
          "5cafa0d1-3f46-4975-963e-e8f0f41aff95",
          "ee51125b-1459-4d76-96f3-466bc946025c"
        ],
        "5cafa0d1-3f46-4975-963e-e8f0f41aff95": [
          "31ce9926-7cb8-4fa4-90c9-c777c1ab7e53"
        ],
        "31ce9926-7cb8-4fa4-90c9-c777c1ab7e53": [
          "ba60a5f3-130e-46a9-97bb-dd070d082cba"
        ]
      }
    },
    {
      "parents": {
        "362096f5-03bc-4581-bb66-86f722ed7561": [],
        "0d553830-8c59-4c48-9b6f-409e25520893": [
          "362096f5-03bc-4581-bb66-86f722ed7561"
        ],
        "88ca9a23-e122-48aa-acb3-188638333dc1": [
          "0d553830-8c59-4c48-9b6f-409e25520893"
        ],
        "cb3c3730-9199-4575-8eb2-654b64fda5b6": [
          "362096f5-03bc-4581-bb66-86f722ed7561"
        ],
        "c22bd51c-95cc-4b54-9ca6-0a6f0d390267": [
          "0d553830-8c59-4c48-9b6f-409e25520893"
        ]
      },
      "children": {
        "362096f5-03bc-4581-bb66-86f722ed7561": [
          "0d553830-8c59-4c48-9b6f-409e25520893",
          "cb3c3730-9199-4575-8eb2-654b64fda5b6"
        ],
        "0d553830-8c59-4c48-9b6f-409e25520893": [
          "88ca9a23-e122-48aa-acb3-188638333dc1",
          "c22bd51c-95cc-4b54-9ca6-0a6f0d390267"
        ]
      }
    }
  ],
  "use_dynamic_islands": true,
  "max_islands": 5,
  "last_spawn_iteration": -30,
  "use_paradigm_breakthrough": true,
  "paradigm_tracker": {
    "window_size": 10,
    "improvement_threshold": 0.12,
    "max_paradigm_uses": 2,
    "max_tried_paradigms": 10,
    "num_paradigms_to_generate": 3,
    "improvement_history": [
      1.0,
      1.0,
      1.0,
      0.0,
      0.0,
      0.0,
      0.0,
      0.0,
      1.0
    ],
    "active_paradigms": [],
    "paradigm_usage_counts": {},
    "current_paradigm_index": 0,
    "tried_paradigms": [],
    "best_score_at_paradigm_gen": 0.0,
    "best_score_during_paradigm": 0.0
  }
}