{
  "id": "2e62f25a-6e13-4fa1-85bd-a1eb1c30e5b7",
  "generation": 1,
  "iteration": 1,
  "current_iteration": 2,
  "metrics": {
    "combined_score": 0.9118417354149831,
    "n_stage1_datasets": 8.0,
    "n_stage1_successful": 8.0,
    "eval_workers": 8.0,
    "cascade_stage1_time_seconds": 1.3054931163787842,
    "cascade_stage1_threshold": 0.15,
    "cascade_stage1_passed": 1.0,
    "loss": 0.06652279910988176,
    "complexity": 22.0,
    "nmse_train": Infinity,
    "nmse_val": 0.06652279910988176,
    "fit_score": 0.9376264631516535,
    "parsimony_weight": 0.2,
    "parsimony_penalty_factor": 0.9725,
    "eval_time": 27.303162097930908,
    "n_datasets": 42.0,
    "n_successful": 42.0,
    "cascade_stage2_time_seconds": 27.30386209487915,
    "cascade_total_time_seconds": 28.609355211257935,
    "cascade_stage1_combined_score": 0.8889313613208312
  },
  "language": "python",
  "timestamp": 1780311700.296153,
  "saved_at": 1780311826.815101
}