{
  "id": "180fb70a-ffc9-4e5f-b9da-187240e9bb6e",
  "generation": 3,
  "iteration": 8,
  "current_iteration": 8,
  "metrics": {
    "combined_score": 0.9743754066262521,
    "loss": 0.026298481262445154,
    "complexity": 0.0,
    "nmse_train": Infinity,
    "nmse_val": 0.026298481262445154,
    "eval_time": 1125.5681884288788,
    "n_datasets": 60.0,
    "n_successful": 60.0
  },
  "language": "python",
  "timestamp": 1779843374.3294353,
  "saved_at": 1779843374.3404381
}