{
  "num_islands": 2,
  "current_island": 0,
  "iteration_count": 10,
  "global_best_score": 0.9393040045221083,
  "decay": 0.9,
  "intensity_min": 0.15,
  "intensity_max": 0.5,
  "migration_interval": 15,
  "diversity_strategy_type": "code",
  "use_unified_archive": true,
  "use_adaptive_search": true,
  "use_ucb_selection": true,
  "fixed_intensity": 0.4,
  "adapter": {
    "states": [
      {
        "accumulated_signal": 0.08190474615566021,
        "best_score": 0.9393040045221083,
        "improvement_count": 3,
        "total_evaluations": 7,
        "decay": 0.9,
        "epsilon": 1e-08,
        "intensity_min": 0.15,
        "intensity_max": 0.5
      },
      {
        "accumulated_signal": 0.08190122508625144,
        "best_score": 0.9391390594963696,
        "improvement_count": 2,
        "total_evaluations": 5,
        "decay": 0.9,
        "epsilon": 1e-08,
        "intensity_min": 0.15,
        "intensity_max": 0.5
      }
    ],
    "dimension_visits": [
      7,
      5
    ],
    "dimension_rewards": [
      0.5906455886837471,
      0.05967338952255107
    ],
    "decayed_visits": [
      5.217031,
      4.0951
    ],
    "global_best_score": 0.9393040045221083,
    "ucb_exploration": 1.41,
    "min_visits": 3,
    "decay": 0.9,
    "epsilon": 1e-08
  },
  "island_config_names": [
    "balanced",
    "balanced"
  ],
  "islands": [
    [
      "1cbd492c-160f-47de-b6e3-35f075cec19f",
      "bcc83451-1934-400c-b643-303f8eb53f81",
      "21234b05-6ec0-411e-827a-ec634a07073f",
      "4f57d6e2-3dc3-405a-a2f3-72d6b58c8367",
      "11de8564-38f5-424e-aab6-5d246360b02d",
      "ca71cee1-1806-47fa-98b9-df1cb1df44b4",
      "0cf76362-d360-4bab-8568-e07fd38b973f"
    ],
    [
      "43cf26fa-38aa-4cb1-b351-4780877a75cd",
      "92fce5a7-9480-413c-a65c-9815ddc0e5ac",
      "8a7eb3aa-5d76-4ed4-bb37-508807902a77",
      "f51f5560-5997-414a-8268-3d376be050af",
      "47dfdcd2-50a2-46d2-95ba-8596e5314692",
      "de57f135-be0a-42ea-9d18-31564922b7b1"
    ]
  ],
  "archive_genealogies": [
    {
      "parents": {
        "1cbd492c-160f-47de-b6e3-35f075cec19f": [],
        "bcc83451-1934-400c-b643-303f8eb53f81": [
          "1cbd492c-160f-47de-b6e3-35f075cec19f"
        ],
        "21234b05-6ec0-411e-827a-ec634a07073f": [
          "bcc83451-1934-400c-b643-303f8eb53f81"
        ],
        "4f57d6e2-3dc3-405a-a2f3-72d6b58c8367": [
          "bcc83451-1934-400c-b643-303f8eb53f81"
        ],
        "11de8564-38f5-424e-aab6-5d246360b02d": [
          "bcc83451-1934-400c-b643-303f8eb53f81"
        ],
        "ca71cee1-1806-47fa-98b9-df1cb1df44b4": [
          "4f57d6e2-3dc3-405a-a2f3-72d6b58c8367"
        ],
        "0cf76362-d360-4bab-8568-e07fd38b973f": [
          "4f57d6e2-3dc3-405a-a2f3-72d6b58c8367"
        ]
      },
      "children": {
        "1cbd492c-160f-47de-b6e3-35f075cec19f": [
          "bcc83451-1934-400c-b643-303f8eb53f81"
        ],
        "bcc83451-1934-400c-b643-303f8eb53f81": [
          "21234b05-6ec0-411e-827a-ec634a07073f",
          "4f57d6e2-3dc3-405a-a2f3-72d6b58c8367",
          "11de8564-38f5-424e-aab6-5d246360b02d"
        ],
        "4f57d6e2-3dc3-405a-a2f3-72d6b58c8367": [
          "ca71cee1-1806-47fa-98b9-df1cb1df44b4",
          "0cf76362-d360-4bab-8568-e07fd38b973f"
        ]
      }
    },
    {
      "parents": {
        "43cf26fa-38aa-4cb1-b351-4780877a75cd": [],
        "92fce5a7-9480-413c-a65c-9815ddc0e5ac": [
          "43cf26fa-38aa-4cb1-b351-4780877a75cd"
        ],
        "8a7eb3aa-5d76-4ed4-bb37-508807902a77": [
          "43cf26fa-38aa-4cb1-b351-4780877a75cd"
        ],
        "f51f5560-5997-414a-8268-3d376be050af": [
          "8a7eb3aa-5d76-4ed4-bb37-508807902a77"
        ],
        "47dfdcd2-50a2-46d2-95ba-8596e5314692": [
          "92fce5a7-9480-413c-a65c-9815ddc0e5ac"
        ],
        "de57f135-be0a-42ea-9d18-31564922b7b1": [
          "f51f5560-5997-414a-8268-3d376be050af"
        ]
      },
      "children": {
        "43cf26fa-38aa-4cb1-b351-4780877a75cd": [
          "92fce5a7-9480-413c-a65c-9815ddc0e5ac",
          "8a7eb3aa-5d76-4ed4-bb37-508807902a77"
        ],
        "8a7eb3aa-5d76-4ed4-bb37-508807902a77": [
          "f51f5560-5997-414a-8268-3d376be050af"
        ],
        "92fce5a7-9480-413c-a65c-9815ddc0e5ac": [
          "47dfdcd2-50a2-46d2-95ba-8596e5314692"
        ],
        "f51f5560-5997-414a-8268-3d376be050af": [
          "de57f135-be0a-42ea-9d18-31564922b7b1"
        ]
      }
    }
  ],
  "use_dynamic_islands": true,
  "max_islands": 5,
  "last_spawn_iteration": -30,
  "use_paradigm_breakthrough": true,
  "paradigm_tracker": {
    "window_size": 10,
    "improvement_threshold": 0.12,
    "max_paradigm_uses": 2,
    "max_tried_paradigms": 10,
    "num_paradigms_to_generate": 3,
    "improvement_history": [
      0.0,
      0.0,
      0.0,
      0.0,
      1.0,
      0.0,
      0.0,
      0.0,
      0.0,
      0.0
    ],
    "active_paradigms": [],
    "paradigm_usage_counts": {},
    "current_paradigm_index": 0,
    "tried_paradigms": [],
    "best_score_at_paradigm_gen": 0.0,
    "best_score_during_paradigm": 0.0
  }
}