{
  "program_id": "e4363741-9140-4702-a4e7-517325db705b",
  "iteration_found": 1,
  "dataset": "Abeta42/inhibition_constraints",
  "plot": "outputs_diff_inhibited_norm/adaevolve/disease_relevant_inhibited_all_normalized_ode_0719_2131/checkpoints/checkpoint_1/iteration_1_best_validation_curves.svg",
  "metrics": {
    "equation": "d(c)/dt = (0.95992405911645 - x4)*(12.101876851453*x1*x4*(2.45612375734413*x4 + 1)/(3.7531259815439*x3*x4 + 0.856625824936017*x3 + 1) + 4.15684314756379e-8*x1 + 3.85005383340563*x2 + 3.05996100422815e-8)",
    "loss": 0.1029531118249048,
    "nmse_train": 0.009177798697940389,
    "nmse_val": 0.05468995176361429,
    "mean_nmse_val": 0.05468995176361429,
    "mean_raw_nmse_val": 0.05468995176361429,
    "scored_loss_val": 0.1029531118249048,
    "mean_scored_loss_val": 0.1029531118249048,
    "shape_loss_val": 0.24774259200877632,
    "shape_loss_weight": 0.25,
    "heldout_curve_nmse": 0.05468995176361429,
    "heldout_curve_scored_loss": 0.1029531118249048,
    "heldout_curve_shape_loss": 0.24774259200877632,
    "eval_only_nmse": NaN,
    "eval_only_scored_loss": NaN,
    "eval_only_shape_loss": NaN,
    "combined_score": 0.9066568553811301,
    "fit_score": 0.9066568553811301,
    "eval_time": 12.904381275177002,
    "n_datasets": 1,
    "n_successful": 1,
    "eval_workers": 8,
    "hard_cases": [
      {
        "dataset": "Abeta42/inhibition_constraints",
        "scored_loss_val": 0.1029531118249048,
        "nmse_val": 0.05468995176361429,
        "shape_loss_val": 0.24774259200877632,
        "evaluation_only": false
      }
    ],
    "hard_case_feedback": "Abeta42/inhibition_constraints scored=0.103 (nmse=0.05469, shape=0.2477)",
    "validation_semantics_feedback": "heldout_curve_scored_loss=0.103, heldout_curve_nmse=0.05469, heldout_curve_shape=0.2477; eval_only_fit_score_scored_loss=nan, eval_only_nmse=nan, eval_only_shape=nan",
    "per_dataset": {
      "Abeta42/inhibition_constraints": {
        "nmse_train": 0.009177798697940389,
        "nmse_val": 0.05468995176361429,
        "shape_loss_val": 0.24774259200877632,
        "scored_loss_val": 0.1029531118249048,
        "n_val_points": 3610,
        "evaluation_only": false,
        "combined_score": 0.9066568553811301,
        "equation": "d(c)/dt = (0.95992405911645 - x4)*(12.101876851453*x1*x4*(2.45612375734413*x4 + 1)/(3.7531259815439*x3*x4 + 0.856625824936017*x3 + 1) + 4.15684314756379e-8*x1 + 3.85005383340563*x2 + 3.05996100422815e-8)",
        "equation_template": "d(c)/dt = (c0 - x4)*(c3**2 + c4**2*x1 + c5**2*x2 + c6**2*x1*x4*(c7**2*x4 + 1)/(c1**2*x3 + c2**2*x3*x4 + 1))",
        "constants": {
          "c0": 0.9599240591164504,
          "c1": 0.9255408283463336,
          "c2": 1.9372986299339336,
          "c3": -0.000174927442221858,
          "c4": 0.0002038833771439886,
          "c5": 1.9621554050088972,
          "c6": 3.478775194152819,
          "c7": 1.5672025259500226
        }
      }
    },
    "error": ""
  },
  "saved_at": 1784477545.0250912
}