{
  "program_id": "4090152b-54ec-4c95-be22-3b3b9b1a238c",
  "iteration_found": 18,
  "dataset": "Abeta42/inhibition_constraints",
  "plot": "outputs_diff_inhibited_norm/adaevolve/disease_relevant_inhibited_all_normalized_ode_0721_0426/checkpoints/checkpoint_18/iteration_18_best_validation_curves.svg",
  "metrics": {
    "equation": "d(c)/dt = (0.970920849512013 - x4)*(x0**2*(4.39180128011061*x1*x4*sqrt(x4**2 + 12.0742203080897)/(1.83057168083286*x3 + 1) + 2.75971216106545*x1*x4/(0.0653936001165283*x3 + 1))/(x0**2 + 5.32141197352439e-6*(4.39468525295916*x3 + 1)**2) + 0.000113246408351448*x1 + 5.50828554838675*x2)",
    "loss": 0.04381940141450861,
    "nmse_train": 0.009786863387733455,
    "nmse_val": 0.002727132799601196,
    "mean_nmse_val": 0.002727132799601196,
    "mean_raw_nmse_val": 0.002727132799601196,
    "scored_loss_val": 0.04381940141450861,
    "mean_scored_loss_val": 0.04381940141450861,
    "shape_loss_val": 0.16709620725923086,
    "shape_loss_weight": 0.25,
    "heldout_curve_nmse": 0.002727132799601196,
    "heldout_curve_scored_loss": 0.04381940141450861,
    "heldout_curve_shape_loss": 0.16709620725923086,
    "eval_only_nmse": NaN,
    "eval_only_scored_loss": NaN,
    "eval_only_shape_loss": NaN,
    "combined_score": 0.958020131303243,
    "fit_score": 0.958020131303243,
    "eval_time": 69.68356394767761,
    "n_datasets": 1,
    "n_successful": 1,
    "eval_workers": 8,
    "hard_cases": [
      {
        "dataset": "Abeta42/inhibition_constraints",
        "scored_loss_val": 0.04381940141450861,
        "nmse_val": 0.002727132799601196,
        "shape_loss_val": 0.16709620725923086,
        "evaluation_only": false
      }
    ],
    "hard_case_feedback": "Abeta42/inhibition_constraints scored=0.04382 (nmse=0.002727, shape=0.1671)",
    "validation_semantics_feedback": "heldout_curve_scored_loss=0.04382, heldout_curve_nmse=0.002727, heldout_curve_shape=0.1671; eval_only_fit_score_scored_loss=nan, eval_only_nmse=nan, eval_only_shape=nan",
    "per_dataset": {
      "Abeta42/inhibition_constraints": {
        "nmse_train": 0.009786863387733455,
        "nmse_val": 0.002727132799601196,
        "shape_loss_val": 0.16709620725923086,
        "scored_loss_val": 0.04381940141450861,
        "n_val_points": 1805,
        "evaluation_only": false,
        "combined_score": 0.958020131303243,
        "equation": "d(c)/dt = (0.970920849512013 - x4)*(x0**2*(4.39180128011061*x1*x4*sqrt(x4**2 + 12.0742203080897)/(1.83057168083286*x3 + 1) + 2.75971216106545*x1*x4/(0.0653936001165283*x3 + 1))/(x0**2 + 5.32141197352439e-6*(4.39468525295916*x3 + 1)**2) + 0.000113246408351448*x1 + 5.50828554838675*x2)",
        "equation_template": "d(c)/dt = (c9 - x4)*(c3**2*x1 + c4**2*x2 + x0**2*(c5**2*x1*x4/(c2**2*x3 + 1) + c6**2*x1*x4*sqrt(c0**2 + x4**2)/(c1**2*x3 + 1))/(c7**4*(c8**2*x3 + 1)**2 + x0**2))",
        "constants": {
          "c0": -3.4747978801780257,
          "c1": 1.352986208663215,
          "c2": 0.2557217239823951,
          "c3": 0.010641729575188821,
          "c4": 2.3469736999776436,
          "c5": 1.6612381409856463,
          "c6": 2.095662491936765,
          "c7": -0.048029351262612804,
          "c8": 2.0963504604333596,
          "c9": 0.9709208495120125
        }
      }
    },
    "error": ""
  },
  "saved_at": 1784591376.551898
}