{
  "id": "22171239-cd09-4095-850e-0b657ee46054",
  "generation": 2,
  "iteration": 4,
  "current_iteration": 4,
  "metrics": {
    "combined_score": 0.9725262323426415,
    "loss": 0.028249898813710393,
    "complexity": 0.0,
    "nmse_train": Infinity,
    "nmse_val": 0.028249898813710393,
    "eval_time": 579.109302520752,
    "n_datasets": 60.0,
    "n_successful": 60.0
  },
  "language": "python",
  "timestamp": 1779838714.304022,
  "saved_at": 1779838714.3132942
}