{
  "num_islands": 2,
  "current_island": 1,
  "iteration_count": 2,
  "global_best_score": 0.6849983445605853,
  "decay": 0.9,
  "intensity_min": 0.15,
  "intensity_max": 0.5,
  "migration_interval": 15,
  "diversity_strategy_type": "code",
  "use_unified_archive": true,
  "use_adaptive_search": true,
  "use_ucb_selection": true,
  "fixed_intensity": 0.4,
  "adapter": {
    "states": [
      {
        "accumulated_signal": 0.09999999999999998,
        "best_score": 0.5917381148325811,
        "improvement_count": 1,
        "total_evaluations": 3,
        "decay": 0.9,
        "epsilon": 1e-08,
        "intensity_min": 0.15,
        "intensity_max": 0.5
      },
      {
        "accumulated_signal": 0.0924838985819839,
        "best_score": 0.6849983445605853,
        "improvement_count": 1,
        "total_evaluations": 1,
        "decay": 0.9,
        "epsilon": 1e-08,
        "intensity_min": 0.15,
        "intensity_max": 0.5
      }
    ],
    "dimension_visits": [
      3,
      1
    ],
    "dimension_rewards": [
      0.81,
      0.15760388897435001
    ],
    "decayed_visits": [
      2.71,
      1.0
    ],
    "global_best_score": 0.6849983445605853,
    "ucb_exploration": 1.41,
    "min_visits": 3,
    "decay": 0.9,
    "epsilon": 1e-08
  },
  "island_config_names": [
    "balanced",
    "balanced"
  ],
  "islands": [
    [
      "ee57f5db-98c3-4901-b596-0437bcfc0378",
      "ab009a6b-7663-4a0d-af87-44c662ccc744",
      "6f577a1f-9dab-45c6-a8b3-8465da084717"
    ],
    [
      "6443ef6f-56d6-4587-864a-45121ce6c08e",
      "56fa5485-337e-4768-a277-a01bb68387ad"
    ]
  ],
  "archive_genealogies": [
    {
      "parents": {
        "ee57f5db-98c3-4901-b596-0437bcfc0378": [],
        "ab009a6b-7663-4a0d-af87-44c662ccc744": [
          "ee57f5db-98c3-4901-b596-0437bcfc0378"
        ],
        "6f577a1f-9dab-45c6-a8b3-8465da084717": [
          "ee57f5db-98c3-4901-b596-0437bcfc0378"
        ]
      },
      "children": {
        "ee57f5db-98c3-4901-b596-0437bcfc0378": [
          "ab009a6b-7663-4a0d-af87-44c662ccc744",
          "6f577a1f-9dab-45c6-a8b3-8465da084717"
        ]
      }
    },
    {
      "parents": {
        "6443ef6f-56d6-4587-864a-45121ce6c08e": [],
        "56fa5485-337e-4768-a277-a01bb68387ad": [
          "6443ef6f-56d6-4587-864a-45121ce6c08e"
        ]
      },
      "children": {
        "6443ef6f-56d6-4587-864a-45121ce6c08e": [
          "56fa5485-337e-4768-a277-a01bb68387ad"
        ]
      }
    }
  ],
  "use_dynamic_islands": true,
  "max_islands": 5,
  "last_spawn_iteration": -30,
  "use_paradigm_breakthrough": true,
  "paradigm_tracker": {
    "window_size": 10,
    "improvement_threshold": 0.12,
    "max_paradigm_uses": 2,
    "max_tried_paradigms": 10,
    "num_paradigms_to_generate": 3,
    "improvement_history": [
      1.0,
      0.0,
      0.0,
      1.0
    ],
    "active_paradigms": [],
    "paradigm_usage_counts": {},
    "current_paradigm_index": 0,
    "tried_paradigms": [],
    "best_score_at_paradigm_gen": 0.0,
    "best_score_during_paradigm": 0.0
  }
}