{
  "id": "56fa5485-337e-4768-a277-a01bb68387ad",
  "generation": 1,
  "iteration": 3,
  "current_iteration": 3,
  "metrics": {
    "combined_score": 0.6849983445605853,
    "loss": 0.45985754263608164,
    "complexity": 0.0,
    "nmse_train": Infinity,
    "nmse_val": 0.45985754263608164,
    "eval_time": 25.820258378982544,
    "n_datasets": 60.0,
    "n_successful": 60.0
  },
  "language": "python",
  "timestamp": 1779812718.8522804,
  "saved_at": 1779812718.8569505
}