{
  "id": "272bfdac-8b0a-4b59-b458-a9a043d83e6b",
  "generation": 2,
  "iteration": 17,
  "current_iteration": 17,
  "metrics": {
    "combined_score": 0.9692420724939336,
    "n_stage1_datasets": 8.0,
    "n_stage1_successful": 8.0,
    "eval_workers": 8.0,
    "stage1_full_selected_datasets": 1.0,
    "cascade_stage1_time_seconds": 5.141865253448486,
    "cascade_stage1_threshold": 0.15,
    "cascade_stage1_passed": 1.0,
    "loss": 0.011099319572854986,
    "complexity": 16.0,
    "nmse_train": 0.02143649306777508,
    "nmse_val": 0.011099319572854986,
    "mean_nmse_val": 0.011099319572854986,
    "mean_raw_nmse_val": 0.011099319572854986,
    "fit_score": 0.9890225229529934,
    "parsimony_weight": 0.2,
    "parsimony_penalty_factor": 0.98,
    "eval_time": 45.17924165725708,
    "n_datasets": 41.0,
    "n_successful": 41.0,
    "hard_case_tail_nmse": 0.0853335929958788,
    "hard_case_tail_weight": 0.0,
    "per_dataset_nmse_cap": 10.0,
    "cascade_stage2_time_seconds": 45.179604291915894,
    "cascade_total_time_seconds": 50.32146954536438,
    "cascade_stage1_combined_score": 0.9970511801723919
  },
  "language": "python",
  "timestamp": 1780879186.1631107,
  "saved_at": 1780879186.1764622
}