{
  "program_id": "66546b62-eba8-4fa2-9ae0-42c809ebca2a",
  "iteration_found": 2,
  "dataset": "Abeta42/inhibition_constraints",
  "plot": "outputs_diff_inhibited_norm/adaevolve/disease_relevant_inhibited_all_normalized_ode_0720_0232/checkpoints/checkpoint_2/iteration_2_best_validation_curves.svg",
  "metrics": {
    "equation": "d(c)/dt = (0.972762101120194 - x4)*(15.3593972502812*x1*x4*(9.37969300404244e-9*x2 + 1)/((1.05998239308833*x3 + 1)*(8.05033283680033e-9*x3*x4 + 1)) + 4.93452149213068e-11*x1/(1.05998239308833*x3 + 1) + 2.06217237895313*x2 + 1.11322154594302e-10)",
    "loss": 0.04677985678596362,
    "nmse_train": 0.010981971931031112,
    "nmse_val": 0.005243761849503544,
    "mean_nmse_val": 0.005243761849503544,
    "mean_raw_nmse_val": 0.005243761849503544,
    "scored_loss_val": 0.04677985678596362,
    "mean_scored_loss_val": 0.04677985678596362,
    "shape_loss_val": 0.17138814159534385,
    "shape_loss_weight": 0.25,
    "heldout_curve_nmse": 0.005243761849503544,
    "heldout_curve_scored_loss": 0.04677985678596362,
    "heldout_curve_shape_loss": 0.17138814159534385,
    "eval_only_nmse": NaN,
    "eval_only_scored_loss": NaN,
    "eval_only_shape_loss": NaN,
    "combined_score": 0.9553107021665505,
    "fit_score": 0.9553107021665505,
    "eval_time": 18.01121473312378,
    "n_datasets": 1,
    "n_successful": 1,
    "eval_workers": 8,
    "hard_cases": [
      {
        "dataset": "Abeta42/inhibition_constraints",
        "scored_loss_val": 0.04677985678596362,
        "nmse_val": 0.005243761849503544,
        "shape_loss_val": 0.17138814159534385,
        "evaluation_only": false
      }
    ],
    "hard_case_feedback": "Abeta42/inhibition_constraints scored=0.04678 (nmse=0.005244, shape=0.1714)",
    "validation_semantics_feedback": "heldout_curve_scored_loss=0.04678, heldout_curve_nmse=0.005244, heldout_curve_shape=0.1714; eval_only_fit_score_scored_loss=nan, eval_only_nmse=nan, eval_only_shape=nan",
    "per_dataset": {
      "Abeta42/inhibition_constraints": {
        "nmse_train": 0.010981971931031112,
        "nmse_val": 0.005243761849503544,
        "shape_loss_val": 0.17138814159534385,
        "scored_loss_val": 0.04677985678596362,
        "n_val_points": 1805,
        "evaluation_only": false,
        "combined_score": 0.9553107021665505,
        "equation": "d(c)/dt = (0.972762101120194 - x4)*(15.3593972502812*x1*x4*(9.37969300404244e-9*x2 + 1)/((1.05998239308833*x3 + 1)*(8.05033283680033e-9*x3*x4 + 1)) + 4.93452149213068e-11*x1/(1.05998239308833*x3 + 1) + 2.06217237895313*x2 + 1.11322154594302e-10)",
        "equation_template": "d(c)/dt = (c0 - x4)*(c3**2 + c4**2*x1/(c1**2*x3 + 1) + c5**2*x2 + c6**2*x1*x4*(c7**2*x2 + 1)/((c1**2*x3 + 1)*(c2**2*x3*x4 + 1)))",
        "constants": {
          "c0": 0.9727621011201938,
          "c1": 1.0295544633910014,
          "c2": -8.972364703243137e-05,
          "c3": -1.0550931456241296e-05,
          "c4": -7.024614930464644e-06,
          "c5": 1.4360265940967571,
          "c6": 3.919106690341711,
          "c7": -9.684881519173292e-05
        }
      }
    },
    "error": ""
  },
  "saved_at": 1784495316.836707
}