{
  "program_id": "d38a7029-a24c-4d8f-ba63-1648ececa45d",
  "iteration_found": 7,
  "dataset": "Abeta42/inhibition_constraints",
  "plot": "outputs_diff_inhibited_norm/adaevolve/disease_relevant_inhibited_all_normalized_ode_0719_2131/checkpoints/checkpoint_7/iteration_7_best_validation_curves.svg",
  "metrics": {
    "equation": "d(c)/dt = (0.95925536915372 - x4)*(62.1488554751302*x1*x4**2/(5.5558795403329*x3 + 1) + 0.912867080792111*x1 + 0.0011401593934023*x2*x4/(4.90699695402567*x3 + 1) + 3.51819358880748*x2 + 0.000453489796387443)",
    "loss": 0.10859473423043911,
    "nmse_train": 0.010799495772607113,
    "nmse_val": 0.05700618510859389,
    "mean_nmse_val": 0.05700618510859389,
    "mean_raw_nmse_val": 0.05700618510859389,
    "scored_loss_val": 0.10859473423043911,
    "mean_scored_loss_val": 0.10859473423043911,
    "shape_loss_val": 0.26336038159597475,
    "shape_loss_weight": 0.25,
    "heldout_curve_nmse": 0.05700618510859389,
    "heldout_curve_scored_loss": 0.10859473423043911,
    "heldout_curve_shape_loss": 0.26336038159597475,
    "eval_only_nmse": NaN,
    "eval_only_scored_loss": NaN,
    "eval_only_shape_loss": NaN,
    "combined_score": 0.9020428918906753,
    "fit_score": 0.9020428918906753,
    "eval_time": 12.351135015487671,
    "n_datasets": 1,
    "n_successful": 1,
    "eval_workers": 8,
    "hard_cases": [
      {
        "dataset": "Abeta42/inhibition_constraints",
        "scored_loss_val": 0.10859473423043911,
        "nmse_val": 0.05700618510859389,
        "shape_loss_val": 0.26336038159597475,
        "evaluation_only": false
      }
    ],
    "hard_case_feedback": "Abeta42/inhibition_constraints scored=0.1086 (nmse=0.05701, shape=0.2634)",
    "validation_semantics_feedback": "heldout_curve_scored_loss=0.1086, heldout_curve_nmse=0.05701, heldout_curve_shape=0.2634; eval_only_fit_score_scored_loss=nan, eval_only_nmse=nan, eval_only_shape=nan",
    "per_dataset": {
      "Abeta42/inhibition_constraints": {
        "nmse_train": 0.010799495772607113,
        "nmse_val": 0.05700618510859389,
        "shape_loss_val": 0.26336038159597475,
        "scored_loss_val": 0.10859473423043911,
        "n_val_points": 3610,
        "evaluation_only": false,
        "combined_score": 0.9020428918906753,
        "equation": "d(c)/dt = (0.95925536915372 - x4)*(62.1488554751302*x1*x4**2/(5.5558795403329*x3 + 1) + 0.912867080792111*x1 + 0.0011401593934023*x2*x4/(4.90699695402567*x3 + 1) + 3.51819358880748*x2 + 0.000453489796387443)",
        "equation_template": "d(c)/dt = (c0 - x4)*(c1**2 + c2**2*x1 + c3**2*x2 + c4**2*x2*x4/(c6**2*x3 + 1) + c5**2*x1*x4**2/(x3*(c6**2 + c7**2) + 1))",
        "constants": {
          "c0": 0.9592553691537199,
          "c1": -0.02129529986610762,
          "c2": 0.9554407782757188,
          "c3": 1.8756848319500468,
          "c4": -0.03376624636234087,
          "c5": -7.883454539421799,
          "c6": 2.2151742491338386,
          "c7": 0.8055324861898716
        }
      }
    },
    "error": ""
  },
  "saved_at": 1784478176.111973
}