{
  "num_islands": 2,
  "current_island": 0,
  "iteration_count": 8,
  "global_best_score": 0.6078157482539803,
  "decay": 0.9,
  "intensity_min": 0.15,
  "intensity_max": 0.5,
  "migration_interval": 15,
  "diversity_strategy_type": "code",
  "use_unified_archive": true,
  "use_adaptive_search": true,
  "use_ucb_selection": true,
  "fixed_intensity": 0.4,
  "adapter": {
    "states": [
      {
        "accumulated_signal": 0.09999999999999998,
        "best_score": 0.5917381148325811,
        "improvement_count": 1,
        "total_evaluations": 6,
        "decay": 0.9,
        "epsilon": 1e-08,
        "intensity_min": 0.15,
        "intensity_max": 0.5
      },
      {
        "accumulated_signal": 0.0900738218870115,
        "best_score": 0.6078157482539803,
        "improvement_count": 1,
        "total_evaluations": 4,
        "decay": 0.9,
        "epsilon": 1e-08,
        "intensity_min": 0.15,
        "intensity_max": 0.5
      }
    ],
    "dimension_visits": [
      6,
      4
    ],
    "dimension_rewards": [
      0.5904900000000002,
      0.027170183475921938
    ],
    "decayed_visits": [
      4.68559,
      3.439
    ],
    "global_best_score": 0.6078157482539803,
    "ucb_exploration": 1.41,
    "min_visits": 3,
    "decay": 0.9,
    "epsilon": 1e-08
  },
  "island_config_names": [
    "balanced",
    "balanced"
  ],
  "islands": [
    [
      "ddf1e44e-a208-41eb-9383-ad0913d84174",
      "2960070e-6777-4d58-a9cf-d0d561c020a7",
      "252af643-a05d-46f6-bd3f-63c7b0723f7b",
      "aabe4ed3-6343-4a54-a0c8-3e109e4be5c4",
      "5d60370f-ee35-410b-9fc5-fa8daccb3945",
      "4fb2379e-5634-48b9-99f7-de188e19751c"
    ],
    [
      "bff7256f-87fb-4ef6-adf7-c23134be5965",
      "ca241c58-c5b8-4ff1-bea4-5f1a53017210",
      "38e8ebf8-bbe7-477f-9acd-68d8aab320f5",
      "a7997119-3770-4fb2-b39f-a2cf554f5b96",
      "63fc2859-d3df-4c6e-8fa9-98da00a7dc9f"
    ]
  ],
  "archive_genealogies": [
    {
      "parents": {
        "ddf1e44e-a208-41eb-9383-ad0913d84174": [],
        "2960070e-6777-4d58-a9cf-d0d561c020a7": [
          "ddf1e44e-a208-41eb-9383-ad0913d84174"
        ],
        "252af643-a05d-46f6-bd3f-63c7b0723f7b": [
          "ddf1e44e-a208-41eb-9383-ad0913d84174"
        ],
        "aabe4ed3-6343-4a54-a0c8-3e109e4be5c4": [
          "ddf1e44e-a208-41eb-9383-ad0913d84174"
        ],
        "5d60370f-ee35-410b-9fc5-fa8daccb3945": [
          "ddf1e44e-a208-41eb-9383-ad0913d84174"
        ],
        "4fb2379e-5634-48b9-99f7-de188e19751c": [
          "ddf1e44e-a208-41eb-9383-ad0913d84174"
        ]
      },
      "children": {
        "ddf1e44e-a208-41eb-9383-ad0913d84174": [
          "2960070e-6777-4d58-a9cf-d0d561c020a7",
          "252af643-a05d-46f6-bd3f-63c7b0723f7b",
          "aabe4ed3-6343-4a54-a0c8-3e109e4be5c4",
          "5d60370f-ee35-410b-9fc5-fa8daccb3945",
          "4fb2379e-5634-48b9-99f7-de188e19751c"
        ]
      }
    },
    {
      "parents": {
        "bff7256f-87fb-4ef6-adf7-c23134be5965": [],
        "ca241c58-c5b8-4ff1-bea4-5f1a53017210": [
          "bff7256f-87fb-4ef6-adf7-c23134be5965"
        ],
        "38e8ebf8-bbe7-477f-9acd-68d8aab320f5": [
          "ca241c58-c5b8-4ff1-bea4-5f1a53017210"
        ],
        "a7997119-3770-4fb2-b39f-a2cf554f5b96": [
          "bff7256f-87fb-4ef6-adf7-c23134be5965"
        ],
        "63fc2859-d3df-4c6e-8fa9-98da00a7dc9f": [
          "bff7256f-87fb-4ef6-adf7-c23134be5965"
        ]
      },
      "children": {
        "bff7256f-87fb-4ef6-adf7-c23134be5965": [
          "ca241c58-c5b8-4ff1-bea4-5f1a53017210",
          "a7997119-3770-4fb2-b39f-a2cf554f5b96",
          "63fc2859-d3df-4c6e-8fa9-98da00a7dc9f"
        ],
        "ca241c58-c5b8-4ff1-bea4-5f1a53017210": [
          "38e8ebf8-bbe7-477f-9acd-68d8aab320f5"
        ]
      }
    }
  ],
  "use_dynamic_islands": true,
  "max_islands": 5,
  "last_spawn_iteration": -30,
  "use_paradigm_breakthrough": true,
  "paradigm_tracker": {
    "window_size": 10,
    "improvement_threshold": 0.12,
    "max_paradigm_uses": 2,
    "max_tried_paradigms": 10,
    "num_paradigms_to_generate": 3,
    "improvement_history": [
      1.0,
      0.0,
      0.0,
      0.0,
      0.0,
      0.0,
      0.0,
      0.0,
      1.0,
      0.0
    ],
    "active_paradigms": [],
    "paradigm_usage_counts": {},
    "current_paradigm_index": 0,
    "tried_paradigms": [],
    "best_score_at_paradigm_gen": 0.0,
    "best_score_during_paradigm": 0.0
  }
}