{
  "num_islands": 2,
  "current_island": 0,
  "iteration_count": 12,
  "global_best_score": 0.9393052651948105,
  "decay": 0.9,
  "intensity_min": 0.15,
  "intensity_max": 0.5,
  "migration_interval": 15,
  "diversity_strategy_type": "code",
  "use_unified_archive": true,
  "use_adaptive_search": true,
  "use_ucb_selection": true,
  "fixed_intensity": 0.4,
  "adapter": {
    "states": [
      {
        "accumulated_signal": 0.07371427154027432,
        "best_score": 0.9393052651948105,
        "improvement_count": 4,
        "total_evaluations": 8,
        "decay": 0.9,
        "epsilon": 1e-08,
        "intensity_min": 0.15,
        "intensity_max": 0.5
      },
      {
        "accumulated_signal": 0.08190122508625144,
        "best_score": 0.9391390594963696,
        "improvement_count": 2,
        "total_evaluations": 6,
        "decay": 0.9,
        "epsilon": 1e-08,
        "intensity_min": 0.15,
        "intensity_max": 0.5
      }
    ],
    "dimension_visits": [
      8,
      6
    ],
    "dimension_rewards": [
      0.5315823719502751,
      0.05370605057029597
    ],
    "decayed_visits": [
      5.6953279000000006,
      4.68559
    ],
    "global_best_score": 0.9393052651948105,
    "ucb_exploration": 1.41,
    "min_visits": 3,
    "decay": 0.9,
    "epsilon": 1e-08
  },
  "island_config_names": [
    "balanced",
    "balanced"
  ],
  "islands": [
    [
      "1cbd492c-160f-47de-b6e3-35f075cec19f",
      "bcc83451-1934-400c-b643-303f8eb53f81",
      "21234b05-6ec0-411e-827a-ec634a07073f",
      "4f57d6e2-3dc3-405a-a2f3-72d6b58c8367",
      "11de8564-38f5-424e-aab6-5d246360b02d",
      "ca71cee1-1806-47fa-98b9-df1cb1df44b4",
      "0cf76362-d360-4bab-8568-e07fd38b973f",
      "46e0ad18-2f27-472b-bb76-f34f2c6bf56a"
    ],
    [
      "43cf26fa-38aa-4cb1-b351-4780877a75cd",
      "92fce5a7-9480-413c-a65c-9815ddc0e5ac",
      "8a7eb3aa-5d76-4ed4-bb37-508807902a77",
      "f51f5560-5997-414a-8268-3d376be050af",
      "47dfdcd2-50a2-46d2-95ba-8596e5314692",
      "de57f135-be0a-42ea-9d18-31564922b7b1",
      "743bfd89-0ca5-48b5-9c3f-23f27a6b3b03"
    ]
  ],
  "archive_genealogies": [
    {
      "parents": {
        "1cbd492c-160f-47de-b6e3-35f075cec19f": [],
        "bcc83451-1934-400c-b643-303f8eb53f81": [
          "1cbd492c-160f-47de-b6e3-35f075cec19f"
        ],
        "21234b05-6ec0-411e-827a-ec634a07073f": [
          "bcc83451-1934-400c-b643-303f8eb53f81"
        ],
        "4f57d6e2-3dc3-405a-a2f3-72d6b58c8367": [
          "bcc83451-1934-400c-b643-303f8eb53f81"
        ],
        "11de8564-38f5-424e-aab6-5d246360b02d": [
          "bcc83451-1934-400c-b643-303f8eb53f81"
        ],
        "ca71cee1-1806-47fa-98b9-df1cb1df44b4": [
          "4f57d6e2-3dc3-405a-a2f3-72d6b58c8367"
        ],
        "0cf76362-d360-4bab-8568-e07fd38b973f": [
          "4f57d6e2-3dc3-405a-a2f3-72d6b58c8367"
        ],
        "46e0ad18-2f27-472b-bb76-f34f2c6bf56a": [
          "4f57d6e2-3dc3-405a-a2f3-72d6b58c8367"
        ]
      },
      "children": {
        "1cbd492c-160f-47de-b6e3-35f075cec19f": [
          "bcc83451-1934-400c-b643-303f8eb53f81"
        ],
        "bcc83451-1934-400c-b643-303f8eb53f81": [
          "21234b05-6ec0-411e-827a-ec634a07073f",
          "4f57d6e2-3dc3-405a-a2f3-72d6b58c8367",
          "11de8564-38f5-424e-aab6-5d246360b02d"
        ],
        "4f57d6e2-3dc3-405a-a2f3-72d6b58c8367": [
          "ca71cee1-1806-47fa-98b9-df1cb1df44b4",
          "0cf76362-d360-4bab-8568-e07fd38b973f",
          "46e0ad18-2f27-472b-bb76-f34f2c6bf56a"
        ]
      }
    },
    {
      "parents": {
        "43cf26fa-38aa-4cb1-b351-4780877a75cd": [],
        "92fce5a7-9480-413c-a65c-9815ddc0e5ac": [
          "43cf26fa-38aa-4cb1-b351-4780877a75cd"
        ],
        "8a7eb3aa-5d76-4ed4-bb37-508807902a77": [
          "43cf26fa-38aa-4cb1-b351-4780877a75cd"
        ],
        "f51f5560-5997-414a-8268-3d376be050af": [
          "8a7eb3aa-5d76-4ed4-bb37-508807902a77"
        ],
        "47dfdcd2-50a2-46d2-95ba-8596e5314692": [
          "92fce5a7-9480-413c-a65c-9815ddc0e5ac"
        ],
        "de57f135-be0a-42ea-9d18-31564922b7b1": [
          "f51f5560-5997-414a-8268-3d376be050af"
        ],
        "743bfd89-0ca5-48b5-9c3f-23f27a6b3b03": [
          "4f57d6e2-3dc3-405a-a2f3-72d6b58c8367"
        ]
      },
      "children": {
        "43cf26fa-38aa-4cb1-b351-4780877a75cd": [
          "92fce5a7-9480-413c-a65c-9815ddc0e5ac",
          "8a7eb3aa-5d76-4ed4-bb37-508807902a77"
        ],
        "8a7eb3aa-5d76-4ed4-bb37-508807902a77": [
          "f51f5560-5997-414a-8268-3d376be050af"
        ],
        "92fce5a7-9480-413c-a65c-9815ddc0e5ac": [
          "47dfdcd2-50a2-46d2-95ba-8596e5314692"
        ],
        "f51f5560-5997-414a-8268-3d376be050af": [
          "de57f135-be0a-42ea-9d18-31564922b7b1"
        ],
        "4f57d6e2-3dc3-405a-a2f3-72d6b58c8367": [
          "743bfd89-0ca5-48b5-9c3f-23f27a6b3b03"
        ]
      }
    }
  ],
  "use_dynamic_islands": true,
  "max_islands": 5,
  "last_spawn_iteration": -30,
  "use_paradigm_breakthrough": true,
  "paradigm_tracker": {
    "window_size": 10,
    "improvement_threshold": 0.12,
    "max_paradigm_uses": 2,
    "max_tried_paradigms": 10,
    "num_paradigms_to_generate": 3,
    "improvement_history": [
      0.0,
      0.0,
      1.0,
      0.0,
      0.0,
      0.0,
      0.0,
      0.0,
      0.0,
      1.0
    ],
    "active_paradigms": [
      {
        "idea": "Add surface-catalyzed secondary-nucleation term (m0*c^2) with inhibitor acting selectively on that autocatalytic channel",
        "description": "Replace the purely linear autocatalytic elongation with the Knowles two-step form: keep linear elongation k2^2*m0*c but ADD a secondary (surface) nucleation term k5^2*m0*concentration**2, which is the physically dominant sigmoid-sharpening mechanism in amyloid kinetics. Make the inhibitor suppress ONLY the autocatalytic channels (elongation + secondary nucleation) via a shared 1/(1+k3^2*cd) factor, while leaving the seed/primary nucleation source uninhibited. Physically: many Abeta inhibitors block fibril-surface catalysis rather than de-novo nucleation, so the inhibitor changes the sigmoid steepness/half-time (shape), not the initiation floor. Final RHS: expression = (plateau - c)*( seed_nuc + primary_nuc + (k2^2*m0*c + k5^2*m0*c^2)/(1 + k3^2*cd) ). Use 6 constants (k0..k5) plus plateau => 7 total, well under 13. All rates squared for sign-definiteness; c is bounded in [0,~1] so c^2 <= c, no overflow. Denominator >=1 so no singularities. This targets the shape_loss (25% weight) by producing sharper, better-timed onset while preserving cd=0 reduction.",
        "what_to_optimize": "shape_loss (slope profile + half-response timing) and heldout_curve_shape_loss, while keeping NMSE stable",
        "cautions": "Keep the secondary term multiplied by m0 (available monomer) so it saturates as monomer depletes implicitly via plateau factor; do not let both linear and quadratic autocatalytic terms become collinear \u2014 initialize k5 small (e.g. 0.3) and k2 moderate. Verify cd=0 curves still initiate via uninhibited primary_nucleation. initial_values same as current [0.5,0.05,0.5,1.0,0.92].",
        "approach_type": "pysr_harness.evaluate_expression"
      },
      {
        "idea": "Inhibitor delays onset via a saturating (Hill-like) suppression 1/(1+ (k3*cd)^2) plus cd-dependent plateau reduction",