{
  "id": "46e0ad18-2f27-472b-bb76-f34f2c6bf56a",
  "generation": 3,
  "iteration": 13,
  "current_iteration": 13,
  "metrics": {
    "equation": "d(c)/dt = (0.921585906595308 - x4)*(16776430.1921607*x1*x4 + 0.000361936196592648*x1 + 18069472.7814917*x2)/(8218.05777798381*x3**2 + 1694101.75579635*x3 + 1)",
    "loss": 0.06461662364109236,
    "nmse_train": 0.03716504145840632,
    "nmse_val": 0.054072388993258814,
    "mean_nmse_val": 0.054072388993258814,
    "mean_raw_nmse_val": 0.054072388993258814,
    "scored_loss_val": 0.06461662364109236,
    "mean_scored_loss_val": 0.06461662364109236,
    "shape_loss_val": 0.09624932758459297,
    "shape_loss_weight": 0.25,
    "heldout_curve_nmse": 0.054072388993258814,
    "heldout_curve_scored_loss": 0.06461662364109236,
    "heldout_curve_shape_loss": 0.09624932758459297,
    "eval_only_nmse": NaN,
    "eval_only_scored_loss": NaN,
    "eval_only_shape_loss": NaN,
    "combined_score": 0.9393052651948105,
    "fit_score": 0.9393052651948105,
    "eval_time": 111.17967867851257,
    "n_datasets": 1,
    "n_successful": 1,
    "eval_workers": 8,
    "hard_cases": [
      {
        "dataset": "Abeta42/inhibition_constraints",
        "scored_loss_val": 0.06461662364109236,
        "nmse_val": 0.054072388993258814,
        "shape_loss_val": 0.09624932758459297,
        "evaluation_only": false
      }
    ],
    "hard_case_feedback": "Abeta42/inhibition_constraints scored=0.06462 (nmse=0.05407, shape=0.09625)",
    "validation_semantics_feedback": "heldout_curve_scored_loss=0.06462, heldout_curve_nmse=0.05407, heldout_curve_shape=0.09625; eval_only_fit_score_scored_loss=nan, eval_only_nmse=nan, eval_only_shape=nan",
    "per_dataset": {
      "Abeta42/inhibition_constraints": {
        "nmse_train": 0.03716504145840632,
        "nmse_val": 0.054072388993258814,
        "shape_loss_val": 0.09624932758459297,
        "scored_loss_val": 0.06461662364109236,
        "n_val_points": 680,
        "evaluation_only": false,
        "combined_score": 0.9393052651948105,
        "equation": "d(c)/dt = (0.921585906595308 - x4)*(16776430.1921607*x1*x4 + 0.000361936196592648*x1 + 18069472.7814917*x2)/(8218.05777798381*x3**2 + 1694101.75579635*x3 + 1)",
        "equation_template": "d(c)/dt = (c4 - x4)*(1000000.0*c0**2*x2 + 1000000.0*c1**2*x1 + 1000000.0*c2**2*x1*x4)/(1000000.0*c3**2*x3 + 1000000000000.0*c5**2*x3**2 + 1)",
        "constants": {
          "c0": 4.250820248080567,
          "c1": 1.9024620800232746e-05,
          "c2": 4.095904075068247,
          "c3": 1.3015766423059187,
          "c4": 0.9215859065953076,
          "c5": -9.065350394763464e-05
        }
      }
    },
    "error": ""
  },
  "language": "python",
  "timestamp": 1783054181.3999972,
  "saved_at": 1783054181.4238057
}