{
  "id": "b470844d-baf2-4234-b498-539f3c2cdfd5",
  "generation": 3,
  "iteration": 17,
  "current_iteration": 17,
  "metrics": {
    "combined_score": 0.6340986139671817,
    "loss": 0.5770417691714996,
    "complexity": 0.0,
    "nmse_train": Infinity,
    "nmse_val": 0.5770417691714996,
    "eval_time": 8.018484354019165,
    "n_datasets": 60.0,
    "n_successful": 60.0
  },
  "language": "python",
  "timestamp": 1779969182.1361446,
  "saved_at": 1779969182.1421692
}