{
  "program_id": "5894467b-6d2c-4c6b-8856-2f8025dd46ac",
  "iteration_found": 20,
  "dataset": "Abeta42/inhibition_constraints",
  "plot": "outputs_diff_inhibited_norm/adaevolve/disease_relevant_inhibited_all_normalized_ode_0720_0022/checkpoints/checkpoint_20/iteration_20_best_validation_curves.svg",
  "metrics": {
    "equation": "d(c)/dt = (5.40323852421749*x0*(0.960924978312118 - x4) + (0.960924978312118 - x4)*(19.0264169964674*x1*x4*(0.00750834378117192*x2 + 1) + 2.82629994766399e-6*x1 + 12.0741259888986*x2 + 5.27016779853085e-7))/(5.45165085627359e-7*x3*x4**2 + 1.7432484432098*x3 + 1)",
    "loss": 0.0927325594186083,
    "nmse_train": 0.01092168438727047,
    "nmse_val": 0.04680182860157348,
    "mean_nmse_val": 0.04680182860157348,
    "mean_raw_nmse_val": 0.04680182860157348,
    "scored_loss_val": 0.0927325594186083,
    "mean_scored_loss_val": 0.0927325594186083,
    "shape_loss_val": 0.2305247518697128,
    "shape_loss_weight": 0.25,
    "heldout_curve_nmse": 0.04680182860157348,
    "heldout_curve_scored_loss": 0.0927325594186083,
    "heldout_curve_shape_loss": 0.2305247518697128,
    "eval_only_nmse": NaN,
    "eval_only_scored_loss": NaN,
    "eval_only_shape_loss": NaN,
    "combined_score": 0.9151370034512863,
    "fit_score": 0.9151370034512863,
    "eval_time": 72.64436602592468,
    "n_datasets": 1,
    "n_successful": 1,
    "eval_workers": 8,
    "hard_cases": [
      {
        "dataset": "Abeta42/inhibition_constraints",
        "scored_loss_val": 0.0927325594186083,
        "nmse_val": 0.046801828601573475,
        "shape_loss_val": 0.2305247518697128,
        "evaluation_only": false
      }
    ],
    "hard_case_feedback": "Abeta42/inhibition_constraints scored=0.09273 (nmse=0.0468, shape=0.2305)",
    "validation_semantics_feedback": "heldout_curve_scored_loss=0.09273, heldout_curve_nmse=0.0468, heldout_curve_shape=0.2305; eval_only_fit_score_scored_loss=nan, eval_only_nmse=nan, eval_only_shape=nan",
    "per_dataset": {
      "Abeta42/inhibition_constraints": {
        "nmse_train": 0.01092168438727047,
        "nmse_val": 0.046801828601573475,
        "shape_loss_val": 0.2305247518697128,
        "scored_loss_val": 0.0927325594186083,
        "n_val_points": 3610,
        "evaluation_only": false,
        "combined_score": 0.9151370034512863,
        "equation": "d(c)/dt = (5.40323852421749*x0*(0.960924978312118 - x4) + (0.960924978312118 - x4)*(19.0264169964674*x1*x4*(0.00750834378117192*x2 + 1) + 2.82629994766399e-6*x1 + 12.0741259888986*x2 + 5.27016779853085e-7))/(5.45165085627359e-7*x3*x4**2 + 1.7432484432098*x3 + 1)",
        "equation_template": "d(c)/dt = (c8*x0*(c0 - x4) + (c0 - x4)*(c3**2 + c4**2*x1 + c5**2*x2 + c6**2*x1*x4*(c7**2*x2 + 1)))/(c1**2*x3 + c2**2*x3*x4**2 + 1)",
        "constants": {
          "c0": 0.9609249783121184,
          "c1": 1.320321340890087,
          "c2": 0.000738352954641179,
          "c3": -0.0007259592136291715,
          "c4": 0.0016811602980275244,
          "c5": 3.474784308255488,
          "c6": 4.361928128301446,
          "c7": 0.08665069983082606,
          "c8": 5.403238524217494
        }
      }
    },
    "error": ""
  },
  "saved_at": 1784489955.243121
}