{
  "program_id": "d553f582-dcbc-47ca-a31d-f8bcc83de4b4",
  "iteration_found": 30,
  "dataset": "Abeta42/inhibition_constraints",
  "plot": "outputs_diff_inhibited_norm/adaevolve/disease_relevant_inhibited_all_normalized_ode_0721_0426/checkpoints/checkpoint_30/iteration_30_best_validation_curves.svg",
  "metrics": {
    "equation": "d(c)/dt = (0.97120246054876 - x4)*(4.32375560071237*x0**2*x1*x4*sqrt(x4**2 + 17.3200200510549)/((x0**2 + 1.02332229172171e-5*(5.08586640590489*x3 + 1)**2)*(0.855892006475486*x3 + 1)*(x4*(2.89358170881423e-9*x3 + 0.284962748691461) + 1)) + 5.80544706266734e-5*x1/(6.13595394727671*x3 + 1) + 6.98498617336018*x2)",
    "loss": 0.04333856213501152,
    "nmse_train": 0.0100039467940466,
    "nmse_val": 0.0025222171304179054,
    "mean_nmse_val": 0.0025222171304179054,
    "mean_raw_nmse_val": 0.0025222171304179054,
    "scored_loss_val": 0.04333856213501152,
    "mean_scored_loss_val": 0.04333856213501152,
    "shape_loss_val": 0.16578759714879238,
    "shape_loss_weight": 0.25,
    "heldout_curve_nmse": 0.0025222171304179054,
    "heldout_curve_scored_loss": 0.04333856213501152,
    "heldout_curve_shape_loss": 0.16578759714879238,
    "eval_only_nmse": NaN,
    "eval_only_scored_loss": NaN,
    "eval_only_shape_loss": NaN,
    "combined_score": 0.9584616502180014,
    "fit_score": 0.9584616502180014,
    "eval_time": 32.76462411880493,
    "n_datasets": 1,
    "n_successful": 1,
    "eval_workers": 8,
    "hard_cases": [
      {
        "dataset": "Abeta42/inhibition_constraints",
        "scored_loss_val": 0.04333856213501152,
        "nmse_val": 0.0025222171304179054,
        "shape_loss_val": 0.16578759714879238,
        "evaluation_only": false
      }
    ],
    "hard_case_feedback": "Abeta42/inhibition_constraints scored=0.04334 (nmse=0.002522, shape=0.1658)",
    "validation_semantics_feedback": "heldout_curve_scored_loss=0.04334, heldout_curve_nmse=0.002522, heldout_curve_shape=0.1658; eval_only_fit_score_scored_loss=nan, eval_only_nmse=nan, eval_only_shape=nan",
    "per_dataset": {
      "Abeta42/inhibition_constraints": {
        "nmse_train": 0.0100039467940466,
        "nmse_val": 0.0025222171304179054,
        "shape_loss_val": 0.16578759714879238,
        "scored_loss_val": 0.04333856213501152,
        "n_val_points": 1805,
        "evaluation_only": false,
        "combined_score": 0.9584616502180014,
        "equation": "d(c)/dt = (0.97120246054876 - x4)*(4.32375560071237*x0**2*x1*x4*sqrt(x4**2 + 17.3200200510549)/((x0**2 + 1.02332229172171e-5*(5.08586640590489*x3 + 1)**2)*(0.855892006475486*x3 + 1)*(x4*(2.89358170881423e-9*x3 + 0.284962748691461) + 1)) + 5.80544706266734e-5*x1/(6.13595394727671*x3 + 1) + 6.98498617336018*x2)",
        "equation_template": "d(c)/dt = (c5 - x4)*(c2**2*x1/(c10**2*x3 + 1) + c3**2*x2 + c4**2*x0**2*x1*x4*sqrt(c0**2 + x4**2)/((c1**2*x3 + 1)*(c6**4*(c7**2*x3 + 1)**2 + x0**2)*(x4*(c8**2 + c9**2*x3) + 1)))",
        "constants": {
          "c0": 4.1617328183167785,
          "c1": 0.9251443165666027,
          "c2": 0.007619348438460691,
          "c3": -2.642912441485752,
          "c4": 2.0793642299299964,
          "c5": 0.9712024605487597,
          "c6": -0.056559180559415015,
          "c7": 2.2551865567852443,
          "c8": 0.533819022414396,
          "c9": -5.379202272469617e-05,
          "c10": -2.4770857771334254
        }
      }
    },
    "error": ""
  },
  "saved_at": 1784593428.162463
}