{
  "program_id": "07d7d268-3232-4918-bb9b-5314b8779dbf",
  "iteration_found": 29,
  "dataset": "Abeta42/inhibition_constraints",
  "plot": "outputs_diff_inhibited_norm/adaevolve/disease_relevant_inhibited_all_normalized_ode_0720_0357/checkpoints/checkpoint_29/iteration_29_best_validation_curves.svg",
  "metrics": {
    "equation": "d(c)/dt = (0.971731201568572 - x4)*(12.8192087938314*x1*x4*(0.9442615281019*x2 + x4 + 1)/((4.27958047165892e-5*x1/(0.0302244969565935*x1*x3 + 0.900717188953256*x3 + 1) + 1)*(x4**2*(5.685127612386e-10*x3 + 1.08434580195315) + 1)*(0.0302244969565935*x1*x3 + 0.900717188953256*x3 + 1)) + 1.54095611319803e-9*x1/(0.0302244969565935*x1*x3 + 0.900717188953256*x3 + 1) + 1.89641426581683e-7*x2 + 1.50879440715471e-7)",
    "loss": 0.04470346710079678,
    "nmse_train": 0.014163733367634644,
    "nmse_val": 0.0033723325407729356,
    "mean_nmse_val": 0.0033723325407729356,
    "mean_raw_nmse_val": 0.0033723325407729356,
    "scored_loss_val": 0.04470346710079678,
    "mean_scored_loss_val": 0.04470346710079678,
    "shape_loss_val": 0.1686968707808683,
    "shape_loss_weight": 0.25,
    "heldout_curve_nmse": 0.0033723325407729356,
    "heldout_curve_scored_loss": 0.04470346710079678,
    "heldout_curve_shape_loss": 0.1686968707808683,
    "eval_only_nmse": NaN,
    "eval_only_scored_loss": NaN,
    "eval_only_shape_loss": NaN,
    "combined_score": 0.9572094201765641,
    "fit_score": 0.9572094201765641,
    "eval_time": 9.01317310333252,
    "n_datasets": 1,
    "n_successful": 1,
    "eval_workers": 8,
    "hard_cases": [
      {
        "dataset": "Abeta42/inhibition_constraints",
        "scored_loss_val": 0.04470346710079678,
        "nmse_val": 0.0033723325407729356,
        "shape_loss_val": 0.1686968707808683,
        "evaluation_only": false
      }
    ],
    "hard_case_feedback": "Abeta42/inhibition_constraints scored=0.0447 (nmse=0.003372, shape=0.1687)",
    "validation_semantics_feedback": "heldout_curve_scored_loss=0.0447, heldout_curve_nmse=0.003372, heldout_curve_shape=0.1687; eval_only_fit_score_scored_loss=nan, eval_only_nmse=nan, eval_only_shape=nan",
    "per_dataset": {
      "Abeta42/inhibition_constraints": {
        "nmse_train": 0.014163733367634644,
        "nmse_val": 0.0033723325407729356,
        "shape_loss_val": 0.1686968707808683,
        "scored_loss_val": 0.04470346710079678,
        "n_val_points": 1805,
        "evaluation_only": false,
        "combined_score": 0.9572094201765641,
        "equation": "d(c)/dt = (0.971731201568572 - x4)*(12.8192087938314*x1*x4*(0.9442615281019*x2 + x4 + 1)/((4.27958047165892e-5*x1/(0.0302244969565935*x1*x3 + 0.900717188953256*x3 + 1) + 1)*(x4**2*(5.685127612386e-10*x3 + 1.08434580195315) + 1)*(0.0302244969565935*x1*x3 + 0.900717188953256*x3 + 1)) + 1.54095611319803e-9*x1/(0.0302244969565935*x1*x3 + 0.900717188953256*x3 + 1) + 1.89641426581683e-7*x2 + 1.50879440715471e-7)",
        "equation_template": "d(c)/dt = (c0 - x4)*(c3**2 + c4**2*x1/(c1**2*x3 + c2**2*x1*x3 + 1) + c5**2*x2 + c6**2*x1*x4*(c0**2*x2 + x4 + 1)/((x4**2*(c7**2 + c8**2*x3) + 1)*(c9**2*x1/(c1**2*x3 + c2**2*x1*x3 + 1) + 1)*(c1**2*x3 + c2**2*x1*x3 + 1)))",
        "constants": {
          "c0": 0.9717312015685716,
          "c1": 0.9490612145448027,
          "c2": -0.17385193975504984,
          "c3": -0.0003884320284367281,
          "c4": -3.9255013860627126e-05,
          "c5": -0.00043547838819128944,
          "c6": -3.5803922681504377,
          "c7": 1.0413192603390917,
          "c8": 2.3843505640710646e-05,
          "c9": 0.006541850251770461
        }
      }
    },
    "error": ""
  },
  "saved_at": 1784504366.496504
}