{
  "program_id": "6b10f8bd-8611-4e98-a2a3-56911215460a",
  "iteration_found": 2,
  "dataset": "Abeta42/inhibition_constraints",
  "plot": "outputs_diff_inhibited_norm/adaevolve/disease_relevant_inhibited_all_normalized_ode_0719_2131/checkpoints/checkpoint_2/iteration_2_best_validation_curves.svg",
  "metrics": {
    "equation": "d(c)/dt = 1.17284692486927*x0*(0.960183018554766 - x4) + (0.960183018554766 - x4)*(35.7319567003795*x1*x4**2/(19.3985118209842*x3*x4 + 4.77244829951874*x3 + 1) + 11.6749569374793*x1*x4 + 1.64068597040489e-5*x1 + 5.79002360525805*x2 + 1.99164575351099e-8)/(0.717869093112955*x3 + 1)",
    "loss": 0.09810103245080129,
    "nmse_train": 0.007912295190537478,
    "nmse_val": 0.047577892318986376,
    "mean_nmse_val": 0.047577892318986376,
    "mean_raw_nmse_val": 0.047577892318986376,
    "scored_loss_val": 0.09810103245080129,
    "mean_scored_loss_val": 0.09810103245080129,
    "shape_loss_val": 0.249670452846246,
    "shape_loss_weight": 0.25,
    "heldout_curve_nmse": 0.047577892318986376,
    "heldout_curve_scored_loss": 0.09810103245080129,
    "heldout_curve_shape_loss": 0.249670452846246,
    "eval_only_nmse": NaN,
    "eval_only_scored_loss": NaN,
    "eval_only_shape_loss": NaN,
    "combined_score": 0.9106630177445019,
    "fit_score": 0.9106630177445019,
    "eval_time": 100.41220211982727,
    "n_datasets": 1,
    "n_successful": 1,
    "eval_workers": 8,
    "hard_cases": [
      {
        "dataset": "Abeta42/inhibition_constraints",
        "scored_loss_val": 0.09810103245080129,
        "nmse_val": 0.047577892318986376,
        "shape_loss_val": 0.249670452846246,
        "evaluation_only": false
      }
    ],
    "hard_case_feedback": "Abeta42/inhibition_constraints scored=0.0981 (nmse=0.04758, shape=0.2497)",
    "validation_semantics_feedback": "heldout_curve_scored_loss=0.0981, heldout_curve_nmse=0.04758, heldout_curve_shape=0.2497; eval_only_fit_score_scored_loss=nan, eval_only_nmse=nan, eval_only_shape=nan",
    "per_dataset": {
      "Abeta42/inhibition_constraints": {
        "nmse_train": 0.007912295190537478,
        "nmse_val": 0.047577892318986376,
        "shape_loss_val": 0.249670452846246,
        "scored_loss_val": 0.09810103245080129,
        "n_val_points": 3610,
        "evaluation_only": false,
        "combined_score": 0.9106630177445019,
        "equation": "d(c)/dt = 1.17284692486927*x0*(0.960183018554766 - x4) + (0.960183018554766 - x4)*(35.7319567003795*x1*x4**2/(19.3985118209842*x3*x4 + 4.77244829951874*x3 + 1) + 11.6749569374793*x1*x4 + 1.64068597040489e-5*x1 + 5.79002360525805*x2 + 1.99164575351099e-8)/(0.717869093112955*x3 + 1)",
        "equation_template": "d(c)/dt = c9*x0*(c0 - x4) + (c0 - x4)*(c1**2 + c2**2*x1 + c3**2*x2 + c4**2*x1*x4 + c5**2*x1*x4**2/(c6**2*x3 + c7**2*x3*x4 + 1))/(c8**2*x3 + 1)",
        "constants": {
          "c0": 0.9601830185547657,
          "c1": 0.00014112567992789217,
          "c2": -0.004050538199307463,
          "c3": 2.4062467881034246,
          "c4": 3.4168636111907174,
          "c5": 5.977621324605594,
          "c6": 2.1845933945516594,
          "c7": 4.404374169048789,
          "c8": 0.8472715580691679,
          "c9": 1.1728469248692717
        }
      }
    },
    "error": ""
  },
  "saved_at": 1784477692.106603
}