{
  "program_id": "f20bcbe5-103f-487a-8bc9-e832db55861f",
  "iteration_found": 37,
  "dataset": "Abeta42/inhibition_constraints",
  "plot": "outputs_diff_inhibited_norm/adaevolve/disease_relevant_inhibited_all_normalized_ode_0720_0357/checkpoints/checkpoint_37/iteration_37_best_validation_curves.svg",
  "metrics": {
    "equation": "d(c)/dt = (0.971730779916105 - x4)*(12.8180289104651*x1*x4*(0.944260708636361*x2 + x4 + 1)/((x3*(3.18704178923291e-9*x3 + 0.991347160314047) + 1)*(x4**2*(5.85188785440941e-9*x3/(2.27285667078441*x2 + 1) + 1.08426726944809) + 1)) + 1.27730226991336e-8*x1/(x3*(3.18704178923291e-9*x3 + 0.991347160314047) + 1) + 9.00968775145829e-10*x2 + 1.72086175822526e-6)",
    "loss": 0.044703029370197225,
    "nmse_train": 0.014163699295195639,
    "nmse_val": 0.003371941235810214,
    "mean_nmse_val": 0.003371941235810214,
    "mean_raw_nmse_val": 0.003371941235810214,
    "scored_loss_val": 0.044703029370197225,
    "mean_scored_loss_val": 0.044703029370197225,
    "shape_loss_val": 0.16869629377335826,
    "shape_loss_weight": 0.25,
    "heldout_curve_nmse": 0.003371941235810214,
    "heldout_curve_scored_loss": 0.044703029370197225,
    "heldout_curve_shape_loss": 0.16869629377335826,
    "eval_only_nmse": NaN,
    "eval_only_scored_loss": NaN,
    "eval_only_shape_loss": NaN,
    "combined_score": 0.9572098212473389,
    "fit_score": 0.9572098212473389,
    "eval_time": 12.849690914154053,
    "n_datasets": 1,
    "n_successful": 1,
    "eval_workers": 8,
    "hard_cases": [
      {
        "dataset": "Abeta42/inhibition_constraints",
        "scored_loss_val": 0.044703029370197225,
        "nmse_val": 0.003371941235810214,
        "shape_loss_val": 0.16869629377335826,
        "evaluation_only": false
      }
    ],
    "hard_case_feedback": "Abeta42/inhibition_constraints scored=0.0447 (nmse=0.003372, shape=0.1687)",
    "validation_semantics_feedback": "heldout_curve_scored_loss=0.0447, heldout_curve_nmse=0.003372, heldout_curve_shape=0.1687; eval_only_fit_score_scored_loss=nan, eval_only_nmse=nan, eval_only_shape=nan",
    "per_dataset": {
      "Abeta42/inhibition_constraints": {
        "nmse_train": 0.014163699295195639,
        "nmse_val": 0.003371941235810214,
        "shape_loss_val": 0.16869629377335826,
        "scored_loss_val": 0.044703029370197225,
        "n_val_points": 1805,
        "evaluation_only": false,
        "combined_score": 0.9572098212473389,
        "equation": "d(c)/dt = (0.971730779916105 - x4)*(12.8180289104651*x1*x4*(0.944260708636361*x2 + x4 + 1)/((x3*(3.18704178923291e-9*x3 + 0.991347160314047) + 1)*(x4**2*(5.85188785440941e-9*x3/(2.27285667078441*x2 + 1) + 1.08426726944809) + 1)) + 1.27730226991336e-8*x1/(x3*(3.18704178923291e-9*x3 + 0.991347160314047) + 1) + 9.00968775145829e-10*x2 + 1.72086175822526e-6)",
        "equation_template": "d(c)/dt = (c0 - x4)*(c3**2 + c4**2*x1/(x3*(c1**2 + c2**2*x3) + 1) + c5**2*x2 + c6**2*x1*x4*(c0**2*x2 + x4 + 1)/((x3*(c1**2 + c2**2*x3) + 1)*(x4**2*(c7**2 + c8**2*x3/(c9**2*x2 + 1)) + 1)))",
        "constants": {
          "c0": 0.9717307799161047,
          "c1": 0.9956641804916191,
          "c2": -5.645389082457389e-05,
          "c3": 0.0013118162059622745,
          "c4": 0.00011301779815203289,
          "c5": 3.0016141909742975e-05,
          "c6": 3.580227494233451,
          "c7": -1.0412815514778346,
          "c8": -7.649763299873669e-05,
          "c9": 1.507599638758385
        }
      }
    },
    "error": ""
  },
  "saved_at": 1784505443.644681
}