{
  "program_id": "228a9bbe-b096-46ff-8548-d021beb6dd64",
  "iteration_found": 35,
  "dataset": "Abeta42/inhibition_constraints",
  "plot": "outputs_diff_inhibited_norm/adaevolve/disease_relevant_inhibited_all_normalized_ode_0720_0357/checkpoints/checkpoint_37/iteration_37_global_best_validation_curves.svg",
  "metrics": {
    "equation": "d(c)/dt = (0.971730624320697 - x4)*(12.818408585661*x1*x4*(0.944260406242692*x2 + x4 + 1)/((x3*(1.40253414944247e-8*x3 + 0.9913846302773) + 1)*(x4**2*(2.03687009418905e-8*x3 + 1.08432772954725) + 1)) + 2.70809128448877e-7*x1/(x3*(1.40253414944247e-8*x3 + 0.9913846302773) + 1) + 2.04438569996296e-7*x2 + 1.85764711357287e-6)",
    "loss": 0.044702837926547674,
    "nmse_train": 0.014163671962710131,
    "nmse_val": 0.003371837792645437,
    "mean_nmse_val": 0.003371837792645437,
    "mean_raw_nmse_val": 0.003371837792645437,
    "scored_loss_val": 0.044702837926547674,
    "mean_scored_loss_val": 0.044702837926547674,
    "shape_loss_val": 0.16869583832825435,
    "shape_loss_weight": 0.25,
    "heldout_curve_nmse": 0.003371837792645437,
    "heldout_curve_scored_loss": 0.044702837926547674,
    "heldout_curve_shape_loss": 0.16869583832825435,
    "eval_only_nmse": NaN,
    "eval_only_scored_loss": NaN,
    "eval_only_shape_loss": NaN,
    "combined_score": 0.9572099966577379,
    "fit_score": 0.9572099966577379,
    "eval_time": 11.19642686843872,
    "n_datasets": 1,
    "n_successful": 1,
    "eval_workers": 8,
    "hard_cases": [
      {
        "dataset": "Abeta42/inhibition_constraints",
        "scored_loss_val": 0.04470283792654767,
        "nmse_val": 0.0033718377926454366,
        "shape_loss_val": 0.16869583832825435,
        "evaluation_only": false
      }
    ],
    "hard_case_feedback": "Abeta42/inhibition_constraints scored=0.0447 (nmse=0.003372, shape=0.1687)",
    "validation_semantics_feedback": "heldout_curve_scored_loss=0.0447, heldout_curve_nmse=0.003372, heldout_curve_shape=0.1687; eval_only_fit_score_scored_loss=nan, eval_only_nmse=nan, eval_only_shape=nan",
    "per_dataset": {
      "Abeta42/inhibition_constraints": {
        "nmse_train": 0.014163671962710131,
        "nmse_val": 0.0033718377926454366,
        "shape_loss_val": 0.16869583832825435,
        "scored_loss_val": 0.04470283792654767,
        "n_val_points": 1805,
        "evaluation_only": false,
        "combined_score": 0.9572099966577379,
        "equation": "d(c)/dt = (0.971730624320697 - x4)*(12.818408585661*x1*x4*(0.944260406242692*x2 + x4 + 1)/((x3*(1.40253414944247e-8*x3 + 0.9913846302773) + 1)*(x4**2*(2.03687009418905e-8*x3 + 1.08432772954725) + 1)) + 2.70809128448877e-7*x1/(x3*(1.40253414944247e-8*x3 + 0.9913846302773) + 1) + 2.04438569996296e-7*x2 + 1.85764711357287e-6)",
        "equation_template": "d(c)/dt = (c0 - x4)*(c3**2 + c4**2*x1/(x3*(c1**2 + c2**2*x3) + 1) + c5**2*x2 + c6**2*x1*x4*(c0**2*x2 + x4 + 1)/((x3*(c1**2 + c2**2*x3) + 1)*(x4**2*(c7**2 + c8**2*x3) + 1)))",
        "constants": {
          "c0": 0.9717306243206971,
          "c1": 0.9956829968806837,
          "c2": 0.00011842863460508482,
          "c3": 0.0013629552867107837,
          "c4": -0.0005203932440461513,
          "c5": 0.0004521488361107386,
          "c6": 3.580280517733356,
          "c7": 1.0413105826540157,
          "c8": -0.00014271895789239242
        }
      }
    },
    "error": ""
  },
  "saved_at": 1784505443.664256
}