{
  "num_islands": 2,
  "current_island": 1,
  "iteration_count": 7,
  "global_best_score": 0.9188178568648239,
  "decay": 0.9,
  "intensity_min": 0.15,
  "intensity_max": 0.5,
  "migration_interval": 15,
  "diversity_strategy_type": "code",
  "use_unified_archive": true,
  "use_adaptive_search": true,
  "use_ucb_selection": true,
  "fixed_intensity": 0.4,
  "adapter": {
    "states": [
      {
        "accumulated_signal": 0.09129303363090578,
        "best_score": 0.8679534685345428,
        "improvement_count": 3,
        "total_evaluations": 5,
        "decay": 0.9,
        "epsilon": 1e-08,
        "intensity_min": 0.15,
        "intensity_max": 0.5
      },
      {
        "accumulated_signal": 0.09425236424395227,
        "best_score": 0.9188178568648239,
        "improvement_count": 2,
        "total_evaluations": 4,
        "decay": 0.9,
        "epsilon": 1e-08,
        "intensity_min": 0.15,
        "intensity_max": 0.5
      }
    ],
    "dimension_visits": [
      5,
      4
    ],
    "dimension_rewards": [
      0.9764355310307661,
      0.3949958311424008
    ],
    "decayed_visits": [
      4.0951,
      3.439
    ],
    "global_best_score": 0.9188178568648239,
    "ucb_exploration": 1.41,
    "min_visits": 3,
    "decay": 0.9,
    "epsilon": 1e-08
  },
  "island_config_names": [
    "balanced",
    "balanced"
  ],
  "islands": [
    [
      "722c9a7f-0e8f-4ef6-9a4f-fea879f33aaf",
      "cd5faca3-3d31-4491-af08-c45426484f54",
      "a4c3f8a5-25f6-45c5-9a38-cc4ca7fe9389",
      "bf833bd8-a336-4060-af6b-262f42b033ce",
      "ff81760f-2c78-48a0-8d5e-58a1d050a8a9"
    ],
    [
      "9dac4430-930b-43f8-8dc2-28c482dbb91f",
      "646e0bae-6074-4929-b3e6-ac1f4aa61e3f",
      "9ed18592-f3eb-419c-a237-8c7a9b91d03a",
      "5bc5fb78-fae5-4504-a141-1f46c035a318",
      "33406ce1-422b-41fc-9936-eb6a2e79b57f"
    ]
  ],
  "archive_genealogies": [
    {
      "parents": {
        "722c9a7f-0e8f-4ef6-9a4f-fea879f33aaf": [],
        "cd5faca3-3d31-4491-af08-c45426484f54": [
          "722c9a7f-0e8f-4ef6-9a4f-fea879f33aaf"
        ],
        "a4c3f8a5-25f6-45c5-9a38-cc4ca7fe9389": [
          "cd5faca3-3d31-4491-af08-c45426484f54"
        ],
        "bf833bd8-a336-4060-af6b-262f42b033ce": [
          "a4c3f8a5-25f6-45c5-9a38-cc4ca7fe9389"
        ],
        "ff81760f-2c78-48a0-8d5e-58a1d050a8a9": [
          "a4c3f8a5-25f6-45c5-9a38-cc4ca7fe9389"
        ]
      },
      "children": {
        "722c9a7f-0e8f-4ef6-9a4f-fea879f33aaf": [
          "cd5faca3-3d31-4491-af08-c45426484f54"
        ],
        "cd5faca3-3d31-4491-af08-c45426484f54": [
          "a4c3f8a5-25f6-45c5-9a38-cc4ca7fe9389"
        ],
        "a4c3f8a5-25f6-45c5-9a38-cc4ca7fe9389": [
          "bf833bd8-a336-4060-af6b-262f42b033ce",
          "ff81760f-2c78-48a0-8d5e-58a1d050a8a9"
        ]
      }
    },
    {
      "parents": {
        "9dac4430-930b-43f8-8dc2-28c482dbb91f": [],
        "646e0bae-6074-4929-b3e6-ac1f4aa61e3f": [
          "9dac4430-930b-43f8-8dc2-28c482dbb91f"
        ],
        "9ed18592-f3eb-419c-a237-8c7a9b91d03a": [
          "9dac4430-930b-43f8-8dc2-28c482dbb91f"
        ],
        "5bc5fb78-fae5-4504-a141-1f46c035a318": [
          "646e0bae-6074-4929-b3e6-ac1f4aa61e3f"
        ],
        "33406ce1-422b-41fc-9936-eb6a2e79b57f": [
          "5bc5fb78-fae5-4504-a141-1f46c035a318"
        ]
      },
      "children": {
        "9dac4430-930b-43f8-8dc2-28c482dbb91f": [
          "646e0bae-6074-4929-b3e6-ac1f4aa61e3f",
          "9ed18592-f3eb-419c-a237-8c7a9b91d03a"
        ],
        "646e0bae-6074-4929-b3e6-ac1f4aa61e3f": [
          "5bc5fb78-fae5-4504-a141-1f46c035a318"
        ],
        "5bc5fb78-fae5-4504-a141-1f46c035a318": [
          "33406ce1-422b-41fc-9936-eb6a2e79b57f"
        ]
      }
    }
  ],
  "use_dynamic_islands": true,
  "max_islands": 5,
  "last_spawn_iteration": -30,
  "use_paradigm_breakthrough": true,
  "paradigm_tracker": {
    "window_size": 10,
    "improvement_threshold": 0.12,
    "max_paradigm_uses": 2,
    "max_tried_paradigms": 10,
    "num_paradigms_to_generate": 3,
    "improvement_history": [
      1.0,
      1.0,
      0.0,
      1.0,
      0.0,
      1.0,
      0.0,
      0.0,
      0.0
    ],
    "active_paradigms": [],
    "paradigm_usage_counts": {},
    "current_paradigm_index": 0,
    "tried_paradigms": [],
    "best_score_at_paradigm_gen": 0.0,
    "best_score_during_paradigm": 0.0
  }
}