{
  "id": "71bf8cf8-f314-492d-a197-86d1c6f7068a",
  "generation": 1,
  "iteration": 3,
  "current_iteration": 3,
  "metrics": {
    "combined_score": 0.9130036097279199,
    "n_stage1_datasets": 8.0,
    "n_stage1_successful": 8.0,
    "eval_workers": 8.0,
    "stage1_full_selected_datasets": 1.0,
    "cascade_stage1_time_seconds": 2.819748640060425,
    "cascade_stage1_threshold": 0.15,
    "cascade_stage1_passed": 1.0,
    "loss": 0.05968912903676285,
    "complexity": 26.0,
    "nmse_train": 0.014909926627300927,
    "nmse_val": 0.05968912903676285,
    "mean_nmse_val": 0.05968912903676285,
    "mean_raw_nmse_val": 0.05968912903676285,
    "fit_score": 0.943672981630925,
    "parsimony_weight": 0.2,
    "parsimony_penalty_factor": 0.9675,
    "eval_time": 23.999427795410156,
    "n_datasets": 22.0,
    "n_successful": 22.0,
    "cascade_stage2_time_seconds": 23.999958038330078,
    "cascade_total_time_seconds": 26.819706678390503,
    "cascade_stage1_combined_score": 0.7481684384561806
  },
  "language": "python",
  "timestamp": 1781682549.8692684,
  "saved_at": 1781682549.8733113
}