{
  "id": "3fb1af0e-0f29-4f0f-bcac-cd09dc738a40",
  "generation": 3,
  "iteration": 15,
  "current_iteration": 17,
  "metrics": {
    "combined_score": 0.9374257467199517,
    "n_stage1_datasets": 8.0,
    "n_stage1_successful": 8.0,
    "eval_workers": 8.0,
    "stage1_full_selected_datasets": 1.0,
    "cascade_stage1_time_seconds": 5.973363399505615,
    "cascade_stage1_threshold": 0.15,
    "cascade_stage1_passed": 1.0,
    "loss": 0.04274925605603211,
    "complexity": 18.0,
    "nmse_train": 0.007043221866088823,
    "nmse_val": 0.04274925605603211,
    "mean_nmse_val": 0.04274925605603211,
    "mean_raw_nmse_val": 0.04274925605603211,
    "fit_score": 0.959003321452636,
    "parsimony_weight": 0.2,
    "parsimony_penalty_factor": 0.9775,
    "eval_time": 43.801799297332764,
    "n_datasets": 24.0,
    "n_successful": 24.0,
    "cascade_stage2_time_seconds": 43.80216908454895,
    "cascade_total_time_seconds": 49.775532484054565,
    "cascade_stage1_combined_score": 0.9785730694533928
  },
  "language": "python",
  "timestamp": 1781257617.8985505,
  "saved_at": 1781257972.6831582
}