{
  "id": "53b04d2f-69b3-4959-aec1-4b0c10a8cba1",
  "generation": 2,
  "iteration": 13,
  "current_iteration": 15,
  "metrics": {
    "combined_score": 0.6193548406256589,
    "loss": 0.614583328338601,
    "complexity": 0.0,
    "nmse_train": Infinity,
    "nmse_val": 0.614583328338601,
    "eval_time": 31.916393280029297,
    "n_datasets": 60.0,
    "n_successful": 60.0
  },
  "language": "python",
  "timestamp": 1779968875.0201585,
  "saved_at": 1779968986.791512
}