{
  "num_islands": 2,
  "current_island": 1,
  "iteration_count": 5,
  "global_best_score": 0.8789343290610115,
  "decay": 0.9,
  "intensity_min": 0.15,
  "intensity_max": 0.5,
  "migration_interval": 15,
  "diversity_strategy_type": "code",
  "use_unified_archive": true,
  "use_adaptive_search": true,
  "use_ucb_selection": true,
  "fixed_intensity": 0.4,
  "adapter": {
    "states": [
      {
        "accumulated_signal": 0.09154309578711456,
        "best_score": 0.877986911073443,
        "improvement_count": 2,
        "total_evaluations": 13,
        "decay": 0.9,
        "epsilon": 1e-08,
        "intensity_min": 0.15,
        "intensity_max": 0.5
      },
      {
        "accumulated_signal": 0.09999999999999998,
        "best_score": 0.8789343290610115,
        "improvement_count": 0,
        "total_evaluations": 5,
        "decay": 0.9,
        "epsilon": 1e-08,
        "intensity_min": 0.15,
        "intensity_max": 0.5
      }
    ],
    "dimension_visits": [
      13,
      5
    ],
    "dimension_rewards": [
      0.3170668188681559,
      0.0
    ],
    "decayed_visits": [
      7.458134171671,
      4.0951
    ],
    "global_best_score": 0.8789343290610115,
    "ucb_exploration": 1.41,
    "min_visits": 3,
    "decay": 0.9,
    "epsilon": 1e-08
  },
  "island_config_names": [
    "balanced",
    "balanced"
  ],
  "islands": [
    [
      "b8736bf4-0fe4-42c3-9e90-d98c8af55957",
      "2986ed35-4938-4d0a-a26f-41919dd6be71",
      "7a9077df-3013-43fb-b55f-a6d6aa61ef08",
      "cf2b272c-8098-46bc-915c-9b488244b704",
      "7ec2d221-19e9-481c-8f43-abd8428572b7",
      "47fd404a-9481-42b9-b732-9e8630ed583b",
      "4b797a00-1a18-473f-a617-f74d583b542a",
      "5d490e8b-54e1-4e66-a198-84731c5c1431",
      "62878a6e-bd02-491b-8b34-2381af634f03",
      "597b6bd5-300e-4ba7-9140-4deda7824242",
      "7cbb6ca3-7a93-4106-b19e-28c95721c482",
      "dffff5d2-195c-4356-86b8-f5272951e31d",
      "dfcf7999-42cc-45a7-bf14-d3f36c27f53c"
    ],
    [
      "2c759f9e-7eb9-4fef-b588-0780a305e257",
      "630922fb-228f-4280-a113-550bb98e6d3d",
      "ae337100-7fff-4e6a-a74f-e4c11406b8ed",
      "47a5dfb3-9415-4309-b2cd-7028a7cab83e",
      "2af6c56c-1cfa-4824-a7ae-3330fa17ee18",
      "746e249d-173e-44f2-bc5b-74bc60c02774",
      "da5bb7b4-4ad1-4fba-b094-da5371bf8a03",
      "0ed8d217-f763-4b3a-81ea-2d3f6e5b3a1f",
      "498e78f0-34ad-4bf3-9b7c-6466be76b692",
      "8d2a7391-a986-4ec1-a6c9-0efab6c85399",
      "708b4f9c-1fb4-47c8-a3ff-6d9068dd2f95",
      "cbf16d8b-1fd2-42a2-8258-5541e9ae2353",
      "8790f0f7-65ed-45ba-9cfd-184b317185d2",
      "46a9ba6f-8f02-4636-839f-a6c900a9dbdd",
      "0405b425-0567-44a0-8303-5ae702ad763b",
      "cbf0f216-beea-4c32-957b-09b5333195e3",
      "979ce555-bb4b-44e7-8e3b-8dedf63fda75",
      "edc8f4f1-311b-4a6d-b959-2a185c75b572"
    ]
  ],
  "archive_genealogies": [
    {
      "parents": {
        "b8736bf4-0fe4-42c3-9e90-d98c8af55957": [],
        "2986ed35-4938-4d0a-a26f-41919dd6be71": [],
        "7a9077df-3013-43fb-b55f-a6d6aa61ef08": [],
        "cf2b272c-8098-46bc-915c-9b488244b704": [],
        "7ec2d221-19e9-481c-8f43-abd8428572b7": [],
        "47fd404a-9481-42b9-b732-9e8630ed583b": [],
        "4b797a00-1a18-473f-a617-f74d583b542a": [],
        "5d490e8b-54e1-4e66-a198-84731c5c1431": [],
        "62878a6e-bd02-491b-8b34-2381af634f03": [],
        "597b6bd5-300e-4ba7-9140-4deda7824242": [],
        "7cbb6ca3-7a93-4106-b19e-28c95721c482": [],
        "dffff5d2-195c-4356-86b8-f5272951e31d": [],
        "dfcf7999-42cc-45a7-bf14-d3f36c27f53c": [
          "2c759f9e-7eb9-4fef-b588-0780a305e257"
        ]
      },
      "children": {
        "2c759f9e-7eb9-4fef-b588-0780a305e257": [
          "dfcf7999-42cc-45a7-bf14-d3f36c27f53c"
        ]
      }
    },
    {
      "parents": {
        "2c759f9e-7eb9-4fef-b588-0780a305e257": [],
        "630922fb-228f-4280-a113-550bb98e6d3d": [],
        "ae337100-7fff-4e6a-a74f-e4c11406b8ed": [],
        "47a5dfb3-9415-4309-b2cd-7028a7cab83e": [],
        "2af6c56c-1cfa-4824-a7ae-3330fa17ee18": [],
        "746e249d-173e-44f2-bc5b-74bc60c02774": [],
        "da5bb7b4-4ad1-4fba-b094-da5371bf8a03": [],
        "0ed8d217-f763-4b3a-81ea-2d3f6e5b3a1f": [],
        "498e78f0-34ad-4bf3-9b7c-6466be76b692": [],
        "8d2a7391-a986-4ec1-a6c9-0efab6c85399": [],
        "708b4f9c-1fb4-47c8-a3ff-6d9068dd2f95": [],
        "cbf16d8b-1fd2-42a2-8258-5541e9ae2353": [],
        "8790f0f7-65ed-45ba-9cfd-184b317185d2": [],
        "46a9ba6f-8f02-4636-839f-a6c900a9dbdd": [
          "2c759f9e-7eb9-4fef-b588-0780a305e257"
        ],
        "0405b425-0567-44a0-8303-5ae702ad763b": [
          "2c759f9e-7eb9-4fef-b588-0780a305e257"
        ],
        "cbf0f216-beea-4c32-957b-09b5333195e3": [
          "2c759f9e-7eb9-4fef-b588-0780a305e257"
        ],
        "979ce555-bb4b-44e7-8e3b-8dedf63fda75": [
          "2c759f9e-7eb9-4fef-b588-0780a305e257"
        ],
        "edc8f4f1-311b-4a6d-b959-2a185c75b572": [
          "2c759f9e-7eb9-4fef-b588-0780a305e257"
        ]
      },
      "children": {
        "2c759f9e-7eb9-4fef-b588-0780a305e257": [
          "46a9ba6f-8f02-4636-839f-a6c900a9dbdd",
          "0405b425-0567-44a0-8303-5ae702ad763b",
          "cbf0f216-beea-4c32-957b-09b5333195e3",
          "979ce555-bb4b-44e7-8e3b-8dedf63fda75",
          "edc8f4f1-311b-4a6d-b959-2a185c75b572"
        ]
      }
    }
  ],
  "use_dynamic_islands": true,
  "max_islands": 5,
  "last_spawn_iteration": -30,
  "use_paradigm_breakthrough": true,
  "paradigm_tracker": {
    "window_size": 10,
    "improvement_threshold": 0.12,
    "max_paradigm_uses": 2,
    "max_tried_paradigms": 10,
    "num_paradigms_to_generate": 3,
    "improvement_history": [
      0.0,
      0.0,
      0.0,
      0.0,
      0.0,
      0.0,
      0.0,
      0.0,
      0.0,
      0.0
    ],
    "active_paradigms": [
      {
        "idea": "Knowles-Cohen master-equation moment-closure RHS with saturable (Michaelis-Menten) inhibitor acting selectively on secondary nucleation, replacing the global divisor and explicit time-decay",
        "description": "Build an autonomous RHS grounded in Abeta aggregation kinetics. Let monomer_avail = c1*monomer - concentration (available monomer pool = m0 scaled minus aggregated mass, enforcing mass conservation and natural plateau/depletion instead of an ad-hoc capacity constant). Define elongation = c2^2 * monomer_avail * (c3^2 + concentration) capturing primary nucleation seed (c3^2) plus fibril-catalyzed elongation. Define secondary = c4^2 * monomer_avail * concentration**2 (autocatalytic secondary nucleation quadratic in fibril mass, the classic sigmoid driver). Model inhibitor as a saturable suppressor acting ONLY on secondary nucleation: sec_inhib = secondary / (1 + c5^2*inhibitor). Add seed-dependent elongation boost: elong_full = elongation*(1 + c6^2*seed). Final expression = elong_full + sec_inhib. Use monomer_avail (mass-conservation) rather than a separate plateau constant so the trajectory saturates when monomer is depleted. Remove the non-autonomous c8*time*concentration term entirely. Fit ~7 constants. Provide initial_values all 1.0 except plateau-like scale. This keeps cd=0 behavior intact (denominator=1) and makes inhibition selective and bounded.",
        "what_to_optimize": "heldout_curve_nmse and heldout_curve_shape_loss by producing correct sigmoidal timing via autocatalytic c^2 secondary nucleation and mass-conservation saturation; robustness across cd values via bounded saturable inhibition",
        "cautions": "monomer_avail can go negative if concentration overshoots c1*monomer; keep c1 fittable and initialize >1 so the pool stays positive early; ensure squared constants keep rates positive to avoid runaway integration; concentration**2 is smooth and bounded on normalized [0,1] range so no overflow; verify denominator 1+c5^2*inhibitor never vanishes (always >=1).",