{
  "id": "68b03b98-6981-4997-986a-75a77b4be045",
  "generation": 6,
  "iteration": 34,
  "current_iteration": 36,
  "metrics": {
    "equation": "d(c)/dt = (0.971169028268457 - x4)*(2.2911937574477*x0**1.37240392949666*x1*x4*sqrt(x4**2 + 73.6172801947003)/((x0**1.37240392949666 + (0.0234657416399874*x3 + 0.00300911068146945)**1.37240392949666)*(0.705077208471169*x3 + 1)*(0.42092085696912*x4 + 1)) + 2.08047485420731e-5*x1/(0.85666843049395*x3**2 + 78.8422110919657*x3 + 1) + 7.57947614951708*x2)",
    "loss": 0.0431437833398672,
    "nmse_train": 0.009849161964905916,
    "nmse_val": 0.0023666544378346394,
    "mean_nmse_val": 0.0023666544378346394,
    "mean_raw_nmse_val": 0.0023666544378346394,
    "scored_loss_val": 0.0431437833398672,
    "mean_scored_loss_val": 0.0431437833398672,
    "shape_loss_val": 0.16547517004596488,
    "shape_loss_weight": 0.25,
    "heldout_curve_nmse": 0.0023666544378346394,
    "heldout_curve_scored_loss": 0.0431437833398672,
    "heldout_curve_shape_loss": 0.16547517004596488,
    "eval_only_nmse": NaN,
    "eval_only_scored_loss": NaN,
    "eval_only_shape_loss": NaN,
    "combined_score": 0.9586406169226909,
    "fit_score": 0.9586406169226909,
    "eval_time": 68.5074520111084,
    "n_datasets": 1,
    "n_successful": 1,
    "eval_workers": 8,
    "hard_cases": [
      {
        "dataset": "Abeta42/inhibition_constraints",
        "scored_loss_val": 0.043143783339867195,
        "nmse_val": 0.0023666544378346394,
        "shape_loss_val": 0.16547517004596488,
        "evaluation_only": false
      }
    ],
    "hard_case_feedback": "Abeta42/inhibition_constraints scored=0.04314 (nmse=0.002367, shape=0.1655)",
    "validation_semantics_feedback": "heldout_curve_scored_loss=0.04314, heldout_curve_nmse=0.002367, heldout_curve_shape=0.1655; eval_only_fit_score_scored_loss=nan, eval_only_nmse=nan, eval_only_shape=nan",
    "per_dataset": {
      "Abeta42/inhibition_constraints": {
        "nmse_train": 0.009849161964905916,
        "nmse_val": 0.0023666544378346394,
        "shape_loss_val": 0.16547517004596488,
        "scored_loss_val": 0.043143783339867195,
        "n_val_points": 1805,
        "evaluation_only": false,
        "combined_score": 0.9586406169226909,
        "equation": "d(c)/dt = (0.971169028268457 - x4)*(2.2911937574477*x0**1.37240392949666*x1*x4*sqrt(x4**2 + 73.6172801947003)/((x0**1.37240392949666 + (0.0234657416399874*x3 + 0.00300911068146945)**1.37240392949666)*(0.705077208471169*x3 + 1)*(0.42092085696912*x4 + 1)) + 2.08047485420731e-5*x1/(0.85666843049395*x3**2 + 78.8422110919657*x3 + 1) + 7.57947614951708*x2)",
        "equation_template": "d(c)/dt = (c5 - x4)*(c2**2*x1/(c10**2*x3 + c11**2*x3**2 + 1) + c3**2*x2 + c4**2*x0**(c9**2 + 1)*x1*x4*sqrt(c0**2 + x4**2)/((x0**(c9**2 + 1) + (c6**2*(c7**2*x3 + 1))**(c9**2 + 1))*(c1**2*x3 + 1)*(c8**2*x4 + 1)))",
        "constants": {
          "c0": -8.58005129324413,
          "c1": -0.8396887569041095,
          "c2": 0.004561222264050844,
          "c3": 2.753084842411704,
          "c4": -1.513668972215425,
          "c5": 0.9711690282684569,
          "c6": -0.05485536146512436,
          "c7": 2.792531374754054,
          "c8": 0.6487841374210067,
          "c9": 0.6102490716884892,
          "c10": -8.879313661086972,
          "c11": 0.9255638446341503
        }
      }
    },
    "error": ""
  },
  "language": "python",
  "timestamp": 1784594240.418947,
  "saved_at": 1784594581.1399791
}