{
  "program_id": "bc94000c-46d2-4e44-81f9-8439c374e2dd",
  "iteration_found": 28,
  "dataset": "Abeta42/inhibition_constraints",
  "plot": "outputs_diff_inhibited_norm/adaevolve/disease_relevant_inhibited_all_normalized_ode_0720_0232/checkpoints/checkpoint_28/iteration_28_best_validation_curves.svg",
  "metrics": {
    "equation": "d(c)/dt = (0.972721855496937 - x4)*(15.1796746653839*x1*(0.082675399387297*x2 + x4)/(1.0320724434514*x3 + 1) + 7.80325062671022e-9*x1/(1.0320724434514*x3 + 1))",
    "loss": 0.04811755862035891,
    "nmse_train": 0.010886976475435744,
    "nmse_val": 0.006797408838454755,
    "mean_nmse_val": 0.006797408838454755,
    "mean_raw_nmse_val": 0.006797408838454755,
    "scored_loss_val": 0.04811755862035891,
    "mean_scored_loss_val": 0.04811755862035891,
    "shape_loss_val": 0.17207800796607137,
    "shape_loss_weight": 0.25,
    "heldout_curve_nmse": 0.006797408838454755,
    "heldout_curve_scored_loss": 0.04811755862035891,
    "heldout_curve_shape_loss": 0.17207800796607137,
    "eval_only_nmse": NaN,
    "eval_only_scored_loss": NaN,
    "eval_only_shape_loss": NaN,
    "combined_score": 0.954091448783955,
    "fit_score": 0.954091448783955,
    "eval_time": 5.206491231918335,
    "n_datasets": 1,
    "n_successful": 1,
    "eval_workers": 8,
    "hard_cases": [
      {
        "dataset": "Abeta42/inhibition_constraints",
        "scored_loss_val": 0.04811755862035891,
        "nmse_val": 0.006797408838454755,
        "shape_loss_val": 0.17207800796607137,
        "evaluation_only": false
      }
    ],
    "hard_case_feedback": "Abeta42/inhibition_constraints scored=0.04812 (nmse=0.006797, shape=0.1721)",
    "validation_semantics_feedback": "heldout_curve_scored_loss=0.04812, heldout_curve_nmse=0.006797, heldout_curve_shape=0.1721; eval_only_fit_score_scored_loss=nan, eval_only_nmse=nan, eval_only_shape=nan",
    "per_dataset": {
      "Abeta42/inhibition_constraints": {
        "nmse_train": 0.010886976475435744,
        "nmse_val": 0.006797408838454755,
        "shape_loss_val": 0.17207800796607137,
        "scored_loss_val": 0.04811755862035891,
        "n_val_points": 1805,
        "evaluation_only": false,
        "combined_score": 0.954091448783955,
        "equation": "d(c)/dt = (0.972721855496937 - x4)*(15.1796746653839*x1*(0.082675399387297*x2 + x4)/(1.0320724434514*x3 + 1) + 7.80325062671022e-9*x1/(1.0320724434514*x3 + 1))",
        "equation_template": "d(c)/dt = (c0 - x4)*(c2**2*x1/(c1**2*x3 + 1) + c3**2*x1*(c4**2*x2 + x4)/(c1**2*x3 + 1))",
        "constants": {
          "c0": 0.9727218554969368,
          "c1": 1.0159096630367284,
          "c2": 8.833600979617669e-05,
          "c3": -3.896110196771124,
          "c4": 0.28753330135359445
        }
      }
    },
    "error": ""
  },
  "saved_at": 1784497761.322624
}