{
  "id": "0ecc557d-7f06-41be-86d5-eaba3e5ce48c",
  "generation": 2,
  "iteration": 4,
  "current_iteration": 5,
  "metrics": {
    "combined_score": 0.8871581060661325,
    "n_stage1_datasets": 8.0,
    "n_stage1_successful": 8.0,
    "eval_workers": 8.0,
    "cascade_stage1_time_seconds": 4.012735605239868,
    "cascade_stage1_threshold": 0.15,
    "cascade_stage1_passed": 1.0,
    "loss": 0.07647102976344808,
    "complexity": 36.0,
    "nmse_train": Infinity,
    "nmse_val": 0.07647102976344808,
    "fit_score": 0.9289613676085158,
    "parsimony_weight": 0.2,
    "parsimony_penalty_factor": 0.955,
    "eval_time": 40.52853322029114,
    "n_datasets": 42.0,
    "n_successful": 42.0,
    "cascade_stage2_time_seconds": 40.52954459190369,
    "cascade_total_time_seconds": 44.542280197143555,
    "cascade_stage1_combined_score": 0.8407375101305086
  },
  "language": "python",
  "timestamp": 1780272240.0475752,
  "saved_at": 1780272858.9355602
}