{
  "id": "18e10484-61d0-4f30-a733-e7a9784cfee0",
  "generation": 2,
  "iteration": 3,
  "current_iteration": 5,
  "metrics": {
    "loss": 0.0006574035159919995,
    "complexity": 25.0,
    "nmse_train": 0.004617957181407037,
    "nmse_val": 0.004653325014351479,
    "combined_score": 0.9953682281255726,
    "eval_time": 12.757243633270264
  },
  "language": "python",
  "timestamp": 1779617638.6296499,
  "saved_at": 1779617754.3625636
}