{
  "num_islands": 2,
  "current_island": 1,
  "iteration_count": 9,
  "global_best_score": 0.9953682352938185,
  "decay": 0.9,
  "intensity_min": 0.15,
  "intensity_max": 0.5,
  "migration_interval": 15,
  "diversity_strategy_type": "code",
  "use_unified_archive": true,
  "use_adaptive_search": true,
  "use_ucb_selection": true,
  "fixed_intensity": 0.4,
  "adapter": {
    "states": [
      {
        "accumulated_signal": 0.08204927141715078,
        "best_score": 0.9953682281255726,
        "improvement_count": 3,
        "total_evaluations": 6,
        "decay": 0.9,
        "epsilon": 1e-08,
        "intensity_min": 0.15,
        "intensity_max": 0.5
      },
      {
        "accumulated_signal": 0.07384434427543571,
        "best_score": 0.9953682352938185,
        "improvement_count": 3,
        "total_evaluations": 5,
        "decay": 0.9,
        "epsilon": 1e-08,
        "intensity_min": 0.15,
        "intensity_max": 0.5
      }
    ],
    "dimension_visits": [
      6,
      5
    ],
    "dimension_rewards": [
      0.6626039855064914,
      0.06520992059038763
    ],
    "decayed_visits": [
      4.68559,
      4.0951
    ],
    "global_best_score": 0.9953682352938185,
    "ucb_exploration": 1.41,
    "min_visits": 3,
    "decay": 0.9,
    "epsilon": 1e-08
  },
  "island_config_names": [
    "balanced",
    "balanced"
  ],
  "islands": [
    [
      "28b74bdd-4faa-48fc-8c9a-2ad06ae7b464",
      "86300115-7a01-4430-a435-f5809756763c",
      "18e10484-61d0-4f30-a733-e7a9784cfee0",
      "06b67da2-5b3e-4fd0-8edd-49a223b2396c",
      "3cf51400-fe7a-4203-804a-2c24a74c23f9",
      "cc6e9cb3-7b52-432a-a314-d2753685de93"
    ],
    [
      "df99f874-465a-4196-9108-4e7ebabe934f",
      "abfd43ed-93ec-4b7a-9291-bf3e3ae40417",
      "0c742747-c79c-42e8-b944-c7805951cc38",
      "53afd239-b444-4b2e-8d4c-bbe48280f41d",
      "11378ace-0697-4a17-b769-c893c727a67c",
      "a0f26995-d0bf-4f0c-9952-e1cbba47fda4"
    ]
  ],
  "archive_genealogies": [
    {
      "parents": {
        "28b74bdd-4faa-48fc-8c9a-2ad06ae7b464": [],
        "86300115-7a01-4430-a435-f5809756763c": [
          "28b74bdd-4faa-48fc-8c9a-2ad06ae7b464"
        ],
        "18e10484-61d0-4f30-a733-e7a9784cfee0": [
          "86300115-7a01-4430-a435-f5809756763c"
        ],
        "06b67da2-5b3e-4fd0-8edd-49a223b2396c": [
          "28b74bdd-4faa-48fc-8c9a-2ad06ae7b464"
        ],
        "3cf51400-fe7a-4203-804a-2c24a74c23f9": [
          "18e10484-61d0-4f30-a733-e7a9784cfee0"
        ],
        "cc6e9cb3-7b52-432a-a314-d2753685de93": [
          "18e10484-61d0-4f30-a733-e7a9784cfee0"
        ]
      },
      "children": {
        "28b74bdd-4faa-48fc-8c9a-2ad06ae7b464": [
          "86300115-7a01-4430-a435-f5809756763c",
          "06b67da2-5b3e-4fd0-8edd-49a223b2396c"
        ],
        "86300115-7a01-4430-a435-f5809756763c": [
          "18e10484-61d0-4f30-a733-e7a9784cfee0"
        ],
        "18e10484-61d0-4f30-a733-e7a9784cfee0": [
          "3cf51400-fe7a-4203-804a-2c24a74c23f9",
          "cc6e9cb3-7b52-432a-a314-d2753685de93"
        ]
      }
    },
    {
      "parents": {
        "df99f874-465a-4196-9108-4e7ebabe934f": [],
        "abfd43ed-93ec-4b7a-9291-bf3e3ae40417": [
          "df99f874-465a-4196-9108-4e7ebabe934f"
        ],
        "0c742747-c79c-42e8-b944-c7805951cc38": [
          "df99f874-465a-4196-9108-4e7ebabe934f"
        ],
        "53afd239-b444-4b2e-8d4c-bbe48280f41d": [
          "abfd43ed-93ec-4b7a-9291-bf3e3ae40417"
        ],
        "11378ace-0697-4a17-b769-c893c727a67c": [
          "abfd43ed-93ec-4b7a-9291-bf3e3ae40417"
        ],
        "a0f26995-d0bf-4f0c-9952-e1cbba47fda4": [
          "11378ace-0697-4a17-b769-c893c727a67c"
        ]
      },
      "children": {
        "df99f874-465a-4196-9108-4e7ebabe934f": [
          "abfd43ed-93ec-4b7a-9291-bf3e3ae40417",
          "0c742747-c79c-42e8-b944-c7805951cc38"
        ],
        "abfd43ed-93ec-4b7a-9291-bf3e3ae40417": [
          "53afd239-b444-4b2e-8d4c-bbe48280f41d",
          "11378ace-0697-4a17-b769-c893c727a67c"
        ],
        "11378ace-0697-4a17-b769-c893c727a67c": [
          "a0f26995-d0bf-4f0c-9952-e1cbba47fda4"
        ]
      }
    }
  ],
  "use_dynamic_islands": true,
  "max_islands": 5,
  "last_spawn_iteration": -30,
  "use_paradigm_breakthrough": true,
  "paradigm_tracker": {
    "window_size": 10,
    "improvement_threshold": 0.12,
    "max_paradigm_uses": 2,
    "max_tried_paradigms": 10,
    "num_paradigms_to_generate": 3,
    "improvement_history": [
      1.0,
      0.0,
      1.0,
      0.0,
      0.0,
      0.0,
      0.0,
      1.0,
      0.0,
      0.0
    ],
    "active_paradigms": [],
    "paradigm_usage_counts": {},
    "current_paradigm_index": 0,
    "tried_paradigms": [],
    "best_score_at_paradigm_gen": 0.0,
    "best_score_during_paradigm": 0.0
  }
}