{
  "id": "11378ace-0697-4a17-b769-c893c727a67c",
  "generation": 2,
  "iteration": 8,
  "current_iteration": 10,
  "metrics": {
    "loss": 0.0006574035100075691,
    "complexity": 25.0,
    "nmse_train": 0.004617957139369167,
    "nmse_val": 0.004653317779238036,
    "combined_score": 0.9953682352938185,
    "eval_time": 11.893691301345825
  },
  "language": "python",
  "timestamp": 1779617906.580949,
  "saved_at": 1779618036.0501287
}