{
  "program_id": "98cfeb7a-192a-44cc-8315-3e503b52c2ff",
  "iteration_found": 8,
  "dataset": "Abeta42/inhibition_constraints",
  "plot": "outputs_diff_inhibited_norm/adaevolve/disease_relevant_inhibited_all_normalized_ode_0719_2131/checkpoints/checkpoint_8/iteration_8_best_validation_curves.svg",
  "metrics": {
    "equation": "d(c)/dt = (0.960998144504821 - x4)*(3.7383798322272*x2 + x4*(20.1735812711468*x1 + 3.61816674951611*x2)/(1.14911659394072e-8*x3*x4 + 1.89978288716035*x3 + 1) + 1.41546175197062e-8)",
    "loss": 0.09680903293082994,
    "nmse_train": 0.010825768781216072,
    "nmse_val": 0.05123035404915609,
    "mean_nmse_val": 0.05123035404915609,
    "mean_raw_nmse_val": 0.05123035404915609,
    "scored_loss_val": 0.09680903293082994,
    "mean_scored_loss_val": 0.09680903293082994,
    "shape_loss_val": 0.23354506957585144,
    "shape_loss_weight": 0.25,
    "heldout_curve_nmse": 0.05123035404915609,
    "heldout_curve_scored_loss": 0.09680903293082994,
    "heldout_curve_shape_loss": 0.23354506957585144,
    "eval_only_nmse": NaN,
    "eval_only_scored_loss": NaN,
    "eval_only_shape_loss": NaN,
    "combined_score": 0.9117357443053304,
    "fit_score": 0.9117357443053304,
    "eval_time": 24.508103132247925,
    "n_datasets": 1,
    "n_successful": 1,
    "eval_workers": 8,
    "hard_cases": [
      {
        "dataset": "Abeta42/inhibition_constraints",
        "scored_loss_val": 0.09680903293082993,
        "nmse_val": 0.05123035404915609,
        "shape_loss_val": 0.23354506957585144,
        "evaluation_only": false
      }
    ],
    "hard_case_feedback": "Abeta42/inhibition_constraints scored=0.09681 (nmse=0.05123, shape=0.2335)",
    "validation_semantics_feedback": "heldout_curve_scored_loss=0.09681, heldout_curve_nmse=0.05123, heldout_curve_shape=0.2335; eval_only_fit_score_scored_loss=nan, eval_only_nmse=nan, eval_only_shape=nan",
    "per_dataset": {
      "Abeta42/inhibition_constraints": {
        "nmse_train": 0.010825768781216072,
        "nmse_val": 0.05123035404915609,
        "shape_loss_val": 0.23354506957585144,
        "scored_loss_val": 0.09680903293082993,
        "n_val_points": 3610,
        "evaluation_only": false,
        "combined_score": 0.9117357443053304,
        "equation": "d(c)/dt = (0.960998144504821 - x4)*(3.7383798322272*x2 + x4*(20.1735812711468*x1 + 3.61816674951611*x2)/(1.14911659394072e-8*x3*x4 + 1.89978288716035*x3 + 1) + 1.41546175197062e-8)",
        "equation_template": "d(c)/dt = (c0 - x4)*(c3**2 + c4**2*x2 + x4*(c1**2*x1 + c2**2*x2)/(c5**2*x3 + c6**2*x3*x4 + 1))",
        "constants": {
          "c0": 0.9609981445048207,
          "c1": 4.491501004246444,
          "c2": 1.9021479305028077,
          "c3": 0.00011897317983355007,
          "c4": 1.9334890308008486,
          "c5": 1.3783261178546788,
          "c6": 0.00010719685601456402
        }
      }
    },
    "error": ""
  },
  "saved_at": 1784478250.613457
}