{
  "id": "1376065e-ca7c-494c-9306-5efc5bd6d7c3",
  "generation": 2,
  "iteration": 2,
  "current_iteration": 2,
  "metrics": {
    "combined_score": 0.7776075146310402,
    "loss": 0.2859958027469435,
    "complexity": 0.0,
    "nmse_train": Infinity,
    "nmse_val": 0.2859958027469435,
    "eval_time": 144.77555346488953,
    "n_datasets": 60.0,
    "n_successful": 60.0
  },
  "language": "python",
  "timestamp": 1779837383.3171737,
  "saved_at": 1779837383.324268
}