{
  "num_islands": 2,
  "current_island": 1,
  "iteration_count": 11,
  "global_best_score": 0.9287122167584467,
  "decay": 0.9,
  "intensity_min": 0.15,
  "intensity_max": 0.5,
  "migration_interval": 15,
  "diversity_strategy_type": "code",
  "use_unified_archive": true,
  "use_adaptive_search": true,
  "use_ucb_selection": true,
  "fixed_intensity": 0.4,
  "adapter": {
    "states": [
      {
        "accumulated_signal": 0.08105377054065759,
        "best_score": 0.9287122167584467,
        "improvement_count": 3,
        "total_evaluations": 7,
        "decay": 0.9,
        "epsilon": 1e-08,
        "intensity_min": 0.15,
        "intensity_max": 0.5
      },
      {
        "accumulated_signal": 0.08105377054065759,
        "best_score": 0.9287122167584467,
        "improvement_count": 2,
        "total_evaluations": 6,
        "decay": 0.9,
        "epsilon": 1e-08,
        "intensity_min": 0.15,
        "intensity_max": 0.5
      }
    ],
    "dimension_visits": [
      7,
      6
    ],
    "dimension_rewards": [
      0.5487363824666305,
      0.01767132695378763
    ],
    "decayed_visits": [
      5.217031,
      4.68559
    ],
    "global_best_score": 0.9287122167584467,
    "ucb_exploration": 1.41,
    "min_visits": 3,
    "decay": 0.9,
    "epsilon": 1e-08
  },
  "island_config_names": [
    "balanced",
    "balanced"
  ],
  "islands": [
    [
      "efb10116-809c-456c-a9ca-7c1ff91a3d13",
      "b954f437-fd7b-4205-878c-676cb9c2e3fc",
      "ba5412dd-0185-4bc9-9c25-8bd9a34f8dc0",
      "b21cbd90-1d68-40fb-a1c4-574ad660705e",
      "302272df-53f0-450a-b2e6-2c9280295c43",
      "e7ce096f-eb00-4f22-8ba5-f481375e0bd1",
      "d656b787-073c-476a-be80-7359aa4b9a71"
    ],
    [
      "2e1a742f-9d8c-434e-96d1-62bf281b555a",
      "cb7ef06d-f1fb-43a1-8f73-50d7e6340d6e",
      "82415a95-c95b-48e3-90ed-e8a9cbc7e91c",
      "29aaddb1-c02f-4a16-93c2-a10225d34476",
      "9c6b5625-653a-4e2c-ab7e-7e1eef4fbef7",
      "2bc705f0-bda7-41e0-b98e-18f770d8dc9a",
      "d1928dab-90cf-4fc5-af29-343b35db7947"
    ]
  ],
  "archive_genealogies": [
    {
      "parents": {
        "efb10116-809c-456c-a9ca-7c1ff91a3d13": [],
        "b954f437-fd7b-4205-878c-676cb9c2e3fc": [
          "efb10116-809c-456c-a9ca-7c1ff91a3d13"
        ],
        "ba5412dd-0185-4bc9-9c25-8bd9a34f8dc0": [
          "efb10116-809c-456c-a9ca-7c1ff91a3d13"
        ],
        "b21cbd90-1d68-40fb-a1c4-574ad660705e": [
          "efb10116-809c-456c-a9ca-7c1ff91a3d13"
        ],
        "302272df-53f0-450a-b2e6-2c9280295c43": [
          "ba5412dd-0185-4bc9-9c25-8bd9a34f8dc0"
        ],
        "e7ce096f-eb00-4f22-8ba5-f481375e0bd1": [
          "302272df-53f0-450a-b2e6-2c9280295c43"
        ],
        "d656b787-073c-476a-be80-7359aa4b9a71": [
          "e7ce096f-eb00-4f22-8ba5-f481375e0bd1"
        ]
      },
      "children": {
        "efb10116-809c-456c-a9ca-7c1ff91a3d13": [
          "b954f437-fd7b-4205-878c-676cb9c2e3fc",
          "ba5412dd-0185-4bc9-9c25-8bd9a34f8dc0",
          "b21cbd90-1d68-40fb-a1c4-574ad660705e"
        ],
        "ba5412dd-0185-4bc9-9c25-8bd9a34f8dc0": [
          "302272df-53f0-450a-b2e6-2c9280295c43"
        ],
        "302272df-53f0-450a-b2e6-2c9280295c43": [
          "e7ce096f-eb00-4f22-8ba5-f481375e0bd1"
        ],
        "e7ce096f-eb00-4f22-8ba5-f481375e0bd1": [
          "d656b787-073c-476a-be80-7359aa4b9a71"
        ]
      }
    },
    {
      "parents": {
        "2e1a742f-9d8c-434e-96d1-62bf281b555a": [],
        "cb7ef06d-f1fb-43a1-8f73-50d7e6340d6e": [
          "2e1a742f-9d8c-434e-96d1-62bf281b555a"
        ],
        "82415a95-c95b-48e3-90ed-e8a9cbc7e91c": [
          "cb7ef06d-f1fb-43a1-8f73-50d7e6340d6e"
        ],
        "29aaddb1-c02f-4a16-93c2-a10225d34476": [
          "82415a95-c95b-48e3-90ed-e8a9cbc7e91c"
        ],
        "9c6b5625-653a-4e2c-ab7e-7e1eef4fbef7": [
          "82415a95-c95b-48e3-90ed-e8a9cbc7e91c"
        ],
        "2bc705f0-bda7-41e0-b98e-18f770d8dc9a": [
          "2e1a742f-9d8c-434e-96d1-62bf281b555a"
        ],
        "d1928dab-90cf-4fc5-af29-343b35db7947": [
          "cb7ef06d-f1fb-43a1-8f73-50d7e6340d6e"
        ]
      },
      "children": {
        "2e1a742f-9d8c-434e-96d1-62bf281b555a": [
          "cb7ef06d-f1fb-43a1-8f73-50d7e6340d6e",
          "2bc705f0-bda7-41e0-b98e-18f770d8dc9a"
        ],
        "cb7ef06d-f1fb-43a1-8f73-50d7e6340d6e": [
          "82415a95-c95b-48e3-90ed-e8a9cbc7e91c",
          "d1928dab-90cf-4fc5-af29-343b35db7947"
        ],
        "82415a95-c95b-48e3-90ed-e8a9cbc7e91c": [
          "29aaddb1-c02f-4a16-93c2-a10225d34476",
          "9c6b5625-653a-4e2c-ab7e-7e1eef4fbef7"
        ]
      }
    }
  ],
  "use_dynamic_islands": true,
  "max_islands": 5,
  "last_spawn_iteration": -30,
  "use_paradigm_breakthrough": true,
  "paradigm_tracker": {
    "window_size": 10,
    "improvement_threshold": 0.12,
    "max_paradigm_uses": 2,
    "max_tried_paradigms": 10,
    "num_paradigms_to_generate": 3,
    "improvement_history": [
      1.0,
      0.0,
      0.0,
      0.0,
      1.0,
      0.0,
      0.0,
      0.0,
      0.0,
      0.0
    ],
    "active_paradigms": [],
    "paradigm_usage_counts": {},
    "current_paradigm_index": 0,
    "tried_paradigms": [],
    "best_score_at_paradigm_gen": 0.0,
    "best_score_during_paradigm": 0.0
  }
}