{
  "id": "ca3051b5-0a81-47de-9125-b11b09082789",
  "generation": 1,
  "iteration": 1,
  "current_iteration": 1,
  "metrics": {
    "combined_score": 0.8498587430864764,
    "loss": 0.176666132030657,
    "complexity": 0.0,
    "nmse_train": Infinity,
    "nmse_val": 0.176666132030657,
    "eval_time": 53.90803027153015,
    "n_datasets": 60.0,
    "n_successful": 60.0
  },
  "language": "python",
  "timestamp": 1779811772.9615688,
  "saved_at": 1779811772.972974
}