{
  "id": "43899824-8c0f-49eb-921c-829e371620da",
  "generation": 2,
  "iteration": 2,
  "current_iteration": 2,
  "metrics": {
    "combined_score": 0.8317860639949993,
    "n_stage1_datasets": 8.0,
    "n_stage1_successful": 8.0,
    "eval_workers": 8.0,
    "stage1_full_selected_datasets": 1.0,
    "cascade_stage1_time_seconds": 40.25621032714844,
    "cascade_stage1_threshold": 0.15,
    "cascade_stage1_passed": 1.0,
    "loss": 0.1646624558088583,
    "complexity": 25.0,
    "nmse_train": 0.02261625740870664,
    "nmse_val": 0.089700735071107,
    "mean_nmse_val": 0.089700735071107,
    "mean_raw_nmse_val": 0.089700735071107,
    "scored_loss_val": 0.1646624558088583,
    "mean_scored_loss_val": 0.1646624558088583,
    "shape_loss_val": 0.38954761802211224,
    "shape_loss_weight": 0.25,
    "heldout_curve_nmse": 0.16013534225838189,
    "heldout_curve_scored_loss": 0.19697899620548778,
    "heldout_curve_shape_loss": 0.3075099580468056,
    "eval_only_nmse": 0.07817629873316817,
    "eval_only_scored_loss": 0.1593748574628755,
    "eval_only_shape_loss": 0.4029705336519974,
    "fit_score": 0.858617872510967,
    "parsimony_weight": 0.2,
    "parsimony_penalty_factor": 0.96875,
    "eval_time": 148.3274645805359,
    "n_datasets": 22.0,
    "n_successful": 22.0,
    "cascade_stage2_time_seconds": 148.32796716690063,
    "cascade_total_time_seconds": 188.58417749404907,
    "cascade_stage1_combined_score": 0.7901122255853386
  },
  "language": "python",
  "timestamp": 1781888579.7847838,
  "saved_at": 1781888579.787681
}