{
  "id": "777f592e-0c1d-4940-ac85-8417d8904c23",
  "generation": 3,
  "iteration": 5,
  "current_iteration": 6,
  "metrics": {
    "combined_score": 0.9696597417491396,
    "n_stage1_datasets": 8.0,
    "n_stage1_successful": 8.0,
    "eval_workers": 8.0,
    "stage1_full_selected_datasets": 1.0,
    "cascade_stage1_time_seconds": 3.8894588947296143,
    "cascade_stage1_threshold": 0.15,
    "cascade_stage1_passed": 1.0,
    "loss": 0.014531136690735828,
    "complexity": 13.0,
    "nmse_train": 0.011544264097172796,
    "nmse_val": 0.014531136690735828,
    "mean_nmse_val": 0.014531136690735828,
    "mean_raw_nmse_val": 0.014531136690735828,
    "fit_score": 0.9856769928834964,
    "parsimony_weight": 0.2,
    "parsimony_penalty_factor": 0.98375,
    "eval_time": 36.00038981437683,
    "n_datasets": 41.0,
    "n_successful": 41.0,
    "hard_case_tail_nmse": 0.16625512347860152,
    "hard_case_tail_weight": 0.0,
    "per_dataset_nmse_cap": 10.0,
    "cascade_stage2_time_seconds": 36.00079321861267,
    "cascade_total_time_seconds": 39.890252113342285,
    "cascade_stage1_combined_score": 0.9907558653094553
  },
  "language": "python",
  "timestamp": 1781079515.0724995,
  "saved_at": 1781079711.7694864
}