{
  "id": "6ef90ec9-1ae7-4fdf-a4bd-e4d8e1f8c5b6",
  "generation": 6,
  "iteration": 16,
  "current_iteration": 17,
  "metrics": {
    "combined_score": 0.9305871995622712,
    "n_stage1_datasets": 8.0,
    "n_stage1_successful": 8.0,
    "eval_workers": 8.0,
    "cascade_stage1_time_seconds": 1.0237140655517578,
    "cascade_stage1_threshold": 0.15,
    "cascade_stage1_passed": 1.0,
    "loss": 0.027576997029187603,
    "complexity": 35.0,
    "nmse_train": Infinity,
    "nmse_val": 0.027576997029187603,
    "fit_score": 0.9731630845095646,
    "parsimony_weight": 0.2,
    "parsimony_penalty_factor": 0.95625,
    "eval_time": 16.988577604293823,
    "n_datasets": 60.0,
    "n_successful": 60.0,
    "cascade_stage2_time_seconds": 16.988948106765747,
    "cascade_total_time_seconds": 18.012662172317505,
    "cascade_stage1_combined_score": 0.9990648024573138
  },
  "language": "python",
  "timestamp": 1780045994.0787144,
  "saved_at": 1780046097.6280758
}