{
  "id": "fa4dfc3e-9215-4194-8309-fe7d4cd5e358",
  "generation": 2,
  "iteration": 16,
  "current_iteration": 29,
  "metrics": {
    "combined_score": 0.8858502583395195,
    "n_stage1_datasets": 8.0,
    "n_stage1_successful": 8.0,
    "eval_workers": 8.0,
    "cascade_stage1_time_seconds": 1.7737247943878174,
    "cascade_stage1_threshold": 0.15,
    "cascade_stage1_passed": 1.0,
    "loss": 0.10628177931218234,
    "complexity": 16.0,
    "nmse_train": Infinity,
    "nmse_val": 0.10628177931218234,
    "fit_score": 0.903928835040326,
    "parsimony_weight": 0.2,
    "parsimony_penalty_factor": 0.98,
    "eval_time": 22.05316662788391,
    "n_datasets": 42.0,
    "n_successful": 42.0,
    "cascade_stage2_time_seconds": 22.053556442260742,
    "cascade_total_time_seconds": 23.82728123664856,
    "cascade_stage1_combined_score": 0.9035344882212999
  },
  "language": "python",
  "timestamp": 1780763308.782303,
  "saved_at": 1780765318.2547696
}