{
  "id": "a7e39209-2296-46ee-89a9-44b6a61b8d7f",
  "generation": 4,
  "iteration": 23,
  "current_iteration": 25,
  "metrics": {
    "combined_score": 0.8941295527392314,
    "n_stage1_datasets": 5.0,
    "n_stage1_successful": 5.0,
    "eval_workers": 8.0,
    "stage1_full_selected_datasets": 1.0,
    "cascade_stage1_time_seconds": 220.2834005355835,
    "cascade_stage1_threshold": 0.15,
    "cascade_stage1_passed": 1.0,
    "loss": 0.11840616042320345,
    "nmse_train": 0.015353336161123112,
    "nmse_val": 0.029295306173965356,
    "mean_nmse_val": 0.029295306173965356,
    "mean_raw_nmse_val": 0.029295306173965356,
    "scored_loss_val": 0.11840616042320345,
    "mean_scored_loss_val": 0.11840616042320345,
    "shape_loss_val": 0.38573872317091773,
    "shape_loss_weight": 0.25,
    "heldout_curve_nmse": 0.03556087544913493,
    "heldout_curve_scored_loss": 0.09349777541695801,
    "heldout_curve_shape_loss": 0.2673084753204273,
    "eval_only_nmse": 0.028437091225354965,
    "eval_only_scored_loss": 0.1218179411280819,
    "eval_only_shape_loss": 0.40196049083626273,
    "fit_score": 0.8941295527392314,
    "eval_time": 956.9635543823242,
    "n_datasets": 17.0,
    "n_successful": 17.0,
    "cascade_stage2_time_seconds": 956.964063167572,
    "cascade_total_time_seconds": 1177.2474637031555,
    "cascade_stage1_combined_score": 0.9203091897713305
  },
  "language": "python",
  "timestamp": 1782008112.7303045,
  "saved_at": 1782010742.4340189
}