{
  "id": "7f345e8a-c2e0-447f-88b2-b9eecf01064d",
  "run": "0703_0358",
  "score": 0.9408612621650119,
  "scored_loss_val": 0.06285595997321036,
  "nmse_val": 0.05444441097602656,
  "shape_loss_val": 0.08809060696476181,
  "equation": "d(c)/dt = (0.921816882307967 - x4)*(14264.882866446*x1**2*x4 + 18122777.7739595*x1*x4 + 19597373.3457715*x2)/(5366189.93467033*x3/(1000000.0*x3 + 1.31831648145569) + 1)",
  "equation_template": "d(c)/dt = (c4 - x4)*(1000000.0*c0**2*x2 + 1000000.0*c1**2*x1*x4 + 1000000000000.0*c2**2*x1**2*x4)/(1000000.0*c3**2*x3/(c5**2 + 1000000.0*x3) + 1)",
  "constants": {
    "c0": -4.42689206393961,
    "c1": 4.257085596268824,
    "c2": 0.00011943568506290737,
    "c3": 2.3165038171067907,
    "c4": 0.921816882307967,
    "c5": -1.1481796381471359
  },
  "metrics": {
    "equation": "d(c)/dt = (0.921816882307967 - x4)*(14264.882866446*x1**2*x4 + 18122777.7739595*x1*x4 + 19597373.3457715*x2)/(5366189.93467033*x3/(1000000.0*x3 + 1.31831648145569) + 1)",
    "loss": 0.06285595997321036,
    "nmse_train": 0.03264019619880884,
    "nmse_val": 0.05444441097602656,
    "mean_nmse_val": 0.05444441097602656,
    "mean_raw_nmse_val": 0.05444441097602656,
    "scored_loss_val": 0.06285595997321036,
    "mean_scored_loss_val": 0.06285595997321036,
    "shape_loss_val": 0.08809060696476181,
    "shape_loss_weight": 0.25,
    "heldout_curve_nmse": 0.05444441097602656,
    "heldout_curve_scored_loss": 0.06285595997321036,
    "heldout_curve_shape_loss": 0.08809060696476181,
    "eval_only_nmse": NaN,
    "eval_only_scored_loss": NaN,
    "eval_only_shape_loss": NaN,
    "combined_score": 0.9408612621650119,
    "fit_score": 0.9408612621650119,
    "eval_time": 41.2880277633667,
    "n_datasets": 1,
    "n_successful": 1,
    "eval_workers": 8,
    "hard_cases": [
      {
        "dataset": "Abeta42/inhibition_constraints",
        "scored_loss_val": 0.06285595997321036,
        "nmse_val": 0.05444441097602656,
        "shape_loss_val": 0.08809060696476181,
        "evaluation_only": false
      }
    ],
    "hard_case_feedback": "Abeta42/inhibition_constraints scored=0.06286 (nmse=0.05444, shape=0.08809)",
    "validation_semantics_feedback": "heldout_curve_scored_loss=0.06286, heldout_curve_nmse=0.05444, heldout_curve_shape=0.08809; eval_only_fit_score_scored_loss=nan, eval_only_nmse=nan, eval_only_shape=nan",
    "per_dataset": {
      "Abeta42/inhibition_constraints": {
        "nmse_train": 0.03264019619880884,
        "nmse_val": 0.05444441097602656,
        "shape_loss_val": 0.08809060696476181,
        "scored_loss_val": 0.06285595997321036,
        "n_val_points": 680,
        "evaluation_only": false,
        "combined_score": 0.9408612621650119,
        "equation": "d(c)/dt = (0.921816882307967 - x4)*(14264.882866446*x1**2*x4 + 18122777.7739595*x1*x4 + 19597373.3457715*x2)/(5366189.93467033*x3/(1000000.0*x3 + 1.31831648145569) + 1)",
        "equation_template": "d(c)/dt = (c4 - x4)*(1000000.0*c0**2*x2 + 1000000.0*c1**2*x1*x4 + 1000000000000.0*c2**2*x1**2*x4)/(1000000.0*c3**2*x3/(c5**2 + 1000000.0*x3) + 1)",
        "constants": {
          "c0": -4.42689206393961,
          "c1": 4.257085596268824,
          "c2": 0.00011943568506290737,
          "c3": 2.3165038171067907,
          "c4": 0.921816882307967,
          "c5": -1.1481796381471359
        }
      }
    },
    "error": ""
  },
  "source": "/home/mrsar/protein-ag/skydiscover/outputs_diff_inhibited_norm/adaevolve/disease_relevant_inhibited_all_normalized_ode_0703_0358/checkpoints/checkpoint_63/programs/7f345e8a-c2e0-447f-88b2-b9eecf01064d.json",
  "generation": 7,
  "iteration": 48,
  "parent_id": "5ae21eec-7cb6-43fb-984e-d46593252004"
}
