{
  "id": "8fe7c712-fe4f-425c-8378-e581ac5425cc",
  "run": "0703_0358",
  "score": 0.9408550041700423,
  "scored_loss_val": 0.06286302944429936,
  "nmse_val": 0.05445352998047331,
  "shape_loss_val": 0.08809152783577753,
  "equation": "d(c)/dt = (x4*(0.921814114712099 - x4)*(18126268.2447581*x1 + 181923.837225286*x2) + (0.921814114712099 - x4)*(4.602238193379*x1 + 19505372.0143387*x2))/(5365429.00552085*x3/(1000000.0*x3 + 1.31740415767957) + 1)",
  "equation_template": "d(c)/dt = (x4*(c4 - x4)*(1000000.0*c2**2*x1 + 1000000.0*c6**2*x2) + (c4 - x4)*(1000000.0*c0**2*x2 + 1000000.0*c1**2*x1))/(1000000.0*c3**2*x3/(c5**2 + 1000000.0*x3) + 1)",
  "constants": {
    "c0": 4.416488652123844,
    "c1": -0.002145282777020083,
    "c2": -4.257495536669191,
    "c3": 2.3163395704259013,
    "c4": 0.9218141147120992,
    "c5": 1.1477822779950766,
    "c6": 0.42652530666454663
  },
  "metrics": {
    "equation": "d(c)/dt = (x4*(0.921814114712099 - x4)*(18126268.2447581*x1 + 181923.837225286*x2) + (0.921814114712099 - x4)*(4.602238193379*x1 + 19505372.0143387*x2))/(5365429.00552085*x3/(1000000.0*x3 + 1.31740415767957) + 1)",
    "loss": 0.06286302944429936,
    "nmse_train": 0.032643685005671386,
    "nmse_val": 0.05445352998047331,
    "mean_nmse_val": 0.05445352998047331,
    "mean_raw_nmse_val": 0.05445352998047331,
    "scored_loss_val": 0.06286302944429936,
    "mean_scored_loss_val": 0.06286302944429936,
    "shape_loss_val": 0.08809152783577753,
    "shape_loss_weight": 0.25,
    "heldout_curve_nmse": 0.05445352998047331,
    "heldout_curve_scored_loss": 0.06286302944429936,
    "heldout_curve_shape_loss": 0.08809152783577753,
    "eval_only_nmse": NaN,
    "eval_only_scored_loss": NaN,
    "eval_only_shape_loss": NaN,
    "combined_score": 0.9408550041700423,
    "fit_score": 0.9408550041700423,
    "eval_time": 126.68875861167908,
    "n_datasets": 1,
    "n_successful": 1,
    "eval_workers": 8,
    "hard_cases": [
      {
        "dataset": "Abeta42/inhibition_constraints",
        "scored_loss_val": 0.06286302944429936,
        "nmse_val": 0.05445352998047331,
        "shape_loss_val": 0.08809152783577753,
        "evaluation_only": false
      }
    ],
    "hard_case_feedback": "Abeta42/inhibition_constraints scored=0.06286 (nmse=0.05445, shape=0.08809)",
    "validation_semantics_feedback": "heldout_curve_scored_loss=0.06286, heldout_curve_nmse=0.05445, heldout_curve_shape=0.08809; eval_only_fit_score_scored_loss=nan, eval_only_nmse=nan, eval_only_shape=nan",
    "per_dataset": {
      "Abeta42/inhibition_constraints": {
        "nmse_train": 0.032643685005671386,
        "nmse_val": 0.05445352998047331,
        "shape_loss_val": 0.08809152783577753,
        "scored_loss_val": 0.06286302944429936,
        "n_val_points": 680,
        "evaluation_only": false,
        "combined_score": 0.9408550041700423,
        "equation": "d(c)/dt = (x4*(0.921814114712099 - x4)*(18126268.2447581*x1 + 181923.837225286*x2) + (0.921814114712099 - x4)*(4.602238193379*x1 + 19505372.0143387*x2))/(5365429.00552085*x3/(1000000.0*x3 + 1.31740415767957) + 1)",
        "equation_template": "d(c)/dt = (x4*(c4 - x4)*(1000000.0*c2**2*x1 + 1000000.0*c6**2*x2) + (c4 - x4)*(1000000.0*c0**2*x2 + 1000000.0*c1**2*x1))/(1000000.0*c3**2*x3/(c5**2 + 1000000.0*x3) + 1)",
        "constants": {
          "c0": 4.416488652123844,
          "c1": -0.002145282777020083,
          "c2": -4.257495536669191,
          "c3": 2.3163395704259013,
          "c4": 0.9218141147120992,
          "c5": 1.1477822779950766,
          "c6": 0.42652530666454663
        }
      }
    },
    "error": ""
  },
  "source": "/home/mrsar/protein-ag/skydiscover/outputs_diff_inhibited_norm/adaevolve/disease_relevant_inhibited_all_normalized_ode_0703_0358/checkpoints/checkpoint_56/programs/8fe7c712-fe4f-425c-8378-e581ac5425cc.json",
  "generation": 7,
  "iteration": 47,
  "parent_id": "36a63c85-02c0-463e-96af-e9371ded3e64"
}
