{
  "id": "efb10116-809c-456c-a9ca-7c1ff91a3d13",
  "generation": 0,
  "iteration": 0,
  "current_iteration": 1,
  "metrics": {
    "combined_score": 0.9047392853882801,
    "n_stage1_datasets": 8.0,
    "n_stage1_successful": 8.0,
    "eval_workers": 8.0,
    "stage1_full_selected_datasets": 1.0,
    "cascade_stage1_time_seconds": 12.190001010894775,
    "cascade_stage1_threshold": 0.15,
    "cascade_stage1_passed": 1.0,
    "loss": 0.07351368033408202,
    "complexity": 23.0,
    "nmse_train": 0.029035438260439753,
    "nmse_val": 0.07351368033408202,
    "mean_nmse_val": 0.07351368033408202,
    "mean_raw_nmse_val": 0.07351368033408202,
    "fit_score": 0.9315204997562729,
    "parsimony_weight": 0.2,
    "parsimony_penalty_factor": 0.97125,
    "eval_time": 27.59298825263977,
    "n_datasets": 22.0,
    "n_successful": 22.0,
    "cascade_stage2_time_seconds": 27.59376358985901,
    "cascade_total_time_seconds": 39.783764600753784,
    "cascade_stage1_combined_score": 0.7588549403425953
  },
  "language": "python",
  "timestamp": 1781639423.4433973,
  "saved_at": 1781639516.990844
}