{
  "id": "7768da4e-233f-4eed-a08e-70b5ac667ef9",
  "generation": 0,
  "iteration": 0,
  "current_iteration": 1,
  "metrics": {
    "combined_score": 0.2650661024538416,
    "n_stage1_datasets": 8.0,
    "n_stage1_successful": 8.0,
    "eval_workers": 8.0,
    "stage1_full_selected_datasets": 1.0,
    "cascade_stage1_time_seconds": 16.603175401687622,
    "cascade_stage1_threshold": 0.15,
    "cascade_stage1_passed": 1.0,
    "loss": 2.711338382739111,
    "complexity": 13.0,
    "nmse_train": 3.5423055138072392,
    "nmse_val": 2.711338382739111,
    "mean_nmse_val": 2.711338382739111,
    "mean_raw_nmse_val": 3.0138151539684896,
    "fit_score": 0.26944457682728495,
    "parsimony_weight": 0.2,
    "parsimony_penalty_factor": 0.98375,
    "eval_time": 38.74538564682007,
    "n_datasets": 41.0,
    "n_successful": 41.0,
    "hard_case_tail_nmse": 12.107784934767652,
    "hard_case_tail_weight": 0.0,
    "per_dataset_nmse_cap": 10.0,
    "cascade_stage2_time_seconds": 38.74622440338135,
    "cascade_total_time_seconds": 55.34939980506897,
    "cascade_stage1_combined_score": 0.5498484909671926
  },
  "language": "python",
  "timestamp": 1781078144.1304812,
  "saved_at": 1781078318.5705037
}