{
  "id": "64c80054-45d3-4dd6-978a-156a37c1d06a",
  "generation": 4,
  "iteration": 12,
  "current_iteration": 19,
  "metrics": {
    "combined_score": 0.9128296693833188,
    "n_stage1_datasets": 8.0,
    "n_stage1_successful": 8.0,
    "eval_workers": 8.0,
    "cascade_stage1_time_seconds": 2.227627992630005,
    "cascade_stage1_threshold": 0.15,
    "cascade_stage1_passed": 1.0,
    "loss": 0.05304421212491102,
    "complexity": 31.0,
    "nmse_train": Infinity,
    "nmse_val": 0.05304421212491102,
    "fit_score": 0.9496277444819962,
    "parsimony_weight": 0.2,
    "parsimony_penalty_factor": 0.9612499999999999,
    "eval_time": 25.451937437057495,
    "n_datasets": 42.0,
    "n_successful": 42.0,
    "cascade_stage2_time_seconds": 25.452473640441895,
    "cascade_total_time_seconds": 27.6801016330719,
    "cascade_stage1_combined_score": 0.8814305079483498
  },
  "language": "python",
  "timestamp": 1780275254.8688812,
  "saved_at": 1780276520.9948788
}