{
  "id": "82415a95-c95b-48e3-90ed-e8a9cbc7e91c",
  "generation": 2,
  "iteration": 3,
  "current_iteration": 6,
  "metrics": {
    "combined_score": 0.9267624393377735,
    "n_stage1_datasets": 8.0,
    "n_stage1_successful": 8.0,
    "eval_workers": 8.0,
    "stage1_full_selected_datasets": 1.0,
    "cascade_stage1_time_seconds": 2.412651538848877,
    "cascade_stage1_threshold": 0.15,
    "cascade_stage1_passed": 1.0,
    "loss": 0.038561727520769,
    "complexity": 30.0,
    "nmse_train": 0.013986236027530453,
    "nmse_val": 0.038561727520769,
    "mean_nmse_val": 0.038561727520769,
    "mean_raw_nmse_val": 0.038561727520769,
    "fit_score": 0.96287006684444,
    "parsimony_weight": 0.2,
    "parsimony_penalty_factor": 0.9625,
    "eval_time": 28.65854501724243,
    "n_datasets": 22.0,
    "n_successful": 22.0,
    "cascade_stage2_time_seconds": 28.659146785736084,
    "cascade_total_time_seconds": 31.07179832458496,
    "cascade_stage1_combined_score": 0.8028381718306116
  },
  "language": "python",
  "timestamp": 1781639765.071558,
  "saved_at": 1781640042.2434912
}