{
  "program_id": "53d28345-70aa-4c6f-bf65-1f546f3424f2",
  "iteration_found": 1,
  "dataset": "Abeta42/inhibition_constraints",
  "plot": "outputs_diff_inhibited_norm/adaevolve/disease_relevant_inhibited_all_normalized_ode_0720_0232/checkpoints/checkpoint_1/iteration_1_best_validation_curves.svg",
  "metrics": {
    "equation": "d(c)/dt = 2.59726253086453*x0*(0.972727338262723 - x4) + (0.972727338262723 - x4)*((6.22809489047977e-6*x1 + 4.40100540237195*x2 + 46.1109472457616*x4*(1.13572023138105e-8*x2 + 1))/(0.0501053511758409*x1*x3 + 0.998414296870849*x3 + 1) + 4.58878142796051e-8)",
    "loss": 0.04835985511651954,
    "nmse_train": 0.010818290883108407,
    "nmse_val": 0.007114976215724826,
    "mean_nmse_val": 0.007114976215724826,
    "mean_raw_nmse_val": 0.007114976215724826,
    "scored_loss_val": 0.04835985511651954,
    "mean_scored_loss_val": 0.04835985511651954,
    "shape_loss_val": 0.17209449181890366,
    "shape_loss_weight": 0.25,
    "heldout_curve_nmse": 0.007114976215724826,
    "heldout_curve_scored_loss": 0.04835985511651954,
    "heldout_curve_shape_loss": 0.17209449181890366,
    "eval_only_nmse": NaN,
    "eval_only_scored_loss": NaN,
    "eval_only_shape_loss": NaN,
    "combined_score": 0.9538709395628806,
    "fit_score": 0.9538709395628806,
    "eval_time": 25.204161882400513,
    "n_datasets": 1,
    "n_successful": 1,
    "eval_workers": 8,
    "hard_cases": [
      {
        "dataset": "Abeta42/inhibition_constraints",
        "scored_loss_val": 0.04835985511651954,
        "nmse_val": 0.007114976215724826,
        "shape_loss_val": 0.17209449181890368,
        "evaluation_only": false
      }
    ],
    "hard_case_feedback": "Abeta42/inhibition_constraints scored=0.04836 (nmse=0.007115, shape=0.1721)",
    "validation_semantics_feedback": "heldout_curve_scored_loss=0.04836, heldout_curve_nmse=0.007115, heldout_curve_shape=0.1721; eval_only_fit_score_scored_loss=nan, eval_only_nmse=nan, eval_only_shape=nan",
    "per_dataset": {
      "Abeta42/inhibition_constraints": {
        "nmse_train": 0.010818290883108407,
        "nmse_val": 0.007114976215724826,
        "shape_loss_val": 0.17209449181890368,
        "scored_loss_val": 0.04835985511651954,
        "n_val_points": 1805,
        "evaluation_only": false,
        "combined_score": 0.9538709395628806,
        "equation": "d(c)/dt = 2.59726253086453*x0*(0.972727338262723 - x4) + (0.972727338262723 - x4)*((6.22809489047977e-6*x1 + 4.40100540237195*x2 + 46.1109472457616*x4*(1.13572023138105e-8*x2 + 1))/(0.0501053511758409*x1*x3 + 0.998414296870849*x3 + 1) + 4.58878142796051e-8)",
        "equation_template": "d(c)/dt = c8*x0*(c2 - x4) + (c2 - x4)*(c7**2 + (c3**2*x1 + c4**2*x2 + c5**2*x4*(c6**2*x2 + 1))/(c0**2*x3 + c1**2*x1*x3 + 1))",
        "constants": {
          "c0": 0.9992068338791767,
          "c1": 0.22384224618208445,
          "c2": 0.9727273382627227,
          "c3": 0.0024956151326836775,
          "c4": 2.0978573360388344,
          "c5": 6.790504196726603,
          "c6": 0.00010657017553617208,
          "c7": 0.00021421441193254277,
          "c8": 2.5972625308645276
        }
      }
    },
    "error": ""
  },
  "saved_at": 1784495240.489969
}