{
  "program_id": "9d7306ab-fbf1-42ba-828b-2dc1cfede8fa",
  "iteration_found": 31,
  "dataset": "Abeta42/inhibition_constraints",
  "plot": "outputs_diff_inhibited_norm/adaevolve/disease_relevant_inhibited_all_normalized_ode_0720_0357/checkpoints/checkpoint_31/iteration_31_best_validation_curves.svg",
  "metrics": {
    "equation": "d(c)/dt = (0.971731253853375 - x4)*(12.8181272453317*x1*x4*(0.944261629715453*x2 + x4 + 1)/((2.16548178421644e-8*x3 + 1)*(0.991300994896797*x3 + 1)*(1.08452403805776*x4**2 + 1)) + 4.89185527857852e-8*x1/(0.991300994896797*x3 + 1) + 1.86030147971309e-8*x2 + 5.08203138636785e-6)",
    "loss": 0.04470328325169176,
    "nmse_train": 0.014163695826061019,
    "nmse_val": 0.0033723132826937027,
    "mean_nmse_val": 0.0033723132826937027,
    "mean_raw_nmse_val": 0.0033723132826937027,
    "scored_loss_val": 0.04470328325169176,
    "mean_scored_loss_val": 0.04470328325169176,
    "shape_loss_val": 0.16869619315868595,
    "shape_loss_weight": 0.25,
    "heldout_curve_nmse": 0.0033723132826937027,
    "heldout_curve_scored_loss": 0.04470328325169176,
    "heldout_curve_shape_loss": 0.16869619315868595,
    "eval_only_nmse": NaN,
    "eval_only_scored_loss": NaN,
    "eval_only_shape_loss": NaN,
    "combined_score": 0.9572095886283131,
    "fit_score": 0.9572095886283131,
    "eval_time": 10.8936288356781,
    "n_datasets": 1,
    "n_successful": 1,
    "eval_workers": 8,
    "hard_cases": [
      {
        "dataset": "Abeta42/inhibition_constraints",
        "scored_loss_val": 0.04470328325169176,
        "nmse_val": 0.0033723132826937027,
        "shape_loss_val": 0.16869619315868595,
        "evaluation_only": false
      }
    ],
    "hard_case_feedback": "Abeta42/inhibition_constraints scored=0.0447 (nmse=0.003372, shape=0.1687)",
    "validation_semantics_feedback": "heldout_curve_scored_loss=0.0447, heldout_curve_nmse=0.003372, heldout_curve_shape=0.1687; eval_only_fit_score_scored_loss=nan, eval_only_nmse=nan, eval_only_shape=nan",
    "per_dataset": {
      "Abeta42/inhibition_constraints": {
        "nmse_train": 0.014163695826061019,
        "nmse_val": 0.0033723132826937027,
        "shape_loss_val": 0.16869619315868595,
        "scored_loss_val": 0.04470328325169176,
        "n_val_points": 1805,
        "evaluation_only": false,
        "combined_score": 0.9572095886283131,
        "equation": "d(c)/dt = (0.971731253853375 - x4)*(12.8181272453317*x1*x4*(0.944261629715453*x2 + x4 + 1)/((2.16548178421644e-8*x3 + 1)*(0.991300994896797*x3 + 1)*(1.08452403805776*x4**2 + 1)) + 4.89185527857852e-8*x1/(0.991300994896797*x3 + 1) + 1.86030147971309e-8*x2 + 5.08203138636785e-6)",
        "equation_template": "d(c)/dt = (c0 - x4)*(c3**2 + c4**2*x1/(c1**2*x3 + 1) + c5**2*x2 + c6**2*x1*x4*(c0**2*x2 + x4 + 1)/((c1**2*x3 + 1)*(c7**2*x4**2 + 1)*(c8**2*x3 + 1)))",
        "constants": {
          "c0": 0.9717312538533751,
          "c1": 0.9956409969947988,
          "c2": 2.999999999999999,
          "c3": 0.0022543361298546067,
          "c4": 0.0002211753891955096,
          "c5": 0.00013639286930456043,
          "c6": 3.580241227254342,
          "c7": 1.0414048386951942,
          "c8": 0.0001471557604790393
        }
      }
    },
    "error": ""
  },
  "saved_at": 1784504637.6643531
}