{
  "program_id": "bb52f32e-4b54-4102-ad26-85efb2044745",
  "iteration_found": 21,
  "dataset": "Abeta42/inhibition_constraints",
  "plot": "outputs_diff_inhibited_norm/adaevolve/disease_relevant_inhibited_all_normalized_ode_0720_0357/checkpoints/checkpoint_21/iteration_21_best_validation_curves.svg",
  "metrics": {
    "equation": "d(c)/dt = (0.970590000544116 - x4)*(9.08647991806153*x1*x4*(0.942044949156227*x2 + x4 + 1)/((0.0325192396014927*x1*x3 + 1.03882888428495*x3 + 1)*(4.10712215864525e-7*x3*x4 + 2.06199641337511e-8*x3 + 1)) + 0.446961239773926*x1/(0.0325192396014927*x1*x3 + 1.03882888428495*x3 + 1) + 2.52747251744155e-5*x2 + 0.364117907438868)",
    "loss": 0.04539612311763315,
    "nmse_train": 0.01520514928279924,
    "nmse_val": 0.003416862917067658,
    "mean_nmse_val": 0.003416862917067658,
    "mean_raw_nmse_val": 0.003416862917067658,
    "scored_loss_val": 0.04539612311763315,
    "mean_scored_loss_val": 0.04539612311763315,
    "shape_loss_val": 0.17133390371932963,
    "shape_loss_weight": 0.25,
    "heldout_curve_nmse": 0.003416862917067658,
    "heldout_curve_scored_loss": 0.04539612311763315,
    "heldout_curve_shape_loss": 0.17133390371932963,
    "eval_only_nmse": NaN,
    "eval_only_scored_loss": NaN,
    "eval_only_shape_loss": NaN,
    "combined_score": 0.9565751946905536,
    "fit_score": 0.9565751946905536,
    "eval_time": 9.90841293334961,
    "n_datasets": 1,
    "n_successful": 1,
    "eval_workers": 8,
    "hard_cases": [
      {
        "dataset": "Abeta42/inhibition_constraints",
        "scored_loss_val": 0.04539612311763315,
        "nmse_val": 0.003416862917067658,
        "shape_loss_val": 0.17133390371932963,
        "evaluation_only": false
      }
    ],
    "hard_case_feedback": "Abeta42/inhibition_constraints scored=0.0454 (nmse=0.003417, shape=0.1713)",
    "validation_semantics_feedback": "heldout_curve_scored_loss=0.0454, heldout_curve_nmse=0.003417, heldout_curve_shape=0.1713; eval_only_fit_score_scored_loss=nan, eval_only_nmse=nan, eval_only_shape=nan",
    "per_dataset": {
      "Abeta42/inhibition_constraints": {
        "nmse_train": 0.01520514928279924,
        "nmse_val": 0.003416862917067658,
        "shape_loss_val": 0.17133390371932963,
        "scored_loss_val": 0.04539612311763315,
        "n_val_points": 1805,
        "evaluation_only": false,
        "combined_score": 0.9565751946905536,
        "equation": "d(c)/dt = (0.970590000544116 - x4)*(9.08647991806153*x1*x4*(0.942044949156227*x2 + x4 + 1)/((0.0325192396014927*x1*x3 + 1.03882888428495*x3 + 1)*(4.10712215864525e-7*x3*x4 + 2.06199641337511e-8*x3 + 1)) + 0.446961239773926*x1/(0.0325192396014927*x1*x3 + 1.03882888428495*x3 + 1) + 2.52747251744155e-5*x2 + 0.364117907438868)",
        "equation_template": "d(c)/dt = (c0 - x4)*(c3**2 + c4**2*x1/(c1**2*x3 + c2**2*x1*x3 + 1) + c5**2*x2 + c6**2*x1*x4*(c0**2*x2 + x4 + 1)/((c1**2*x3 + c2**2*x1*x3 + 1)*(c7**2*x3 + c8**2*x3*x4 + 1)))",
        "constants": {
          "c0": 0.9705900005441158,
          "c1": 1.0192295542638834,
          "c2": 0.18033091693188014,
          "c3": 0.6034218320866985,
          "c4": 0.6685515984379413,
          "c5": 0.005027397455385388,
          "c6": 3.014378861069313,
          "c7": -0.00014359653245726742,
          "c8": 0.0006408683295845759
        }
      }
    },
    "error": ""
  },
  "saved_at": 1784502978.656235
}