{
  "num_islands": 2,
  "current_island": 1,
  "iteration_count": 3,
  "global_best_score": 0.9112250666242625,
  "decay": 0.9,
  "intensity_min": 0.15,
  "intensity_max": 0.5,
  "migration_interval": 15,
  "diversity_strategy_type": "code",
  "use_unified_archive": true,
  "use_adaptive_search": true,
  "use_ucb_selection": true,
  "fixed_intensity": 0.4,
  "adapter": {
    "states": [
      {
        "accumulated_signal": 0.09002586258322592,
        "best_score": 0.9112250666242625,
        "improvement_count": 2,
        "total_evaluations": 3,
        "decay": 0.9,
        "epsilon": 1e-08,
        "intensity_min": 0.15,
        "intensity_max": 0.5
      },
      {
        "accumulated_signal": 0.09999999999999998,
        "best_score": 0.8968028199067962,
        "improvement_count": 0,
        "total_evaluations": 1,
        "decay": 0.9,
        "epsilon": 1e-08,
        "intensity_min": 0.15,
        "intensity_max": 0.5
      }
    ],
    "dimension_visits": [
      3,
      1
    ],
    "dimension_rewards": [
      0.8244736631206535,
      0.0
    ],
    "decayed_visits": [
      2.71,
      1.0
    ],
    "global_best_score": 0.9112250666242625,
    "ucb_exploration": 1.41,
    "min_visits": 3,
    "decay": 0.9,
    "epsilon": 1e-08
  },
  "island_config_names": [
    "balanced",
    "balanced"
  ],
  "islands": [
    [
      "cbbba78a-7899-46a8-9716-6be57f4fdd12",
      "be581d45-5774-41dc-a996-c87a1ac37e8b",
      "610e3e04-d4d9-4152-9ad4-f6a2754c3dcb"
    ],
    [
      "fd8bfa82-cbb2-4fc9-95e7-50b1038e914e",
      "3c874355-586f-44ca-9ef5-144d753fa3fb"
    ]
  ],
  "archive_genealogies": [
    {
      "parents": {
        "cbbba78a-7899-46a8-9716-6be57f4fdd12": [],
        "be581d45-5774-41dc-a996-c87a1ac37e8b": [
          "cbbba78a-7899-46a8-9716-6be57f4fdd12"
        ],
        "610e3e04-d4d9-4152-9ad4-f6a2754c3dcb": [
          "be581d45-5774-41dc-a996-c87a1ac37e8b"
        ]
      },
      "children": {
        "cbbba78a-7899-46a8-9716-6be57f4fdd12": [
          "be581d45-5774-41dc-a996-c87a1ac37e8b"
        ],
        "be581d45-5774-41dc-a996-c87a1ac37e8b": [
          "610e3e04-d4d9-4152-9ad4-f6a2754c3dcb"
        ]
      }
    },
    {
      "parents": {
        "fd8bfa82-cbb2-4fc9-95e7-50b1038e914e": [],
        "3c874355-586f-44ca-9ef5-144d753fa3fb": [
          "fd8bfa82-cbb2-4fc9-95e7-50b1038e914e"
        ]
      },
      "children": {
        "fd8bfa82-cbb2-4fc9-95e7-50b1038e914e": [
          "3c874355-586f-44ca-9ef5-144d753fa3fb"
        ]
      }
    }
  ],
  "use_dynamic_islands": true,
  "max_islands": 5,
  "last_spawn_iteration": -30,
  "use_paradigm_breakthrough": true,
  "paradigm_tracker": {
    "window_size": 10,
    "improvement_threshold": 0.12,
    "max_paradigm_uses": 2,
    "max_tried_paradigms": 10,
    "num_paradigms_to_generate": 3,
    "improvement_history": [
      1.0,
      1.0,
      0.0,
      0.0
    ],
    "active_paradigms": [],
    "paradigm_usage_counts": {},
    "current_paradigm_index": 0,
    "tried_paradigms": [],
    "best_score_at_paradigm_gen": 0.0,
    "best_score_during_paradigm": 0.0
  }
}