{
  "id": "be581d45-5774-41dc-a996-c87a1ac37e8b",
  "generation": 1,
  "iteration": 1,
  "current_iteration": 50,
  "metrics": {
    "loss": 0.01257309216126019,
    "complexity": 35.0,
    "nmse_train": 0.08832018665274467,
    "nmse_val": 0.0974237173968604,
    "combined_score": 0.9112250666242625,
    "eval_time": 13.204205513000488
  },
  "language": "python",
  "timestamp": 1779613878.0711088,
  "saved_at": 1779614193.0081358
}