{
  "id": "eaa04d3e-15e7-467e-a4e5-2f5045acde66",
  "generation": 1,
  "iteration": 6,
  "current_iteration": 6,
  "metrics": {
    "combined_score": 0.9728215645612942,
    "loss": 0.02793773948767507,
    "complexity": 0.0,
    "nmse_train": Infinity,
    "nmse_val": 0.02793773948767507,
    "eval_time": 890.6964349746704,
    "n_datasets": 60.0,
    "n_successful": 60.0
  },
  "language": "python",
  "timestamp": 1779840731.6606517,
  "saved_at": 1779840731.666523
}