{
  "program_id": "a798809f-735f-4290-b922-9efb28c478b8",
  "iteration_found": 4,
  "dataset": "Abeta42/inhibition_constraints",
  "plot": "outputs_diff_inhibited_norm/adaevolve/disease_relevant_inhibited_all_normalized_ode_0704_1057/checkpoints/checkpoint_4/iteration_4_best_validation_curves.svg",
  "metrics": {
    "equation": "d(c)/dt = (0.919772685358915 - x4)*((1485038.27978504*x1 + 0.513872256352756)/(26453475229.5108*x3 + 1) + (7364860.80944669*x1*x4 + 13669428.8984299*x4**2*(x1 + 2.60206579156775*x2))/(934144.344227698*x3 + 1))",
    "loss": 0.13931514762869684,
    "nmse_train": 0.060268258157952836,
    "nmse_val": 0.08926206874591758,
    "mean_nmse_val": 0.08926206874591758,
    "mean_raw_nmse_val": 0.08926206874591758,
    "scored_loss_val": 0.13931514762869684,
    "mean_scored_loss_val": 0.13931514762869684,
    "shape_loss_val": 0.2894743842770346,
    "shape_loss_weight": 0.25,
    "heldout_curve_nmse": 0.08926206874591758,
    "heldout_curve_scored_loss": 0.13931514762869684,
    "heldout_curve_shape_loss": 0.2894743842770346,
    "eval_only_nmse": NaN,
    "eval_only_scored_loss": NaN,
    "eval_only_shape_loss": NaN,
    "combined_score": 0.8777202708849617,
    "fit_score": 0.8777202708849617,
    "eval_time": 91.12079191207886,
    "n_datasets": 1,
    "n_successful": 1,
    "eval_workers": 8,
    "hard_cases": [
      {
        "dataset": "Abeta42/inhibition_constraints",
        "scored_loss_val": 0.13931514762869684,
        "nmse_val": 0.08926206874591758,
        "shape_loss_val": 0.2894743842770346,
        "evaluation_only": false
      }
    ],
    "hard_case_feedback": "Abeta42/inhibition_constraints scored=0.1393 (nmse=0.08926, shape=0.2895)",
    "validation_semantics_feedback": "heldout_curve_scored_loss=0.1393, heldout_curve_nmse=0.08926, heldout_curve_shape=0.2895; eval_only_fit_score_scored_loss=nan, eval_only_nmse=nan, eval_only_shape=nan",
    "per_dataset": {
      "Abeta42/inhibition_constraints": {
        "nmse_train": 0.060268258157952836,
        "nmse_val": 0.08926206874591758,
        "shape_loss_val": 0.2894743842770346,
        "scored_loss_val": 0.13931514762869684,
        "n_val_points": 12274,
        "evaluation_only": false,
        "combined_score": 0.8777202708849617,
        "equation": "d(c)/dt = (0.919772685358915 - x4)*((1485038.27978504*x1 + 0.513872256352756)/(26453475229.5108*x3 + 1) + (7364860.80944669*x1*x4 + 13669428.8984299*x4**2*(x1 + 2.60206579156775*x2))/(934144.344227698*x3 + 1))",
        "equation_template": "d(c)/dt = (c6 - x4)*((c0**2 + c1**2*x1)/(c5**2*x3 + 1) + (c2**2*x4**2*(c3**2*x2 + x1) + c7**2*x1*x4)/(c4**2*x3 + 1))",
        "constants": {
          "c0": -0.7168488378680379,
          "c1": 1218.6214669802266,
          "c2": 3697.2190763369626,
          "c3": -1.6130919972424866,
          "c4": -966.5114299519165,
          "c5": 162645.24348873767,
          "c6": 0.919772685358915,
          "c7": 2713.8277044511674
        }
      }
    },
    "error": ""
  },
  "saved_at": 1783144667.897779
}