{
  "id": "406dfe59-7538-4d9a-9667-918fabfc2bda",
  "generation": 1,
  "iteration": 3,
  "current_iteration": 3,
  "metrics": {
    "combined_score": 0.757250986751628,
    "loss": 0.320566123379634,
    "complexity": 0.0,
    "nmse_train": Infinity,
    "nmse_val": 0.320566123379634,
    "eval_time": 55.561603307724,
    "n_datasets": 60.0,
    "n_successful": 60.0
  },
  "language": "python",
  "timestamp": 1779808673.2388446,
  "saved_at": 1779808673.243567
}