{
  "id": "5bb92838-3fb3-42a2-bc97-ce4d471abad4",
  "generation": 1,
  "iteration": 2,
  "current_iteration": 2,
  "metrics": {
    "combined_score": 0.8909747455925772,
    "n_stage1_datasets": 8.0,
    "n_stage1_successful": 8.0,
    "eval_workers": 8.0,
    "stage1_full_selected_datasets": 1.0,
    "cascade_stage1_time_seconds": 61.19247364997864,
    "cascade_stage1_threshold": 0.15,
    "cascade_stage1_passed": 1.0,
    "loss": 0.09711302686797911,
    "complexity": 18.0,
    "nmse_train": 0.028211899053238714,
    "nmse_val": 0.09711302686797911,
    "mean_nmse_val": 0.09711302686797911,
    "mean_raw_nmse_val": 0.09711302686797911,
    "fit_score": 0.911483115695731,
    "parsimony_weight": 0.2,
    "parsimony_penalty_factor": 0.9775,
    "eval_time": 157.271630525589,
    "n_datasets": 22.0,
    "n_successful": 22.0,
    "cascade_stage2_time_seconds": 157.2721312046051,
    "cascade_total_time_seconds": 218.46460485458374,
    "cascade_stage1_combined_score": 0.7583825023684025
  },
  "language": "python",
  "timestamp": 1781878327.1179514,
  "saved_at": 1781878327.1303475
}