{
  "program_id": "79497547-cfd0-401d-acd6-c213634d2da7",
  "iteration_found": 26,
  "dataset": "Abeta42/inhibition_constraints",
  "plot": "outputs_diff_inhibited_norm/adaevolve/disease_relevant_inhibited_all_normalized_ode_0719_1838/checkpoints/checkpoint_26/iteration_26_best_validation_curves.svg",
  "metrics": {
    "equation": "d(c)/dt = (0.919252764448504 - x4)*(28946790.0411949*x1*x4**2*(625029.502624625*x2 + 1)/((1763791.75032627*x3 + 1)*(26.9421461151201*x3*x4 + 1)) + 2013708.86554232*x1/(1763791.75032627*x3 + 1))",
    "loss": 0.13428647896945334,
    "nmse_train": 0.07114950368280748,
    "nmse_val": 0.08226216656334061,
    "mean_nmse_val": 0.08226216656334061,
    "mean_raw_nmse_val": 0.08226216656334061,
    "scored_loss_val": 0.13428647896945334,
    "mean_scored_loss_val": 0.13428647896945334,
    "shape_loss_val": 0.2903594161877915,
    "shape_loss_weight": 0.25,
    "heldout_curve_nmse": 0.08226216656334061,
    "heldout_curve_scored_loss": 0.13428647896945334,
    "heldout_curve_shape_loss": 0.2903594161877915,
    "eval_only_nmse": NaN,
    "eval_only_scored_loss": NaN,
    "eval_only_shape_loss": NaN,
    "combined_score": 0.881611496337805,
    "fit_score": 0.881611496337805,
    "eval_time": 25.00651502609253,
    "n_datasets": 1,
    "n_successful": 1,
    "eval_workers": 8,
    "hard_cases": [
      {
        "dataset": "Abeta42/inhibition_constraints",
        "scored_loss_val": 0.13428647896945334,
        "nmse_val": 0.08226216656334061,
        "shape_loss_val": 0.2903594161877915,
        "evaluation_only": false
      }
    ],
    "hard_case_feedback": "Abeta42/inhibition_constraints scored=0.1343 (nmse=0.08226, shape=0.2904)",
    "validation_semantics_feedback": "heldout_curve_scored_loss=0.1343, heldout_curve_nmse=0.08226, heldout_curve_shape=0.2904; eval_only_fit_score_scored_loss=nan, eval_only_nmse=nan, eval_only_shape=nan",
    "per_dataset": {
      "Abeta42/inhibition_constraints": {
        "nmse_train": 0.07114950368280748,
        "nmse_val": 0.08226216656334061,
        "shape_loss_val": 0.2903594161877915,
        "scored_loss_val": 0.13428647896945334,
        "n_val_points": 12274,
        "evaluation_only": false,
        "combined_score": 0.881611496337805,
        "equation": "d(c)/dt = (0.919252764448504 - x4)*(28946790.0411949*x1*x4**2*(625029.502624625*x2 + 1)/((1763791.75032627*x3 + 1)*(26.9421461151201*x3*x4 + 1)) + 2013708.86554232*x1/(1763791.75032627*x3 + 1))",
        "equation_template": "d(c)/dt = (c0 - x4)*(c1**2*x1/(c3**2*x3 + 1) + c2**2*x1*x4**2*(c4**2*x2 + 1)/((c3**2*x3 + 1)*(c5**2*x3*x4 + 1)))",
        "constants": {
          "c0": 0.9192527644485041,
          "c1": 1419.052101066879,
          "c2": 5380.222118202457,
          "c3": -1328.0782169459264,
          "c4": -790.5880739200567,
          "c5": -5.190582444689622
        }
      }
    },
    "error": ""
  },
  "saved_at": 1784470858.370105
}