{
  "program_id": "3b7a5ce3-2121-47c8-a158-49bc9e872cf2",
  "iteration_found": 2,
  "dataset": "Abeta42/inhibition_constraints",
  "plot": "outputs_diff_inhibited_norm/adaevolve/disease_relevant_inhibited_all_normalized_ode_0721_0426/checkpoints/checkpoint_2/iteration_2_best_validation_curves.svg",
  "metrics": {
    "equation": "d(c)/dt = -7.59604549034243e-10*x3*x4/(0.0957516341233711*x4 + 1) + (-x4 + 0.971047811731069/(2.2640835439408e-10*x3 + 1))*(5.75751187161901e-9*x1/(1.11742984521097*x3 + 1) + 14.2864188096953*x1*(0.330263272006548*x4**2 + x4)/((1.78162035368754e-12*x3 + 1)*(1.11742984521097*x3 + 1)) + 2.3560772051418*x2)",
    "loss": 0.04504735452958056,
    "nmse_train": 0.010489298717270437,
    "nmse_val": 0.0032988936251727185,
    "mean_nmse_val": 0.0032988936251727185,
    "mean_raw_nmse_val": 0.0032988936251727185,
    "scored_loss_val": 0.04504735452958056,
    "mean_scored_loss_val": 0.04504735452958056,
    "shape_loss_val": 0.17029273724280408,
    "shape_loss_weight": 0.25,
    "heldout_curve_nmse": 0.0032988936251727185,
    "heldout_curve_scored_loss": 0.04504735452958056,
    "heldout_curve_shape_loss": 0.17029273724280408,
    "eval_only_nmse": NaN,
    "eval_only_scored_loss": NaN,
    "eval_only_shape_loss": NaN,
    "combined_score": 0.956894437046962,
    "fit_score": 0.956894437046962,
    "eval_time": 33.42739772796631,
    "n_datasets": 1,
    "n_successful": 1,
    "eval_workers": 8,
    "hard_cases": [
      {
        "dataset": "Abeta42/inhibition_constraints",
        "scored_loss_val": 0.04504735452958056,
        "nmse_val": 0.0032988936251727185,
        "shape_loss_val": 0.17029273724280408,
        "evaluation_only": false
      }
    ],
    "hard_case_feedback": "Abeta42/inhibition_constraints scored=0.04505 (nmse=0.003299, shape=0.1703)",
    "validation_semantics_feedback": "heldout_curve_scored_loss=0.04505, heldout_curve_nmse=0.003299, heldout_curve_shape=0.1703; eval_only_fit_score_scored_loss=nan, eval_only_nmse=nan, eval_only_shape=nan",
    "per_dataset": {
      "Abeta42/inhibition_constraints": {
        "nmse_train": 0.010489298717270437,
        "nmse_val": 0.0032988936251727185,
        "shape_loss_val": 0.17029273724280408,
        "scored_loss_val": 0.04504735452958056,
        "n_val_points": 1805,
        "evaluation_only": false,
        "combined_score": 0.956894437046962,
        "equation": "d(c)/dt = -7.59604549034243e-10*x3*x4/(0.0957516341233711*x4 + 1) + (-x4 + 0.971047811731069/(2.2640835439408e-10*x3 + 1))*(5.75751187161901e-9*x1/(1.11742984521097*x3 + 1) + 14.2864188096953*x1*(0.330263272006548*x4**2 + x4)/((1.78162035368754e-12*x3 + 1)*(1.11742984521097*x3 + 1)) + 2.3560772051418*x2)",
        "equation_template": "d(c)/dt = -c8**2*x3*x4/(c9**2*x4 + 1) + (c4/(c5**2*x3 + 1) - x4)*(c1**2*x1/(c0**2*x3 + 1) + c2**2*x2 + c3**2*x1*(c7**2*x4**2 + x4)/((c0**2*x3 + 1)*(c6**2*x3 + 1)))",
        "constants": {
          "c0": 1.057085542995918,
          "c1": 7.587827008847137e-05,
          "c2": 1.5349518575974297,
          "c3": 3.7797379287055533,
          "c4": 0.9710478117310689,
          "c5": -1.5046871913925511e-05,
          "c6": -1.3347735214962668e-06,
          "c7": 0.5746853678375224,
          "c8": -2.756092431385861e-05,
          "c9": 0.30943760941968745
        }
      }
    },
    "error": ""
  },
  "saved_at": 1784588784.9741518
}