{
  "num_islands": 2,
  "current_island": 0,
  "iteration_count": 6,
  "global_best_score": 0.5917381148325812,
  "decay": 0.9,
  "intensity_min": 0.15,
  "intensity_max": 0.5,
  "migration_interval": 15,
  "diversity_strategy_type": "code",
  "use_unified_archive": true,
  "use_adaptive_search": true,
  "use_ucb_selection": true,
  "fixed_intensity": 0.4,
  "adapter": {
    "states": [
      {
        "accumulated_signal": 0.09999999999999998,
        "best_score": 0.5917381148325812,
        "improvement_count": 1,
        "total_evaluations": 5,
        "decay": 0.9,
        "epsilon": 1e-08,
        "intensity_min": 0.15,
        "intensity_max": 0.5
      },
      {
        "accumulated_signal": 0.09999999999999998,
        "best_score": 0.5917381148325812,
        "improvement_count": 0,
        "total_evaluations": 3,
        "decay": 0.9,
        "epsilon": 1e-08,
        "intensity_min": 0.15,
        "intensity_max": 0.5
      }
    ],
    "dimension_visits": [
      5,
      3
    ],
    "dimension_rewards": [
      0.6561000000000001,
      0.0
    ],
    "decayed_visits": [
      4.0951,
      2.71
    ],
    "global_best_score": 0.5917381148325812,
    "ucb_exploration": 1.41,
    "min_visits": 3,
    "decay": 0.9,
    "epsilon": 1e-08
  },
  "island_config_names": [
    "balanced",
    "balanced"
  ],
  "islands": [
    [
      "ae2f5341-64cb-45fc-9f22-38314a1e39d7",
      "b18d5154-e04e-4708-9aa4-0606e4b5c358",
      "3af53bea-6bf7-45e5-b56c-a5cb6fb1ae16",
      "884a0a17-9349-46c5-823a-7719818b030a",
      "4481bed9-1afd-4717-a994-97d9502635f6"
    ],
    [
      "5ce09bbf-bd19-42f7-acbb-cfdec090a799",
      "aca533d4-04e6-4875-9f41-476767090ee9",
      "f56a77d9-7551-4cc2-beb7-256df6e4f199",
      "c811937b-820c-44e2-ae26-a7af7ead5edf"
    ]
  ],
  "archive_genealogies": [
    {
      "parents": {
        "ae2f5341-64cb-45fc-9f22-38314a1e39d7": [],
        "b18d5154-e04e-4708-9aa4-0606e4b5c358": [
          "ae2f5341-64cb-45fc-9f22-38314a1e39d7"
        ],
        "3af53bea-6bf7-45e5-b56c-a5cb6fb1ae16": [
          "b18d5154-e04e-4708-9aa4-0606e4b5c358"
        ],
        "884a0a17-9349-46c5-823a-7719818b030a": [
          "ae2f5341-64cb-45fc-9f22-38314a1e39d7"
        ],
        "4481bed9-1afd-4717-a994-97d9502635f6": [
          "ae2f5341-64cb-45fc-9f22-38314a1e39d7"
        ]
      },
      "children": {
        "ae2f5341-64cb-45fc-9f22-38314a1e39d7": [
          "b18d5154-e04e-4708-9aa4-0606e4b5c358",
          "884a0a17-9349-46c5-823a-7719818b030a",
          "4481bed9-1afd-4717-a994-97d9502635f6"
        ],
        "b18d5154-e04e-4708-9aa4-0606e4b5c358": [
          "3af53bea-6bf7-45e5-b56c-a5cb6fb1ae16"
        ]
      }
    },
    {
      "parents": {
        "5ce09bbf-bd19-42f7-acbb-cfdec090a799": [],
        "aca533d4-04e6-4875-9f41-476767090ee9": [
          "5ce09bbf-bd19-42f7-acbb-cfdec090a799"
        ],
        "f56a77d9-7551-4cc2-beb7-256df6e4f199": [
          "5ce09bbf-bd19-42f7-acbb-cfdec090a799"
        ],
        "c811937b-820c-44e2-ae26-a7af7ead5edf": [
          "5ce09bbf-bd19-42f7-acbb-cfdec090a799"
        ]
      },
      "children": {
        "5ce09bbf-bd19-42f7-acbb-cfdec090a799": [
          "aca533d4-04e6-4875-9f41-476767090ee9",
          "f56a77d9-7551-4cc2-beb7-256df6e4f199",
          "c811937b-820c-44e2-ae26-a7af7ead5edf"
        ]
      }
    }
  ],
  "use_dynamic_islands": true,
  "max_islands": 5,
  "last_spawn_iteration": -30,
  "use_paradigm_breakthrough": true,
  "paradigm_tracker": {
    "window_size": 10,
    "improvement_threshold": 0.12,
    "max_paradigm_uses": 2,
    "max_tried_paradigms": 10,
    "num_paradigms_to_generate": 3,
    "improvement_history": [
      1.0,
      0.0,
      0.0,
      0.0,
      0.0,
      0.0,
      0.0,
      0.0
    ],
    "active_paradigms": [],
    "paradigm_usage_counts": {},
    "current_paradigm_index": 0,
    "tried_paradigms": [],
    "best_score_at_paradigm_gen": 0.0,
    "best_score_during_paradigm": 0.0
  }
}