{
  "id": "ae2f5341-64cb-45fc-9f22-38314a1e39d7",
  "generation": 0,
  "iteration": 0,
  "current_iteration": 7,
  "metrics": {
    "combined_score": 0.5917381148325812,
    "n_stage1_datasets": 8.0,
    "n_stage1_successful": 8.0,
    "eval_workers": 8.0,
    "cascade_stage1_time_seconds": 7.8925817012786865,
    "cascade_stage1_threshold": 0.15,
    "cascade_stage1_passed": 1.0,
    "loss": 0.6899367725922595,
    "complexity": 0.0,
    "nmse_train": Infinity,
    "nmse_val": 0.6899367725922595,
    "eval_time": 10.975892305374146,
    "n_datasets": 60.0,
    "n_successful": 60.0,
    "cascade_stage2_time_seconds": 10.97642993927002,
    "cascade_total_time_seconds": 18.869011640548706,
    "cascade_stage1_combined_score": 0.5563065973341564
  },
  "language": "python",
  "timestamp": 1779970285.3598378,
  "saved_at": 1779970772.1641092
}