{
  "program_id": "48c54558-3dc2-4aa3-8195-994d46ae26be",
  "iteration_found": 19,
  "dataset": "Abeta42/inhibition_constraints",
  "plot": "outputs_diff_inhibited_norm/adaevolve/disease_relevant_inhibited_all_normalized_ode_0719_1838/checkpoints/checkpoint_19/iteration_19_best_validation_curves.svg",
  "metrics": {
    "equation": "d(c)/dt = (0.918837713019189 - x4)*(44616124.928884*x1*x4**2*(483261.439451421*x2 + 1)/(57332.7346781441*x3*x4 + 3315710.37186907*x3 + 1) + 182785.906281786*x1 + 1.27942163638122)",
    "loss": 0.15996282750727614,
    "nmse_train": 0.06091559909455666,
    "nmse_val": 0.11500032011840358,
    "mean_nmse_val": 0.11500032011840358,
    "mean_raw_nmse_val": 0.11500032011840358,
    "scored_loss_val": 0.15996282750727614,
    "mean_scored_loss_val": 0.15996282750727614,
    "shape_loss_val": 0.2948503496738938,
    "shape_loss_weight": 0.25,
    "heldout_curve_nmse": 0.11500032011840358,
    "heldout_curve_scored_loss": 0.15996282750727614,
    "heldout_curve_shape_loss": 0.2948503496738938,
    "eval_only_nmse": NaN,
    "eval_only_scored_loss": NaN,
    "eval_only_shape_loss": NaN,
    "combined_score": 0.8620965916200682,
    "fit_score": 0.8620965916200682,
    "eval_time": 18.434608936309814,
    "n_datasets": 1,
    "n_successful": 1,
    "eval_workers": 8,
    "hard_cases": [
      {
        "dataset": "Abeta42/inhibition_constraints",
        "scored_loss_val": 0.15996282750727614,
        "nmse_val": 0.11500032011840357,
        "shape_loss_val": 0.2948503496738938,
        "evaluation_only": false
      }
    ],
    "hard_case_feedback": "Abeta42/inhibition_constraints scored=0.16 (nmse=0.115, shape=0.2949)",
    "validation_semantics_feedback": "heldout_curve_scored_loss=0.16, heldout_curve_nmse=0.115, heldout_curve_shape=0.2949; eval_only_fit_score_scored_loss=nan, eval_only_nmse=nan, eval_only_shape=nan",
    "per_dataset": {
      "Abeta42/inhibition_constraints": {
        "nmse_train": 0.06091559909455666,
        "nmse_val": 0.11500032011840357,
        "shape_loss_val": 0.2948503496738938,
        "scored_loss_val": 0.15996282750727614,
        "n_val_points": 12274,
        "evaluation_only": false,
        "combined_score": 0.8620965916200682,
        "equation": "d(c)/dt = (0.918837713019189 - x4)*(44616124.928884*x1*x4**2*(483261.439451421*x2 + 1)/(57332.7346781441*x3*x4 + 3315710.37186907*x3 + 1) + 182785.906281786*x1 + 1.27942163638122)",
        "equation_template": "d(c)/dt = (c0 - x4)*(c1**2 + c2**2*x1 + c3**2*x1*x4**2*(c4**2*x2 + 1)/(c5**2*x3 + c6**2*x3*x4 + 1))",
        "constants": {
          "c0": 0.9188377130191893,
          "c1": 1.1311152179955961,
          "c2": 427.5346843026725,
          "c3": 6679.5302925343485,
          "c4": -695.170079513942,
          "c5": 1820.9092157131474,
          "c6": 239.44254984890227
        }
      }
    },
    "error": ""
  },
  "saved_at": 1784470013.763523
}