{
  "program_id": "88bcc0b3-66a0-44ce-beab-40ea5098323e",
  "iteration_found": 5,
  "dataset": "Abeta42/inhibition_constraints",
  "plot": "outputs_diff_inhibited_norm/adaevolve/disease_relevant_inhibited_all_normalized_ode_0719_1838/checkpoints/checkpoint_5/iteration_5_best_validation_curves.svg",
  "metrics": {
    "equation": "d(c)/dt = (0.919165984542801 - x4)*(78759.1561216464*x1*x4*(375.883294498873*x4 + 1) + 939675.875461615*x1 + 12720407.9300654*x2 + 1.13759474758703)/(0.0899999999967298*x1*x3 + 1443379.04908798*x3 + 1)",
    "loss": 0.1423450670720824,
    "nmse_train": 0.06368049148748448,
    "nmse_val": 0.09327726601161454,
    "mean_nmse_val": 0.09327726601161454,
    "mean_raw_nmse_val": 0.09327726601161454,
    "scored_loss_val": 0.1423450670720824,
    "mean_scored_loss_val": 0.1423450670720824,
    "shape_loss_val": 0.2895484702534859,
    "shape_loss_weight": 0.25,
    "heldout_curve_nmse": 0.09327726601161454,
    "heldout_curve_scored_loss": 0.1423450670720824,
    "heldout_curve_shape_loss": 0.2895484702534859,
    "eval_only_nmse": NaN,
    "eval_only_scored_loss": NaN,
    "eval_only_shape_loss": NaN,
    "combined_score": 0.8753922337696756,
    "fit_score": 0.8753922337696756,
    "eval_time": 61.56389403343201,
    "n_datasets": 1,
    "n_successful": 1,
    "eval_workers": 8,
    "hard_cases": [
      {
        "dataset": "Abeta42/inhibition_constraints",
        "scored_loss_val": 0.1423450670720824,
        "nmse_val": 0.09327726601161455,
        "shape_loss_val": 0.2895484702534859,
        "evaluation_only": false
      }
    ],
    "hard_case_feedback": "Abeta42/inhibition_constraints scored=0.1423 (nmse=0.09328, shape=0.2895)",
    "validation_semantics_feedback": "heldout_curve_scored_loss=0.1423, heldout_curve_nmse=0.09328, heldout_curve_shape=0.2895; eval_only_fit_score_scored_loss=nan, eval_only_nmse=nan, eval_only_shape=nan",
    "per_dataset": {
      "Abeta42/inhibition_constraints": {
        "nmse_train": 0.06368049148748448,
        "nmse_val": 0.09327726601161455,
        "shape_loss_val": 0.2895484702534859,
        "scored_loss_val": 0.1423450670720824,
        "n_val_points": 12274,
        "evaluation_only": false,
        "combined_score": 0.8753922337696756,
        "equation": "d(c)/dt = (0.919165984542801 - x4)*(78759.1561216464*x1*x4*(375.883294498873*x4 + 1) + 939675.875461615*x1 + 12720407.9300654*x2 + 1.13759474758703)/(0.0899999999967298*x1*x3 + 1443379.04908798*x3 + 1)",
        "equation_template": "d(c)/dt = (c0 - x4)*(c3**2 + c4**2*x1 + c5**2*x2 + c6**2*x1*x4*(c7**2*x4 + 1))/(c1**2*x3 + c2**2*x1*x3 + 1)",
        "constants": {
          "c0": 0.9191659845428005,
          "c1": -1201.407112134757,
          "c2": 0.2999999999945497,
          "c3": -1.066580867814078,
          "c4": 969.3688026038466,
          "c5": 3566.56808852227,
          "c6": 280.6406173768267,
          "c7": -19.387709882780722
        }
      }
    },
    "error": ""
  },
  "saved_at": 1784468324.263069
}