{
  "num_islands": 2,
  "current_island": 0,
  "iteration_count": 18,
  "global_best_score": 0.8890160325603259,
  "decay": 0.9,
  "intensity_min": 0.15,
  "intensity_max": 0.5,
  "migration_interval": 15,
  "diversity_strategy_type": "code",
  "use_unified_archive": true,
  "use_adaptive_search": true,
  "use_ucb_selection": true,
  "fixed_intensity": 0.4,
  "adapter": {
    "states": [
      {
        "accumulated_signal": 0.06561623132366004,
        "best_score": 0.8890160325603259,
        "improvement_count": 5,
        "total_evaluations": 12,
        "decay": 0.9,
        "epsilon": 1e-08,
        "intensity_min": 0.15,
        "intensity_max": 0.5
      },
      {
        "accumulated_signal": 0.059054138295465484,
        "best_score": 0.8890160325603259,
        "improvement_count": 5,
        "total_evaluations": 13,
        "decay": 0.9,
        "epsilon": 1e-08,
        "intensity_min": 0.15,
        "intensity_max": 0.5
      }
    ],
    "dimension_visits": [
      12,
      13
    ],
    "dimension_rewards": [
      0.3192001162402385,
      0.004338185208078863
    ],
    "decayed_visits": [
      7.175704635190001,
      7.458134171671
    ],
    "global_best_score": 0.8890160325603259,
    "ucb_exploration": 1.41,
    "min_visits": 3,
    "decay": 0.9,
    "epsilon": 1e-08
  },
  "island_config_names": [
    "balanced",
    "balanced"
  ],
  "islands": [
    [
      "bac93751-65d9-434c-907b-d96a474019dd",
      "02194892-df7e-49a7-8d81-c66575a1c629",
      "6ea224e4-811f-4dae-8da9-c7d5880dd5f8",
      "bdac9429-36c0-4361-9fa6-79b71920fe25",
      "3e535672-47e6-4a55-95fc-8497e67f9322",
      "a8278379-9af5-4ab4-980d-3b2867c3de76",
      "a1ee62b1-12c1-4e20-bcd5-37115add6c9f",
      "bf334493-69be-4750-9275-02ff7a61c28f",
      "d7d32324-5349-4e2e-b210-e9d96bde6927",
      "d9393339-c5c7-4fbf-ae7b-cbf6cfe72738",
      "618bcc07-5b14-44ed-bf48-006b752510e9",
      "ab4c5381-4d16-4106-9034-189caff7fe24",
      "cdaa1921-1795-4e40-88d6-42ef6328ce19",
      "7d5435f9-3267-43b3-829e-1f5eba79650a"
    ],
    [
      "9c14276e-1cfa-46cc-b2d9-dcad9403b1ce",
      "d2db1a3b-336e-443d-b804-296ecb18662d",
      "6c4ae2c2-3043-445b-ab98-e73e9f57a166",
      "84be7b55-211c-4179-ba2f-b94ef954c08e",
      "607f2811-c341-463a-96aa-cdb3e6f18a5b",
      "467fa9bc-ff97-478e-b652-e6d680b63d6c",
      "911db2b5-6e4f-43d0-b90d-279c014e58fc",
      "83b664c1-e674-4398-a85d-303eb2826522",
      "d7eecf77-bf3b-4cea-9848-6da9a2cd356e",
      "2c246cac-6a3d-43da-a05b-558a30288e52",
      "dd99d842-e1c1-44fa-861c-821fef05d1fd",
      "8a6bfb16-4bd8-4118-9640-fdb73ab5e41d",
      "9680aeeb-590d-4aa9-b159-6a877e791964",
      "1ffec462-7493-4975-befc-cb2f95cdc073"
    ]
  ],
  "archive_genealogies": [
    {
      "parents": {
        "bac93751-65d9-434c-907b-d96a474019dd": [],
        "02194892-df7e-49a7-8d81-c66575a1c629": [
          "bac93751-65d9-434c-907b-d96a474019dd"
        ],
        "6ea224e4-811f-4dae-8da9-c7d5880dd5f8": [
          "bac93751-65d9-434c-907b-d96a474019dd"
        ],
        "bdac9429-36c0-4361-9fa6-79b71920fe25": [
          "02194892-df7e-49a7-8d81-c66575a1c629"
        ],
        "3e535672-47e6-4a55-95fc-8497e67f9322": [
          "bdac9429-36c0-4361-9fa6-79b71920fe25"
        ],
        "a8278379-9af5-4ab4-980d-3b2867c3de76": [
          "bac93751-65d9-434c-907b-d96a474019dd"
        ],
        "a1ee62b1-12c1-4e20-bcd5-37115add6c9f": [
          "bac93751-65d9-434c-907b-d96a474019dd"
        ],
        "bf334493-69be-4750-9275-02ff7a61c28f": [
          "a8278379-9af5-4ab4-980d-3b2867c3de76"
        ],
        "d7d32324-5349-4e2e-b210-e9d96bde6927": [
          "a8278379-9af5-4ab4-980d-3b2867c3de76"
        ],
        "d9393339-c5c7-4fbf-ae7b-cbf6cfe72738": [
          "83b664c1-e674-4398-a85d-303eb2826522"
        ],
        "618bcc07-5b14-44ed-bf48-006b752510e9": [
          "607f2811-c341-463a-96aa-cdb3e6f18a5b"
        ],
        "ab4c5381-4d16-4106-9034-189caff7fe24": [
          "d7d32324-5349-4e2e-b210-e9d96bde6927"
        ],
        "cdaa1921-1795-4e40-88d6-42ef6328ce19": [
          "d7d32324-5349-4e2e-b210-e9d96bde6927"
        ],
        "7d5435f9-3267-43b3-829e-1f5eba79650a": [
          "d7d32324-5349-4e2e-b210-e9d96bde6927"
        ]
      },
      "children": {
        "bac93751-65d9-434c-907b-d96a474019dd": [
          "02194892-df7e-49a7-8d81-c66575a1c629",
          "6ea224e4-811f-4dae-8da9-c7d5880dd5f8",
          "a8278379-9af5-4ab4-980d-3b2867c3de76",
          "a1ee62b1-12c1-4e20-bcd5-37115add6c9f"
        ],
        "02194892-df7e-49a7-8d81-c66575a1c629": [
          "bdac9429-36c0-4361-9fa6-79b71920fe25"
        ],
        "bdac9429-36c0-4361-9fa6-79b71920fe25": [
          "3e535672-47e6-4a55-95fc-8497e67f9322"
        ],
        "a8278379-9af5-4ab4-980d-3b2867c3de76": [
          "bf334493-69be-4750-9275-02ff7a61c28f",
          "d7d32324-5349-4e2e-b210-e9d96bde6927"
        ],
        "83b664c1-e674-4398-a85d-303eb2826522": [
          "d9393339-c5c7-4fbf-ae7b-cbf6cfe72738"
        ],
        "607f2811-c341-463a-96aa-cdb3e6f18a5b": [
          "618bcc07-5b14-44ed-bf48-006b752510e9"
        ],
        "d7d32324-5349-4e2e-b210-e9d96bde6927": [
          "ab4c5381-4d16-4106-9034-189caff7fe24",
          "cdaa1921-1795-4e40-88d6-42ef6328ce19",
          "7d5435f9-3267-43b3-829e-1f5eba79650a"
        ]
      }
    },
    {
      "parents": {
        "9c14276e-1cfa-46cc-b2d9-dcad9403b1ce": [],
        "d2db1a3b-336e-443d-b804-296ecb18662d": [
          "9c14276e-1cfa-46cc-b2d9-dcad9403b1ce"
        ],
        "6c4ae2c2-3043-445b-ab98-e73e9f57a166": [
          "d2db1a3b-336e-443d-b804-296ecb18662d"
        ],
        "84be7b55-211c-4179-ba2f-b94ef954c08e": [
          "d2db1a3b-336e-443d-b804-296ecb18662d"
        ],
        "607f2811-c341-463a-96aa-cdb3e6f18a5b": [
          "84be7b55-211c-4179-ba2f-b94ef954c08e"
        ],
        "467fa9bc-ff97-478e-b652-e6d680b63d6c": [
          "84be7b55-211c-4179-ba2f-b94ef954c08e"
        ],
        "911db2b5-6e4f-43d0-b90d-279c014e58fc": [
          "d2db1a3b-336e-443d-b804-296ecb18662d"
        ],
        "83b664c1-e674-4398-a85d-303eb2826522": [
          "d2db1a3b-336e-443d-b804-296ecb18662d"
        ],
        "d7eecf77-bf3b-4cea-9848-6da9a2cd356e": [
          "d7d32324-5349-4e2e-b210-e9d96bde6927"
        ],
        "2c246cac-6a3d-43da-a05b-558a30288e52": [
          "a8278379-9af5-4ab4-980d-3b2867c3de76"
        ],
        "dd99d842-e1c1-44fa-861c-821fef05d1fd": [
          "a1ee62b1-12c1-4e20-bcd5-37115add6c9f"
        ],
        "8a6bfb16-4bd8-4118-9640-fdb73ab5e41d": [
          "3e535672-47e6-4a55-95fc-8497e67f9322"
        ],
        "9680aeeb-590d-4aa9-b159-6a877e791964": [
          "bdac9429-36c0-4361-9fa6-79b71920fe25"
        ],
        "1ffec462-7493-4975-befc-cb2f95cdc073": [
          "d7d32324-5349-4e2e-b210-e9d96bde6927"
        ]
      },
      "children": {
        "9c14276e-1cfa-46cc-b2d9-dcad9403b1ce": [
          "d2db1a3b-336e-443d-b804-296ecb18662d"
        ],
        "d2db1a3b-336e-443d-b804-296ecb18662d": [
          "6c4ae2c2-3043-445b-ab98-e73e9f57a166",
          "84be7b55-211c-4179-ba2f-b94ef954c08e",
          "911db2b5-6e4f-43d0-b90d-279c014e58fc",
          "83b664c1-e674-4398-a85d-303eb2826522"
        ],
        "84be7b55-211c-4179-ba2f-b94ef954c08e": [
          "607f2811-c341-463a-96aa-cdb3e6f18a5b",
          "467fa9bc-ff97-478e-b652-e6d680b63d6c"
        ],
        "d7d32324-5349-4e2e-b210-e9d96bde6927": [
          "d7eecf77-bf3b-4cea-9848-6da9a2cd356e",
          "1ffec462-7493-4975-befc-cb2f95cdc073"
        ],
        "a8278379-9af5-4ab4-980d-3b2867c3de76": [
          "2c246cac-6a3d-43da-a05b-558a30288e52"
        ],
        "a1ee62b1-12c1-4e20-bcd5-37115add6c9f": [
          "dd99d842-e1c1-44fa-861c-821fef05d1fd"
        ],
        "3e535672-47e6-4a55-95fc-8497e67f9322": [
          "8a6bfb16-4bd8-4118-9640-fdb73ab5e41d"
        ],