{
  "program_id": "79ca31ad-7c1a-40c4-a745-228475b92de2",
  "iteration_found": 8,
  "dataset": "Abeta42/inhibition_constraints",
  "plot": "outputs_diff_inhibited_norm/adaevolve/disease_relevant_inhibited_all_normalized_ode_0720_0357/checkpoints/checkpoint_8/iteration_8_best_validation_curves.svg",
  "metrics": {
    "equation": "d(c)/dt = (0.971251672989429 - x4)*(340.970633787916*x1*x4**2/((1.06456118781416*x3 + 1)*(16.7509804366157*x4 + 1)) + 8.03866699298513e-12*x1/(1.06456118781416*x3 + 1) + 0.245010294038899*x2)",
    "loss": 0.04811610828699341,
    "nmse_train": 0.009131126119486906,
    "nmse_val": 0.006000891785897553,
    "mean_nmse_val": 0.006000891785897553,
    "mean_raw_nmse_val": 0.006000891785897553,
    "scored_loss_val": 0.04811610828699341,
    "mean_scored_loss_val": 0.04811610828699341,
    "shape_loss_val": 0.174461757790281,
    "shape_loss_weight": 0.25,
    "heldout_curve_nmse": 0.006000891785897553,
    "heldout_curve_scored_loss": 0.04811610828699341,
    "heldout_curve_shape_loss": 0.174461757790281,
    "eval_only_nmse": NaN,
    "eval_only_scored_loss": NaN,
    "eval_only_shape_loss": NaN,
    "combined_score": 0.9540927690104555,
    "fit_score": 0.9540927690104555,
    "eval_time": 15.963361024856567,
    "n_datasets": 1,
    "n_successful": 1,
    "eval_workers": 8,
    "hard_cases": [
      {
        "dataset": "Abeta42/inhibition_constraints",
        "scored_loss_val": 0.04811610828699341,
        "nmse_val": 0.006000891785897553,
        "shape_loss_val": 0.174461757790281,
        "evaluation_only": false
      }
    ],
    "hard_case_feedback": "Abeta42/inhibition_constraints scored=0.04812 (nmse=0.006001, shape=0.1745)",
    "validation_semantics_feedback": "heldout_curve_scored_loss=0.04812, heldout_curve_nmse=0.006001, heldout_curve_shape=0.1745; eval_only_fit_score_scored_loss=nan, eval_only_nmse=nan, eval_only_shape=nan",
    "per_dataset": {
      "Abeta42/inhibition_constraints": {
        "nmse_train": 0.009131126119486906,
        "nmse_val": 0.006000891785897553,
        "shape_loss_val": 0.174461757790281,
        "scored_loss_val": 0.04811610828699341,
        "n_val_points": 1805,
        "evaluation_only": false,
        "combined_score": 0.9540927690104555,
        "equation": "d(c)/dt = (0.971251672989429 - x4)*(340.970633787916*x1*x4**2/((1.06456118781416*x3 + 1)*(16.7509804366157*x4 + 1)) + 8.03866699298513e-12*x1/(1.06456118781416*x3 + 1) + 0.245010294038899*x2)",
        "equation_template": "d(c)/dt = (c0**2 - x4)*(c2**2*x1/(c1**2*x3 + 1) + c3**2*x2 + c4**2*x1*x4**2/((c1**2*x3 + 1)*(c5**2*x4 + 1)))",
        "constants": {
          "c0": 0.9855210160059648,
          "c1": 1.031775744924332,
          "c2": 2.8352543083443384e-06,
          "c3": 0.49498514527094534,
          "c4": 18.465390160728152,
          "c5": -4.092796163580066
        }
      }
    },
    "error": ""
  },
  "saved_at": 1784501273.805631
}