{
  "program_id": "e2ef4316-de27-4d47-ad20-ea39f0c5a588",
  "iteration_found": 7,
  "dataset": "Abeta42/inhibition_constraints",
  "plot": "outputs_diff_inhibited_norm/adaevolve/disease_relevant_inhibited_all_normalized_ode_0720_0357/checkpoints/checkpoint_7/iteration_7_best_validation_curves.svg",
  "metrics": {
    "equation": "d(c)/dt = (0.971585512906282 - x4)*(16.7677721897974*x1*x4**2/(8.78975892654294*x3**2 + 0.609138015773291*x3 + 1) + 10.8017380617319*x1*x4/(0.609138015773291*x3 + 1) + 1.37352183341194*x2 + 5.49675201673476e-9)",
    "loss": 0.047896979792659625,
    "nmse_train": 0.009963812133213654,
    "nmse_val": 0.005369708073606317,
    "mean_nmse_val": 0.005369708073606317,
    "mean_raw_nmse_val": 0.005369708073606317,
    "scored_loss_val": 0.047896979792659625,
    "mean_scored_loss_val": 0.047896979792659625,
    "shape_loss_val": 0.17547879494981955,
    "shape_loss_weight": 0.25,
    "heldout_curve_nmse": 0.005369708073606317,
    "heldout_curve_scored_loss": 0.047896979792659625,
    "heldout_curve_shape_loss": 0.17547879494981955,
    "eval_only_nmse": NaN,
    "eval_only_scored_loss": NaN,
    "eval_only_shape_loss": NaN,
    "combined_score": 0.9542922818594852,
    "fit_score": 0.9542922818594852,
    "eval_time": 11.074802160263062,
    "n_datasets": 1,
    "n_successful": 1,
    "eval_workers": 8,
    "hard_cases": [
      {
        "dataset": "Abeta42/inhibition_constraints",
        "scored_loss_val": 0.047896979792659625,
        "nmse_val": 0.005369708073606317,
        "shape_loss_val": 0.17547879494981955,
        "evaluation_only": false
      }
    ],
    "hard_case_feedback": "Abeta42/inhibition_constraints scored=0.0479 (nmse=0.00537, shape=0.1755)",
    "validation_semantics_feedback": "heldout_curve_scored_loss=0.0479, heldout_curve_nmse=0.00537, heldout_curve_shape=0.1755; eval_only_fit_score_scored_loss=nan, eval_only_nmse=nan, eval_only_shape=nan",
    "per_dataset": {
      "Abeta42/inhibition_constraints": {
        "nmse_train": 0.009963812133213654,
        "nmse_val": 0.005369708073606317,
        "shape_loss_val": 0.17547879494981955,
        "scored_loss_val": 0.047896979792659625,
        "n_val_points": 1805,
        "evaluation_only": false,
        "combined_score": 0.9542922818594852,
        "equation": "d(c)/dt = (0.971585512906282 - x4)*(16.7677721897974*x1*x4**2/(8.78975892654294*x3**2 + 0.609138015773291*x3 + 1) + 10.8017380617319*x1*x4/(0.609138015773291*x3 + 1) + 1.37352183341194*x2 + 5.49675201673476e-9)",
        "equation_template": "d(c)/dt = (c0 - x4)*(c3**2 + c4**2*x2 + c5**2*x1*x4/(c1**2*x3 + 1) + c6**2*x1*x4**2/(c1**2*x3 + c2**2*x3**2 + 1))",
        "constants": {
          "c0": 0.9715855129062817,
          "c1": -0.7804729436523028,
          "c2": 2.9647527597664776,
          "c3": -7.414008373838511e-05,
          "c4": 1.171973478117975,
          "c5": 3.286599772064109,
          "c6": 4.0948470288641285
        }
      }
    },
    "error": ""
  },
  "saved_at": 1784501162.43018
}