{
  "id": "eed69564-e405-4f92-8bb4-952971dbbe64",
  "generation": 4,
  "iteration": 7,
  "current_iteration": 20,
  "metrics": {
    "combined_score": 0.9130137341492894,
    "n_stage1_datasets": 8.0,
    "n_stage1_successful": 8.0,
    "eval_workers": 8.0,
    "cascade_stage1_time_seconds": 1.0316343307495117,
    "cascade_stage1_threshold": 0.15,
    "cascade_stage1_passed": 1.0,
    "loss": 0.06652283922903121,
    "complexity": 21.0,
    "nmse_train": Infinity,
    "nmse_val": 0.06652283922903121,
    "fit_score": 0.9376264278811701,
    "parsimony_weight": 0.2,
    "parsimony_penalty_factor": 0.97375,
    "eval_time": 19.47855830192566,
    "n_datasets": 42.0,
    "n_successful": 42.0,
    "cascade_stage2_time_seconds": 19.479060888290405,
    "cascade_total_time_seconds": 20.510695219039917,
    "cascade_stage1_combined_score": 0.8889315033218022
  },
  "language": "python",
  "timestamp": 1780313159.3145983,
  "saved_at": 1780315360.8460095
}