{
  "id": "6e8d1f81-0c9a-462e-b98e-32c3ed8812e5",
  "generation": 1,
  "iteration": 1,
  "current_iteration": 2,
  "metrics": {
    "combined_score": 0.48251374959877924,
    "n_stage1_datasets": 8.0,
    "n_stage1_successful": 8.0,
    "eval_workers": 8.0,
    "cascade_stage1_time_seconds": 0.15235686302185059,
    "cascade_stage1_threshold": 0.15,
    "cascade_stage1_passed": 1.0,
    "loss": 1.0128960072280129,
    "complexity": 23.0,
    "nmse_train": Infinity,
    "nmse_val": 1.0128960072280129,
    "fit_score": 0.4967966533835565,
    "parsimony_weight": 0.2,
    "parsimony_penalty_factor": 0.97125,
    "eval_time": 10.962543964385986,
    "n_datasets": 42.0,
    "n_successful": 42.0,
    "cascade_stage2_time_seconds": 10.962998628616333,
    "cascade_total_time_seconds": 11.115355491638184,
    "cascade_stage1_combined_score": 0.3298573478470802
  },
  "language": "python",
  "timestamp": 1780270847.3895566,
  "saved_at": 1780271344.0260303
}