{
  "program_id": "41add46b-209c-4fde-bd52-b3b1c1fe958b",
  "iteration_found": 14,
  "dataset": "Abeta42/inhibition_constraints",
  "plot": "outputs_diff_inhibited_norm/adaevolve/disease_relevant_inhibited_all_normalized_ode_0719_2131/checkpoints/checkpoint_14/iteration_14_best_validation_curves.svg",
  "metrics": {
    "equation": "d(c)/dt = 1.65947381013908*x4*(0.95996060635661 - x4)/(372.96495527986*x3/(x4 + 179.989276526659) + 1) + 0.763379237787913*(0.95996060635661 - x4)*(19.048381642089*x1*x4*(x4 + 1)/(372.96495527986*x3/(x4 + 179.989276526659) + 1) + 0.163223407236311*x1 + 4.36506648180042*x2)",
    "loss": 0.09698804311487257,
    "nmse_train": 0.009955662846000048,
    "nmse_val": 0.048854909361239894,
    "mean_nmse_val": 0.048854909361239894,
    "mean_raw_nmse_val": 0.048854909361239894,
    "scored_loss_val": 0.09698804311487257,
    "mean_scored_loss_val": 0.09698804311487257,
    "shape_loss_val": 0.2413874443757706,
    "shape_loss_weight": 0.25,
    "heldout_curve_nmse": 0.048854909361239894,
    "heldout_curve_scored_loss": 0.09698804311487257,
    "heldout_curve_shape_loss": 0.2413874443757706,
    "eval_only_nmse": NaN,
    "eval_only_scored_loss": NaN,
    "eval_only_shape_loss": NaN,
    "combined_score": 0.9115869642120462,
    "fit_score": 0.9115869642120462,
    "eval_time": 27.321240186691284,
    "n_datasets": 1,
    "n_successful": 1,
    "eval_workers": 8,
    "hard_cases": [
      {
        "dataset": "Abeta42/inhibition_constraints",
        "scored_loss_val": 0.09698804311487257,
        "nmse_val": 0.048854909361239894,
        "shape_loss_val": 0.2413874443757706,
        "evaluation_only": false
      }
    ],
    "hard_case_feedback": "Abeta42/inhibition_constraints scored=0.09699 (nmse=0.04885, shape=0.2414)",
    "validation_semantics_feedback": "heldout_curve_scored_loss=0.09699, heldout_curve_nmse=0.04885, heldout_curve_shape=0.2414; eval_only_fit_score_scored_loss=nan, eval_only_nmse=nan, eval_only_shape=nan",
    "per_dataset": {
      "Abeta42/inhibition_constraints": {
        "nmse_train": 0.009955662846000048,
        "nmse_val": 0.048854909361239894,
        "shape_loss_val": 0.2413874443757706,
        "scored_loss_val": 0.09698804311487257,
        "n_val_points": 3610,
        "evaluation_only": false,
        "combined_score": 0.9115869642120462,
        "equation": "d(c)/dt = 1.65947381013908*x4*(0.95996060635661 - x4)/(372.96495527986*x3/(x4 + 179.989276526659) + 1) + 0.763379237787913*(0.95996060635661 - x4)*(19.048381642089*x1*x4*(x4 + 1)/(372.96495527986*x3/(x4 + 179.989276526659) + 1) + 0.163223407236311*x1 + 4.36506648180042*x2)",
        "equation_template": "d(c)/dt = c4**2*(c0 - x4)*(c1**2*x1 + c2**2*x2 + c3**2*x1*x4*(x4 + 1)/(c6**2*x3/(c7**2 + x4) + 1)) + c5**2*x4*(c0 - x4)/(c6**2*x3/(c7**2 + x4) + 1)",
        "constants": {
          "c0": 0.9599606063566103,
          "c1": 0.4040091672676641,
          "c2": 2.0892741519007063,
          "c3": 4.364445170017485,
          "c4": 0.8737157648731725,
          "c5": 1.2882056552193375,
          "c6": 19.31230062110311,
          "c7": 13.416008218790658
        }
      }
    },
    "error": ""
  },
  "saved_at": 1784478915.090219
}