{
  "program_id": "283ad6eb-6159-4487-9eb9-0db639c8baf1",
  "iteration_found": 8,
  "dataset": "Abeta42/inhibition_constraints",
  "plot": "outputs_diff_inhibited_norm/adaevolve/disease_relevant_inhibited_all_normalized_ode_0721_0426/checkpoints/checkpoint_8/iteration_8_best_validation_curves.svg",
  "metrics": {
    "equation": "d(c)/dt = (0.323858319307458*x1 + 3.43045023765364e-6*x2 - x4)*(164.039931236676*x1*x4**2/((5.14989651164708*x4 + 1)*(2.38041123842604*x3*x4 + 0.622122718923823*x3 + 1)) + 3.15074474797712e-10*x1 + 0.991709836810859*x2 + 0.991709836810859*x4)",
    "loss": 0.048443835665786944,
    "nmse_train": 0.009021980202133923,
    "nmse_val": 0.006384533565371218,
    "mean_nmse_val": 0.006384533565371218,
    "mean_raw_nmse_val": 0.006384533565371218,
    "scored_loss_val": 0.048443835665786944,
    "mean_scored_loss_val": 0.048443835665786944,
    "shape_loss_val": 0.17462174196703412,
    "shape_loss_weight": 0.25,
    "heldout_curve_nmse": 0.006384533565371218,
    "heldout_curve_scored_loss": 0.048443835665786944,
    "heldout_curve_shape_loss": 0.17462174196703412,
    "eval_only_nmse": NaN,
    "eval_only_scored_loss": NaN,
    "eval_only_shape_loss": NaN,
    "combined_score": 0.953794534320454,
    "fit_score": 0.953794534320454,
    "eval_time": 63.60607385635376,
    "n_datasets": 1,
    "n_successful": 1,
    "eval_workers": 8,
    "hard_cases": [
      {
        "dataset": "Abeta42/inhibition_constraints",
        "scored_loss_val": 0.048443835665786944,
        "nmse_val": 0.006384533565371218,
        "shape_loss_val": 0.17462174196703412,
        "evaluation_only": false
      }
    ],
    "hard_case_feedback": "Abeta42/inhibition_constraints scored=0.04844 (nmse=0.006385, shape=0.1746)",
    "validation_semantics_feedback": "heldout_curve_scored_loss=0.04844, heldout_curve_nmse=0.006385, heldout_curve_shape=0.1746; eval_only_fit_score_scored_loss=nan, eval_only_nmse=nan, eval_only_shape=nan",
    "per_dataset": {
      "Abeta42/inhibition_constraints": {
        "nmse_train": 0.009021980202133923,
        "nmse_val": 0.006384533565371218,
        "shape_loss_val": 0.17462174196703412,
        "scored_loss_val": 0.048443835665786944,
        "n_val_points": 1805,
        "evaluation_only": false,
        "combined_score": 0.953794534320454,
        "equation": "d(c)/dt = (0.323858319307458*x1 + 3.43045023765364e-6*x2 - x4)*(164.039931236676*x1*x4**2/((5.14989651164708*x4 + 1)*(2.38041123842604*x3*x4 + 0.622122718923823*x3 + 1)) + 3.15074474797712e-10*x1 + 0.991709836810859*x2 + 0.991709836810859*x4)",
        "equation_template": "d(c)/dt = (c0**2*x1 + c1**2*x2 - x4)*(c2**2*x1 + c3**2*(x2 + x4) + c4**2*x1*x4**2/((c5**2*x4 + 1)*(c6**2*x3 + c7**2*x3*x4 + 1)))",
        "constants": {
          "c0": 0.5690855114193802,
          "c1": 0.0018521474664976423,
          "c2": -1.7750337315040298e-05,
          "c3": 0.9958462917593551,
          "c4": 12.807807432838628,
          "c5": 2.269338342259057,
          "c6": -0.7887475634978679,
          "c7": 1.5428581394366891
        }
      }
    },
    "error": ""
  },
  "saved_at": 1784589723.474663
}