{
  "id": "b23c3862-1de5-4aca-9adf-50818b0cf507",
  "generation": 4,
  "iteration": 27,
  "current_iteration": 29,
  "metrics": {
    "equation": "d(c)/dt = (0.921883151422562 - x4)*(654726.143920744*x2 + 1)*(23059293.3294862*x1*x4**2/(4157440.7504161*x3*x4 + x4**2 + 0.30171456322223) + 524156.939412254*x1)",
    "loss": 0.13311427913847004,
    "nmse_train": 0.07233266847773438,
    "nmse_val": 0.08193138490103787,
    "mean_nmse_val": 0.08193138490103787,
    "mean_raw_nmse_val": 0.08193138490103787,
    "scored_loss_val": 0.13311427913847004,
    "mean_scored_loss_val": 0.13311427913847004,
    "shape_loss_val": 0.28666296185076656,
    "shape_loss_weight": 0.25,
    "heldout_curve_nmse": 0.08193138490103787,
    "heldout_curve_scored_loss": 0.13311427913847004,
    "heldout_curve_shape_loss": 0.28666296185076656,
    "eval_only_nmse": NaN,
    "eval_only_scored_loss": NaN,
    "eval_only_shape_loss": NaN,
    "combined_score": 0.88252351806944,
    "fit_score": 0.88252351806944,
    "eval_time": 19.251154899597168,
    "n_datasets": 1,
    "n_successful": 1,
    "eval_workers": 8,
    "hard_cases": [
      {
        "dataset": "Abeta42/inhibition_constraints",
        "scored_loss_val": 0.13311427913847004,
        "nmse_val": 0.08193138490103787,
        "shape_loss_val": 0.28666296185076656,
        "evaluation_only": false
      }
    ],
    "hard_case_feedback": "Abeta42/inhibition_constraints scored=0.1331 (nmse=0.08193, shape=0.2867)",
    "validation_semantics_feedback": "heldout_curve_scored_loss=0.1331, heldout_curve_nmse=0.08193, heldout_curve_shape=0.2867; eval_only_fit_score_scored_loss=nan, eval_only_nmse=nan, eval_only_shape=nan",
    "per_dataset": {
      "Abeta42/inhibition_constraints": {
        "nmse_train": 0.07233266847773438,
        "nmse_val": 0.08193138490103787,
        "shape_loss_val": 0.28666296185076656,
        "scored_loss_val": 0.13311427913847004,
        "n_val_points": 12274,
        "evaluation_only": false,
        "combined_score": 0.88252351806944,
        "equation": "d(c)/dt = (0.921883151422562 - x4)*(654726.143920744*x2 + 1)*(23059293.3294862*x1*x4**2/(4157440.7504161*x3*x4 + x4**2 + 0.30171456322223) + 524156.939412254*x1)",
        "equation_template": "d(c)/dt = (c0 - x4)*(c1**2*x1 + c2**2*x1*x4**2/(c3**2 + c4**2*x3*x4 + x4**2))*(c6**2*x2 + 1)",
        "constants": {
          "c0": 0.9218831514225619,
          "c1": 723.9868364910053,
          "c2": 4802.009301270273,
          "c3": -0.5492855024686432,
          "c4": -2038.9803212429736,
          "c5": 550.9249014960258,
          "c6": 809.1514962729437
        }
      }
    },
    "error": ""
  },
  "language": "python",
  "timestamp": 1784471017.523082,
  "saved_at": 1784471194.8066208
}