{
  "program_id": "a1c6201e-0893-4903-9949-6f31d305e7ab",
  "iteration_found": 29,
  "dataset": "Abeta42/inhibition_constraints",
  "plot": "outputs_diff_inhibited_norm/adaevolve/disease_relevant_inhibited_all_normalized_ode_0719_1838/checkpoints/checkpoint_29/iteration_29_best_validation_curves.svg",
  "metrics": {
    "equation": "d(c)/dt = (0.922227659090202 - x4)*(15346035.0953172*x1*x4*(854304.943201636*x2 + 1)/(2921.15169338878*x3*x4 + 2039864.28619835*x3 + 1) + 2684.7305970821*x1 + 0.854238822596006)",
    "loss": 0.13690612157296722,
    "nmse_train": 0.06629272927170289,
    "nmse_val": 0.08602119728511388,
    "mean_nmse_val": 0.08602119728511388,
    "mean_raw_nmse_val": 0.08602119728511388,
    "scored_loss_val": 0.13690612157296722,
    "mean_scored_loss_val": 0.13690612157296722,
    "shape_loss_val": 0.2895608944365272,
    "shape_loss_weight": 0.25,
    "heldout_curve_nmse": 0.08602119728511388,
    "heldout_curve_scored_loss": 0.13690612157296722,
    "heldout_curve_shape_loss": 0.2895608944365272,
    "eval_only_nmse": NaN,
    "eval_only_scored_loss": NaN,
    "eval_only_shape_loss": NaN,
    "combined_score": 0.8795800999087324,
    "fit_score": 0.8795800999087324,
    "eval_time": 13.313047170639038,
    "n_datasets": 1,
    "n_successful": 1,
    "eval_workers": 8,
    "hard_cases": [
      {
        "dataset": "Abeta42/inhibition_constraints",
        "scored_loss_val": 0.13690612157296722,
        "nmse_val": 0.08602119728511388,
        "shape_loss_val": 0.2895608944365272,
        "evaluation_only": false
      }
    ],
    "hard_case_feedback": "Abeta42/inhibition_constraints scored=0.1369 (nmse=0.08602, shape=0.2896)",
    "validation_semantics_feedback": "heldout_curve_scored_loss=0.1369, heldout_curve_nmse=0.08602, heldout_curve_shape=0.2896; eval_only_fit_score_scored_loss=nan, eval_only_nmse=nan, eval_only_shape=nan",
    "per_dataset": {
      "Abeta42/inhibition_constraints": {
        "nmse_train": 0.06629272927170289,
        "nmse_val": 0.08602119728511388,
        "shape_loss_val": 0.2895608944365272,
        "scored_loss_val": 0.13690612157296722,
        "n_val_points": 12274,
        "evaluation_only": false,
        "combined_score": 0.8795800999087324,
        "equation": "d(c)/dt = (0.922227659090202 - x4)*(15346035.0953172*x1*x4*(854304.943201636*x2 + 1)/(2921.15169338878*x3*x4 + 2039864.28619835*x3 + 1) + 2684.7305970821*x1 + 0.854238822596006)",
        "equation_template": "d(c)/dt = (c0 - x4)*(c1**2 + c2**2*x1 + c3**2*x1*x4*(c4**2*x2 + 1)/(c5**2*x3 + c6**2*x3*x4 + 1))",
        "constants": {
          "c0": 0.9222276590902021,
          "c1": 0.9242504111960166,
          "c2": 51.81438600506717,
          "c3": 3917.4015744262447,
          "c4": -924.2861803584624,
          "c5": -1428.2381755849917,
          "c6": 54.04767981503723
        }
      }
    },
    "error": ""
  },
  "saved_at": 1784471194.857993
}