{
  "program_id": "4d10a965-8393-420b-aefe-c0fc20362581",
  "iteration_found": 27,
  "dataset": "Abeta42/inhibition_constraints",
  "plot": "outputs_diff_inhibited_norm/adaevolve/disease_relevant_inhibited_all_normalized_ode_0704_1057/checkpoints/checkpoint_27/iteration_27_best_validation_curves.svg",
  "metrics": {
    "equation": "d(c)/dt = (0.921409664201129 - x4)*(9142512.64909722*x1*(362938.834625804*x2 + x4 + 0.001)**(345224.4569148*x3 + 1) + 3190740.73672521*x1/(89502698.3280422*x3 + 1))",
    "loss": 0.14547199088881746,
    "nmse_train": 0.0702256758261516,
    "nmse_val": 0.09552705140643176,
    "mean_nmse_val": 0.09552705140643176,
    "mean_raw_nmse_val": 0.09552705140643176,
    "scored_loss_val": 0.14547199088881746,
    "mean_scored_loss_val": 0.14547199088881746,
    "shape_loss_val": 0.2953068093359745,
    "shape_loss_weight": 0.25,
    "heldout_curve_nmse": 0.09552705140643176,
    "heldout_curve_scored_loss": 0.14547199088881746,
    "heldout_curve_shape_loss": 0.2953068093359745,
    "eval_only_nmse": NaN,
    "eval_only_scored_loss": NaN,
    "eval_only_shape_loss": NaN,
    "combined_score": 0.8730025770635039,
    "fit_score": 0.8730025770635039,
    "eval_time": 18.26975989341736,
    "n_datasets": 1,
    "n_successful": 1,
    "eval_workers": 8,
    "hard_cases": [
      {
        "dataset": "Abeta42/inhibition_constraints",
        "scored_loss_val": 0.14547199088881746,
        "nmse_val": 0.09552705140643176,
        "shape_loss_val": 0.2953068093359745,
        "evaluation_only": false
      }
    ],
    "hard_case_feedback": "Abeta42/inhibition_constraints scored=0.1455 (nmse=0.09553, shape=0.2953)",
    "validation_semantics_feedback": "heldout_curve_scored_loss=0.1455, heldout_curve_nmse=0.09553, heldout_curve_shape=0.2953; eval_only_fit_score_scored_loss=nan, eval_only_nmse=nan, eval_only_shape=nan",
    "per_dataset": {
      "Abeta42/inhibition_constraints": {
        "nmse_train": 0.0702256758261516,
        "nmse_val": 0.09552705140643176,
        "shape_loss_val": 0.2953068093359745,
        "scored_loss_val": 0.14547199088881746,
        "n_val_points": 12274,
        "evaluation_only": false,
        "combined_score": 0.8730025770635039,
        "equation": "d(c)/dt = (0.921409664201129 - x4)*(9142512.64909722*x1*(362938.834625804*x2 + x4 + 0.001)**(345224.4569148*x3 + 1) + 3190740.73672521*x1/(89502698.3280422*x3 + 1))",
        "equation_template": "d(c)/dt = (c3 - x4)*(c0**2*x1/(c4**2*x3 + 1) + c1**2*x1*(c2**2*x2 + x4 + 0.001)**(c5**2*x3 + 1))",
        "constants": {
          "c0": 1786.2644643851615,
          "c1": -3023.658818236148,
          "c2": 602.444051033624,
          "c3": 0.9214096642011291,
          "c4": 9460.586574205758,
          "c5": -587.5580455706483
        }
      }
    },
    "error": ""
  },
  "saved_at": 1783148401.421664
}