{
  "id": "64957182-bb3f-45a2-92a6-50402c0c5092",
  "generation": 2,
  "iteration": 4,
  "current_iteration": 8,
  "metrics": {
    "combined_score": 0.9161360625088036,
    "n_stage1_datasets": 8.0,
    "n_stage1_successful": 8.0,
    "eval_workers": 8.0,
    "stage1_full_selected_datasets": 1.0,
    "cascade_stage1_time_seconds": 3.379868745803833,
    "cascade_stage1_threshold": 0.15,
    "cascade_stage1_passed": 1.0,
    "loss": 0.053336987256439185,
    "complexity": 28.0,
    "nmse_train": 0.011705879587283337,
    "nmse_val": 0.053336987256439185,
    "mean_nmse_val": 0.053336987256439185,
    "mean_raw_nmse_val": 0.053336987256439185,
    "fit_score": 0.9493637953459105,
    "parsimony_weight": 0.2,
    "parsimony_penalty_factor": 0.965,
    "eval_time": 42.22706198692322,
    "n_datasets": 22.0,
    "n_successful": 22.0,
    "cascade_stage2_time_seconds": 42.2275390625,
    "cascade_total_time_seconds": 45.60740780830383,
    "cascade_stage1_combined_score": 0.7382569213368708
  },
  "language": "python",
  "timestamp": 1781682660.675131,
  "saved_at": 1781683373.8782914
}