{
  "program_id": "1866fb04-902d-4baa-97d9-28eb3b2c7ea6",
  "iteration_found": 21,
  "dataset": "Abeta42/inhibition_constraints",
  "plot": "outputs_diff_inhibited_norm/adaevolve/disease_relevant_inhibited_all_normalized_ode_0704_1057/checkpoints/checkpoint_21/iteration_21_best_validation_curves.svg",
  "metrics": {
    "equation": "d(c)/dt = (0.922177597170527 - x4)*(15374221.862331*x1*x4*(856724.257332665*x2 + 1)/(2040918.57689095*x3 + 1) + 433.726959029722*x1/(2040918.57689095*x3 + 1) + 0.857756340154559)",
    "loss": 0.13696843997049463,
    "nmse_train": 0.0662914305219513,
    "nmse_val": 0.08612409134620473,
    "mean_nmse_val": 0.08612409134620473,
    "mean_raw_nmse_val": 0.08612409134620473,
    "scored_loss_val": 0.13696843997049463,
    "mean_scored_loss_val": 0.13696843997049463,
    "shape_loss_val": 0.28950148584336427,
    "shape_loss_weight": 0.25,
    "heldout_curve_nmse": 0.08612409134620473,
    "heldout_curve_scored_loss": 0.13696843997049463,
    "heldout_curve_shape_loss": 0.28950148584336427,
    "eval_only_nmse": NaN,
    "eval_only_scored_loss": NaN,
    "eval_only_shape_loss": NaN,
    "combined_score": 0.8795318892281222,
    "fit_score": 0.8795318892281222,
    "eval_time": 65.51364302635193,
    "n_datasets": 1,
    "n_successful": 1,
    "eval_workers": 8,
    "hard_cases": [
      {
        "dataset": "Abeta42/inhibition_constraints",
        "scored_loss_val": 0.13696843997049463,
        "nmse_val": 0.08612409134620473,
        "shape_loss_val": 0.28950148584336427,
        "evaluation_only": false
      }
    ],
    "hard_case_feedback": "Abeta42/inhibition_constraints scored=0.137 (nmse=0.08612, shape=0.2895)",
    "validation_semantics_feedback": "heldout_curve_scored_loss=0.137, heldout_curve_nmse=0.08612, heldout_curve_shape=0.2895; eval_only_fit_score_scored_loss=nan, eval_only_nmse=nan, eval_only_shape=nan",
    "per_dataset": {
      "Abeta42/inhibition_constraints": {
        "nmse_train": 0.0662914305219513,
        "nmse_val": 0.08612409134620473,
        "shape_loss_val": 0.28950148584336427,
        "scored_loss_val": 0.13696843997049463,
        "n_val_points": 12274,
        "evaluation_only": false,
        "combined_score": 0.8795318892281222,
        "equation": "d(c)/dt = (0.922177597170527 - x4)*(15374221.862331*x1*x4*(856724.257332665*x2 + 1)/(2040918.57689095*x3 + 1) + 433.726959029722*x1/(2040918.57689095*x3 + 1) + 0.857756340154559)",
        "equation_template": "d(c)/dt = (c5 - x4)*(c0**2 + c1**2*x1/(c3**2*x3 + 1) + c2**2*x1*x4*(c4**2*x2 + 1)/(c3**2*x3 + 1))",
        "constants": {
          "c0": 0.9261513592035371,
          "c1": 20.826112431985994,
          "c2": 3920.9975595925785,
          "c3": 1428.6072157492924,
          "c4": 925.5940024290699,
          "c5": 0.9221775971705275
        }
      }
    },
    "error": ""
  },
  "saved_at": 1783147517.186414
}