{
  "id": "070102ae-9151-4dcb-a1b5-1c7c982399af",
  "generation": 1,
  "iteration": 3,
  "current_iteration": 3,
  "metrics": {
    "combined_score": 0.9010534213263435,
    "n_stage1_datasets": 8.0,
    "n_stage1_successful": 8.0,
    "eval_workers": 8.0,
    "stage1_full_selected_datasets": 1.0,
    "cascade_stage1_time_seconds": 96.46255373954773,
    "cascade_stage1_threshold": 0.15,
    "cascade_stage1_passed": 1.0,
    "loss": 0.07790501319036965,
    "complexity": 23.0,
    "nmse_train": 0.02351841857208895,
    "nmse_val": 0.07790501319036965,
    "mean_nmse_val": 0.07790501319036965,
    "mean_raw_nmse_val": 0.07790501319036965,
    "fit_score": 0.9277255303231337,
    "parsimony_weight": 0.2,
    "parsimony_penalty_factor": 0.97125,
    "eval_time": 289.424688577652,
    "n_datasets": 22.0,
    "n_successful": 22.0,
    "cascade_stage2_time_seconds": 289.42581009864807,
    "cascade_total_time_seconds": 385.8883638381958,
    "cascade_stage1_combined_score": 0.8607138261447036
  },
  "language": "python",
  "timestamp": 1781878863.6522126,
  "saved_at": 1781878863.6582057
}