{
  "program_id": "260fe38e-ae9d-418f-9008-abc50debc7da",
  "iteration_found": 24,
  "dataset": "Abeta42/inhibition_constraints",
  "plot": "outputs_diff_inhibited_norm/adaevolve/disease_relevant_inhibited_all_normalized_ode_0719_1838/checkpoints/checkpoint_24/iteration_24_best_validation_curves.svg",
  "metrics": {
    "equation": "d(c)/dt = (0.91687214039352 - x4)*(138.575229356308*x1*x4*(0.269387464350506*x2 + 1)/((x1 + 7.55693578628069e-6)*(9.05273632031159*x3*x4 + 22.9993150663598*x3 + 1)) + 0.00410552850970578*x1/(x1 + 7.55693578628069e-6))",
    "loss": 0.19768352938444889,
    "nmse_train": 0.28968834577982344,
    "nmse_val": 0.16166041614134086,
    "mean_nmse_val": 0.16166041614134086,
    "mean_raw_nmse_val": 0.16166041614134086,
    "scored_loss_val": 0.19768352938444889,
    "mean_scored_loss_val": 0.19768352938444889,
    "shape_loss_val": 0.305752869113773,
    "shape_loss_weight": 0.25,
    "heldout_curve_nmse": 0.16166041614134086,
    "heldout_curve_scored_loss": 0.19768352938444889,
    "heldout_curve_shape_loss": 0.305752869113773,
    "eval_only_nmse": NaN,
    "eval_only_scored_loss": NaN,
    "eval_only_shape_loss": NaN,
    "combined_score": 0.8349451048341221,
    "fit_score": 0.8349451048341221,
    "eval_time": 62.29004383087158,
    "n_datasets": 1,
    "n_successful": 1,
    "eval_workers": 8,
    "hard_cases": [
      {
        "dataset": "Abeta42/inhibition_constraints",
        "scored_loss_val": 0.19768352938444889,
        "nmse_val": 0.16166041614134086,
        "shape_loss_val": 0.305752869113773,
        "evaluation_only": false
      }
    ],
    "hard_case_feedback": "Abeta42/inhibition_constraints scored=0.1977 (nmse=0.1617, shape=0.3058)",
    "validation_semantics_feedback": "heldout_curve_scored_loss=0.1977, heldout_curve_nmse=0.1617, heldout_curve_shape=0.3058; eval_only_fit_score_scored_loss=nan, eval_only_nmse=nan, eval_only_shape=nan",
    "per_dataset": {
      "Abeta42/inhibition_constraints": {
        "nmse_train": 0.28968834577982344,
        "nmse_val": 0.16166041614134086,
        "shape_loss_val": 0.305752869113773,
        "scored_loss_val": 0.19768352938444889,
        "n_val_points": 12274,
        "evaluation_only": false,
        "combined_score": 0.8349451048341221,
        "equation": "d(c)/dt = (0.91687214039352 - x4)*(138.575229356308*x1*x4*(0.269387464350506*x2 + 1)/((x1 + 7.55693578628069e-6)*(9.05273632031159*x3*x4 + 22.9993150663598*x3 + 1)) + 0.00410552850970578*x1/(x1 + 7.55693578628069e-6))",
        "equation_template": "d(c)/dt = (c0 - x4)*(c2**2*x1/(c1**2 + x1) + c3**2*x1*x4*(c4**2*x2 + 1)/((c1**2 + x1)*(c5**2*x3 + c6**2*x3*x4 + 1)))",
        "constants": {
          "c0": 0.9168721403935196,
          "c1": 0.0027489881386213166,
          "c2": 0.06407439823912343,
          "c3": 11.771798051118122,
          "c4": 0.5190254948945249,
          "c5": 4.7957601135127454,
          "c6": 3.0087765487506033
        }
      }
    },
    "error": ""
  },
  "saved_at": 1784470628.3777559
}