{
  "program_id": "ce320152-69de-42c9-aca3-37dead8cc570",
  "iteration_found": 10,
  "dataset": "Abeta42/inhibition_constraints",
  "plot": "outputs_diff_inhibited_norm/adaevolve/disease_relevant_inhibited_all_normalized_ode_0720_0357/checkpoints/checkpoint_10/iteration_10_best_validation_curves.svg",
  "metrics": {
    "equation": "d(c)/dt = 0.560862126686443*x0*x4 + (-x4 + 0.966149778607377/(0.005676871216203*x3 + 1))*(12.0019852059483*x1*x4*(1.44303201333676e-6*x2 + x4 + 1)/(0.022013318301719*x1*x3 + 0.968845617550195*x3 + 1) + 6.29648744026415e-6*x1/(0.022013318301719*x1*x3 + 0.968845617550195*x3 + 1) + 0.639842352398732*x2 + 0.0126651184138039)",
    "loss": 0.04842705690440871,
    "nmse_train": 0.010519192998881119,
    "nmse_val": 0.005792163334318165,
    "mean_nmse_val": 0.005792163334318165,
    "mean_raw_nmse_val": 0.005792163334318165,
    "scored_loss_val": 0.04842705690440871,
    "mean_scored_loss_val": 0.04842705690440871,
    "shape_loss_val": 0.17633173761468035,
    "shape_loss_weight": 0.25,
    "heldout_curve_nmse": 0.005792163334318165,
    "heldout_curve_scored_loss": 0.04842705690440871,
    "heldout_curve_shape_loss": 0.17633173761468035,
    "eval_only_nmse": NaN,
    "eval_only_scored_loss": NaN,
    "eval_only_shape_loss": NaN,
    "combined_score": 0.9538097986068819,
    "fit_score": 0.9538097986068819,
    "eval_time": 19.01576018333435,
    "n_datasets": 1,
    "n_successful": 1,
    "eval_workers": 8,
    "hard_cases": [
      {
        "dataset": "Abeta42/inhibition_constraints",
        "scored_loss_val": 0.04842705690440871,
        "nmse_val": 0.005792163334318165,
        "shape_loss_val": 0.17633173761468035,
        "evaluation_only": false
      }
    ],
    "hard_case_feedback": "Abeta42/inhibition_constraints scored=0.04843 (nmse=0.005792, shape=0.1763)",
    "validation_semantics_feedback": "heldout_curve_scored_loss=0.04843, heldout_curve_nmse=0.005792, heldout_curve_shape=0.1763; eval_only_fit_score_scored_loss=nan, eval_only_nmse=nan, eval_only_shape=nan",
    "per_dataset": {
      "Abeta42/inhibition_constraints": {
        "nmse_train": 0.010519192998881119,
        "nmse_val": 0.005792163334318165,
        "shape_loss_val": 0.17633173761468035,
        "scored_loss_val": 0.04842705690440871,
        "n_val_points": 1805,
        "evaluation_only": false,
        "combined_score": 0.9538097986068819,
        "equation": "d(c)/dt = 0.560862126686443*x0*x4 + (-x4 + 0.966149778607377/(0.005676871216203*x3 + 1))*(12.0019852059483*x1*x4*(1.44303201333676e-6*x2 + x4 + 1)/(0.022013318301719*x1*x3 + 0.968845617550195*x3 + 1) + 6.29648744026415e-6*x1/(0.022013318301719*x1*x3 + 0.968845617550195*x3 + 1) + 0.639842352398732*x2 + 0.0126651184138039)",
        "equation_template": "d(c)/dt = -c6*x0*x4 + (c0/(c1**2*x3 + 1) - x4)*(c2**2 + c3**2*x1/(c7**2*x3 + c8**2*x1*x3 + 1) + c4**2*x2 + c5**2*x1*x4*(c9**2*x2 + x4 + 1)/(c7**2*x3 + c8**2*x1*x3 + 1))",
        "constants": {
          "c0": 0.9661497786073775,
          "c1": -0.0753450145411294,
          "c2": 0.11253940827018741,
          "c3": 0.002509280263395093,
          "c4": 0.7999014641808904,
          "c5": 3.4643881430850505,
          "c6": -0.5608621266864428,
          "c7": 0.9842995568170264,
          "c8": 0.14836885893515203,
          "c9": 0.0012012626745790285
        }
      }
    },
    "error": ""
  },
  "saved_at": 1784501499.6506739
}