{
  "program_id": "f5f7cf84-12c4-4630-aec8-cd503f8d3a25",
  "iteration_found": 13,
  "dataset": "Abeta42/inhibition_constraints",
  "plot": "outputs_diff_inhibited_norm/adaevolve/disease_relevant_inhibited_all_normalized_ode_0720_0357/checkpoints/checkpoint_13/iteration_13_best_validation_curves.svg",
  "metrics": {
    "equation": "d(c)/dt = -4.56020453207932e-8*x0*x4 + (0.970457094082195 - x4)*(10.6528936406831*x1*x4*(0.941786971454458*x2 + x4 + 1)/(0.258970916431524*x1*x3 + 0.741914818196543*x3 + 1) + 0.132746368101432*x1 + 3.75169132290778e-5*x2 + 0.522068613961544)",
    "loss": 0.045909619207415105,
    "nmse_train": 0.015302416482250763,
    "nmse_val": 0.003769834586623145,
    "mean_nmse_val": 0.003769834586623145,
    "mean_raw_nmse_val": 0.003769834586623145,
    "scored_loss_val": 0.045909619207415105,
    "mean_scored_loss_val": 0.045909619207415105,
    "shape_loss_val": 0.17232897306979097,
    "shape_loss_weight": 0.25,
    "heldout_curve_nmse": 0.003769834586623145,
    "heldout_curve_scored_loss": 0.045909619207415105,
    "heldout_curve_shape_loss": 0.17232897306979097,
    "eval_only_nmse": NaN,
    "eval_only_scored_loss": NaN,
    "eval_only_shape_loss": NaN,
    "combined_score": 0.9561055579140718,
    "fit_score": 0.9561055579140718,
    "eval_time": 6.176689147949219,
    "n_datasets": 1,
    "n_successful": 1,
    "eval_workers": 8,
    "hard_cases": [
      {
        "dataset": "Abeta42/inhibition_constraints",
        "scored_loss_val": 0.045909619207415105,
        "nmse_val": 0.003769834586623145,
        "shape_loss_val": 0.17232897306979097,
        "evaluation_only": false
      }
    ],
    "hard_case_feedback": "Abeta42/inhibition_constraints scored=0.04591 (nmse=0.00377, shape=0.1723)",
    "validation_semantics_feedback": "heldout_curve_scored_loss=0.04591, heldout_curve_nmse=0.00377, heldout_curve_shape=0.1723; eval_only_fit_score_scored_loss=nan, eval_only_nmse=nan, eval_only_shape=nan",
    "per_dataset": {
      "Abeta42/inhibition_constraints": {
        "nmse_train": 0.015302416482250763,
        "nmse_val": 0.003769834586623145,
        "shape_loss_val": 0.17232897306979097,
        "scored_loss_val": 0.045909619207415105,
        "n_val_points": 1805,
        "evaluation_only": false,
        "combined_score": 0.9561055579140718,
        "equation": "d(c)/dt = -4.56020453207932e-8*x0*x4 + (0.970457094082195 - x4)*(10.6528936406831*x1*x4*(0.941786971454458*x2 + x4 + 1)/(0.258970916431524*x1*x3 + 0.741914818196543*x3 + 1) + 0.132746368101432*x1 + 3.75169132290778e-5*x2 + 0.522068613961544)",
        "equation_template": "d(c)/dt = -c7**2*x0*x4 + (c0 - x4)*(c3**2 + c4**2*x1 + c5**2*x2 + c6**2*x1*x4*(c0**2*x2 + x4 + 1)/(c1**2*x3 + c2**2*x1*x3 + 1))",
        "constants": {
          "c0": 0.9704570940821946,
          "c1": 0.861344773128939,
          "c2": 0.5088918514100258,
          "c3": 0.7225431571619404,
          "c4": 0.3643437499140497,
          "c5": -0.0061251051606546125,
          "c6": 3.2638770872511604,
          "c7": 0.0002135463540330136
        }
      }
    },
    "error": ""
  },
  "saved_at": 1784501845.126948
}