{
  "program_id": "d0fb6de9-0772-42de-ae23-6e96a0308614",
  "iteration_found": 3,
  "dataset": "Abeta42/inhibition_constraints",
  "plot": "outputs_diff_inhibited_norm/adaevolve/disease_relevant_inhibited_all_normalized_ode_0720_0022/checkpoints/checkpoint_3/iteration_3_best_validation_curves.svg",
  "metrics": {
    "equation": "d(c)/dt = -0.661553494377818*x0*(0.962130932210617 - x4) + (0.962130932210617 - x4)*(7.12438169021404*x4*(1.19210993674003*x1 + 1)/(1.04176054609714*x3*x4 + 1) + (1.75610327986424*x1 + 46.0448209631176*x2 + 1.44877310499442e-5)/(17.578677329797*x3 + 1))",
    "loss": 0.10911250427115088,
    "nmse_train": 0.01735213844555609,
    "nmse_val": 0.06779157548329387,
    "mean_nmse_val": 0.06779157548329387,
    "mean_raw_nmse_val": 0.06779157548329387,
    "scored_loss_val": 0.10911250427115088,
    "mean_scored_loss_val": 0.10911250427115088,
    "shape_loss_val": 0.23307529063472193,
    "shape_loss_weight": 0.25,
    "heldout_curve_nmse": 0.06779157548329387,
    "heldout_curve_scored_loss": 0.10911250427115088,
    "heldout_curve_shape_loss": 0.23307529063472193,
    "eval_only_nmse": NaN,
    "eval_only_scored_loss": NaN,
    "eval_only_shape_loss": NaN,
    "combined_score": 0.9016217887266055,
    "fit_score": 0.9016217887266055,
    "eval_time": 43.45708107948303,
    "n_datasets": 1,
    "n_successful": 1,
    "eval_workers": 8,
    "hard_cases": [
      {
        "dataset": "Abeta42/inhibition_constraints",
        "scored_loss_val": 0.10911250427115088,
        "nmse_val": 0.06779157548329387,
        "shape_loss_val": 0.23307529063472193,
        "evaluation_only": false
      }
    ],
    "hard_case_feedback": "Abeta42/inhibition_constraints scored=0.1091 (nmse=0.06779, shape=0.2331)",
    "validation_semantics_feedback": "heldout_curve_scored_loss=0.1091, heldout_curve_nmse=0.06779, heldout_curve_shape=0.2331; eval_only_fit_score_scored_loss=nan, eval_only_nmse=nan, eval_only_shape=nan",
    "per_dataset": {
      "Abeta42/inhibition_constraints": {
        "nmse_train": 0.01735213844555609,
        "nmse_val": 0.06779157548329387,
        "shape_loss_val": 0.23307529063472193,
        "scored_loss_val": 0.10911250427115088,
        "n_val_points": 3610,
        "evaluation_only": false,
        "combined_score": 0.9016217887266055,
        "equation": "d(c)/dt = -0.661553494377818*x0*(0.962130932210617 - x4) + (0.962130932210617 - x4)*(7.12438169021404*x4*(1.19210993674003*x1 + 1)/(1.04176054609714*x3*x4 + 1) + (1.75610327986424*x1 + 46.0448209631176*x2 + 1.44877310499442e-5)/(17.578677329797*x3 + 1))",
        "equation_template": "d(c)/dt = c8*x0*(c0 - x4) + (c0 - x4)*(c5**2*x4*(c6**2*x1 + 1)/(c7**2*x3*x4 + 1) + (c1**2 + c2**2*x1 + c3**2*x2)/(c4**2*x3 + 1))",
        "constants": {
          "c0": 0.9621309322106166,
          "c1": 0.003806275219941956,
          "c2": 1.3251804706771988,
          "c3": 6.785633423868225,
          "c4": 4.192693326466534,
          "c5": 2.669153740460455,
          "c6": 1.0918378710871093,
          "c7": 1.0206667164638712,
          "c8": -0.661553494377818
        }
      }
    },
    "error": ""
  },
  "saved_at": 1784488037.81707
}