{
  "program_id": "5e492c73-7200-4ae8-98f8-1f3bddffaf50",
  "iteration_found": 6,
  "dataset": "Abeta42/inhibition_constraints",
  "plot": "outputs_diff_inhibited_norm/adaevolve/disease_relevant_inhibited_all_normalized_ode_0720_0022/checkpoints/checkpoint_6/iteration_6_best_validation_curves.svg",
  "metrics": {
    "equation": "d(c)/dt = (1.02430521209378*x1 - x4)*(4.07084743151242e-7*x1 + 4.83407902188169e-19*x2*x4 + 4.91770862864235e-18*x4**2/(0.0898186803667435*x3*x4 + 0.0894875610146349*x3 + 1) + 0.373554584991052)",
    "loss": 9.834223490236644,
    "nmse_train": 10.232748085863241,
    "nmse_val": 12.953469525890881,
    "mean_nmse_val": 12.953469525890881,
    "mean_raw_nmse_val": 12.953469525890881,
    "scored_loss_val": 9.834223490236644,
    "mean_scored_loss_val": 9.834223490236644,
    "shape_loss_val": 0.47648538327393963,
    "shape_loss_weight": 0.25,
    "heldout_curve_nmse": 12.953469525890881,
    "heldout_curve_scored_loss": 9.834223490236644,
    "heldout_curve_shape_loss": 0.47648538327393963,
    "eval_only_nmse": NaN,
    "eval_only_scored_loss": NaN,
    "eval_only_shape_loss": NaN,
    "combined_score": 0.09230010816198861,
    "fit_score": 0.09230010816198861,
    "eval_time": 33.075928926467896,
    "n_datasets": 1,
    "n_successful": 1,
    "eval_workers": 8,
    "hard_cases": [
      {
        "dataset": "Abeta42/inhibition_constraints",
        "scored_loss_val": 9.834223490236646,
        "nmse_val": 12.953469525890881,
        "shape_loss_val": 0.47648538327393963,
        "evaluation_only": false
      }
    ],
    "hard_case_feedback": "Abeta42/inhibition_constraints scored=9.834 (nmse=12.95, shape=0.4765)",
    "validation_semantics_feedback": "heldout_curve_scored_loss=9.834, heldout_curve_nmse=12.95, heldout_curve_shape=0.4765; eval_only_fit_score_scored_loss=nan, eval_only_nmse=nan, eval_only_shape=nan",
    "per_dataset": {
      "Abeta42/inhibition_constraints": {
        "nmse_train": 10.232748085863241,
        "nmse_val": 12.953469525890881,
        "shape_loss_val": 0.47648538327393963,
        "scored_loss_val": 9.834223490236646,
        "n_val_points": 3610,
        "evaluation_only": false,
        "combined_score": 0.0923001081619886,
        "equation": "d(c)/dt = (1.02430521209378*x1 - x4)*(4.07084743151242e-7*x1 + 4.83407902188169e-19*x2*x4 + 4.91770862864235e-18*x4**2/(0.0898186803667435*x3*x4 + 0.0894875610146349*x3 + 1) + 0.373554584991052)",
        "equation_template": "d(c)/dt = (c0*x1 - x4)*(c1**2*x2*x4 + c2**2*x4**2/(c4**2*x3 + c5**2*x3*x4 + 1) + c3**2 + c6**2*x1)",
        "constants": {
          "c0": 1.0243052120937772,
          "c1": 6.952754146294608e-10,
          "c2": 2.2175907261355405e-09,
          "c3": 0.6111911198561804,
          "c4": 0.2991447158393992,
          "c5": 0.29969764825027156,
          "c6": 0.0006380319295703323
        }
      }
    },
    "error": ""
  },
  "saved_at": 1784488327.3841522
}