{
  "program_id": "5feea682-1337-4965-88f7-cedf86c752f6",
  "iteration_found": 29,
  "dataset": "Abeta42/inhibition_constraints",
  "plot": "outputs_diff_inhibited_norm/adaevolve/disease_relevant_inhibited_all_normalized_ode_0720_0232/checkpoints/checkpoint_29/iteration_29_best_validation_curves.svg",
  "metrics": {
    "equation": "d(c)/dt = 1.76860678934007*x1*(-x4 + 0.98864310744732/(0.0269559503808091*x3 + 1))*(1.04627553778729*x2 + 6.89329126434129*x4 + 0.0221985257305774)/(0.141744029186559*x1 + 1)",
    "loss": 0.0752342608669099,
    "nmse_train": 0.06282872810541641,
    "nmse_val": 0.03711433192138033,
    "mean_nmse_val": 0.03711433192138033,
    "mean_raw_nmse_val": 0.03711433192138033,
    "scored_loss_val": 0.0752342608669099,
    "mean_scored_loss_val": 0.0752342608669099,
    "shape_loss_val": 0.18959404770349866,
    "shape_loss_weight": 0.25,
    "heldout_curve_nmse": 0.03711433192138033,
    "heldout_curve_scored_loss": 0.0752342608669099,
    "heldout_curve_shape_loss": 0.18959404770349866,
    "eval_only_nmse": NaN,
    "eval_only_scored_loss": NaN,
    "eval_only_shape_loss": NaN,
    "combined_score": 0.9300298887367557,
    "fit_score": 0.9300298887367557,
    "eval_time": 5.3564910888671875,
    "n_datasets": 1,
    "n_successful": 1,
    "eval_workers": 8,
    "hard_cases": [
      {
        "dataset": "Abeta42/inhibition_constraints",
        "scored_loss_val": 0.0752342608669099,
        "nmse_val": 0.03711433192138033,
        "shape_loss_val": 0.18959404770349866,
        "evaluation_only": false
      }
    ],
    "hard_case_feedback": "Abeta42/inhibition_constraints scored=0.07523 (nmse=0.03711, shape=0.1896)",
    "validation_semantics_feedback": "heldout_curve_scored_loss=0.07523, heldout_curve_nmse=0.03711, heldout_curve_shape=0.1896; eval_only_fit_score_scored_loss=nan, eval_only_nmse=nan, eval_only_shape=nan",
    "per_dataset": {
      "Abeta42/inhibition_constraints": {
        "nmse_train": 0.06282872810541641,
        "nmse_val": 0.03711433192138033,
        "shape_loss_val": 0.18959404770349866,
        "scored_loss_val": 0.0752342608669099,
        "n_val_points": 1805,
        "evaluation_only": false,
        "combined_score": 0.9300298887367557,
        "equation": "d(c)/dt = 1.76860678934007*x1*(-x4 + 0.98864310744732/(0.0269559503808091*x3 + 1))*(1.04627553778729*x2 + 6.89329126434129*x4 + 0.0221985257305774)/(0.141744029186559*x1 + 1)",
        "equation_template": "d(c)/dt = c5**2*x1*(c0/(c1**2*x3 + 1) - x4)*(c2**2 + c3**2*x4 + c4**2*x2)/(c6**2*x1 + 1)",
        "constants": {
          "c0": 0.9886431074473203,
          "c1": 0.16418267381428872,
          "c2": 0.14899169685112454,
          "c3": 2.6255078107561007,
          "c4": 1.022876110673865,
          "c5": 1.329889765860341,
          "c6": 0.3764890824267799
        }
      }
    },
    "error": ""
  },
  "saved_at": 1784497798.973079
}