{
  "id": "d50414b2-1bb2-4339-bf38-fd89cfce2b73",
  "generation": 2,
  "iteration": 6,
  "current_iteration": 10,
  "metrics": {
    "combined_score": 0.8012933636058568,
    "loss": 0.24798238125916114,
    "complexity": 0.0,
    "nmse_train": Infinity,
    "nmse_val": 0.24798238125916114,
    "eval_time": 24.04382610321045,
    "n_datasets": 60.0,
    "n_successful": 60.0
  },
  "language": "python",
  "timestamp": 1779966638.5021994,
  "saved_at": 1779966888.4512653
}