{
  "program_id": "140f11dc-bc33-4679-850f-c0d2f2b41d1a",
  "iteration_found": 20,
  "dataset": "Abeta42/inhibition_constraints",
  "plot": "outputs_diff_inhibited_norm/adaevolve/disease_relevant_inhibited_all_normalized_ode_0720_0232/checkpoints/checkpoint_20/iteration_20_best_validation_curves.svg",
  "metrics": {
    "equation": "d(c)/dt = 4.73312360305482e-6*x2*x4 + (0.970556208347818 - x4)*(0.206779739932288*x1*x2/(1.76285127111026e-9*x3 + 1) + 11.8609445180068*x1*x4*(x4 + 1)/((1.76285127111026e-9*x3 + 1)*(1.15953549220357e-8*x3**2 + 1.10134815726435*x3 + 1)) + 0.0327388971052907*x1/(1.76285127111026e-9*x3 + 1))",
    "loss": 0.04827906145103985,
    "nmse_train": 0.010688994351216164,
    "nmse_val": 0.005616397240212764,
    "mean_nmse_val": 0.005616397240212764,
    "mean_raw_nmse_val": 0.005616397240212764,
    "scored_loss_val": 0.04827906145103985,
    "mean_scored_loss_val": 0.04827906145103985,
    "shape_loss_val": 0.1762670540835211,
    "shape_loss_weight": 0.25,
    "heldout_curve_nmse": 0.005616397240212764,
    "heldout_curve_scored_loss": 0.04827906145103985,
    "heldout_curve_shape_loss": 0.1762670540835211,
    "eval_only_nmse": NaN,
    "eval_only_scored_loss": NaN,
    "eval_only_shape_loss": NaN,
    "combined_score": 0.9539444569423992,
    "fit_score": 0.9539444569423992,
    "eval_time": 11.765385866165161,
    "n_datasets": 1,
    "n_successful": 1,
    "eval_workers": 8,
    "hard_cases": [
      {
        "dataset": "Abeta42/inhibition_constraints",
        "scored_loss_val": 0.04827906145103985,
        "nmse_val": 0.005616397240212764,
        "shape_loss_val": 0.1762670540835211,
        "evaluation_only": false
      }
    ],
    "hard_case_feedback": "Abeta42/inhibition_constraints scored=0.04828 (nmse=0.005616, shape=0.1763)",
    "validation_semantics_feedback": "heldout_curve_scored_loss=0.04828, heldout_curve_nmse=0.005616, heldout_curve_shape=0.1763; eval_only_fit_score_scored_loss=nan, eval_only_nmse=nan, eval_only_shape=nan",
    "per_dataset": {
      "Abeta42/inhibition_constraints": {
        "nmse_train": 0.010688994351216164,
        "nmse_val": 0.005616397240212764,
        "shape_loss_val": 0.1762670540835211,
        "scored_loss_val": 0.04827906145103985,
        "n_val_points": 1805,
        "evaluation_only": false,
        "combined_score": 0.9539444569423992,
        "equation": "d(c)/dt = 4.73312360305482e-6*x2*x4 + (0.970556208347818 - x4)*(0.206779739932288*x1*x2/(1.76285127111026e-9*x3 + 1) + 11.8609445180068*x1*x4*(x4 + 1)/((1.76285127111026e-9*x3 + 1)*(1.15953549220357e-8*x3**2 + 1.10134815726435*x3 + 1)) + 0.0327388971052907*x1/(1.76285127111026e-9*x3 + 1))",
        "equation_template": "d(c)/dt = c7**2*x2*x4 + (c0 - x4)*(c2**2*x1/(c1**2*x3 + 1) + c3**2*x1*x2/(c1**2*x3 + 1) + c4**2*x1*x4*(x4 + 1)/((c1**2*x3 + 1)*(c5**2*x3 + c6**2*x3**2 + 1)))",
        "constants": {
          "c0": 0.9705562083478183,
          "c1": 4.19863224289799e-05,
          "c2": 0.18093893197786573,
          "c3": 0.45473040357148736,
          "c4": -3.443972200527583,
          "c5": 1.0494513601231574,
          "c6": 0.00010768172975038836,
          "c7": -0.0021755743156819125
        }
      }
    },
    "error": ""
  },
  "saved_at": 1784497006.315032
}