{
  "num_islands": 2,
  "current_island": 0,
  "iteration_count": 8,
  "global_best_score": 0.9161360625088036,
  "decay": 0.9,
  "intensity_min": 0.15,
  "intensity_max": 0.5,
  "migration_interval": 15,
  "diversity_strategy_type": "code",
  "use_unified_archive": true,
  "use_adaptive_search": true,
  "use_ucb_selection": true,
  "fixed_intensity": 0.4,
  "adapter": {
    "states": [
      {
        "accumulated_signal": 0.09001586781774304,
        "best_score": 0.9161360625088036,
        "improvement_count": 2,
        "total_evaluations": 6,
        "decay": 0.9,
        "epsilon": 1e-08,
        "intensity_min": 0.15,
        "intensity_max": 0.5
      },
      {
        "accumulated_signal": 0.0810086866166972,
        "best_score": 0.9161360625088036,
        "improvement_count": 2,
        "total_evaluations": 4,
        "decay": 0.9,
        "epsilon": 1e-08,
        "intensity_min": 0.15,
        "intensity_max": 0.5
      }
    ],
    "dimension_visits": [
      6,
      4
    ],
    "dimension_rewards": [
      0.6005664392371806,
      0.009438091428642029
    ],
    "decayed_visits": [
      4.68559,
      3.439
    ],
    "global_best_score": 0.9161360625088036,
    "ucb_exploration": 1.41,
    "min_visits": 3,
    "decay": 0.9,
    "epsilon": 1e-08
  },
  "island_config_names": [
    "balanced",
    "balanced"
  ],
  "islands": [
    [
      "5947d054-590f-4ef1-b030-f21d7dcb300f",
      "5b1b6676-fb3b-4fec-b1b4-8a2686ea046c",
      "6d8997e2-5fdf-4956-9a80-018cf00509f0",
      "c7777f55-ecd4-449d-8f6d-93c0b44e686a",
      "a53ffbd9-b077-4eda-b770-14b228877448",
      "af1744b2-7fb5-4f85-97bf-cbf2d6eac678"
    ],
    [
      "30630908-39e0-4e42-a224-587524d1f61f",
      "71bf8cf8-f314-492d-a197-86d1c6f7068a",
      "64957182-bb3f-45a2-92a6-50402c0c5092",
      "fc20bbd9-482f-410d-95de-26c28982db85",
      "94c92077-f5ba-47d4-8a7d-05b5e15c9ada"
    ]
  ],
  "archive_genealogies": [
    {
      "parents": {
        "5947d054-590f-4ef1-b030-f21d7dcb300f": [],
        "5b1b6676-fb3b-4fec-b1b4-8a2686ea046c": [
          "5947d054-590f-4ef1-b030-f21d7dcb300f"
        ],
        "6d8997e2-5fdf-4956-9a80-018cf00509f0": [
          "5947d054-590f-4ef1-b030-f21d7dcb300f"
        ],
        "c7777f55-ecd4-449d-8f6d-93c0b44e686a": [
          "5947d054-590f-4ef1-b030-f21d7dcb300f"
        ],
        "a53ffbd9-b077-4eda-b770-14b228877448": [
          "5b1b6676-fb3b-4fec-b1b4-8a2686ea046c"
        ],
        "af1744b2-7fb5-4f85-97bf-cbf2d6eac678": [
          "6d8997e2-5fdf-4956-9a80-018cf00509f0"
        ]
      },
      "children": {
        "5947d054-590f-4ef1-b030-f21d7dcb300f": [
          "5b1b6676-fb3b-4fec-b1b4-8a2686ea046c",
          "6d8997e2-5fdf-4956-9a80-018cf00509f0",
          "c7777f55-ecd4-449d-8f6d-93c0b44e686a"
        ],
        "5b1b6676-fb3b-4fec-b1b4-8a2686ea046c": [
          "a53ffbd9-b077-4eda-b770-14b228877448"
        ],
        "6d8997e2-5fdf-4956-9a80-018cf00509f0": [
          "af1744b2-7fb5-4f85-97bf-cbf2d6eac678"
        ]
      }
    },
    {
      "parents": {
        "30630908-39e0-4e42-a224-587524d1f61f": [],
        "71bf8cf8-f314-492d-a197-86d1c6f7068a": [
          "30630908-39e0-4e42-a224-587524d1f61f"
        ],
        "64957182-bb3f-45a2-92a6-50402c0c5092": [
          "71bf8cf8-f314-492d-a197-86d1c6f7068a"
        ],
        "fc20bbd9-482f-410d-95de-26c28982db85": [
          "64957182-bb3f-45a2-92a6-50402c0c5092"
        ],
        "94c92077-f5ba-47d4-8a7d-05b5e15c9ada": [
          "fc20bbd9-482f-410d-95de-26c28982db85"
        ]
      },
      "children": {
        "30630908-39e0-4e42-a224-587524d1f61f": [
          "71bf8cf8-f314-492d-a197-86d1c6f7068a"
        ],
        "71bf8cf8-f314-492d-a197-86d1c6f7068a": [
          "64957182-bb3f-45a2-92a6-50402c0c5092"
        ],
        "64957182-bb3f-45a2-92a6-50402c0c5092": [
          "fc20bbd9-482f-410d-95de-26c28982db85"
        ],
        "fc20bbd9-482f-410d-95de-26c28982db85": [
          "94c92077-f5ba-47d4-8a7d-05b5e15c9ada"
        ]
      }
    }
  ],
  "use_dynamic_islands": true,
  "max_islands": 5,
  "last_spawn_iteration": -30,
  "use_paradigm_breakthrough": true,
  "paradigm_tracker": {
    "window_size": 10,
    "improvement_threshold": 0.12,
    "max_paradigm_uses": 2,
    "max_tried_paradigms": 10,
    "num_paradigms_to_generate": 3,
    "improvement_history": [
      1.0,
      0.0,
      0.0,
      1.0,
      1.0,
      0.0,
      0.0,
      0.0,
      0.0,
      0.0
    ],
    "active_paradigms": [],
    "paradigm_usage_counts": {},
    "current_paradigm_index": 0,
    "tried_paradigms": [],
    "best_score_at_paradigm_gen": 0.0,
    "best_score_during_paradigm": 0.0
  }
}