{
  "program_id": "5e459899-affd-462a-af22-bf06a92a178f",
  "iteration_found": 13,
  "dataset": "Abeta42/inhibition_constraints",
  "plot": "outputs_diff_inhibited_norm/adaevolve/disease_relevant_inhibited_all_normalized_ode_0719_2131/checkpoints/checkpoint_13/iteration_13_best_validation_curves.svg",
  "metrics": {
    "equation": "d(c)/dt = (0.959857498912155 - x4)*(18.2149088169762*x1*x4**2 + 14.3107444274993*x1*x4 + 3.2475210882776e-8*x1 + 9.62533463345419*x2 + 1.21375058669518e-8)/(1.2660505722409*x3*x4 + 1.36820522697932*x3 + 1)",
    "loss": 0.09538710382808865,
    "nmse_train": 0.010068282450699047,
    "nmse_val": 0.047618533548326486,
    "mean_nmse_val": 0.047618533548326486,
    "mean_raw_nmse_val": 0.047618533548326486,
    "scored_loss_val": 0.09538710382808865,
    "mean_scored_loss_val": 0.09538710382808865,
    "shape_loss_val": 0.23869281466737516,
    "shape_loss_weight": 0.25,
    "heldout_curve_nmse": 0.047618533548326486,
    "heldout_curve_scored_loss": 0.09538710382808865,
    "heldout_curve_shape_loss": 0.23869281466737516,
    "eval_only_nmse": NaN,
    "eval_only_scored_loss": NaN,
    "eval_only_shape_loss": NaN,
    "combined_score": 0.9129192743873504,
    "fit_score": 0.9129192743873504,
    "eval_time": 27.820205211639404,
    "n_datasets": 1,
    "n_successful": 1,
    "eval_workers": 8,
    "hard_cases": [
      {
        "dataset": "Abeta42/inhibition_constraints",
        "scored_loss_val": 0.09538710382808865,
        "nmse_val": 0.047618533548326486,
        "shape_loss_val": 0.23869281466737513,
        "evaluation_only": false
      }
    ],
    "hard_case_feedback": "Abeta42/inhibition_constraints scored=0.09539 (nmse=0.04762, shape=0.2387)",
    "validation_semantics_feedback": "heldout_curve_scored_loss=0.09539, heldout_curve_nmse=0.04762, heldout_curve_shape=0.2387; eval_only_fit_score_scored_loss=nan, eval_only_nmse=nan, eval_only_shape=nan",
    "per_dataset": {
      "Abeta42/inhibition_constraints": {
        "nmse_train": 0.010068282450699047,
        "nmse_val": 0.047618533548326486,
        "shape_loss_val": 0.23869281466737513,
        "scored_loss_val": 0.09538710382808865,
        "n_val_points": 3610,
        "evaluation_only": false,
        "combined_score": 0.9129192743873504,
        "equation": "d(c)/dt = (0.959857498912155 - x4)*(18.2149088169762*x1*x4**2 + 14.3107444274993*x1*x4 + 3.2475210882776e-8*x1 + 9.62533463345419*x2 + 1.21375058669518e-8)/(1.2660505722409*x3*x4 + 1.36820522697932*x3 + 1)",
        "equation_template": "d(c)/dt = (c0 - x4)*(c1**2 + c2**2*x1 + c3**2*x2 + c4**2*x1*x4 + c5**2*x1*x4**2)/(c6**2*x3 + c7**2*x3*x4 + 1)",
        "constants": {
          "c0": 0.959857498912155,
          "c1": 0.0001101703493093843,
          "c2": 0.00018020879801712241,
          "c3": 3.1024723420933498,
          "c4": 3.782954457497383,
          "c5": -4.267892784147248,
          "c6": 1.1697030507694315,
          "c7": 1.1251891273207806
        }
      }
    },
    "error": ""
  },
  "saved_at": 1784478809.02244
}