{
  "id": "84be7b55-211c-4179-ba2f-b94ef954c08e",
  "generation": 2,
  "iteration": 5,
  "current_iteration": 5,
  "metrics": {
    "combined_score": 0.8863763887052936,
    "n_stage1_datasets": 5.0,
    "n_stage1_successful": 5.0,
    "eval_workers": 8.0,
    "stage1_full_selected_datasets": 1.0,
    "cascade_stage1_time_seconds": 95.66803693771362,
    "cascade_stage1_threshold": 0.15,
    "cascade_stage1_passed": 1.0,
    "loss": 0.12818889666124064,
    "nmse_train": 0.018768215792063756,
    "nmse_val": 0.0417453384279746,
    "mean_nmse_val": 0.0417453384279746,
    "mean_raw_nmse_val": 0.0417453384279746,
    "scored_loss_val": 0.12818889666124064,
    "mean_scored_loss_val": 0.12818889666124064,
    "shape_loss_val": 0.38751957136103876,
    "shape_loss_weight": 0.25,
    "heldout_curve_nmse": 0.05796914277672088,
    "heldout_curve_scored_loss": 0.11346713630506662,
    "heldout_curve_shape_loss": 0.2799611168901039,
    "eval_only_nmse": 0.03952311235338579,
    "eval_only_scored_loss": 0.13020538299355183,
    "eval_only_shape_loss": 0.40225219491404995,
    "fit_score": 0.8863763887052936,
    "eval_time": 340.90144395828247,
    "n_datasets": 17.0,
    "n_successful": 17.0,
    "cascade_stage2_time_seconds": 340.9019842147827,
    "cascade_total_time_seconds": 436.57002115249634,
    "cascade_stage1_combined_score": 0.9134159499829568
  },
  "language": "python",
  "timestamp": 1782028464.0419877,
  "saved_at": 1782028464.048723
}