{
  "program_id": "d123a1f0-7050-41f3-82a0-61bf473db989",
  "iteration_found": 9,
  "dataset": "Abeta42/inhibition_constraints",
  "plot": "outputs_diff_inhibited_norm/adaevolve/disease_relevant_inhibited_all_normalized_ode_0720_0357/checkpoints/checkpoint_9/iteration_9_best_validation_curves.svg",
  "metrics": {
    "equation": "d(c)/dt = (0.971372207602102 - x4)*(13.4520059997992*x1*x4*(0.471980465647494*x4 + 1)/(0.341471930451255*x1*x3 + 0.0294434980914287*x3 + 1) + 1.78431348537089e-8*x1 + 1.15935790129074*x2)",
    "loss": 0.04714266773212551,
    "nmse_train": 0.010281643308621573,
    "nmse_val": 0.0050235402606874785,
    "mean_nmse_val": 0.0050235402606874785,
    "mean_raw_nmse_val": 0.0050235402606874785,
    "scored_loss_val": 0.04714266773212551,
    "mean_scored_loss_val": 0.04714266773212551,
    "shape_loss_val": 0.1735000501464396,
    "shape_loss_weight": 0.25,
    "heldout_curve_nmse": 0.0050235402606874785,
    "heldout_curve_scored_loss": 0.04714266773212551,
    "heldout_curve_shape_loss": 0.1735000501464396,
    "eval_only_nmse": NaN,
    "eval_only_scored_loss": NaN,
    "eval_only_shape_loss": NaN,
    "combined_score": 0.9549797088927472,
    "fit_score": 0.9549797088927472,
    "eval_time": 8.116202116012573,
    "n_datasets": 1,
    "n_successful": 1,
    "eval_workers": 8,
    "hard_cases": [
      {
        "dataset": "Abeta42/inhibition_constraints",
        "scored_loss_val": 0.04714266773212551,
        "nmse_val": 0.0050235402606874785,
        "shape_loss_val": 0.1735000501464396,
        "evaluation_only": false
      }
    ],
    "hard_case_feedback": "Abeta42/inhibition_constraints scored=0.04714 (nmse=0.005024, shape=0.1735)",
    "validation_semantics_feedback": "heldout_curve_scored_loss=0.04714, heldout_curve_nmse=0.005024, heldout_curve_shape=0.1735; eval_only_fit_score_scored_loss=nan, eval_only_nmse=nan, eval_only_shape=nan",
    "per_dataset": {
      "Abeta42/inhibition_constraints": {
        "nmse_train": 0.010281643308621573,
        "nmse_val": 0.0050235402606874785,
        "shape_loss_val": 0.1735000501464396,
        "scored_loss_val": 0.04714266773212551,
        "n_val_points": 1805,
        "evaluation_only": false,
        "combined_score": 0.9549797088927472,
        "equation": "d(c)/dt = (0.971372207602102 - x4)*(13.4520059997992*x1*x4*(0.471980465647494*x4 + 1)/(0.341471930451255*x1*x3 + 0.0294434980914287*x3 + 1) + 1.78431348537089e-8*x1 + 1.15935790129074*x2)",
        "equation_template": "d(c)/dt = (c0 - x4)*(c3**2*x1 + c4**2*x2 + c5**2*x1*x4*(c6**2*x4 + 1)/(c1**2*x3 + c2**2*x1*x3 + 1))",
        "constants": {
          "c0": 0.9713722076021019,
          "c1": 0.17159107812304425,
          "c2": 0.5843559963337891,
          "c3": -0.0001335781975238058,
          "c4": 1.0767348333228304,
          "c5": 3.667697642908858,
          "c6": 0.6870083446709319
        }
      }
    },
    "error": ""
  },
  "saved_at": 1784501365.774933
}