{
  "program_id": "466f19cd-caa0-4d08-a1a5-1170d882473b",
  "iteration_found": 23,
  "dataset": "Abeta42/inhibition_constraints",
  "plot": "outputs_diff_inhibited_norm/adaevolve/disease_relevant_inhibited_all_normalized_ode_0719_1838/checkpoints/checkpoint_23/iteration_23_best_validation_curves.svg",
  "metrics": {
    "equation": "d(c)/dt = (-x4 + 0.93095833786201/(43738.8924172353*x3 + 1))*(88.3712584667559*x1/(43738.8924172353*x3 + 1) + x4*(1000152.03435402*x2 + 1)*(6732668.66323198*x1/(43738.8924172353*x3 + 1) + 9.37433122237684))",
    "loss": 0.2081138042232219,
    "nmse_train": 0.1860849407031855,
    "nmse_val": 0.17129432124023375,
    "mean_nmse_val": 0.17129432124023375,
    "mean_raw_nmse_val": 0.17129432124023375,
    "scored_loss_val": 0.2081138042232219,
    "mean_scored_loss_val": 0.2081138042232219,
    "shape_loss_val": 0.3185722531721863,
    "shape_loss_weight": 0.25,
    "heldout_curve_nmse": 0.17129432124023375,
    "heldout_curve_scored_loss": 0.2081138042232219,
    "heldout_curve_shape_loss": 0.3185722531721863,
    "eval_only_nmse": NaN,
    "eval_only_scored_loss": NaN,
    "eval_only_shape_loss": NaN,
    "combined_score": 0.8277365894705323,
    "fit_score": 0.8277365894705323,
    "eval_time": 27.87411093711853,
    "n_datasets": 1,
    "n_successful": 1,
    "eval_workers": 8,
    "hard_cases": [
      {
        "dataset": "Abeta42/inhibition_constraints",
        "scored_loss_val": 0.20811380422322187,
        "nmse_val": 0.17129432124023375,
        "shape_loss_val": 0.3185722531721863,
        "evaluation_only": false
      }
    ],
    "hard_case_feedback": "Abeta42/inhibition_constraints scored=0.2081 (nmse=0.1713, shape=0.3186)",
    "validation_semantics_feedback": "heldout_curve_scored_loss=0.2081, heldout_curve_nmse=0.1713, heldout_curve_shape=0.3186; eval_only_fit_score_scored_loss=nan, eval_only_nmse=nan, eval_only_shape=nan",
    "per_dataset": {
      "Abeta42/inhibition_constraints": {
        "nmse_train": 0.1860849407031855,
        "nmse_val": 0.17129432124023375,
        "shape_loss_val": 0.3185722531721863,
        "scored_loss_val": 0.20811380422322187,
        "n_val_points": 12274,
        "evaluation_only": false,
        "combined_score": 0.8277365894705323,
        "equation": "d(c)/dt = (-x4 + 0.93095833786201/(43738.8924172353*x3 + 1))*(88.3712584667559*x1/(43738.8924172353*x3 + 1) + x4*(1000152.03435402*x2 + 1)*(6732668.66323198*x1/(43738.8924172353*x3 + 1) + 9.37433122237684))",
        "equation_template": "d(c)/dt = (c0/(c1**2*x3 + 1) - x4)*(c5**2*x1/(c1**2*x3 + 1) + x4*(c2**2 + c3**2*x1/(c1**2*x3 + 1))*(c4**2*x2 + 1))",
        "constants": {
          "c0": 0.9309583378620097,
          "c1": 209.13845274658428,
          "c2": 3.061752965602686,
          "c3": -2594.738650275203,
          "c4": -1000.0760142879249,
          "c5": -9.400598835539995
        }
      }
    },
    "error": ""
  },
  "saved_at": 1784470480.942239
}