{
  "id": "4340b6b2-cb83-4bab-95c5-247de1676a3c",
  "generation": 1,
  "iteration": 2,
  "current_iteration": 5,
  "metrics": {
    "equation": "d(c)/dt = (0.922490273842715 - x4)*(182242.032648007*x1*x4*(0.00995218907714671*x2 + x4 + 89.2413568685053)/(71.8579886989977*x3*x4 + 2062644.1231299*x3 + 1) + 9.56467603492282*x1 + 7716644.24405074*x2 + 0.558142173803034)",
    "loss": 0.06954199426667895,
    "nmse_train": 0.03704609188355842,
    "nmse_val": 0.05906774181459446,
    "mean_nmse_val": 0.05906774181459446,
    "mean_raw_nmse_val": 0.05906774181459446,
    "scored_loss_val": 0.06954199426667895,
    "mean_scored_loss_val": 0.06954199426667895,
    "shape_loss_val": 0.10096475162293245,
    "shape_loss_weight": 0.25,
    "heldout_curve_nmse": 0.05906774181459446,
    "heldout_curve_scored_loss": 0.06954199426667895,
    "heldout_curve_shape_loss": 0.10096475162293245,
    "eval_only_nmse": NaN,
    "eval_only_scored_loss": NaN,
    "eval_only_shape_loss": NaN,
    "combined_score": 0.9349796505051121,
    "fit_score": 0.9349796505051121,
    "eval_time": 121.68776869773865,
    "n_datasets": 1,
    "n_successful": 1,
    "eval_workers": 8,
    "hard_cases": [
      {
        "dataset": "Abeta42/inhibition_constraints",
        "scored_loss_val": 0.06954199426667895,
        "nmse_val": 0.05906774181459446,
        "shape_loss_val": 0.10096475162293243,
        "evaluation_only": false
      }
    ],
    "hard_case_feedback": "Abeta42/inhibition_constraints scored=0.06954 (nmse=0.05907, shape=0.101)",
    "validation_semantics_feedback": "heldout_curve_scored_loss=0.06954, heldout_curve_nmse=0.05907, heldout_curve_shape=0.101; eval_only_fit_score_scored_loss=nan, eval_only_nmse=nan, eval_only_shape=nan",
    "per_dataset": {
      "Abeta42/inhibition_constraints": {
        "nmse_train": 0.03704609188355842,
        "nmse_val": 0.05906774181459446,
        "shape_loss_val": 0.10096475162293243,
        "scored_loss_val": 0.06954199426667895,
        "n_val_points": 680,
        "evaluation_only": false,
        "combined_score": 0.9349796505051121,
        "equation": "d(c)/dt = (0.922490273842715 - x4)*(182242.032648007*x1*x4*(0.00995218907714671*x2 + x4 + 89.2413568685053)/(71.8579886989977*x3*x4 + 2062644.1231299*x3 + 1) + 9.56467603492282*x1 + 7716644.24405074*x2 + 0.558142173803034)",
        "equation_template": "d(c)/dt = (c0 - x4)*(c1**2*x1 + c2**2*x2 + c3**2 + c4**2*x1*x4*(c5**2 + c8**2*x2 + x4)/(c6**2*x3 + c7**2*x3*x4 + 1))",
        "constants": {
          "c0": 0.9224902738427151,
          "c1": -3.0926810431925924,
          "c2": -2777.8848507543908,
          "c3": 0.7470891337738982,
          "c4": 426.8981525469594,
          "c5": 9.44676435974272,
          "c6": 1436.190837991211,
          "c7": 8.476909147737617,
          "c8": 0.09976065896507859
        }
      }
    },
    "error": ""
  },
  "language": "python",
  "timestamp": 1783066649.7078526,
  "saved_at": 1783067404.7384262
}