{
  "id": "b328372d-efe9-4d0e-81c5-65224d13120b",
  "generation": 1,
  "iteration": 2,
  "current_iteration": 2,
  "metrics": {
    "combined_score": 0.7721299460873295,
    "loss": 0.2951187880581153,
    "complexity": 0.0,
    "nmse_train": Infinity,
    "nmse_val": 0.2951187880581153,
    "eval_time": 71.893061876297,
    "n_datasets": 60.0,
    "n_successful": 60.0
  },
  "language": "python",
  "timestamp": 1779833729.938137,
  "saved_at": 1779833729.9441543
}