{
  "id": "b7155808-6d8f-488b-b19d-343f36256784",
  "generation": 1,
  "iteration": 1,
  "current_iteration": 6,
  "metrics": {
    "combined_score": 0.96872699001787,
    "n_stage1_datasets": 8.0,
    "n_stage1_successful": 8.0,
    "eval_workers": 8.0,
    "stage1_full_selected_datasets": 1.0,
    "cascade_stage1_time_seconds": 5.774266242980957,
    "cascade_stage1_threshold": 0.15,
    "cascade_stage1_passed": 1.0,
    "loss": 0.014217638327467188,
    "complexity": 14.0,
    "nmse_train": 0.02951617563660696,
    "nmse_val": 0.014217638327467188,
    "mean_nmse_val": 0.014217638327467188,
    "mean_raw_nmse_val": 0.014217638327467188,
    "fit_score": 0.9859816692293841,
    "parsimony_weight": 0.2,
    "parsimony_penalty_factor": 0.9825,
    "eval_time": 48.95475697517395,
    "n_datasets": 41.0,
    "n_successful": 41.0,
    "hard_case_tail_nmse": 0.11738253166684631,
    "hard_case_tail_weight": 0.0,
    "per_dataset_nmse_cap": 10.0,
    "cascade_stage2_time_seconds": 48.9553062915802,
    "cascade_total_time_seconds": 54.72957253456116,
    "cascade_stage1_combined_score": 0.9883360350775647
  },
  "language": "python",
  "timestamp": 1780876637.5379174,
  "saved_at": 1780877572.4143188
}