{
  "num_islands": 2,
  "current_island": 0,
  "iteration_count": 0,
  "global_best_score": 0.8792027559992314,
  "decay": 0.9,
  "intensity_min": 0.15,
  "intensity_max": 0.5,
  "migration_interval": 15,
  "diversity_strategy_type": "code",
  "use_unified_archive": true,
  "use_adaptive_search": true,
  "use_ucb_selection": true,
  "fixed_intensity": 0.4,
  "adapter": {
    "states": [
      {
        "accumulated_signal": 0.09155565056795414,
        "best_score": 0.8789740883656226,
        "improvement_count": 2,
        "total_evaluations": 12,
        "decay": 0.9,
        "epsilon": 1e-08,
        "intensity_min": 0.15,
        "intensity_max": 0.5
      },
      {
        "accumulated_signal": 0.09999999999999998,
        "best_score": 0.8792027559992314,
        "improvement_count": 0,
        "total_evaluations": 0,
        "decay": 0.9,
        "epsilon": 1e-08,
        "intensity_min": 0.15,
        "intensity_max": 0.5
      }
    ],
    "dimension_visits": [
      12,
      0
    ],
    "dimension_rewards": [
      0.35246700661417807,
      0.0
    ],
    "decayed_visits": [
      7.175704635190001,
      0.0
    ],
    "global_best_score": 0.8792027559992314,
    "ucb_exploration": 1.41,
    "min_visits": 3,
    "decay": 0.9,
    "epsilon": 1e-08
  },
  "island_config_names": [
    "balanced",
    "balanced"
  ],
  "islands": [
    [
      "b6fb2de1-4aa0-4105-abfc-9d6ed6a32e66",
      "89863fe5-d853-43d7-a87d-053b9ef5ab56",
      "4b4b664a-b087-42a8-9bc4-8c848e308993",
      "dd389bbd-d9d4-4c15-9a29-2f059bb240e7",
      "f6f1c839-b2c6-4b63-a3a8-7344802fd3c5",
      "e8ab1009-429b-4018-b8ea-4ef1085facdd",
      "b0f419af-a409-4d8b-bb58-40a631d91c48",
      "48478a11-60ac-4a47-8758-2cfcf7ceacec",
      "0fe07180-432a-455d-917b-d3b59f8e8f86",
      "fabbb38d-879d-4d44-a6e1-a2b8f42cde96",
      "b74bd414-ea0c-4aaf-835b-0f0568af1bf7",
      "39578057-a0d8-4802-80f4-3cd109cb9aad"
    ],
    [
      "6ad576cd-f478-4b60-ab3f-08a285f111ef",
      "da66965c-ab47-481a-b429-e9a8a20ba879",
      "a7e1fbf5-8148-4187-a424-62eda046e682",
      "3c70751f-4ff2-4f31-a8f3-287261d2ee7b",
      "e758afc3-ed3c-4a02-9467-b6f65b376d9a",
      "b1431371-c8fd-431f-a492-967ad3b16ab8",
      "f907d4fe-3616-431b-9cb4-a979e699da2b",
      "559783f3-6879-4300-bb6b-e2c96f46aa53",
      "619147e2-81ff-497f-8a62-ae87be915866",
      "584d35c9-1b7f-4c6b-bbbb-0e997a310903",
      "e0ccf181-e485-44db-8e35-2b3c2325bbad",
      "d72fafed-7175-4b2f-b4a2-9f9ceb65a4ae",
      "4fa6d2e9-ac9d-4f9e-ac0b-8e6febe8725b"
    ]
  ],
  "archive_genealogies": [
    {
      "parents": {
        "b6fb2de1-4aa0-4105-abfc-9d6ed6a32e66": [],
        "89863fe5-d853-43d7-a87d-053b9ef5ab56": [],
        "4b4b664a-b087-42a8-9bc4-8c848e308993": [],
        "dd389bbd-d9d4-4c15-9a29-2f059bb240e7": [],
        "f6f1c839-b2c6-4b63-a3a8-7344802fd3c5": [],
        "e8ab1009-429b-4018-b8ea-4ef1085facdd": [],
        "b0f419af-a409-4d8b-bb58-40a631d91c48": [],
        "48478a11-60ac-4a47-8758-2cfcf7ceacec": [],
        "0fe07180-432a-455d-917b-d3b59f8e8f86": [],
        "fabbb38d-879d-4d44-a6e1-a2b8f42cde96": [],
        "b74bd414-ea0c-4aaf-835b-0f0568af1bf7": [],
        "39578057-a0d8-4802-80f4-3cd109cb9aad": []
      },
      "children": {}
    },
    {
      "parents": {
        "6ad576cd-f478-4b60-ab3f-08a285f111ef": [],
        "da66965c-ab47-481a-b429-e9a8a20ba879": [],
        "a7e1fbf5-8148-4187-a424-62eda046e682": [],
        "3c70751f-4ff2-4f31-a8f3-287261d2ee7b": [],
        "e758afc3-ed3c-4a02-9467-b6f65b376d9a": [],
        "b1431371-c8fd-431f-a492-967ad3b16ab8": [],
        "f907d4fe-3616-431b-9cb4-a979e699da2b": [],
        "559783f3-6879-4300-bb6b-e2c96f46aa53": [],
        "619147e2-81ff-497f-8a62-ae87be915866": [],
        "584d35c9-1b7f-4c6b-bbbb-0e997a310903": [],
        "e0ccf181-e485-44db-8e35-2b3c2325bbad": [],
        "d72fafed-7175-4b2f-b4a2-9f9ceb65a4ae": [],
        "4fa6d2e9-ac9d-4f9e-ac0b-8e6febe8725b": []
      },
      "children": {}
    }
  ],
  "use_dynamic_islands": true,
  "max_islands": 5,
  "last_spawn_iteration": -30,
  "use_paradigm_breakthrough": true,
  "paradigm_tracker": {
    "window_size": 10,
    "improvement_threshold": 0.12,
    "max_paradigm_uses": 2,
    "max_tried_paradigms": 10,
    "num_paradigms_to_generate": 3,
    "improvement_history": [
      0.0,
      0.0,
      0.0,
      0.0,
      0.0,
      0.0,
      0.0,
      0.0,
      0.0,
      0.0
    ],
    "active_paradigms": [],
    "paradigm_usage_counts": {},
    "current_paradigm_index": 0,
    "tried_paradigms": [],
    "best_score_at_paradigm_gen": 0.0,
    "best_score_during_paradigm": 0.0
  }
}