{
  "program_id": "d90ece5e-e557-458e-bc25-204c848a3168",
  "iteration_found": 31,
  "dataset": "Abeta42/inhibition_constraints",
  "plot": "outputs_diff_inhibited_norm/adaevolve/disease_relevant_inhibited_all_normalized_ode_0721_0426/checkpoints/checkpoint_31/iteration_31_best_validation_curves.svg",
  "metrics": {
    "equation": "d(c)/dt = (0.970829665083713 - x4)*(x0**2*(17.6824990558074*x1 + 0.195027610278152)*sqrt(x4**2 + 4.04618168321682e-7)/(x0**2 + 4.74160830139012e-5*(0.44375996510471*x3 + 1)**2) + 6.44961930388865e-6*x1 + 10.6688207773251*x2 + 5.1735230625577e-10)/(1.1712474317822*x3 + 1)",
    "loss": 0.0443874685141709,
    "nmse_train": 0.010138623600482764,
    "nmse_val": 0.0033634827555552695,
    "mean_nmse_val": 0.0033634827555552695,
    "mean_raw_nmse_val": 0.0033634827555552695,
    "scored_loss_val": 0.0443874685141709,
    "mean_scored_loss_val": 0.0443874685141709,
    "shape_loss_val": 0.16745942579001782,
    "shape_loss_weight": 0.25,
    "heldout_curve_nmse": 0.0033634827555552695,
    "heldout_curve_scored_loss": 0.0443874685141709,
    "heldout_curve_shape_loss": 0.16745942579001782,
    "eval_only_nmse": NaN,
    "eval_only_scored_loss": NaN,
    "eval_only_shape_loss": NaN,
    "combined_score": 0.9574990414454895,
    "fit_score": 0.9574990414454895,
    "eval_time": 38.495424032211304,
    "n_datasets": 1,
    "n_successful": 1,
    "eval_workers": 8,
    "hard_cases": [
      {
        "dataset": "Abeta42/inhibition_constraints",
        "scored_loss_val": 0.0443874685141709,
        "nmse_val": 0.00336348275555527,
        "shape_loss_val": 0.1674594257900178,
        "evaluation_only": false
      }
    ],
    "hard_case_feedback": "Abeta42/inhibition_constraints scored=0.04439 (nmse=0.003363, shape=0.1675)",
    "validation_semantics_feedback": "heldout_curve_scored_loss=0.04439, heldout_curve_nmse=0.003363, heldout_curve_shape=0.1675; eval_only_fit_score_scored_loss=nan, eval_only_nmse=nan, eval_only_shape=nan",
    "per_dataset": {
      "Abeta42/inhibition_constraints": {
        "nmse_train": 0.010138623600482764,
        "nmse_val": 0.00336348275555527,
        "shape_loss_val": 0.1674594257900178,
        "scored_loss_val": 0.0443874685141709,
        "n_val_points": 1805,
        "evaluation_only": false,
        "combined_score": 0.9574990414454895,
        "equation": "d(c)/dt = (0.970829665083713 - x4)*(x0**2*(17.6824990558074*x1 + 0.195027610278152)*sqrt(x4**2 + 4.04618168321682e-7)/(x0**2 + 4.74160830139012e-5*(0.44375996510471*x3 + 1)**2) + 6.44961930388865e-6*x1 + 10.6688207773251*x2 + 5.1735230625577e-10)/(1.1712474317822*x3 + 1)",
        "equation_template": "d(c)/dt = (c0 - x4)*(c2**2 + c3**2*x2 + c4**2*x1 + x0**2*sqrt(c1**2 + x4**2)*(c5**2 + c6**2*x1)/(c7**4*(c8**2*x3 + 1)**2 + x0**2))/(c9**2*x3 + 1)",
        "constants": {
          "c0": 0.9708296650837134,
          "c1": -0.0006360960370271787,
          "c2": 2.2745379888139266e-05,
          "c3": 3.2663160865606784,
          "c4": 0.0025396100692603686,
          "c5": 0.44161930469370586,
          "c6": -4.205056367732473,
          "c7": 0.08298152629808972,
          "c8": -0.6661531093560327,
          "c9": 1.0822418545695787
        }
      }
    },
    "error": ""
  },
  "saved_at": 1784593631.156437
}