{
  "program_id": "ff2ef0a0-a7a7-41ce-97db-789f0a8df0f7",
  "iteration_found": 14,
  "dataset": "Abeta42/inhibition_constraints",
  "plot": "outputs_diff_inhibited_norm/adaevolve/disease_relevant_inhibited_all_normalized_ode_0720_0232/checkpoints/checkpoint_14/iteration_14_best_validation_curves.svg",
  "metrics": {
    "equation": "d(c)/dt = (0.970180240756001 - x4)*(31.2567526690627*x1*x4**2/((1.49589918944218e-8*x3 + 1)*(1.51064111883518*x3 + 1)) + 1.06407709824429*x1/(1.51064111883518*x3 + 1) + 1.63355076368195*x2 + 0.790268913861884)",
    "loss": 0.04979326099794806,
    "nmse_train": 0.013515222780918858,
    "nmse_val": 0.006065812368687704,
    "mean_nmse_val": 0.006065812368687704,
    "mean_raw_nmse_val": 0.006065812368687704,
    "scored_loss_val": 0.04979326099794806,
    "mean_scored_loss_val": 0.04979326099794806,
    "shape_loss_val": 0.18097560688572914,
    "shape_loss_weight": 0.25,
    "heldout_curve_nmse": 0.006065812368687704,
    "heldout_curve_scored_loss": 0.04979326099794806,
    "heldout_curve_shape_loss": 0.18097560688572914,
    "eval_only_nmse": NaN,
    "eval_only_scored_loss": NaN,
    "eval_only_shape_loss": NaN,
    "combined_score": 0.9525685076787271,
    "fit_score": 0.9525685076787271,
    "eval_time": 8.539455890655518,
    "n_datasets": 1,
    "n_successful": 1,
    "eval_workers": 8,
    "hard_cases": [
      {
        "dataset": "Abeta42/inhibition_constraints",
        "scored_loss_val": 0.04979326099794806,
        "nmse_val": 0.006065812368687704,
        "shape_loss_val": 0.18097560688572914,
        "evaluation_only": false
      }
    ],
    "hard_case_feedback": "Abeta42/inhibition_constraints scored=0.04979 (nmse=0.006066, shape=0.181)",
    "validation_semantics_feedback": "heldout_curve_scored_loss=0.04979, heldout_curve_nmse=0.006066, heldout_curve_shape=0.181; eval_only_fit_score_scored_loss=nan, eval_only_nmse=nan, eval_only_shape=nan",
    "per_dataset": {
      "Abeta42/inhibition_constraints": {
        "nmse_train": 0.013515222780918858,
        "nmse_val": 0.006065812368687704,
        "shape_loss_val": 0.18097560688572914,
        "scored_loss_val": 0.04979326099794806,
        "n_val_points": 1805,
        "evaluation_only": false,
        "combined_score": 0.9525685076787271,
        "equation": "d(c)/dt = (0.970180240756001 - x4)*(31.2567526690627*x1*x4**2/((1.49589918944218e-8*x3 + 1)*(1.51064111883518*x3 + 1)) + 1.06407709824429*x1/(1.51064111883518*x3 + 1) + 1.63355076368195*x2 + 0.790268913861884)",
        "equation_template": "d(c)/dt = (c0 - x4)*(c1**2 + c2**2*x1/(c6**2*x3 + 1) + c3**2*x2 + c4**2*x1*x4**2/((c5**2*x3 + 1)*(c6**2*x3 + 1)))",
        "constants": {
          "c0": 0.970180240756001,
          "c1": 0.8889707047264743,
          "c2": 1.0315411277522055,
          "c3": 1.2781043633764602,
          "c4": -5.590773888207493,
          "c5": 0.00012230695766971648,
          "c6": 1.2290814126147953
        }
      }
    },
    "error": ""
  },
  "saved_at": 1784496493.09361
}