{
  "num_islands": 2,
  "current_island": 1,
  "iteration_count": 11,
  "global_best_score": 0.6078157482539803,
  "decay": 0.9,
  "intensity_min": 0.15,
  "intensity_max": 0.5,
  "migration_interval": 15,
  "diversity_strategy_type": "code",
  "use_unified_archive": true,
  "use_adaptive_search": true,
  "use_ucb_selection": true,
  "fixed_intensity": 0.4,
  "adapter": {
    "states": [
      {
        "accumulated_signal": 0.09999999999999998,
        "best_score": 0.5917381148325811,
        "improvement_count": 1,
        "total_evaluations": 7,
        "decay": 0.9,
        "epsilon": 1e-08,
        "intensity_min": 0.15,
        "intensity_max": 0.5
      },
      {
        "accumulated_signal": 0.0900738218870115,
        "best_score": 0.6078157482539803,
        "improvement_count": 1,
        "total_evaluations": 6,
        "decay": 0.9,
        "epsilon": 1e-08,
        "intensity_min": 0.15,
        "intensity_max": 0.5
      }
    ],
    "dimension_visits": [
      7,
      6
    ],
    "dimension_rewards": [
      0.5314410000000002,
      0.02200784861549677
    ],
    "decayed_visits": [
      5.217031,
      4.68559
    ],
    "global_best_score": 0.6078157482539803,
    "ucb_exploration": 1.41,
    "min_visits": 3,
    "decay": 0.9,
    "epsilon": 1e-08
  },
  "island_config_names": [
    "balanced",
    "balanced"
  ],
  "islands": [
    [
      "ddf1e44e-a208-41eb-9383-ad0913d84174",
      "2960070e-6777-4d58-a9cf-d0d561c020a7",
      "252af643-a05d-46f6-bd3f-63c7b0723f7b",
      "aabe4ed3-6343-4a54-a0c8-3e109e4be5c4",
      "5d60370f-ee35-410b-9fc5-fa8daccb3945",
      "4fb2379e-5634-48b9-99f7-de188e19751c",
      "80bfcda9-fb83-4125-ad21-682f406ee823"
    ],
    [
      "bff7256f-87fb-4ef6-adf7-c23134be5965",
      "ca241c58-c5b8-4ff1-bea4-5f1a53017210",
      "38e8ebf8-bbe7-477f-9acd-68d8aab320f5",
      "a7997119-3770-4fb2-b39f-a2cf554f5b96",
      "63fc2859-d3df-4c6e-8fa9-98da00a7dc9f",
      "3fd65e72-af43-4302-8fd8-e9fa9ae397a9",
      "33969e24-a8c1-4acb-878d-ad3d218a3a4d"
    ]
  ],
  "archive_genealogies": [
    {
      "parents": {
        "ddf1e44e-a208-41eb-9383-ad0913d84174": [],
        "2960070e-6777-4d58-a9cf-d0d561c020a7": [
          "ddf1e44e-a208-41eb-9383-ad0913d84174"
        ],
        "252af643-a05d-46f6-bd3f-63c7b0723f7b": [
          "ddf1e44e-a208-41eb-9383-ad0913d84174"
        ],
        "aabe4ed3-6343-4a54-a0c8-3e109e4be5c4": [
          "ddf1e44e-a208-41eb-9383-ad0913d84174"
        ],
        "5d60370f-ee35-410b-9fc5-fa8daccb3945": [
          "ddf1e44e-a208-41eb-9383-ad0913d84174"
        ],
        "4fb2379e-5634-48b9-99f7-de188e19751c": [
          "ddf1e44e-a208-41eb-9383-ad0913d84174"
        ],
        "80bfcda9-fb83-4125-ad21-682f406ee823": [
          "63fc2859-d3df-4c6e-8fa9-98da00a7dc9f"
        ]
      },
      "children": {
        "ddf1e44e-a208-41eb-9383-ad0913d84174": [
          "2960070e-6777-4d58-a9cf-d0d561c020a7",
          "252af643-a05d-46f6-bd3f-63c7b0723f7b",
          "aabe4ed3-6343-4a54-a0c8-3e109e4be5c4",
          "5d60370f-ee35-410b-9fc5-fa8daccb3945",
          "4fb2379e-5634-48b9-99f7-de188e19751c"
        ],
        "63fc2859-d3df-4c6e-8fa9-98da00a7dc9f": [
          "80bfcda9-fb83-4125-ad21-682f406ee823"
        ]
      }
    },
    {
      "parents": {
        "bff7256f-87fb-4ef6-adf7-c23134be5965": [],
        "ca241c58-c5b8-4ff1-bea4-5f1a53017210": [
          "bff7256f-87fb-4ef6-adf7-c23134be5965"
        ],
        "38e8ebf8-bbe7-477f-9acd-68d8aab320f5": [
          "ca241c58-c5b8-4ff1-bea4-5f1a53017210"
        ],
        "a7997119-3770-4fb2-b39f-a2cf554f5b96": [
          "bff7256f-87fb-4ef6-adf7-c23134be5965"
        ],
        "63fc2859-d3df-4c6e-8fa9-98da00a7dc9f": [
          "bff7256f-87fb-4ef6-adf7-c23134be5965"
        ],
        "3fd65e72-af43-4302-8fd8-e9fa9ae397a9": [
          "63fc2859-d3df-4c6e-8fa9-98da00a7dc9f"
        ],
        "33969e24-a8c1-4acb-878d-ad3d218a3a4d": [
          "63fc2859-d3df-4c6e-8fa9-98da00a7dc9f"
        ]
      },
      "children": {
        "bff7256f-87fb-4ef6-adf7-c23134be5965": [
          "ca241c58-c5b8-4ff1-bea4-5f1a53017210",
          "a7997119-3770-4fb2-b39f-a2cf554f5b96",
          "63fc2859-d3df-4c6e-8fa9-98da00a7dc9f"
        ],
        "ca241c58-c5b8-4ff1-bea4-5f1a53017210": [
          "38e8ebf8-bbe7-477f-9acd-68d8aab320f5"
        ],
        "63fc2859-d3df-4c6e-8fa9-98da00a7dc9f": [
          "3fd65e72-af43-4302-8fd8-e9fa9ae397a9",
          "33969e24-a8c1-4acb-878d-ad3d218a3a4d"
        ]
      }
    }
  ],
  "use_dynamic_islands": true,
  "max_islands": 5,
  "last_spawn_iteration": -30,
  "use_paradigm_breakthrough": true,
  "paradigm_tracker": {
    "window_size": 10,
    "improvement_threshold": 0.12,
    "max_paradigm_uses": 2,
    "max_tried_paradigms": 10,
    "num_paradigms_to_generate": 3,
    "improvement_history": [
      0.0,
      0.0,
      0.0,
      0.0,
      0.0,
      1.0,
      0.0,
      0.0,
      0.0,
      0.0
    ],
    "active_paradigms": [
      {
        "idea": "Replace power-law x1 scaling with linear x1 terms inside the exponent for numerical stability",
        "description": "The current model uses x1^c which can be unstable when x1 is near 0 or when x1 values span orders of magnitude. Replace with linear x1 modulation inside the exponent: rate = c0 + c1*x1, half_time = c2 + c3*x1, giving sigmoid argument (c0 + c1*x1)*(x0 - c2 - c3*x1). This is a standard Hill-type kinetics parameterization that is globally defined and numerically stable. Keep the lag factor (1-exp(-c6*x0)) for nucleation suppression. The amplitude and baseline remain c4 and c5. This gives 7 constants with better conditioning for least-squares fitting, especially on datasets where x1 is sequential index (1,2,3,...) rather than physical concentration.",
        "what_to_optimize": "Robustness across all 60 datasets, especially those with non-physical x1 values (sequential indices), reducing failures that drive combined_score to 0",
        "cautions": "Ensure initial values are physically reasonable: c0~0.3 (rate), c1~0.1 (x1 modulation), c2~10 (half-time), c3~-1 (half-time decreases with concentration), c4~1.0 (plateau), c5~0.0 (baseline), c6~0.1 (lag rate). The linear form avoids singularities at x1=0.",
        "approach_type": "symbolic.linear_x1_modulation"
      },
      {
        "idea": "Use a Gompertz-type double-exponential with additive x1 influence on growth rate and delay",
        "description": "The Gompertz function y = A * exp(-exp(-k*(t - tm))) is a well-known model for sigmoidal growth with asymmetric lag phase that naturally captures protein aggregation kinetics better than a logistic in many cases. Parameterize as: y = c4 * exp(-exp(-( c0 + c1*x1)*(x0 - c2 - c3*x1))) + c5. This gives an asymmetric sigmoid where the left tail is longer (matching nucleation lag) without needing a separate lag factor. The x1 influence is additive in the exponent argument, making it stable. With 6 constants this is more parsimonious than the current 7-constant model, improving reliability on small datasets. The Gompertz has been specifically validated for amyloid aggregation kinetics in the literature.",
        "what_to_optimize": "Mean NMSE across all datasets by better capturing the asymmetric sigmoid shape of aggregation curves while using fewer constants for more reliable fitting",
        "cautions": "The double-exponential exp(-exp(x)) is bounded in (0,1) which is good for normalized data. Initial values need care: c0~0.3, c1~0.05, c2~10, c3~-0.5, c4~1.0, c5~0.0. The inner exp should not overflow: ensure -(c0+c1*x1)*(x0-c2-c3*x1) stays bounded during fitting.",
        "approach_type": "symbolic.gompertz_double_exponential"
      },
      {
        "idea": "Use a 4-parameter logistic with x1-dependent rate and midpoint using tanh for numerical stability",