{
  "id": "63fc2859-d3df-4c6e-8fa9-98da00a7dc9f",
  "generation": 1,
  "iteration": 8,
  "current_iteration": 12,
  "metrics": {
    "combined_score": 0.6078157482539803,
    "loss": 0.6452354235187445,
    "complexity": 0.0,
    "nmse_train": Infinity,
    "nmse_val": 0.6452354235187445,
    "eval_time": 16.040489435195923,
    "n_datasets": 60.0,
    "n_successful": 60.0
  },
  "language": "python",
  "timestamp": 1779968526.5663998,
  "saved_at": 1779968805.697634
}