{
  "id": "792ed886-e26c-478d-9a9b-d96c53daa113",
  "generation": 3,
  "iteration": 19,
  "current_iteration": 19,
  "metrics": {
    "combined_score": 0.9247513655435959,
    "n_stage1_datasets": 8.0,
    "n_stage1_successful": 8.0,
    "eval_workers": 8.0,
    "stage1_full_selected_datasets": 1.0,
    "cascade_stage1_time_seconds": 4.733294725418091,
    "cascade_stage1_threshold": 0.15,
    "cascade_stage1_passed": 1.0,
    "loss": 0.05028230959039552,
    "complexity": 23.0,
    "nmse_train": 0.033595648949844605,
    "nmse_val": 0.05028230959039552,
    "mean_nmse_val": 0.05028230959039552,
    "fit_score": 0.9521249580886445,
    "parsimony_weight": 0.2,
    "parsimony_penalty_factor": 0.97125,
    "eval_time": 42.33752155303955,
    "n_datasets": 42.0,
    "n_successful": 42.0,
    "hard_case_tail_nmse": 0.3460165385185885,
    "hard_case_tail_weight": 0.0,
    "cascade_stage2_time_seconds": 42.33810091018677,
    "cascade_total_time_seconds": 47.07139563560486,
    "cascade_stage1_combined_score": 0.8400890025207823
  },
  "language": "python",
  "timestamp": 1780769774.417902,
  "saved_at": 1780769774.4396017
}