{
  "program_id": "9b6bca83-9547-44dc-8ffe-ab97d91dd56c",
  "iteration_found": 2,
  "dataset": "Abeta42/inhibition_constraints",
  "plot": "outputs_diff_inhibited_norm/adaevolve/disease_relevant_inhibited_all_normalized_ode_0719_1838/checkpoints/checkpoint_2/iteration_2_best_validation_curves.svg",
  "metrics": {
    "equation": "d(c)/dt = (0.929226140406492 - x4)*(15946.4485023001*x1*x4 + 7084133.18604553*x1 + 2057773.41349111*x2)/(4145416.96257236*x3*(1.00000011448739 - x4) + 1)",
    "loss": 0.17967797086160853,
    "nmse_train": 0.1206561341137519,
    "nmse_val": 0.13712055927613337,
    "mean_nmse_val": 0.13712055927613337,
    "mean_raw_nmse_val": 0.13712055927613337,
    "scored_loss_val": 0.17967797086160853,
    "mean_scored_loss_val": 0.17967797086160853,
    "shape_loss_val": 0.30735020561803406,
    "shape_loss_weight": 0.25,
    "heldout_curve_nmse": 0.13712055927613337,
    "heldout_curve_scored_loss": 0.17967797086160853,
    "heldout_curve_shape_loss": 0.30735020561803406,
    "eval_only_nmse": NaN,
    "eval_only_scored_loss": NaN,
    "eval_only_shape_loss": NaN,
    "combined_score": 0.8476889665657009,
    "fit_score": 0.8476889665657009,
    "eval_time": 33.76521706581116,
    "n_datasets": 1,
    "n_successful": 1,
    "eval_workers": 8,
    "hard_cases": [
      {
        "dataset": "Abeta42/inhibition_constraints",
        "scored_loss_val": 0.17967797086160853,
        "nmse_val": 0.13712055927613337,
        "shape_loss_val": 0.30735020561803406,
        "evaluation_only": false
      }
    ],
    "hard_case_feedback": "Abeta42/inhibition_constraints scored=0.1797 (nmse=0.1371, shape=0.3074)",
    "validation_semantics_feedback": "heldout_curve_scored_loss=0.1797, heldout_curve_nmse=0.1371, heldout_curve_shape=0.3074; eval_only_fit_score_scored_loss=nan, eval_only_nmse=nan, eval_only_shape=nan",
    "per_dataset": {
      "Abeta42/inhibition_constraints": {
        "nmse_train": 0.1206561341137519,
        "nmse_val": 0.13712055927613337,
        "shape_loss_val": 0.30735020561803406,
        "scored_loss_val": 0.17967797086160853,
        "n_val_points": 12274,
        "evaluation_only": false,
        "combined_score": 0.8476889665657009,
        "equation": "d(c)/dt = (0.929226140406492 - x4)*(15946.4485023001*x1*x4 + 7084133.18604553*x1 + 2057773.41349111*x2)/(4145416.96257236*x3*(1.00000011448739 - x4) + 1)",
        "equation_template": "d(c)/dt = (c0 - x4)*(c1**2*x1 + c2**2*x2 + c3**2*x1*x4)/(c4**2*x3*(c5**2 - x4 + 1) + 1)",
        "constants": {
          "c0": 0.929226140406492,
          "c1": 2661.6034990293965,
          "c2": 1434.4941315638466,
          "c3": 126.2792481063304,
          "c4": 2036.0297057195312,
          "c5": -0.0003383598524048736
        }
      }
    },
    "error": ""
  },
  "saved_at": 1784467970.797097
}