{
  "num_islands": 2,
  "current_island": 1,
  "iteration_count": 13,
  "global_best_score": 0.9781824998597289,
  "decay": 0.9,
  "intensity_min": 0.15,
  "intensity_max": 0.5,
  "migration_interval": 15,
  "diversity_strategy_type": "code",
  "use_unified_archive": true,
  "use_adaptive_search": true,
  "use_ucb_selection": true,
  "fixed_intensity": 0.4,
  "adapter": {
    "states": [
      {
        "accumulated_signal": 0.1022864549649862,
        "best_score": 0.9781824998597289,
        "improvement_count": 4,
        "total_evaluations": 8,
        "decay": 0.9,
        "epsilon": 1e-08,
        "intensity_min": 0.15,
        "intensity_max": 0.5
      },
      {
        "accumulated_signal": 0.10678384731035237,
        "best_score": 0.9781824998597289,
        "improvement_count": 3,
        "total_evaluations": 7,
        "decay": 0.9,
        "epsilon": 1e-08,
        "intensity_min": 0.15,
        "intensity_max": 0.5
      }
    ],
    "dimension_visits": [
      8,
      7
    ],
    "dimension_rewards": [
      0.8174388916007354,
      0.210990767069756
    ],
    "decayed_visits": [
      5.6953279000000006,
      5.217031
    ],
    "global_best_score": 0.9781824998597289,
    "ucb_exploration": 1.41,
    "min_visits": 3,
    "decay": 0.9,
    "epsilon": 1e-08
  },
  "island_config_names": [
    "balanced",
    "balanced"
  ],
  "islands": [
    [
      "4d1f51e1-d9e9-428e-a921-dabfcf374d70",
      "7f380798-7266-41c9-98d5-e8244ab5fb73",
      "11ec48a6-e27d-43d3-af27-f4ac0e89f10c",
      "01e2d89f-149c-4e19-b436-86969cf8d112",
      "8228d379-f393-4c96-afa8-16ef7e55a319",
      "1420bdf9-771f-4af9-961e-3d2f01a9b1ca",
      "f42f378d-4ff6-4114-8a4c-22d7abdc3626",
      "39db29a9-9775-4c56-8a56-335a1b5358e3"
    ],
    [
      "b94bff98-8675-4bb5-8388-f77faa9ffa82",
      "f14172db-1326-46ab-a44e-6a9f6038a25d",
      "36ef3bce-c141-4f00-866e-a7ff21c2be87",
      "ed3f4d1f-fab3-4476-bf61-1b8e7bb06676",
      "0661bb52-5fb0-4fb2-98fb-ebe8a3c06272",
      "f0b401ff-7557-47bb-9c27-b25de637790d",
      "5c5f14bd-02f7-4724-b1e3-2364d6eff984",
      "0d90e6ea-1e09-4720-b76f-72bec3125d89"
    ]
  ],
  "archive_genealogies": [
    {
      "parents": {
        "4d1f51e1-d9e9-428e-a921-dabfcf374d70": [],
        "7f380798-7266-41c9-98d5-e8244ab5fb73": [
          "4d1f51e1-d9e9-428e-a921-dabfcf374d70"
        ],
        "11ec48a6-e27d-43d3-af27-f4ac0e89f10c": [
          "7f380798-7266-41c9-98d5-e8244ab5fb73"
        ],
        "01e2d89f-149c-4e19-b436-86969cf8d112": [
          "4d1f51e1-d9e9-428e-a921-dabfcf374d70"
        ],
        "8228d379-f393-4c96-afa8-16ef7e55a319": [
          "11ec48a6-e27d-43d3-af27-f4ac0e89f10c"
        ],
        "1420bdf9-771f-4af9-961e-3d2f01a9b1ca": [
          "8228d379-f393-4c96-afa8-16ef7e55a319"
        ],
        "f42f378d-4ff6-4114-8a4c-22d7abdc3626": [
          "01e2d89f-149c-4e19-b436-86969cf8d112"
        ],
        "39db29a9-9775-4c56-8a56-335a1b5358e3": [
          "8228d379-f393-4c96-afa8-16ef7e55a319"
        ]
      },
      "children": {
        "4d1f51e1-d9e9-428e-a921-dabfcf374d70": [
          "7f380798-7266-41c9-98d5-e8244ab5fb73",
          "01e2d89f-149c-4e19-b436-86969cf8d112"
        ],
        "7f380798-7266-41c9-98d5-e8244ab5fb73": [
          "11ec48a6-e27d-43d3-af27-f4ac0e89f10c"
        ],
        "11ec48a6-e27d-43d3-af27-f4ac0e89f10c": [
          "8228d379-f393-4c96-afa8-16ef7e55a319"
        ],
        "8228d379-f393-4c96-afa8-16ef7e55a319": [
          "1420bdf9-771f-4af9-961e-3d2f01a9b1ca",
          "39db29a9-9775-4c56-8a56-335a1b5358e3"
        ],
        "01e2d89f-149c-4e19-b436-86969cf8d112": [
          "f42f378d-4ff6-4114-8a4c-22d7abdc3626"
        ]
      }
    },
    {
      "parents": {
        "b94bff98-8675-4bb5-8388-f77faa9ffa82": [],
        "f14172db-1326-46ab-a44e-6a9f6038a25d": [
          "b94bff98-8675-4bb5-8388-f77faa9ffa82"
        ],
        "36ef3bce-c141-4f00-866e-a7ff21c2be87": [
          "f14172db-1326-46ab-a44e-6a9f6038a25d"
        ],
        "ed3f4d1f-fab3-4476-bf61-1b8e7bb06676": [
          "36ef3bce-c141-4f00-866e-a7ff21c2be87"
        ],
        "0661bb52-5fb0-4fb2-98fb-ebe8a3c06272": [
          "ed3f4d1f-fab3-4476-bf61-1b8e7bb06676"
        ],
        "f0b401ff-7557-47bb-9c27-b25de637790d": [
          "0661bb52-5fb0-4fb2-98fb-ebe8a3c06272"
        ],
        "5c5f14bd-02f7-4724-b1e3-2364d6eff984": [
          "ed3f4d1f-fab3-4476-bf61-1b8e7bb06676"
        ],
        "0d90e6ea-1e09-4720-b76f-72bec3125d89": [
          "5c5f14bd-02f7-4724-b1e3-2364d6eff984"
        ]
      },
      "children": {
        "b94bff98-8675-4bb5-8388-f77faa9ffa82": [
          "f14172db-1326-46ab-a44e-6a9f6038a25d"
        ],
        "f14172db-1326-46ab-a44e-6a9f6038a25d": [
          "36ef3bce-c141-4f00-866e-a7ff21c2be87"
        ],
        "36ef3bce-c141-4f00-866e-a7ff21c2be87": [
          "ed3f4d1f-fab3-4476-bf61-1b8e7bb06676"
        ],
        "ed3f4d1f-fab3-4476-bf61-1b8e7bb06676": [
          "0661bb52-5fb0-4fb2-98fb-ebe8a3c06272",
          "5c5f14bd-02f7-4724-b1e3-2364d6eff984"
        ],
        "0661bb52-5fb0-4fb2-98fb-ebe8a3c06272": [
          "f0b401ff-7557-47bb-9c27-b25de637790d"
        ],
        "5c5f14bd-02f7-4724-b1e3-2364d6eff984": [
          "0d90e6ea-1e09-4720-b76f-72bec3125d89"
        ]
      }
    }
  ],
  "use_dynamic_islands": true,
  "max_islands": 5,
  "last_spawn_iteration": -30,
  "use_paradigm_breakthrough": true,
  "paradigm_tracker": {
    "window_size": 10,
    "improvement_threshold": 0.12,
    "max_paradigm_uses": 2,
    "max_tried_paradigms": 10,
    "num_paradigms_to_generate": 3,
    "improvement_history": [
      1.0,
      0.0,
      0.0,
      0.0,
      0.0,
      0.0,
      0.0,
      0.0,
      0.0,
      0.0
    ],
    "active_paradigms": [],
    "paradigm_usage_counts": {},
    "current_paradigm_index": 0,
    "tried_paradigms": [],
    "best_score_at_paradigm_gen": 0.0,
    "best_score_during_paradigm": 0.0
  }
}