{
  "program_id": "5fc78f60-7399-4436-b5e5-a3d713c8ab3b",
  "iteration_found": 22,
  "dataset": "Abeta42/inhibition_constraints",
  "plot": "outputs_diff_inhibited_norm/adaevolve/disease_relevant_inhibited_all_normalized_ode_0720_0357/checkpoints/checkpoint_22/iteration_22_best_validation_curves.svg",
  "metrics": {
    "equation": "d(c)/dt = (0.970415544763374 - x4)*(14.0783889224735*x1*x4**2*(0.941706329518396*x2 + 1)/((3.63928207002193e-9*x1*x3 + 1.05864198437576e-10*x3 + 1)*(0.874818529791766*x3*x4 + 0.136693229095285*x3 + x4 + 6.60104274227506e-8)) + 0.010729992598175*x1/(3.63928207002193e-9*x1*x3 + 1.05864198437576e-10*x3 + 1) + 8.21644146067689e-6*x2 + 0.784339649922457)",
    "loss": 0.04678062394847387,
    "nmse_train": 0.01790404308583589,
    "nmse_val": 0.005107956314633085,
    "mean_nmse_val": 0.005107956314633085,
    "mean_raw_nmse_val": 0.005107956314633085,
    "scored_loss_val": 0.04678062394847387,
    "mean_scored_loss_val": 0.04678062394847387,
    "shape_loss_val": 0.1717986268499962,
    "shape_loss_weight": 0.25,
    "heldout_curve_nmse": 0.005107956314633085,
    "heldout_curve_scored_loss": 0.04678062394847387,
    "heldout_curve_shape_loss": 0.1717986268499962,
    "eval_only_nmse": NaN,
    "eval_only_scored_loss": NaN,
    "eval_only_shape_loss": NaN,
    "combined_score": 0.9553100020403353,
    "fit_score": 0.9553100020403353,
    "eval_time": 17.17851185798645,
    "n_datasets": 1,
    "n_successful": 1,
    "eval_workers": 8,
    "hard_cases": [
      {
        "dataset": "Abeta42/inhibition_constraints",
        "scored_loss_val": 0.04678062394847387,
        "nmse_val": 0.005107956314633085,
        "shape_loss_val": 0.17179862684999622,
        "evaluation_only": false
      }
    ],
    "hard_case_feedback": "Abeta42/inhibition_constraints scored=0.04678 (nmse=0.005108, shape=0.1718)",
    "validation_semantics_feedback": "heldout_curve_scored_loss=0.04678, heldout_curve_nmse=0.005108, heldout_curve_shape=0.1718; eval_only_fit_score_scored_loss=nan, eval_only_nmse=nan, eval_only_shape=nan",
    "per_dataset": {
      "Abeta42/inhibition_constraints": {
        "nmse_train": 0.01790404308583589,
        "nmse_val": 0.005107956314633085,
        "shape_loss_val": 0.17179862684999622,
        "scored_loss_val": 0.04678062394847387,
        "n_val_points": 1805,
        "evaluation_only": false,
        "combined_score": 0.9553100020403353,
        "equation": "d(c)/dt = (0.970415544763374 - x4)*(14.0783889224735*x1*x4**2*(0.941706329518396*x2 + 1)/((3.63928207002193e-9*x1*x3 + 1.05864198437576e-10*x3 + 1)*(0.874818529791766*x3*x4 + 0.136693229095285*x3 + x4 + 6.60104274227506e-8)) + 0.010729992598175*x1/(3.63928207002193e-9*x1*x3 + 1.05864198437576e-10*x3 + 1) + 8.21644146067689e-6*x2 + 0.784339649922457)",
        "equation_template": "d(c)/dt = (c0 - x4)*(c3**2 + c4**2*x1/(c1**2*x3 + c2**2*x1*x3 + 1) + c5**2*x2 + c6**2*x1*x4**2*(c0**2*x2 + 1)/((c1**2*x3 + c2**2*x1*x3 + 1)*(c10**2 + c7**2*x3 + c8**2*x3*x4 + x4)))",
        "constants": {
          "c0": 0.9704155447633739,
          "c1": 1.0289032920424371e-05,
          "c2": 6.0326462435832673e-05,
          "c3": 0.885629521821883,
          "c4": 0.10358567757260179,
          "c5": 0.0028664335786263897,
          "c6": -3.7521179249156758,
          "c7": 0.3697204742711516,
          "c8": 0.9353173417572057,
          "c9": 0.3,
          "c10": 0.00025692494511578794
        }
      }
    },
    "error": ""
  },
  "saved_at": 1784503257.581769
}