{
  "id": "76b00838-49b4-4913-8a9c-5af8b7c9c1c8",
  "generation": 4,
  "iteration": 14,
  "timestamp": 1781081157.490578,
  "parent_id": "538105b5-e80a-4454-a2fe-6190d8cd2f99",
  "metrics": {
    "combined_score": 0.9701580070058834,
    "n_stage1_datasets": 8.0,
    "n_stage1_successful": 8.0,
    "eval_workers": 8.0,
    "stage1_full_selected_datasets": 1.0,
    "cascade_stage1_time_seconds": 5.421338081359863,
    "cascade_stage1_threshold": 0.15,
    "cascade_stage1_passed": 1.0,
    "loss": 0.014010081755717722,
    "complexity": 13.0,
    "nmse_train": 0.011384085472243913,
    "nmse_val": 0.014010081755717722,
    "mean_nmse_val": 0.014010081755717722,
    "mean_raw_nmse_val": 0.014010081755717722,
    "fit_score": 0.9861834886972131,
    "parsimony_weight": 0.2,
    "parsimony_penalty_factor": 0.98375,
    "eval_time": 41.93371772766113,
    "n_datasets": 41.0,
    "n_successful": 41.0,
    "hard_case_tail_nmse": 0.16351865861531453,
    "hard_case_tail_weight": 0.0,
    "per_dataset_nmse_cap": 10.0,
    "cascade_stage2_time_seconds": 41.934088706970215,
    "cascade_total_time_seconds": 47.35542678833008,
    "cascade_stage1_combined_score": 0.9906648028383858,
    "test_combined_score": 0.9701580070058834,
    "test_n_stage1_datasets": 8.0,
    "test_n_stage1_successful": 8.0,
    "test_eval_workers": 8.0,
    "test_stage1_full_selected_datasets": 1.0,
    "test_cascade_stage1_time_seconds": 6.207504749298096,
    "test_cascade_stage1_threshold": 0.15,
    "test_cascade_stage1_passed": 1.0,
    "test_loss": 0.014010081755717722,
    "test_complexity": 13.0,
    "test_nmse_train": 0.011384085472243913,
    "test_nmse_val": 0.014010081755717722,
    "test_mean_nmse_val": 0.014010081755717722,
    "test_mean_raw_nmse_val": 0.014010081755717722,
    "test_fit_score": 0.9861834886972131,
    "test_parsimony_weight": 0.2,
    "test_parsimony_penalty_factor": 0.98375,
    "test_eval_time": 44.32640051841736,
    "test_n_datasets": 41.0,
    "test_n_successful": 41.0,
    "test_hard_case_tail_nmse": 0.16351865861531453,
    "test_hard_case_tail_weight": 0.0,
    "test_per_dataset_nmse_cap": 10.0,
    "test_cascade_stage2_time_seconds": 44.32705497741699,
    "test_cascade_total_time_seconds": 50.53455972671509,
    "test_cascade_stage1_combined_score": 0.9906648028383858
  },
  "language": "python",
  "saved_at": 1781084339.1681597
}