{
  "id": "73046768-8bfc-41d4-8188-f2c4274e16e2",
  "generation": 3,
  "iteration": 19,
  "current_iteration": 26,
  "metrics": {
    "combined_score": 0.9198941659304989,
    "n_stage1_datasets": 8.0,
    "n_stage1_successful": 8.0,
    "eval_workers": 8.0,
    "stage1_full_selected_datasets": 1.0,
    "cascade_stage1_time_seconds": 1.06382417678833,
    "cascade_stage1_threshold": 0.15,
    "cascade_stage1_passed": 1.0,
    "loss": 0.05311027711550048,
    "complexity": 25.0,
    "nmse_train": 0.018107119194542234,
    "nmse_val": 0.05311027711550048,
    "mean_nmse_val": 0.05311027711550048,
    "mean_raw_nmse_val": 0.05311027711550048,
    "fit_score": 0.9495681712830957,
    "parsimony_weight": 0.2,
    "parsimony_penalty_factor": 0.96875,
    "eval_time": 11.676659107208252,
    "n_datasets": 22.0,
    "n_successful": 22.0,
    "cascade_stage2_time_seconds": 11.677104473114014,
    "cascade_total_time_seconds": 12.740928649902344,
    "cascade_stage1_combined_score": 0.7652194117816851
  },
  "language": "python",
  "timestamp": 1781685018.0398405,
  "saved_at": 1781686283.6136441
}