{
  "id": "beed9b6f-9b3d-45a6-b0cc-a87c4882fd41",
  "generation": 1,
  "iteration": 1,
  "current_iteration": 3,
  "metrics": {
    "combined_score": 0.942416902470017,
    "n_stage1_datasets": 8.0,
    "n_stage1_successful": 8.0,
    "eval_workers": 8.0,
    "stage1_full_selected_datasets": 1.0,
    "cascade_stage1_time_seconds": 5.658889055252075,
    "cascade_stage1_threshold": 0.15,
    "cascade_stage1_passed": 1.0,
    "loss": 0.039879481608914275,
    "complexity": 16.0,
    "nmse_train": 0.02453279461810933,
    "nmse_val": 0.039879481608914275,
    "mean_nmse_val": 0.039879481608914275,
    "mean_raw_nmse_val": 0.039879481608914275,
    "fit_score": 0.9616499004796092,
    "parsimony_weight": 0.2,
    "parsimony_penalty_factor": 0.98,
    "eval_time": 41.89228272438049,
    "n_datasets": 42.0,
    "n_successful": 42.0,
    "hard_case_tail_nmse": 0.3525339808738037,
    "hard_case_tail_weight": 0.0,
    "per_dataset_nmse_cap": 10.0,
    "cascade_stage2_time_seconds": 41.892810344696045,
    "cascade_total_time_seconds": 47.55169939994812,
    "cascade_stage1_combined_score": 0.9503171738910647
  },
  "language": "python",
  "timestamp": 1780773143.805815,
  "saved_at": 1780773432.8744748
}