{
  "program_id": "2ae77f8e-fd0d-4e89-8790-01c9ccf6a12c",
  "iteration_found": 6,
  "dataset": "Abeta42/inhibition_constraints",
  "plot": "outputs_diff_inhibited_norm/adaevolve/disease_relevant_inhibited_all_normalized_ode_0721_0426/checkpoints/checkpoint_6/iteration_6_best_validation_curves.svg",
  "metrics": {
    "equation": "d(c)/dt = (0.971112933101277 - x4)*(5.83291299470163e-7*x1 + 4.39865859246418*x1*(x4**2 + 1.9499233771687e-7)/(1.84406966242748e-6*x3 + 1)**2 + 4.32475547324116*x2 + 42.4259538879936*x4)/(1.0826527585722*x3 + 1)",
    "loss": 0.046270144561438145,
    "nmse_train": 0.010453984846198628,
    "nmse_val": 0.004602709028424822,
    "mean_nmse_val": 0.004602709028424822,
    "mean_raw_nmse_val": 0.004602709028424822,
    "scored_loss_val": 0.046270144561438145,
    "mean_scored_loss_val": 0.046270144561438145,
    "shape_loss_val": 0.17127245116047812,
    "shape_loss_weight": 0.25,
    "heldout_curve_nmse": 0.004602709028424822,
    "heldout_curve_scored_loss": 0.046270144561438145,
    "heldout_curve_shape_loss": 0.17127245116047812,
    "eval_only_nmse": NaN,
    "eval_only_scored_loss": NaN,
    "eval_only_shape_loss": NaN,
    "combined_score": 0.9557761016101314,
    "fit_score": 0.9557761016101314,
    "eval_time": 29.656808853149414,
    "n_datasets": 1,
    "n_successful": 1,
    "eval_workers": 8,
    "hard_cases": [
      {
        "dataset": "Abeta42/inhibition_constraints",
        "scored_loss_val": 0.046270144561438145,
        "nmse_val": 0.004602709028424822,
        "shape_loss_val": 0.17127245116047812,
        "evaluation_only": false
      }
    ],
    "hard_case_feedback": "Abeta42/inhibition_constraints scored=0.04627 (nmse=0.004603, shape=0.1713)",
    "validation_semantics_feedback": "heldout_curve_scored_loss=0.04627, heldout_curve_nmse=0.004603, heldout_curve_shape=0.1713; eval_only_fit_score_scored_loss=nan, eval_only_nmse=nan, eval_only_shape=nan",
    "per_dataset": {
      "Abeta42/inhibition_constraints": {
        "nmse_train": 0.010453984846198628,
        "nmse_val": 0.004602709028424822,
        "shape_loss_val": 0.17127245116047812,
        "scored_loss_val": 0.046270144561438145,
        "n_val_points": 1805,
        "evaluation_only": false,
        "combined_score": 0.9557761016101314,
        "equation": "d(c)/dt = (0.971112933101277 - x4)*(5.83291299470163e-7*x1 + 4.39865859246418*x1*(x4**2 + 1.9499233771687e-7)/(1.84406966242748e-6*x3 + 1)**2 + 4.32475547324116*x2 + 42.4259538879936*x4)/(1.0826527585722*x3 + 1)",
        "equation_template": "d(c)/dt = (c7 - x4)*(c2**2*x1 + c3**2*(c4**2*x4 + x2) + c5**2*x1*(c0**2 + x4**2)/(c1**2*x3 + 1)**2)/(c6**2*x3 + 1)",
        "constants": {
          "c0": -0.0004415793674039466,
          "c1": -0.0013579652655452868,
          "c2": 0.0007637350977074203,
          "c3": 2.0796046434938433,
          "c4": 3.1320957434226573,
          "c5": 2.0972979264911755,
          "c6": 1.0405060108294402,
          "c7": 0.9711129331012767
        }
      }
    },
    "error": ""
  },
  "saved_at": 1784589343.2043111
}