{
  "program_id": "bc24ce99-ac6d-4a1b-aa86-6b245a4c4907",
  "iteration_found": 1,
  "dataset": "Abeta42/inhibition_constraints",
  "plot": "outputs_diff_inhibited_norm/adaevolve/disease_relevant_inhibited_all_normalized_ode_0721_0426/checkpoints/checkpoint_6/iteration_6_global_best_validation_curves.svg",
  "metrics": {
    "equation": "d(c)/dt = -5.27508168557898e-7*x3*x4/(0.0868431177587312*x4 + 1) + (0.971008986850984 - x4)*(8.92353426805873e-6*x1 + 13.5251679917438*x1*(0.488487994974284*x4**2 + sqrt(x4**2 + 2.9953494766847e-7) + 1.46319226011298e-7)/(1.70060663876015*x3 + 1) + 2.59040303973813*x2 + 4.21063868030481*x4)",
    "loss": 0.04462383054369807,
    "nmse_train": 0.010187372730933359,
    "nmse_val": 0.002832387336657606,
    "mean_nmse_val": 0.002832387336657606,
    "mean_raw_nmse_val": 0.002832387336657606,
    "scored_loss_val": 0.04462383054369807,
    "mean_scored_loss_val": 0.04462383054369807,
    "shape_loss_val": 0.16999816016481945,
    "shape_loss_weight": 0.25,
    "heldout_curve_nmse": 0.002832387336657606,
    "heldout_curve_scored_loss": 0.04462383054369807,
    "heldout_curve_shape_loss": 0.16999816016481945,
    "eval_only_nmse": NaN,
    "eval_only_scored_loss": NaN,
    "eval_only_shape_loss": NaN,
    "combined_score": 0.9572823927245919,
    "fit_score": 0.9572823927245919,
    "eval_time": 76.34193992614746,
    "n_datasets": 1,
    "n_successful": 1,
    "eval_workers": 8,
    "hard_cases": [
      {
        "dataset": "Abeta42/inhibition_constraints",
        "scored_loss_val": 0.04462383054369807,
        "nmse_val": 0.0028323873366576063,
        "shape_loss_val": 0.16999816016481945,
        "evaluation_only": false
      }
    ],
    "hard_case_feedback": "Abeta42/inhibition_constraints scored=0.04462 (nmse=0.002832, shape=0.17)",
    "validation_semantics_feedback": "heldout_curve_scored_loss=0.04462, heldout_curve_nmse=0.002832, heldout_curve_shape=0.17; eval_only_fit_score_scored_loss=nan, eval_only_nmse=nan, eval_only_shape=nan",
    "per_dataset": {
      "Abeta42/inhibition_constraints": {
        "nmse_train": 0.010187372730933359,
        "nmse_val": 0.0028323873366576063,
        "shape_loss_val": 0.16999816016481945,
        "scored_loss_val": 0.04462383054369807,
        "n_val_points": 1805,
        "evaluation_only": false,
        "combined_score": 0.9572823927245919,
        "equation": "d(c)/dt = -5.27508168557898e-7*x3*x4/(0.0868431177587312*x4 + 1) + (0.971008986850984 - x4)*(8.92353426805873e-6*x1 + 13.5251679917438*x1*(0.488487994974284*x4**2 + sqrt(x4**2 + 2.9953494766847e-7) + 1.46319226011298e-7)/(1.70060663876015*x3 + 1) + 2.59040303973813*x2 + 4.21063868030481*x4)",
        "equation_template": "d(c)/dt = -c8**2*x3*x4/(c9**2*x4 + 1) + (c7 - x4)*(c2**2*x1 + c3**2*(c4**2*x4 + x2) + c5**2*x1*(c6**2*(c0**2 + x4**2) + sqrt(c0**2 + x4**2))/(c1**2*x3 + 1))",
        "constants": {
          "c0": -0.0005472978600985665,
          "c1": 1.3040730956354194,
          "c2": 0.0029872285262528427,
          "c3": 1.6094729074259453,
          "c4": 1.2749416746100921,
          "c5": 3.6776579492584367,
          "c6": 0.6989191619738893,
          "c7": 0.9710089868509837,
          "c8": -0.0007262975757620964,
          "c9": 0.2946915637725844,
          "c10": 0.0
        }
      }
    },
    "error": ""
  },
  "saved_at": 1784589343.224801
}