{
  "program_id": "36131de1-beb7-42ca-a64d-fbb89fbb7fe4",
  "iteration_found": 37,
  "dataset": "Abeta42/inhibition_constraints",
  "plot": "outputs_diff_inhibited_norm/adaevolve/disease_relevant_inhibited_all_normalized_ode_0720_0022/checkpoints/checkpoint_37/iteration_37_best_validation_curves.svg",
  "metrics": {
    "equation": "d(c)/dt = (0.960869151047582 - x4)*(16.9497166527093*x1*x4*(0.327656515773884*x2 + 1)/(x3*(0.000129706850744433*x4 + 1.29957430279206) + 1) + (0.678688536650513*x1 + 14.483502151676*x2 + 0.0593094905491677)/(302.176899584594*x3 + 1))",
    "loss": 0.0886440709124586,
    "nmse_train": 0.010107044264519865,
    "nmse_val": 0.04262800955752695,
    "mean_nmse_val": 0.04262800955752695,
    "mean_raw_nmse_val": 0.04262800955752695,
    "scored_loss_val": 0.0886440709124586,
    "mean_scored_loss_val": 0.0886440709124586,
    "shape_loss_val": 0.22669225497725354,
    "shape_loss_weight": 0.25,
    "heldout_curve_nmse": 0.04262800955752695,
    "heldout_curve_scored_loss": 0.0886440709124586,
    "heldout_curve_shape_loss": 0.22669225497725354,
    "eval_only_nmse": NaN,
    "eval_only_scored_loss": NaN,
    "eval_only_shape_loss": NaN,
    "combined_score": 0.9185738725071451,
    "fit_score": 0.9185738725071451,
    "eval_time": 74.62064409255981,
    "n_datasets": 1,
    "n_successful": 1,
    "eval_workers": 8,
    "hard_cases": [
      {
        "dataset": "Abeta42/inhibition_constraints",
        "scored_loss_val": 0.0886440709124586,
        "nmse_val": 0.04262800955752695,
        "shape_loss_val": 0.22669225497725354,
        "evaluation_only": false
      }
    ],
    "hard_case_feedback": "Abeta42/inhibition_constraints scored=0.08864 (nmse=0.04263, shape=0.2267)",
    "validation_semantics_feedback": "heldout_curve_scored_loss=0.08864, heldout_curve_nmse=0.04263, heldout_curve_shape=0.2267; eval_only_fit_score_scored_loss=nan, eval_only_nmse=nan, eval_only_shape=nan",
    "per_dataset": {
      "Abeta42/inhibition_constraints": {
        "nmse_train": 0.010107044264519865,
        "nmse_val": 0.04262800955752695,
        "shape_loss_val": 0.22669225497725354,
        "scored_loss_val": 0.0886440709124586,
        "n_val_points": 3610,
        "evaluation_only": false,
        "combined_score": 0.9185738725071451,
        "equation": "d(c)/dt = (0.960869151047582 - x4)*(16.9497166527093*x1*x4*(0.327656515773884*x2 + 1)/(x3*(0.000129706850744433*x4 + 1.29957430279206) + 1) + (0.678688536650513*x1 + 14.483502151676*x2 + 0.0593094905491677)/(302.176899584594*x3 + 1))",
        "equation_template": "d(c)/dt = (c0 - x4)*(c6**2*x1*x4*(c7**2*x2 + 1)/(x3*(c1**2 + c2**2*x4) + 1) + (c3**2 + c4**2*x1 + c5**2*x2)/(c8**2*x3 + 1))",
        "constants": {
          "c0": 0.9608691510475821,
          "c1": -1.1399887292390474,
          "c2": -0.011388891550297292,
          "c3": 0.24353539896525855,
          "c4": 0.8238255498893637,
          "c5": 3.805719662780752,
          "c6": 4.117003358355359,
          "c7": 0.5724128892450661,
          "c8": 17.38323616547258
        }
      }
    },
    "error": ""
  },
  "saved_at": 1784492218.772418
}