{
  "program_id": "bb30949f-80bd-4f0c-b12c-bb2788e2d353",
  "iteration_found": 5,
  "dataset": "Abeta42/inhibition_constraints",
  "plot": "outputs_diff_inhibited_norm/adaevolve/disease_relevant_inhibited_all_normalized_ode_0720_0232/checkpoints/checkpoint_5/iteration_5_best_validation_curves.svg",
  "metrics": {
    "equation": "d(c)/dt = (0.971212649407802 - x4)*(11.7882052241622*x1*x4*(x4 + 1)/((0.0593442150345226*x3*x4 + 1)*(0.32778053521922*x1*x3 + 0.980159007402216*x3 + 1)) + 9.70373444536001e-6*x1/(0.32778053521922*x1*x3 + 0.980159007402216*x3 + 1) + 1.1555207550635*x2 + 6.07432894650649*x4 + 1.21241398845525e-6)",
    "loss": 0.047117316091696095,
    "nmse_train": 0.010041583759217763,
    "nmse_val": 0.004760484799064626,
    "mean_nmse_val": 0.004760484799064626,
    "mean_raw_nmse_val": 0.004760484799064626,
    "scored_loss_val": 0.047117316091696095,
    "mean_scored_loss_val": 0.047117316091696095,
    "shape_loss_val": 0.17418780996959046,
    "shape_loss_weight": 0.25,
    "heldout_curve_nmse": 0.004760484799064626,
    "heldout_curve_scored_loss": 0.047117316091696095,
    "heldout_curve_shape_loss": 0.17418780996959046,
    "eval_only_nmse": NaN,
    "eval_only_scored_loss": NaN,
    "eval_only_shape_loss": NaN,
    "combined_score": 0.9550028297998561,
    "fit_score": 0.9550028297998561,
    "eval_time": 16.82731294631958,
    "n_datasets": 1,
    "n_successful": 1,
    "eval_workers": 8,
    "hard_cases": [
      {
        "dataset": "Abeta42/inhibition_constraints",
        "scored_loss_val": 0.04711731609169609,
        "nmse_val": 0.004760484799064626,
        "shape_loss_val": 0.17418780996959046,
        "evaluation_only": false
      }
    ],
    "hard_case_feedback": "Abeta42/inhibition_constraints scored=0.04712 (nmse=0.00476, shape=0.1742)",
    "validation_semantics_feedback": "heldout_curve_scored_loss=0.04712, heldout_curve_nmse=0.00476, heldout_curve_shape=0.1742; eval_only_fit_score_scored_loss=nan, eval_only_nmse=nan, eval_only_shape=nan",
    "per_dataset": {
      "Abeta42/inhibition_constraints": {
        "nmse_train": 0.010041583759217763,
        "nmse_val": 0.004760484799064626,
        "shape_loss_val": 0.17418780996959046,
        "scored_loss_val": 0.04711731609169609,
        "n_val_points": 1805,
        "evaluation_only": false,
        "combined_score": 0.9550028297998561,
        "equation": "d(c)/dt = (0.971212649407802 - x4)*(11.7882052241622*x1*x4*(x4 + 1)/((0.0593442150345226*x3*x4 + 1)*(0.32778053521922*x1*x3 + 0.980159007402216*x3 + 1)) + 9.70373444536001e-6*x1/(0.32778053521922*x1*x3 + 0.980159007402216*x3 + 1) + 1.1555207550635*x2 + 6.07432894650649*x4 + 1.21241398845525e-6)",
        "equation_template": "d(c)/dt = (c0 - x4)*(c3**2 + c4**2*x1/(c1**2*x3 + c2**2*x1*x3 + 1) + c5**2*x2 + c6**2*x1*x4*(x4 + 1)/((c8**2*x3*x4 + 1)*(c1**2*x3 + c2**2*x1*x3 + 1)) + c7**2*x4)",
        "constants": {
          "c0": 0.9712126494078022,
          "c1": 0.9900298012697477,
          "c2": 0.5725212094055733,
          "c3": 0.001101096720754018,
          "c4": 0.003115081771857685,
          "c5": 1.0749515128895362,
          "c6": -3.4333955822424813,
          "c7": -2.464615374963504,
          "c8": 0.2436066810137246
        }
      }
    },
    "error": ""
  },
  "saved_at": 1784495617.929781
}