{
  "program_id": "13811358-bb87-4b8f-83c3-5deec7e12b7b",
  "iteration_found": 4,
  "dataset": "Abeta42/inhibition_constraints",
  "plot": "outputs_diff_inhibited_norm/adaevolve/disease_relevant_inhibited_all_normalized_ode_0719_1838/checkpoints/checkpoint_4/iteration_4_best_validation_curves.svg",
  "metrics": {
    "equation": "d(c)/dt = (0.916673315192181 - x4)*(1.00259221382785*x1 + 5.86517843533939*x4*(0.994343244946165*x2 + 5.89103307242667)/(0.965638732560716*x3*x4 + 0.963314235525505*x3 + 1) + 1.06460973179487e-7)",
    "loss": 0.31695284630890463,
    "nmse_train": 0.37285151683831985,
    "nmse_val": 0.3172084813778292,
    "mean_nmse_val": 0.3172084813778292,
    "mean_raw_nmse_val": 0.3172084813778292,
    "scored_loss_val": 0.31695284630890463,
    "mean_scored_loss_val": 0.31695284630890463,
    "shape_loss_val": 0.316185941102131,
    "shape_loss_weight": 0.25,
    "heldout_curve_nmse": 0.3172084813778292,
    "heldout_curve_scored_loss": 0.31695284630890463,
    "heldout_curve_shape_loss": 0.316185941102131,
    "eval_only_nmse": NaN,
    "eval_only_scored_loss": NaN,
    "eval_only_shape_loss": NaN,
    "combined_score": 0.7593286295729983,
    "fit_score": 0.7593286295729983,
    "eval_time": 15.796734094619751,
    "n_datasets": 1,
    "n_successful": 1,
    "eval_workers": 8,
    "hard_cases": [
      {
        "dataset": "Abeta42/inhibition_constraints",
        "scored_loss_val": 0.31695284630890463,
        "nmse_val": 0.3172084813778292,
        "shape_loss_val": 0.316185941102131,
        "evaluation_only": false
      }
    ],
    "hard_case_feedback": "Abeta42/inhibition_constraints scored=0.317 (nmse=0.3172, shape=0.3162)",
    "validation_semantics_feedback": "heldout_curve_scored_loss=0.317, heldout_curve_nmse=0.3172, heldout_curve_shape=0.3162; eval_only_fit_score_scored_loss=nan, eval_only_nmse=nan, eval_only_shape=nan",
    "per_dataset": {
      "Abeta42/inhibition_constraints": {
        "nmse_train": 0.37285151683831985,
        "nmse_val": 0.3172084813778292,
        "shape_loss_val": 0.316185941102131,
        "scored_loss_val": 0.31695284630890463,
        "n_val_points": 12274,
        "evaluation_only": false,
        "combined_score": 0.7593286295729983,
        "equation": "d(c)/dt = (0.916673315192181 - x4)*(1.00259221382785*x1 + 5.86517843533939*x4*(0.994343244946165*x2 + 5.89103307242667)/(0.965638732560716*x3*x4 + 0.963314235525505*x3 + 1) + 1.06460973179487e-7)",
        "equation_template": "d(c)/dt = (c0 - x4)*(c1**2*x1 + c2**2 + c3**2*x4*(c4**2 + c5**2*x2)/(c6**2*x3 + c7**2*x3*x4 + 1))",
        "constants": {
          "c0": 0.9166733151921806,
          "c1": 1.0012952680542573,
          "c2": -0.0003262835778574932,
          "c3": 2.421813047148642,
          "c4": 2.427145045609485,
          "c5": 0.9971676112600953,
          "c6": 0.9814857286407708,
          "c7": 0.9826691877538016
        }
      }
    },
    "error": ""
  },
  "saved_at": 1784468201.9873579
}