{
  "program_id": "e33f9aa3-22ec-4ba2-a517-e660ef2392da",
  "iteration_found": 8,
  "dataset": "Abeta42/inhibition_constraints",
  "plot": "outputs_diff_inhibited_norm/adaevolve/disease_relevant_inhibited_all_normalized_ode_0720_0232/checkpoints/checkpoint_8/iteration_8_best_validation_curves.svg",
  "metrics": {
    "equation": "d(c)/dt = (0.972762361983241 - x4)*(15.3590108960834*x1*x4*(1.89089602805687e-8*x2 + 1)/(1.67042020307118e-8*x3*x4 + 1.05994675937878*x3/(1.89089602805687e-8*x2 + 1) + 1) + 8.81658163241517e-11*x1 + 2.06266568033979*x2 + 1.7628826964892e-10)",
    "loss": 0.0467790696060257,
    "nmse_train": 0.010981981325228344,
    "nmse_val": 0.0052428371952652425,
    "mean_nmse_val": 0.0052428371952652425,
    "mean_raw_nmse_val": 0.0052428371952652425,
    "scored_loss_val": 0.0467790696060257,
    "mean_scored_loss_val": 0.0467790696060257,
    "shape_loss_val": 0.1713877668383071,
    "shape_loss_weight": 0.25,
    "heldout_curve_nmse": 0.0052428371952652425,
    "heldout_curve_scored_loss": 0.0467790696060257,
    "heldout_curve_shape_loss": 0.1713877668383071,
    "eval_only_nmse": NaN,
    "eval_only_scored_loss": NaN,
    "eval_only_shape_loss": NaN,
    "combined_score": 0.9553114205620945,
    "fit_score": 0.9553114205620945,
    "eval_time": 14.47681713104248,
    "n_datasets": 1,
    "n_successful": 1,
    "eval_workers": 8,
    "hard_cases": [
      {
        "dataset": "Abeta42/inhibition_constraints",
        "scored_loss_val": 0.0467790696060257,
        "nmse_val": 0.0052428371952652425,
        "shape_loss_val": 0.1713877668383071,
        "evaluation_only": false
      }
    ],
    "hard_case_feedback": "Abeta42/inhibition_constraints scored=0.04678 (nmse=0.005243, shape=0.1714)",
    "validation_semantics_feedback": "heldout_curve_scored_loss=0.04678, heldout_curve_nmse=0.005243, heldout_curve_shape=0.1714; eval_only_fit_score_scored_loss=nan, eval_only_nmse=nan, eval_only_shape=nan",
    "per_dataset": {
      "Abeta42/inhibition_constraints": {
        "nmse_train": 0.010981981325228344,
        "nmse_val": 0.0052428371952652425,
        "shape_loss_val": 0.1713877668383071,
        "scored_loss_val": 0.0467790696060257,
        "n_val_points": 1805,
        "evaluation_only": false,
        "combined_score": 0.9553114205620945,
        "equation": "d(c)/dt = (0.972762361983241 - x4)*(15.3590108960834*x1*x4*(1.89089602805687e-8*x2 + 1)/(1.67042020307118e-8*x3*x4 + 1.05994675937878*x3/(1.89089602805687e-8*x2 + 1) + 1) + 8.81658163241517e-11*x1 + 2.06266568033979*x2 + 1.7628826964892e-10)",
        "equation_template": "d(c)/dt = (c0 - x4)*(c4**2 + c5**2*x1 + c6**2*x2 + c7**2*x1*x4*(c1**2*x2 + 1)/(c2**2*x3/(c1**2*x2 + 1) + c3**2*x3*x4 + 1))",
        "constants": {
          "c0": 0.9727623619832413,
          "c1": 0.0001375098552125218,
          "c2": 1.0295371578426802,
          "c3": -0.0001292447369555596,
          "c4": -1.3277359287483332e-05,
          "c5": -9.389665400010359e-06,
          "c6": 1.4361983429665242,
          "c7": 3.9190573989268627
        }
      }
    },
    "error": ""
  },
  "saved_at": 1784495911.200793
}