{
  "id": "d36d27cf-39b2-4831-832f-28be688495df",
  "generation": 6,
  "iteration": 18,
  "current_iteration": 22,
  "metrics": {
    "combined_score": 0.9332732431385189,
    "n_stage1_datasets": 8.0,
    "n_stage1_successful": 8.0,
    "eval_workers": 8.0,
    "cascade_stage1_time_seconds": 0.7405238151550293,
    "cascade_stage1_threshold": 0.15,
    "cascade_stage1_passed": 1.0,
    "loss": 0.027298282736366492,
    "complexity": 33.0,
    "nmse_train": Infinity,
    "nmse_val": 0.027298282736366492,
    "fit_score": 0.973427111487373,
    "parsimony_weight": 0.2,
    "parsimony_penalty_factor": 0.95875,
    "eval_time": 14.218529462814331,
    "n_datasets": 60.0,
    "n_successful": 60.0,
    "cascade_stage2_time_seconds": 14.219005346298218,
    "cascade_total_time_seconds": 14.959529161453247,
    "cascade_stage1_combined_score": 0.9989213345898494
  },
  "language": "python",
  "timestamp": 1780046849.9068885,
  "saved_at": 1780047677.9606066
}