{
  "id": "ed3f4d1f-fab3-4476-bf61-1b8e7bb06676",
  "generation": 3,
  "iteration": 5,
  "current_iteration": 8,
  "metrics": {
    "combined_score": 0.9781824998597289,
    "n_stage1_datasets": 8.0,
    "n_stage1_successful": 8.0,
    "eval_workers": 8.0,
    "cascade_stage1_time_seconds": 8.0530366897583,
    "cascade_stage1_threshold": 0.15,
    "cascade_stage1_passed": 1.0,
    "loss": 0.02230412028777825,
    "complexity": 0.0,
    "nmse_train": Infinity,
    "nmse_val": 0.02230412028777825,
    "eval_time": 64.42873024940491,
    "n_datasets": 60.0,
    "n_successful": 60.0,
    "cascade_stage2_time_seconds": 64.42956781387329,
    "cascade_total_time_seconds": 72.48260450363159,
    "cascade_stage1_combined_score": 0.9408203898211605
  },
  "language": "python",
  "timestamp": 1779975827.016216,
  "saved_at": 1779977135.1605403
}