{
  "id": "48f27a0a-bdec-42b1-891f-fba98a750455",
  "generation": 1,
  "iteration": 2,
  "current_iteration": 2,
  "metrics": {
    "combined_score": 0.8529161740450091,
    "n_stage1_datasets": 8.0,
    "n_stage1_successful": 8.0,
    "eval_workers": 8.0,
    "stage1_full_selected_datasets": 1.0,
    "cascade_stage1_time_seconds": 106.46284580230713,
    "cascade_stage1_threshold": 0.15,
    "cascade_stage1_passed": 1.0,
    "loss": 0.13580915625698783,
    "complexity": 25.0,
    "nmse_train": 0.021930779763114534,
    "nmse_val": 0.13580915625698783,
    "mean_nmse_val": 0.13580915625698783,
    "mean_raw_nmse_val": 0.13580915625698783,
    "fit_score": 0.8804295990142029,
    "parsimony_weight": 0.2,
    "parsimony_penalty_factor": 0.96875,
    "eval_time": 327.39944434165955,
    "n_datasets": 22.0,
    "n_successful": 22.0,
    "cascade_stage2_time_seconds": 327.40015387535095,
    "cascade_total_time_seconds": 433.8629996776581,
    "cascade_stage1_combined_score": 0.8574292771811933
  },
  "language": "python",
  "timestamp": 1781618551.5120478,
  "saved_at": 1781618551.5166914
}