{
  "id": "2fc35f31-a437-47b2-8c8e-1fe05383e6e8",
  "generation": 4,
  "iteration": 13,
  "current_iteration": 18,
  "metrics": {
    "combined_score": 0.8914097473767489,
    "n_stage1_datasets": 5.0,
    "n_stage1_successful": 5.0,
    "eval_workers": 8.0,
    "stage1_full_selected_datasets": 1.0,
    "cascade_stage1_time_seconds": 146.6233468055725,
    "cascade_stage1_threshold": 0.15,
    "cascade_stage1_passed": 1.0,
    "loss": 0.12181856092869942,
    "nmse_train": 0.019135339102475654,
    "nmse_val": 0.032498740263470625,
    "mean_nmse_val": 0.032498740263470625,
    "mean_raw_nmse_val": 0.032498740263470625,
    "scored_loss_val": 0.12181856092869942,
    "mean_scored_loss_val": 0.12181856092869942,
    "shape_loss_val": 0.38977802292438574,
    "shape_loss_weight": 0.25,
    "heldout_curve_nmse": 0.047408401047925645,
    "heldout_curve_scored_loss": 0.1038136485042536,
    "heldout_curve_shape_loss": 0.2730293908732375,
    "eval_only_nmse": 0.03045651661196002,
    "eval_only_scored_loss": 0.12428475104047694,
    "eval_only_shape_loss": 0.40576945432602773,
    "fit_score": 0.8914097473767489,
    "eval_time": 451.791610956192,
    "n_datasets": 17.0,
    "n_successful": 17.0,
    "cascade_stage2_time_seconds": 451.7922239303589,
    "cascade_total_time_seconds": 598.4155707359314,
    "cascade_stage1_combined_score": 0.9130951806469184
  },
  "language": "python",
  "timestamp": 1782000704.628763,
  "saved_at": 1782004472.8735762
}