{
  "num_islands": 2,
  "current_island": 1,
  "iteration_count": 1,
  "global_best_score": 0.8777645310843594,
  "decay": 0.9,
  "intensity_min": 0.15,
  "intensity_max": 0.5,
  "migration_interval": 15,
  "diversity_strategy_type": "code",
  "use_unified_archive": true,
  "use_adaptive_search": true,
  "use_ucb_selection": true,
  "fixed_intensity": 0.4,
  "adapter": {
    "states": [
      {
        "accumulated_signal": 0.18999999999999995,
        "best_score": 0.8777645310843594,
        "improvement_count": 2,
        "total_evaluations": 2,
        "decay": 0.9,
        "epsilon": 1e-08,
        "intensity_min": 0.15,
        "intensity_max": 0.5
      },
      {
        "accumulated_signal": 0.08999999999999998,
        "best_score": 0.2912536969123527,
        "improvement_count": 1,
        "total_evaluations": 1,
        "decay": 0.9,
        "epsilon": 1e-08,
        "intensity_min": 0.15,
        "intensity_max": 0.5
      }
    ],
    "dimension_visits": [
      2,
      1
    ],
    "dimension_rewards": [
      1.9,
      6.324150570343307e-17
    ],
    "decayed_visits": [
      1.9,
      1.0
    ],
    "global_best_score": 0.8777645310843594,
    "ucb_exploration": 1.41,
    "min_visits": 3,
    "decay": 0.9,
    "epsilon": 1e-08
  },
  "island_config_names": [
    "balanced",
    "balanced"
  ],
  "islands": [
    [
      "592d1774-838a-4a93-a45f-2b18c806f967",
      "c0b3887a-0517-4d32-8102-d34f84c5a43e"
    ],
    [
      "2167ff28-48bc-48c6-9f16-cec6afa65087",
      "73a8b1f0-8037-4a55-8779-266d3b698215"
    ]
  ],
  "archive_genealogies": [
    {
      "parents": {
        "592d1774-838a-4a93-a45f-2b18c806f967": [],
        "c0b3887a-0517-4d32-8102-d34f84c5a43e": [
          "592d1774-838a-4a93-a45f-2b18c806f967"
        ]
      },
      "children": {
        "592d1774-838a-4a93-a45f-2b18c806f967": [
          "c0b3887a-0517-4d32-8102-d34f84c5a43e"
        ]
      }
    },
    {
      "parents": {
        "2167ff28-48bc-48c6-9f16-cec6afa65087": [],
        "73a8b1f0-8037-4a55-8779-266d3b698215": [
          "2167ff28-48bc-48c6-9f16-cec6afa65087"
        ]
      },
      "children": {
        "2167ff28-48bc-48c6-9f16-cec6afa65087": [
          "73a8b1f0-8037-4a55-8779-266d3b698215"
        ]
      }
    }
  ],
  "use_dynamic_islands": true,
  "max_islands": 5,
  "last_spawn_iteration": -30,
  "use_paradigm_breakthrough": true,
  "paradigm_tracker": {
    "window_size": 10,
    "improvement_threshold": 0.12,
    "max_paradigm_uses": 2,
    "max_tried_paradigms": 10,
    "num_paradigms_to_generate": 3,
    "improvement_history": [
      1.0,
      1.0,
      0.0
    ],
    "active_paradigms": [],
    "paradigm_usage_counts": {},
    "current_paradigm_index": 0,
    "tried_paradigms": [],
    "best_score_at_paradigm_gen": 0.0,
    "best_score_during_paradigm": 0.0
  }
}