{
  "id": "1a0857a9-40b5-4bee-bff9-483aaa59a7ef",
  "generation": 1,
  "iteration": 1,
  "current_iteration": 1,
  "metrics": {
    "combined_score": 0.8482471956640982,
    "n_stage1_datasets": 8.0,
    "n_stage1_successful": 8.0,
    "eval_workers": 8.0,
    "stage1_full_selected_datasets": 1.0,
    "cascade_stage1_time_seconds": 28.19438624382019,
    "cascade_stage1_threshold": 0.15,
    "cascade_stage1_passed": 1.0,
    "loss": 0.14942908739788546,
    "complexity": 20.0,
    "nmse_train": 0.03466608758607536,
    "nmse_val": 0.14942908739788546,
    "mean_nmse_val": 0.14942908739788546,
    "mean_raw_nmse_val": 0.14942908739788546,
    "fit_score": 0.8699971237580495,
    "parsimony_weight": 0.2,
    "parsimony_penalty_factor": 0.975,
    "eval_time": 153.20707774162292,
    "n_datasets": 22.0,
    "n_successful": 22.0,
    "cascade_stage2_time_seconds": 153.20766353607178,
    "cascade_total_time_seconds": 181.40204977989197,
    "cascade_stage1_combined_score": 0.8425682593023035
  },
  "language": "python",
  "timestamp": 1781618059.087532,
  "saved_at": 1781618059.0922644
}