{
  "num_islands": 2,
  "current_island": 1,
  "iteration_count": 21,
  "global_best_score": 0.8858502583395195,
  "decay": 0.9,
  "intensity_min": 0.15,
  "intensity_max": 0.5,
  "migration_interval": 15,
  "diversity_strategy_type": "code",
  "use_unified_archive": true,
  "use_adaptive_search": true,
  "use_ucb_selection": true,
  "fixed_intensity": 0.4,
  "adapter": {
    "states": [
      {
        "accumulated_signal": 0.18999999999999995,
        "best_score": 0.8777645310843594,
        "improvement_count": 2,
        "total_evaluations": 14,
        "decay": 0.9,
        "epsilon": 1e-08,
        "intensity_min": 0.15,
        "intensity_max": 0.5
      },
      {
        "accumulated_signal": 0.16290848559129034,
        "best_score": 0.8858502583395195,
        "improvement_count": 3,
        "total_evaluations": 13,
        "decay": 0.9,
        "epsilon": 1e-08,
        "intensity_min": 0.15,
        "intensity_max": 0.5
      }
    ],
    "dimension_visits": [
      14,
      13
    ],
    "dimension_rewards": [
      0.5366161193139001,
      0.21797470740620467
    ],
    "decayed_visits": [
      7.7123207545039,
      7.458134171671
    ],
    "global_best_score": 0.8858502583395195,
    "ucb_exploration": 1.41,
    "min_visits": 3,
    "decay": 0.9,
    "epsilon": 1e-08
  },
  "island_config_names": [
    "balanced",
    "balanced"
  ],
  "islands": [
    [
      "592d1774-838a-4a93-a45f-2b18c806f967",
      "c0b3887a-0517-4d32-8102-d34f84c5a43e",
      "e32fbefb-9501-41c9-b7ba-d2ff6194e3e8",
      "6fcc4fd1-ae96-497d-80b9-6fdd232aed15",
      "4298382c-a1dc-43c7-b033-4fd4ce1473f4",
      "9ec861d7-95aa-4402-b5dd-5d856fc56eb2",
      "5f7ce0e7-9fa0-4bc5-ba55-060b44bd9596",
      "b9fac8f0-baef-4fef-a520-5497189e15f0",
      "eaf52bed-ccdd-48d7-b549-3167a1dfd2de",
      "2c43d4e5-fc03-471a-bd71-02ee7212b84c",
      "efa5aa61-6874-4fa4-827e-107587a9d44a",
      "80fa46fe-d35b-4004-ad9d-b9a030f63fa8",
      "4f906b5b-b7aa-41a8-a2b5-0832797cbb8e",
      "bcb6afb1-95dd-436f-9681-7f49685126a3",
      "4698ed8e-3eac-45c8-aadb-99a11bbe5311"
    ],
    [
      "2167ff28-48bc-48c6-9f16-cec6afa65087",
      "73a8b1f0-8037-4a55-8779-266d3b698215",
      "a64a57bc-2ad3-4361-8641-8d7c22a64f3c",
      "7922b7a2-a2ff-4184-bf82-e6c90ece3b80",
      "fdb86f6a-4e43-4ba8-aeee-220014eb7759",
      "8129d74b-cfb3-4cac-8caa-47043200c046",
      "a02eba9f-a0b1-40b7-89bc-fc04858a46fe",
      "fb6b7c20-46c1-42a4-bc8a-73e91e403dcc",
      "83a29d66-11ef-4c5a-82b3-5301096ff0cc",
      "c29703f5-d5f3-4ac0-95a4-889fc22afdc6",
      "ff18f779-76bf-4f99-9ef2-d32a9f1b916a",
      "297fc465-3a1f-43a9-9a2a-746e1807218b",
      "fa4dfc3e-9215-4194-8309-fe7d4cd5e358",
      "05e37ba8-4436-45a7-a683-7ddc4c53c811"
    ]
  ],
  "archive_genealogies": [
    {
      "parents": {
        "592d1774-838a-4a93-a45f-2b18c806f967": [],
        "c0b3887a-0517-4d32-8102-d34f84c5a43e": [
          "592d1774-838a-4a93-a45f-2b18c806f967"
        ],
        "e32fbefb-9501-41c9-b7ba-d2ff6194e3e8": [
          "c0b3887a-0517-4d32-8102-d34f84c5a43e"
        ],
        "6fcc4fd1-ae96-497d-80b9-6fdd232aed15": [
          "c0b3887a-0517-4d32-8102-d34f84c5a43e"
        ],
        "4298382c-a1dc-43c7-b033-4fd4ce1473f4": [
          "6fcc4fd1-ae96-497d-80b9-6fdd232aed15"
        ],
        "9ec861d7-95aa-4402-b5dd-5d856fc56eb2": [
          "c0b3887a-0517-4d32-8102-d34f84c5a43e"
        ],
        "5f7ce0e7-9fa0-4bc5-ba55-060b44bd9596": [
          "c0b3887a-0517-4d32-8102-d34f84c5a43e"
        ],
        "b9fac8f0-baef-4fef-a520-5497189e15f0": [
          "c0b3887a-0517-4d32-8102-d34f84c5a43e"
        ],
        "eaf52bed-ccdd-48d7-b549-3167a1dfd2de": [
          "c0b3887a-0517-4d32-8102-d34f84c5a43e"
        ],
        "2c43d4e5-fc03-471a-bd71-02ee7212b84c": [
          "fdb86f6a-4e43-4ba8-aeee-220014eb7759"
        ],
        "efa5aa61-6874-4fa4-827e-107587a9d44a": [
          "fa4dfc3e-9215-4194-8309-fe7d4cd5e358"
        ],
        "80fa46fe-d35b-4004-ad9d-b9a030f63fa8": [
          "fa4dfc3e-9215-4194-8309-fe7d4cd5e358"
        ],
        "4f906b5b-b7aa-41a8-a2b5-0832797cbb8e": [
          "fa4dfc3e-9215-4194-8309-fe7d4cd5e358"
        ],
        "bcb6afb1-95dd-436f-9681-7f49685126a3": [
          "fa4dfc3e-9215-4194-8309-fe7d4cd5e358"
        ],
        "4698ed8e-3eac-45c8-aadb-99a11bbe5311": [
          "fa4dfc3e-9215-4194-8309-fe7d4cd5e358"
        ]
      },
      "children": {
        "592d1774-838a-4a93-a45f-2b18c806f967": [
          "c0b3887a-0517-4d32-8102-d34f84c5a43e"
        ],
        "c0b3887a-0517-4d32-8102-d34f84c5a43e": [
          "e32fbefb-9501-41c9-b7ba-d2ff6194e3e8",
          "6fcc4fd1-ae96-497d-80b9-6fdd232aed15",
          "9ec861d7-95aa-4402-b5dd-5d856fc56eb2",
          "5f7ce0e7-9fa0-4bc5-ba55-060b44bd9596",
          "b9fac8f0-baef-4fef-a520-5497189e15f0",
          "eaf52bed-ccdd-48d7-b549-3167a1dfd2de"
        ],
        "6fcc4fd1-ae96-497d-80b9-6fdd232aed15": [
          "4298382c-a1dc-43c7-b033-4fd4ce1473f4"
        ],
        "fdb86f6a-4e43-4ba8-aeee-220014eb7759": [
          "2c43d4e5-fc03-471a-bd71-02ee7212b84c"
        ],
        "fa4dfc3e-9215-4194-8309-fe7d4cd5e358": [
          "efa5aa61-6874-4fa4-827e-107587a9d44a",
          "80fa46fe-d35b-4004-ad9d-b9a030f63fa8",
          "4f906b5b-b7aa-41a8-a2b5-0832797cbb8e",
          "bcb6afb1-95dd-436f-9681-7f49685126a3",
          "4698ed8e-3eac-45c8-aadb-99a11bbe5311"
        ]
      }
    },
    {
      "parents": {
        "2167ff28-48bc-48c6-9f16-cec6afa65087": [],
        "73a8b1f0-8037-4a55-8779-266d3b698215": [
          "2167ff28-48bc-48c6-9f16-cec6afa65087"
        ],
        "a64a57bc-2ad3-4361-8641-8d7c22a64f3c": [
          "73a8b1f0-8037-4a55-8779-266d3b698215"
        ],
        "7922b7a2-a2ff-4184-bf82-e6c90ece3b80": [
          "a64a57bc-2ad3-4361-8641-8d7c22a64f3c"
        ],
        "fdb86f6a-4e43-4ba8-aeee-220014eb7759": [
          "a64a57bc-2ad3-4361-8641-8d7c22a64f3c"
        ],
        "8129d74b-cfb3-4cac-8caa-47043200c046": [
          "a64a57bc-2ad3-4361-8641-8d7c22a64f3c"
        ],
        "a02eba9f-a0b1-40b7-89bc-fc04858a46fe": [
          "c0b3887a-0517-4d32-8102-d34f84c5a43e"
        ],
        "fb6b7c20-46c1-42a4-bc8a-73e91e403dcc": [
          "c0b3887a-0517-4d32-8102-d34f84c5a43e"
        ],
        "83a29d66-11ef-4c5a-82b3-5301096ff0cc": [
          "4298382c-a1dc-43c7-b033-4fd4ce1473f4"
        ],
        "c29703f5-d5f3-4ac0-95a4-889fc22afdc6": [
          "e32fbefb-9501-41c9-b7ba-d2ff6194e3e8"
        ],
        "ff18f779-76bf-4f99-9ef2-d32a9f1b916a": [
          "b9fac8f0-baef-4fef-a520-5497189e15f0"
        ],
        "297fc465-3a1f-43a9-9a2a-746e1807218b": [
          "5f7ce0e7-9fa0-4bc5-ba55-060b44bd9596"
        ],
        "fa4dfc3e-9215-4194-8309-fe7d4cd5e358": [
          "c0b3887a-0517-4d32-8102-d34f84c5a43e"
        ],
        "05e37ba8-4436-45a7-a683-7ddc4c53c811": [
          "fa4dfc3e-9215-4194-8309-fe7d4cd5e358"
        ]
      },
      "children": {
        "2167ff28-48bc-48c6-9f16-cec6afa65087": [
          "73a8b1f0-8037-4a55-8779-266d3b698215"
        ],
        "73a8b1f0-8037-4a55-8779-266d3b698215": [
          "a64a57bc-2ad3-4361-8641-8d7c22a64f3c"
        ],
        "a64a57bc-2ad3-4361-8641-8d7c22a64f3c": [
          "7922b7a2-a2ff-4184-bf82-e6c90ece3b80",
          "fdb86f6a-4e43-4ba8-aeee-220014eb7759",
          "8129d74b-cfb3-4cac-8caa-47043200c046"
        ],
        "c0b3887a-0517-4d32-8102-d34f84c5a43e": [
          "a02eba9f-a0b1-40b7-89bc-fc04858a46fe",
          "fb6b7c20-46c1-42a4-bc8a-73e91e403dcc",
          "fa4dfc3e-9215-4194-8309-fe7d4cd5e358"
        ],
        "4298382c-a1dc-43c7-b033-4fd4ce1473f4": [
          "83a29d66-11ef-4c5a-82b3-5301096ff0cc"
        ],
        "e32fbefb-9501-41c9-b7ba-d2ff6194e3e8": [
          "c29703f5-d5f3-4ac0-95a4-889fc22afdc6"
        ],
        "b9fac8f0-baef-4fef-a520-5497189e15f0": [
          "ff18f779-76bf-4f99-9ef2-d32a9f1b916a"
        ],