{
  "id": "71db3eae-ecef-4a5b-8e14-c0cdef561292",
  "generation": 2,
  "iteration": 4,
  "timestamp": 1779834794.2189589,
  "parent_id": "b382b214-6a60-4610-9b3e-fa1014f1e1e1",
  "metrics": {
    "combined_score": 0.8940828988642741,
    "loss": 0.11846451964383735,
    "complexity": 0.0,
    "nmse_train": Infinity,
    "nmse_val": 0.11846451964383735,
    "eval_time": 162.10018825531006,
    "n_datasets": 60.0,
    "n_successful": 59.0,
    "test_combined_score": 0.8940828988642741,
    "test_loss": 0.11846451964383735,
    "test_complexity": 0.0,
    "test_nmse_train": Infinity,
    "test_nmse_val": 0.11846451964383735,
    "test_eval_time": 167.47692561149597,
    "test_n_datasets": 60.0,
    "test_n_successful": 59.0
  },
  "language": "python",
  "saved_at": 1779840029.9083405
}