{
  "num_islands": 4,
  "current_island": 1,
  "iteration_count": 6,
  "global_best_score": 0.9572823927245919,
  "decay": 0.9,
  "intensity_min": 0.15,
  "intensity_max": 0.5,
  "migration_interval": 15,
  "diversity_strategy_type": "code",
  "use_unified_archive": true,
  "use_adaptive_search": true,
  "use_ucb_selection": true,
  "fixed_intensity": 0.4,
  "adapter": {
    "states": [
      {
        "accumulated_signal": 0.08100050225872929,
        "best_score": 0.9572823927245919,
        "improvement_count": 3,
        "total_evaluations": 13,
        "decay": 0.9,
        "epsilon": 1e-08,
        "intensity_min": 0.15,
        "intensity_max": 0.5
      },
      {
        "accumulated_signal": 0.06580673701878506,
        "best_score": 0.9569227645438293,
        "improvement_count": 2,
        "total_evaluations": 8,
        "decay": 0.9,
        "epsilon": 1e-08,
        "intensity_min": 0.15,
        "intensity_max": 0.5
      },
      {
        "accumulated_signal": 0.09000098446344489,
        "best_score": 0.9572567516867388,
        "improvement_count": 1,
        "total_evaluations": 8,
        "decay": 0.9,
        "epsilon": 1e-08,
        "intensity_min": 0.15,
        "intensity_max": 0.5
      },
      {
        "accumulated_signal": 0.0590835414686755,
        "best_score": 0.956915474700278,
        "improvement_count": 3,
        "total_evaluations": 8,
        "decay": 0.9,
        "epsilon": 1e-08,
        "intensity_min": 0.15,
        "intensity_max": 0.5
      }
    ],
    "dimension_visits": [
      13,
      8,
      8,
      8
    ],
    "dimension_rewards": [
      0.2837328066790368,
      0.00016774942076704157,
      0.0016621978070751598,
      0.007566950341965101
    ],
    "decayed_visits": [
      7.458134171671,
      5.6953279000000006,
      5.6953279000000006,
      5.6953279000000006
    ],
    "global_best_score": 0.9572823927245919,
    "ucb_exploration": 1.41,
    "min_visits": 3,
    "decay": 0.9,
    "epsilon": 1e-08
  },
  "island_config_names": [
    "balanced",
    "balanced",
    "balanced",
    "balanced"
  ],
  "islands": [
    [
      "b26d7a5a-a9ab-477a-adb0-4dc32cb44fb2",
      "81dd9a0b-f620-4ed1-a9fb-3a44feb5895e",
      "346ebe70-ae8c-446e-9bf1-3cc8905c31f7",
      "07207bd2-2f0b-45ef-9d3f-079f135b473f",
      "21d0b29b-5632-4fd0-8706-26bd05f45fd5",
      "c4f936cc-18d7-4517-bc72-0f50cf23c064",
      "848991c9-bf86-4e71-b651-6fa21c104ac0",
      "84476c04-0330-47fd-80ae-384b250a6c88",
      "9ffd7828-a0cd-4120-94af-43273ba86b0b",
      "7dd4cc1f-92c5-4ad3-bf5e-fd44d60f6fbe",
      "bc24ce99-ac6d-4a1b-aa86-6b245a4c4907",
      "7bd90850-d937-4dcd-b569-1f03252480b5",
      "0370fbeb-51fd-43cc-97c6-1e9ca76644dd"
    ],
    [
      "42e3bc7d-1550-4b58-9a07-b5f67d9ac4c5",
      "d6dec4b2-ca0e-46fc-85de-06d5dd5e51ed",
      "381bc9bc-c9f5-496e-a373-67cc95feae4c",
      "dae3e915-858c-42be-a74b-367d301adae7",
      "1fa6f493-1baa-4892-8108-aa82616449f4",
      "36ea3955-6f67-4a7a-af0d-1290b1cabcdd",
      "0c37cdee-3928-4c57-93f0-a7df92544023",
      "db917905-9fe1-4dd7-a3b5-cba3f9a27653",
      "dc702c5b-9256-4364-9615-dba6e8eca4c3",
      "389685ec-6aa2-4054-bf3f-c3b367f7cf6a",
      "3b7a5ce3-2121-47c8-a158-49bc9e872cf2",
      "dcc39e63-2faf-45f5-a9af-d3f41a50a0e4",
      "d7b1a7c4-63f6-42f6-a17d-399dba408815",
      "2cd22498-29d4-402b-80b0-945353eebec6",
      "2caa6fa2-3b17-437e-95ed-4df6f9325fa1",
      "0a51c2d5-62a3-43eb-bb85-f5044b7a8377",
      "873507a5-d7ac-4157-b75f-1d331179c982"
    ],
    [
      "7ae0c75b-cc1e-4e91-bce0-9169b6238b26",
      "0092bcc0-ccca-4ad6-b4b8-7bcc646b4eb9",
      "6504feb2-d83a-4f65-b023-1b516396017f",
      "bc38519b-168f-4cf9-a99b-58d1e0925389",
      "49151e85-54b6-4056-a774-9ee9fdf1dd4f",
      "df595847-94e9-4a61-9d6c-396fd426b163",
      "d1fcea6e-f521-4f69-a35a-8793884c1111",
      "85c8406f-f86c-419f-964c-15f679aef90a",
      "ae676e2c-081a-4154-aea0-f95b86c979a3",
      "48452922-51ab-4ba4-8d2e-1c4721122d87",
      "d587f6c5-183e-43f1-afc6-f876ed708552",
      "05015cbc-d749-4ecc-87b7-e5533695147e",
      "fc195364-899c-4be2-9294-bcbded895d4c",
      "2ae77f8e-fd0d-4e89-8790-01c9ccf6a12c",
      "13285dba-834e-4094-bd12-09a3bba23b14",
      "8b8fa13c-a5ec-42eb-8962-d01eb3751d08",
      "86b980ca-8e31-497d-9b1d-bd8d6f8e55f1"
    ],
    [
      "c46581af-6cf5-462f-8bfa-7e8491c224f9",
      "866aa076-2839-4c4a-922d-76f966ea0d19",
      "15a82733-9984-48dc-b748-8e9b17912c35",
      "437c62ac-3e5d-41d2-8023-855b860114d3",
      "dfb69cea-a914-42af-ba01-83b0895404bd",
      "e6c37e53-c0db-4d6d-a14a-4917491dc46f",
      "650f3ba9-4d5a-43a9-b503-fff00f1d4c90",
      "ee4f4ca8-e4c8-4c86-a4c4-258b5f1c8b39",
      "30947e5a-882f-4c19-9101-7eecbd1c0412",
      "ba0334db-459c-4171-9053-73dd4faabf2c",
      "6dcdfa63-c171-43fa-9ac2-4c4e7035bea4",
      "a63f8fcb-b7c8-45b2-ab29-78152d2cb3c6",
      "f2363e58-60ea-4fa3-a653-b2e306bffad8",
      "a2b70acd-4040-4032-b74d-bf00b2c4e7d2",
      "0b9476e0-ec08-41ff-969d-8679db205c00",
      "46386ea9-bc91-4ec9-a4c9-7239048e4db4"
    ]
  ],
  "archive_genealogies": [
    {
      "parents": {
        "b26d7a5a-a9ab-477a-adb0-4dc32cb44fb2": [],
        "81dd9a0b-f620-4ed1-a9fb-3a44feb5895e": [],
        "346ebe70-ae8c-446e-9bf1-3cc8905c31f7": [],
        "07207bd2-2f0b-45ef-9d3f-079f135b473f": [],
        "21d0b29b-5632-4fd0-8706-26bd05f45fd5": [],
        "c4f936cc-18d7-4517-bc72-0f50cf23c064": [],
        "848991c9-bf86-4e71-b651-6fa21c104ac0": [],
        "84476c04-0330-47fd-80ae-384b250a6c88": [],
        "9ffd7828-a0cd-4120-94af-43273ba86b0b": [],
        "7dd4cc1f-92c5-4ad3-bf5e-fd44d60f6fbe": [
          "81dd9a0b-f620-4ed1-a9fb-3a44feb5895e"
        ],
        "bc24ce99-ac6d-4a1b-aa86-6b245a4c4907": [
          "81dd9a0b-f620-4ed1-a9fb-3a44feb5895e"
        ],
        "7bd90850-d937-4dcd-b569-1f03252480b5": [
          "346ebe70-ae8c-446e-9bf1-3cc8905c31f7"
        ],
        "0370fbeb-51fd-43cc-97c6-1e9ca76644dd": [
          "b26d7a5a-a9ab-477a-adb0-4dc32cb44fb2"
        ]
      },
      "children": {
        "81dd9a0b-f620-4ed1-a9fb-3a44feb5895e": [
          "7dd4cc1f-92c5-4ad3-bf5e-fd44d60f6fbe",
          "bc24ce99-ac6d-4a1b-aa86-6b245a4c4907"
        ],
        "346ebe70-ae8c-446e-9bf1-3cc8905c31f7": [
          "7bd90850-d937-4dcd-b569-1f03252480b5"
        ],
        "b26d7a5a-a9ab-477a-adb0-4dc32cb44fb2": [
          "0370fbeb-51fd-43cc-97c6-1e9ca76644dd"
        ]
      }
    },
    {
      "parents": {
        "42e3bc7d-1550-4b58-9a07-b5f67d9ac4c5": [],
        "d6dec4b2-ca0e-46fc-85de-06d5dd5e51ed": [],
        "381bc9bc-c9f5-496e-a373-67cc95feae4c": [],
        "dae3e915-858c-42be-a74b-367d301adae7": [],
        "1fa6f493-1baa-4892-8108-aa82616449f4": [],
        "36ea3955-6f67-4a7a-af0d-1290b1cabcdd": [],
        "0c37cdee-3928-4c57-93f0-a7df92544023": [],
        "db917905-9fe1-4dd7-a3b5-cba3f9a27653": [],
        "dc702c5b-9256-4364-9615-dba6e8eca4c3": [],
        "389685ec-6aa2-4054-bf3f-c3b367f7cf6a": [
          "381bc9bc-c9f5-496e-a373-67cc95feae4c"
        ],
        "3b7a5ce3-2121-47c8-a158-49bc9e872cf2": [
          "d6dec4b2-ca0e-46fc-85de-06d5dd5e51ed"
        ],
        "dcc39e63-2faf-45f5-a9af-d3f41a50a0e4": [
          "d6dec4b2-ca0e-46fc-85de-06d5dd5e51ed"
        ],
        "d7b1a7c4-63f6-42f6-a17d-399dba408815": [
          "db917905-9fe1-4dd7-a3b5-cba3f9a27653"
        ],
        "2cd22498-29d4-402b-80b0-945353eebec6": [
          "bc24ce99-ac6d-4a1b-aa86-6b245a4c4907"
        ],
        "2caa6fa2-3b17-437e-95ed-4df6f9325fa1": [
          "bc24ce99-ac6d-4a1b-aa86-6b245a4c4907"
        ],
        "0a51c2d5-62a3-43eb-bb85-f5044b7a8377": [
          "3b7a5ce3-2121-47c8-a158-49bc9e872cf2"
        ],
        "873507a5-d7ac-4157-b75f-1d331179c982": [
          "42e3bc7d-1550-4b58-9a07-b5f67d9ac4c5"
        ]
      },
      "children": {
        "381bc9bc-c9f5-496e-a373-67cc95feae4c": [
          "389685ec-6aa2-4054-bf3f-c3b367f7cf6a"
        ],