{
  "program_id": "0a51c2d5-62a3-43eb-bb85-f5044b7a8377",
  "iteration_found": 7,
  "dataset": "Abeta42/inhibition_constraints",
  "plot": "outputs_diff_inhibited_norm/adaevolve/disease_relevant_inhibited_all_normalized_ode_0721_0426/checkpoints/checkpoint_7/iteration_7_best_validation_curves.svg",
  "metrics": {
    "equation": "d(c)/dt = -0.000438933507806455*x3*x4/(9.16713365146757*x4 + 1) + (-x4 + 0.970910524888852/(9.2297908510974e-10*x3 + 1))*(0.000579888743109395*x1/(8.61253771745527e-9*x3 + 1) + 14.0554411703434*x1*(0.382707372359122*x4**2 + sqrt(x4**2 + 5.49690843645889e-8))/((8.61253771745527e-9*x3 + 1)*(1.11371028173265*x3 + 1)) + 2.34066217586338*x2)",
    "loss": 0.04501641830697368,
    "nmse_train": 0.010472881988913874,
    "nmse_val": 0.0032139963585151796,
    "mean_nmse_val": 0.0032139963585151796,
    "mean_raw_nmse_val": 0.0032139963585151796,
    "scored_loss_val": 0.04501641830697368,
    "mean_scored_loss_val": 0.04501641830697368,
    "shape_loss_val": 0.17042368415234918,
    "shape_loss_weight": 0.25,
    "heldout_curve_nmse": 0.0032139963585151796,
    "heldout_curve_scored_loss": 0.04501641830697368,
    "heldout_curve_shape_loss": 0.17042368415234918,
    "eval_only_nmse": NaN,
    "eval_only_scored_loss": NaN,
    "eval_only_shape_loss": NaN,
    "combined_score": 0.9569227645438293,
    "fit_score": 0.9569227645438293,
    "eval_time": 61.31766486167908,
    "n_datasets": 1,
    "n_successful": 1,
    "eval_workers": 8,
    "hard_cases": [
      {
        "dataset": "Abeta42/inhibition_constraints",
        "scored_loss_val": 0.04501641830697368,
        "nmse_val": 0.0032139963585151796,
        "shape_loss_val": 0.17042368415234918,
        "evaluation_only": false
      }
    ],
    "hard_case_feedback": "Abeta42/inhibition_constraints scored=0.04502 (nmse=0.003214, shape=0.1704)",
    "validation_semantics_feedback": "heldout_curve_scored_loss=0.04502, heldout_curve_nmse=0.003214, heldout_curve_shape=0.1704; eval_only_fit_score_scored_loss=nan, eval_only_nmse=nan, eval_only_shape=nan",
    "per_dataset": {
      "Abeta42/inhibition_constraints": {
        "nmse_train": 0.010472881988913874,
        "nmse_val": 0.0032139963585151796,
        "shape_loss_val": 0.17042368415234918,
        "scored_loss_val": 0.04501641830697368,
        "n_val_points": 1805,
        "evaluation_only": false,
        "combined_score": 0.9569227645438293,
        "equation": "d(c)/dt = -0.000438933507806455*x3*x4/(9.16713365146757*x4 + 1) + (-x4 + 0.970910524888852/(9.2297908510974e-10*x3 + 1))*(0.000579888743109395*x1/(8.61253771745527e-9*x3 + 1) + 14.0554411703434*x1*(0.382707372359122*x4**2 + sqrt(x4**2 + 5.49690843645889e-8))/((8.61253771745527e-9*x3 + 1)*(1.11371028173265*x3 + 1)) + 2.34066217586338*x2)",
        "equation_template": "d(c)/dt = -c8**2*x3*x4/(c9**2*x4 + 1) + (c4/(c5**2*x3 + 1) - x4)*(c1**2*x1/(c0**2*x3 + 1) + c2**2*x2 + c3**2*x1*(c7**2*x4**2 + sqrt(c10**2 + x4**2))/((c0**2*x3 + 1)*(c6**2*x3 + 1)))",
        "constants": {
          "c0": -9.280375917739146e-05,
          "c1": 0.02408087920133722,
          "c2": 1.5299222777198136,
          "c3": 3.7490587045741774,
          "c4": 0.9709105248888521,
          "c5": 3.038057084897748e-05,
          "c6": 1.055324728096831,
          "c7": 0.618633471741646,
          "c8": -0.02095074003004321,
          "c9": 3.0277274731170185,
          "c10": -0.0002344548663700306
        }
      }
    },
    "error": ""
  },
  "saved_at": 1784589489.081781
}