{
  "id": "1b546c27-b9e1-4c38-b0df-e0fe8520f02f",
  "generation": 0,
  "iteration": 0,
  "current_iteration": 2,
  "metrics": {
    "combined_score": 0.5917381148325811,
    "loss": 0.6899367725922596,
    "complexity": 0.0,
    "nmse_train": Infinity,
    "nmse_val": 0.6899367725922596,
    "eval_time": 15.017627954483032,
    "n_datasets": 60.0,
    "n_successful": 60.0
  },
  "language": "python",
  "timestamp": 1779913890.5377402,
  "saved_at": 1779914026.260392
}