{
  "program_id": "64eae8e5-a73c-4f69-a057-02ba39e69483",
  "iteration_found": 26,
  "dataset": "Abeta42/inhibition_constraints",
  "plot": "outputs_diff_inhibited_norm/adaevolve/disease_relevant_inhibited_all_normalized_ode_0721_0426/checkpoints/checkpoint_26/iteration_26_best_validation_curves.svg",
  "metrics": {
    "equation": "d(c)/dt = (0.971191375149968 - x4)*(5.16353823093459*x0**2*x1*x4*sqrt(x4**2 + 12.1957929128387)/((x0**2 + 1.02829277334781e-5*(5.07473021756356*x3 + 1)**2)*(0.855978849370637*x3 + 1)*(x4*(1.67840888852837e-10*x3 + 0.297962472873488) + 1)) + 1.01596066061211e-5*x1 + 6.99126541400096*x2)",
    "loss": 0.043340839110848114,
    "nmse_train": 0.010011214639426082,
    "nmse_val": 0.0025221482511402636,
    "mean_nmse_val": 0.0025221482511402636,
    "mean_raw_nmse_val": 0.0025221482511402636,
    "scored_loss_val": 0.043340839110848114,
    "mean_scored_loss_val": 0.043340839110848114,
    "shape_loss_val": 0.16579691168997165,
    "shape_loss_weight": 0.25,
    "heldout_curve_nmse": 0.0025221482511402636,
    "heldout_curve_scored_loss": 0.043340839110848114,
    "heldout_curve_shape_loss": 0.16579691168997165,
    "eval_only_nmse": NaN,
    "eval_only_scored_loss": NaN,
    "eval_only_shape_loss": NaN,
    "combined_score": 0.9584595584815947,
    "fit_score": 0.9584595584815947,
    "eval_time": 74.80831122398376,
    "n_datasets": 1,
    "n_successful": 1,
    "eval_workers": 8,
    "hard_cases": [
      {
        "dataset": "Abeta42/inhibition_constraints",
        "scored_loss_val": 0.043340839110848114,
        "nmse_val": 0.0025221482511402636,
        "shape_loss_val": 0.16579691168997165,
        "evaluation_only": false
      }
    ],
    "hard_case_feedback": "Abeta42/inhibition_constraints scored=0.04334 (nmse=0.002522, shape=0.1658)",
    "validation_semantics_feedback": "heldout_curve_scored_loss=0.04334, heldout_curve_nmse=0.002522, heldout_curve_shape=0.1658; eval_only_fit_score_scored_loss=nan, eval_only_nmse=nan, eval_only_shape=nan",
    "per_dataset": {
      "Abeta42/inhibition_constraints": {
        "nmse_train": 0.010011214639426082,
        "nmse_val": 0.0025221482511402636,
        "shape_loss_val": 0.16579691168997165,
        "scored_loss_val": 0.043340839110848114,
        "n_val_points": 1805,
        "evaluation_only": false,
        "combined_score": 0.9584595584815947,
        "equation": "d(c)/dt = (0.971191375149968 - x4)*(5.16353823093459*x0**2*x1*x4*sqrt(x4**2 + 12.1957929128387)/((x0**2 + 1.02829277334781e-5*(5.07473021756356*x3 + 1)**2)*(0.855978849370637*x3 + 1)*(x4*(1.67840888852837e-10*x3 + 0.297962472873488) + 1)) + 1.01596066061211e-5*x1 + 6.99126541400096*x2)",
        "equation_template": "d(c)/dt = (c5 - x4)*(c2**2*x1 + c3**2*x2 + c4**2*x0**2*x1*x4*sqrt(c0**2 + x4**2 + 0.0001)/((c1**2*x3 + 1)*(c6**4*(c7**2*x3 + 1)**2 + x0**2)*(x4*(c8**2 + c9**2*x3) + 1)))",
        "constants": {
          "c0": 3.4922332271540375,
          "c1": 0.9251912501589261,
          "c2": 0.003187413780186228,
          "c3": 2.644100114216736,
          "c4": -2.272342014515991,
          "c5": 0.9711913751499678,
          "c6": -0.05662773563692198,
          "c7": 2.252716186643041,
          "c8": 0.5458593892876518,
          "c9": -1.2955342097097883e-05,
          "c10": 0.5
        }
      }
    },
    "error": ""
  },
  "saved_at": 1784592670.708752
}