{
  "program_id": "409cf8a5-568e-4480-b4d9-5019c4292432",
  "iteration_found": 38,
  "dataset": "Abeta42/inhibition_constraints",
  "plot": "outputs_diff_inhibited_norm/adaevolve/disease_relevant_inhibited_all_normalized_ode_0720_0357/checkpoints/checkpoint_38/iteration_38_best_validation_curves.svg",
  "metrics": {
    "equation": "d(c)/dt = (0.971443543458197 - x4)*(13.712065510057*x1*x4*(0.943702558126617*x2 + x4 + 1)/((x3*(3.52435827723658e-9*x3 + 0.987895342445634) + 1)*(x4*(3.24088864883592e-9*x3 + 0.523449728490386)*(x4 + 1) + 1)) + 1.00233784574604e-8*x1/(x3*(3.52435827723658e-9*x3 + 0.987895342445634) + 1) + 2.23916075586557e-8*x2 + 4.15368993866203e-6)",
    "loss": 0.04469767361236919,
    "nmse_train": 0.014308703550038224,
    "nmse_val": 0.003291707164355579,
    "mean_nmse_val": 0.003291707164355579,
    "mean_raw_nmse_val": 0.003291707164355579,
    "scored_loss_val": 0.04469767361236919,
    "mean_scored_loss_val": 0.04469767361236919,
    "shape_loss_val": 0.16891557295641002,
    "shape_loss_weight": 0.25,
    "heldout_curve_nmse": 0.003291707164355579,
    "heldout_curve_scored_loss": 0.04469767361236919,
    "heldout_curve_shape_loss": 0.16891557295641002,
    "eval_only_nmse": NaN,
    "eval_only_scored_loss": NaN,
    "eval_only_shape_loss": NaN,
    "combined_score": 0.9572147284890441,
    "fit_score": 0.9572147284890441,
    "eval_time": 11.910560131072998,
    "n_datasets": 1,
    "n_successful": 1,
    "eval_workers": 8,
    "hard_cases": [
      {
        "dataset": "Abeta42/inhibition_constraints",
        "scored_loss_val": 0.04469767361236919,
        "nmse_val": 0.003291707164355579,
        "shape_loss_val": 0.16891557295641002,
        "evaluation_only": false
      }
    ],
    "hard_case_feedback": "Abeta42/inhibition_constraints scored=0.0447 (nmse=0.003292, shape=0.1689)",
    "validation_semantics_feedback": "heldout_curve_scored_loss=0.0447, heldout_curve_nmse=0.003292, heldout_curve_shape=0.1689; eval_only_fit_score_scored_loss=nan, eval_only_nmse=nan, eval_only_shape=nan",
    "per_dataset": {
      "Abeta42/inhibition_constraints": {
        "nmse_train": 0.014308703550038224,
        "nmse_val": 0.003291707164355579,
        "shape_loss_val": 0.16891557295641002,
        "scored_loss_val": 0.04469767361236919,
        "n_val_points": 1805,
        "evaluation_only": false,
        "combined_score": 0.9572147284890441,
        "equation": "d(c)/dt = (0.971443543458197 - x4)*(13.712065510057*x1*x4*(0.943702558126617*x2 + x4 + 1)/((x3*(3.52435827723658e-9*x3 + 0.987895342445634) + 1)*(x4*(3.24088864883592e-9*x3 + 0.523449728490386)*(x4 + 1) + 1)) + 1.00233784574604e-8*x1/(x3*(3.52435827723658e-9*x3 + 0.987895342445634) + 1) + 2.23916075586557e-8*x2 + 4.15368993866203e-6)",
        "equation_template": "d(c)/dt = (c0 - x4)*(c3**2 + c4**2*x1/(x3*(c1**2 + c2**2*x3) + 1) + c5**2*x2 + c6**2*x1*x4*(c0**2*x2 + x4 + 1)/((x3*(c1**2 + c2**2*x3) + 1)*(x4*(c7**2 + c8**2*x3)*(x4 + 1) + 1)))",
        "constants": {
          "c0": 0.9714435434581966,
          "c1": 0.9939292441847325,
          "c2": 5.9366305908626135e-05,
          "c3": 0.002038060337345789,
          "c4": -0.00010011682404801095,
          "c5": 0.00014963825566564076,
          "c6": 3.7029806251257886,
          "c7": 0.7234982574204212,
          "c8": 5.692880333219663e-05
        }
      }
    },
    "error": ""
  },
  "saved_at": 1784505579.219018
}