{
  "program_id": "59f8e1bf-b188-4882-b1b4-961770da4143",
  "iteration_found": 22,
  "dataset": "Abeta42/inhibition_constraints",
  "plot": "outputs_diff_inhibited_norm/adaevolve/disease_relevant_inhibited_all_normalized_ode_0720_0022/checkpoints/checkpoint_22/iteration_22_best_validation_curves.svg",
  "metrics": {
    "equation": "d(c)/dt = (0.959521581180173 - x4)*(0.585242359621179*x1 + 3.85028694360501*x2 + 0.100092806253844*x4**2*(717.72772664693*x1 + 1)/(8.72591865691643*x3*x4 + 1.07576935626807*x3 + 1))",
    "loss": 0.108658229989628,
    "nmse_train": 0.00997363714093118,
    "nmse_val": 0.05604910583726821,
    "mean_nmse_val": 0.05604910583726821,
    "mean_raw_nmse_val": 0.05604910583726821,
    "scored_loss_val": 0.108658229989628,
    "mean_scored_loss_val": 0.108658229989628,
    "shape_loss_val": 0.2664856024467074,
    "shape_loss_weight": 0.25,
    "heldout_curve_nmse": 0.05604910583726821,
    "heldout_curve_scored_loss": 0.108658229989628,
    "heldout_curve_shape_loss": 0.2664856024467074,
    "eval_only_nmse": NaN,
    "eval_only_scored_loss": NaN,
    "eval_only_shape_loss": NaN,
    "combined_score": 0.901991229532798,
    "fit_score": 0.901991229532798,
    "eval_time": 30.67139506340027,
    "n_datasets": 1,
    "n_successful": 1,
    "eval_workers": 8,
    "hard_cases": [
      {
        "dataset": "Abeta42/inhibition_constraints",
        "scored_loss_val": 0.108658229989628,
        "nmse_val": 0.05604910583726821,
        "shape_loss_val": 0.2664856024467074,
        "evaluation_only": false
      }
    ],
    "hard_case_feedback": "Abeta42/inhibition_constraints scored=0.1087 (nmse=0.05605, shape=0.2665)",
    "validation_semantics_feedback": "heldout_curve_scored_loss=0.1087, heldout_curve_nmse=0.05605, heldout_curve_shape=0.2665; eval_only_fit_score_scored_loss=nan, eval_only_nmse=nan, eval_only_shape=nan",
    "per_dataset": {
      "Abeta42/inhibition_constraints": {
        "nmse_train": 0.00997363714093118,
        "nmse_val": 0.05604910583726821,
        "shape_loss_val": 0.2664856024467074,
        "scored_loss_val": 0.108658229989628,
        "n_val_points": 3610,
        "evaluation_only": false,
        "combined_score": 0.901991229532798,
        "equation": "d(c)/dt = (0.959521581180173 - x4)*(0.585242359621179*x1 + 3.85028694360501*x2 + 0.100092806253844*x4**2*(717.72772664693*x1 + 1)/(8.72591865691643*x3*x4 + 1.07576935626807*x3 + 1))",
        "equation_template": "d(c)/dt = (c0 - x4)*(c1**2*x1 + c2**2*x2 + c3**2*x4**2*(c4**2*x1 + 1)/(c5**2*x3 + c6**2*x3*x4 + 1))",
        "constants": {
          "c0": 0.9595215811801729,
          "c1": 0.765011346073494,
          "c2": 1.9622148056736841,
          "c3": 0.31637447155837983,
          "c4": 26.790440956560055,
          "c5": 1.0371930178457938,
          "c6": 2.95396659712266
        }
      }
    },
    "error": ""
  },
  "saved_at": 1784490166.495605
}