{
  "program_id": "ba9c44bc-97aa-46c6-8e4e-4e3d6161065e",
  "iteration_found": 36,
  "dataset": "Abeta42/inhibition_constraints",
  "plot": "outputs_diff_inhibited_norm/adaevolve/disease_relevant_inhibited_all_normalized_ode_0720_0357/checkpoints/checkpoint_36/iteration_36_best_validation_curves.svg",
  "metrics": {
    "equation": "d(c)/dt = (0.971731312229268 - x4)*(12.818210203869*x1*x4*(0.944261743166815*x2 + x4/(3.28019359273834e-8*x3 + 1) + 1)/((0.991308848222024*x3 + 1)*(x4**2*(3.28842705061701e-8*x3 + 1.08454178361739) + 1)) + 4.94771920296914e-7*x1/(0.991308848222024*x3 + 1) + 7.38865252403044e-12*x2 + 2.4253458633961e-6)",
    "loss": 0.04470323917255955,
    "nmse_train": 0.014163689261604995,
    "nmse_val": 0.003372286583456077,
    "mean_nmse_val": 0.003372286583456077,
    "mean_raw_nmse_val": 0.003372286583456077,
    "scored_loss_val": 0.04470323917255955,
    "mean_scored_loss_val": 0.04470323917255955,
    "shape_loss_val": 0.16869609693986998,
    "shape_loss_weight": 0.25,
    "heldout_curve_nmse": 0.003372286583456077,
    "heldout_curve_scored_loss": 0.04470323917255955,
    "heldout_curve_shape_loss": 0.16869609693986998,
    "eval_only_nmse": NaN,
    "eval_only_scored_loss": NaN,
    "eval_only_shape_loss": NaN,
    "combined_score": 0.9572096290158285,
    "fit_score": 0.9572096290158285,
    "eval_time": 9.669916868209839,
    "n_datasets": 1,
    "n_successful": 1,
    "eval_workers": 8,
    "hard_cases": [
      {
        "dataset": "Abeta42/inhibition_constraints",
        "scored_loss_val": 0.04470323917255955,
        "nmse_val": 0.003372286583456077,
        "shape_loss_val": 0.16869609693986998,
        "evaluation_only": false
      }
    ],
    "hard_case_feedback": "Abeta42/inhibition_constraints scored=0.0447 (nmse=0.003372, shape=0.1687)",
    "validation_semantics_feedback": "heldout_curve_scored_loss=0.0447, heldout_curve_nmse=0.003372, heldout_curve_shape=0.1687; eval_only_fit_score_scored_loss=nan, eval_only_nmse=nan, eval_only_shape=nan",
    "per_dataset": {
      "Abeta42/inhibition_constraints": {
        "nmse_train": 0.014163689261604995,
        "nmse_val": 0.003372286583456077,
        "shape_loss_val": 0.16869609693986998,
        "scored_loss_val": 0.04470323917255955,
        "n_val_points": 1805,
        "evaluation_only": false,
        "combined_score": 0.9572096290158285,
        "equation": "d(c)/dt = (0.971731312229268 - x4)*(12.818210203869*x1*x4*(0.944261743166815*x2 + x4/(3.28019359273834e-8*x3 + 1) + 1)/((0.991308848222024*x3 + 1)*(x4**2*(3.28842705061701e-8*x3 + 1.08454178361739) + 1)) + 4.94771920296914e-7*x1/(0.991308848222024*x3 + 1) + 7.38865252403044e-12*x2 + 2.4253458633961e-6)",
        "equation_template": "d(c)/dt = (c0 - x4)*(c3**2 + c4**2*x1/(c1**2*x3 + 1) + c5**2*x2 + c6**2*x1*x4*(c0**2*x2 + x4/(c2**2*x3 + 1) + 1)/((c1**2*x3 + 1)*(x4**2*(c7**2 + c8**2*x3) + 1)))",
        "constants": {
          "c0": 0.9717313122292681,
          "c1": 0.9956449408408723,
          "c2": 0.00018111304736926996,
          "c3": 0.0015573521963242942,
          "c4": 0.0007034002561109242,
          "c5": -2.718207593991018e-06,
          "c6": 3.58025281284283,
          "c7": -1.041413358670507,
          "c8": -0.00018134020653503768
        }
      }
    },
    "error": ""
  },
  "saved_at": 1784505325.8029811
}