{
  "id": "f9275b2a-5a24-4348-9303-52b0b7611787",
  "generation": 4,
  "iteration": 25,
  "current_iteration": 25,
  "metrics": {
    "combined_score": 0.8535382284020155,
    "loss": 0.1715936869894961,
    "complexity": 0.0,
    "nmse_train": Infinity,
    "nmse_val": 0.1715936869894961,
    "eval_time": 16.734554529190063,
    "n_datasets": 60.0,
    "n_successful": 60.0
  },
  "language": "python",
  "timestamp": 1779969744.3273063,
  "saved_at": 1779969744.3361375
}