{
  "id": "e4ea39d9-f750-46cc-95e7-76374fbec8a2",
  "generation": 1,
  "iteration": 4,
  "current_iteration": 5,
  "metrics": {
    "combined_score": 0.7898910601978559,
    "loss": 0.2659973639270142,
    "complexity": 0.0,
    "nmse_train": Infinity,
    "nmse_val": 0.2659973639270142,
    "eval_time": 26.744271755218506,
    "n_datasets": 60.0,
    "n_successful": 60.0
  },
  "language": "python",
  "timestamp": 1779966502.7539847,
  "saved_at": 1779966573.861328
}