{
  "program_id": "5b75acf7-0862-4f99-ba5e-1f7fd43fc387",
  "iteration_found": 10,
  "dataset": "Abeta42/inhibition_constraints",
  "plot": "outputs_diff_inhibited_norm/adaevolve/disease_relevant_inhibited_all_normalized_ode_0719_2131/checkpoints/checkpoint_10/iteration_10_best_validation_curves.svg",
  "metrics": {
    "equation": "d(c)/dt = (0.960935618040805 - x4)*(1.16709600309798e-8*x1 + 11.310934187038*x2 + 4.54242236272982*x4*(3.78216079239401*x1 + 1) + 1.33153603013011e-7)/(7.7091400037396e-8*x3*x4 + 1.62334756602296*x3 + 1)",
    "loss": 0.09336654813200193,
    "nmse_train": 0.010983537001607912,
    "nmse_val": 0.04845064078182683,
    "mean_nmse_val": 0.04845064078182683,
    "mean_raw_nmse_val": 0.04845064078182683,
    "scored_loss_val": 0.09336654813200193,
    "mean_scored_loss_val": 0.09336654813200193,
    "shape_loss_val": 0.22811427018252722,
    "shape_loss_weight": 0.25,
    "heldout_curve_nmse": 0.04845064078182683,
    "heldout_curve_scored_loss": 0.09336654813200193,
    "heldout_curve_shape_loss": 0.22811427018252722,
    "eval_only_nmse": NaN,
    "eval_only_scored_loss": NaN,
    "eval_only_shape_loss": NaN,
    "combined_score": 0.9146063611590121,
    "fit_score": 0.9146063611590121,
    "eval_time": 17.74347496032715,
    "n_datasets": 1,
    "n_successful": 1,
    "eval_workers": 8,
    "hard_cases": [
      {
        "dataset": "Abeta42/inhibition_constraints",
        "scored_loss_val": 0.09336654813200193,
        "nmse_val": 0.04845064078182683,
        "shape_loss_val": 0.22811427018252722,
        "evaluation_only": false
      }
    ],
    "hard_case_feedback": "Abeta42/inhibition_constraints scored=0.09337 (nmse=0.04845, shape=0.2281)",
    "validation_semantics_feedback": "heldout_curve_scored_loss=0.09337, heldout_curve_nmse=0.04845, heldout_curve_shape=0.2281; eval_only_fit_score_scored_loss=nan, eval_only_nmse=nan, eval_only_shape=nan",
    "per_dataset": {
      "Abeta42/inhibition_constraints": {
        "nmse_train": 0.010983537001607912,
        "nmse_val": 0.04845064078182683,
        "shape_loss_val": 0.22811427018252722,
        "scored_loss_val": 0.09336654813200193,
        "n_val_points": 3610,
        "evaluation_only": false,
        "combined_score": 0.9146063611590121,
        "equation": "d(c)/dt = (0.960935618040805 - x4)*(1.16709600309798e-8*x1 + 11.310934187038*x2 + 4.54242236272982*x4*(3.78216079239401*x1 + 1) + 1.33153603013011e-7)/(7.7091400037396e-8*x3*x4 + 1.62334756602296*x3 + 1)",
        "equation_template": "d(c)/dt = (c0 - x4)*(c1**2 + c2**2*x1 + c3**2*x2 + c4**2*x4*(c5**2*x1 + 1))/(c6**2*x3 + c7**2*x3*x4 + 1)",
        "constants": {
          "c0": 0.9609356180408052,
          "c1": 0.00036490218280110494,
          "c2": -0.00010803221756022501,
          "c3": 3.3631732317913614,
          "c4": 2.1312959350427656,
          "c5": 1.9447778259724204,
          "c6": 1.27410657561405,
          "c7": 0.0002776533811020424
        }
      }
    },
    "error": ""
  },
  "saved_at": 1784478480.465773
}