{
  "num_islands": 2,
  "current_island": 0,
  "iteration_count": 30,
  "global_best_score": 0.9354055716177041,
  "decay": 0.9,
  "intensity_min": 0.15,
  "intensity_max": 0.5,
  "migration_interval": 15,
  "diversity_strategy_type": "code",
  "use_unified_archive": true,
  "use_adaptive_search": true,
  "use_ucb_selection": true,
  "fixed_intensity": 0.4,
  "adapter": {
    "states": [
      {
        "accumulated_signal": 0.05315915134476546,
        "best_score": 0.9354055716177041,
        "improvement_count": 6,
        "total_evaluations": 19,
        "decay": 0.9,
        "epsilon": 1e-08,
        "intensity_min": 0.15,
        "intensity_max": 0.5
      },
      {
        "accumulated_signal": 0.06563167373725066,
        "best_score": 0.9354055716177041,
        "improvement_count": 4,
        "total_evaluations": 16,
        "decay": 0.9,
        "epsilon": 1e-08,
        "intensity_min": 0.15,
        "intensity_max": 0.5
      }
    ],
    "dimension_visits": [
      19,
      16
    ],
    "dimension_rewards": [
      0.15529780740252008,
      0.007476363378710455
    ],
    "decayed_visits": [
      8.649148282327008,
      8.14697981114816
    ],
    "global_best_score": 0.9354055716177041,
    "ucb_exploration": 1.41,
    "min_visits": 3,
    "decay": 0.9,
    "epsilon": 1e-08
  },
  "island_config_names": [
    "balanced",
    "balanced"
  ],
  "islands": [
    [
      "8c06d33a-d68b-4e24-9bca-56d4d187fbf4",
      "af38203e-7865-47b9-a4a5-20a509dd8c60",
      "b31f5d46-bea8-4831-8367-c959d7f9bf7b",
      "6c4f3ff6-c6a6-4328-b91c-887e7c10661a",
      "7ba8f435-50f5-4d27-99fa-8d3491fd8bfb",
      "c5710fbe-89ed-4e36-862d-dcda0ca059b5",
      "e0bf3e03-d7eb-42f2-8072-a59f385fbec7",
      "b83340f4-f2b6-4286-a3eb-b5200f55e5e6",
      "7dc02a07-1b1b-42d2-b86a-1349e9c187f3",
      "b8fc8648-f9cc-4c60-af34-17f2dda978a3",
      "7f9fb983-19cc-4306-a866-5c2daa14b4d3",
      "636bb043-a818-424c-97ae-c58bc9017f9b",
      "57e22cc8-59b7-4add-b362-261aa7a20b7a",
      "c8ce6c00-5799-4766-8e30-94eef6c1e137",
      "4a3363e7-a0a0-4958-98a1-92377fdf5890",
      "11d5cf48-259f-4c12-bcd0-731971864ba8",
      "afb4d605-95c3-4845-9212-43bd975e98a3",
      "056f6b9b-3442-4171-b15f-5eb9465269de",
      "6983811e-6ec9-41d7-865d-b0a2241f38a9",
      "76ff43f3-4fe8-447f-b7ee-2a22cf8668df"
    ],
    [
      "21b40072-4d00-4035-a6a6-fcc1b7f584a0",
      "cebb6c74-af69-40fa-8415-f1f3c16643ab",
      "160bff98-6595-4a19-9073-18fc0b585f8e",
      "2111f46f-ed5a-4865-9e19-559c041e2af8",
      "054b83e2-9829-484a-af23-f97310b6e832",
      "dbf8daa6-e7e7-44d8-ac2d-7fd368c43b32",
      "bba8f77b-89b8-4b46-b3b0-a5577c52f9e1",
      "7ab7b01c-900a-45fe-9a16-7da23c49cbe2",
      "a4095197-b789-424c-bd40-64ff17443bbf",
      "245eea72-4db4-4257-84e4-7312cf60b9a4",
      "a29d43c9-680c-4772-84bd-5ad490d71a4b",
      "8ae42b15-de59-4ce2-ab22-7ffb9af9ad7f",
      "cf694b36-b03c-446a-b4a3-f05caf7adf14",
      "79f34eae-70c3-4d55-9bdd-131d856e7e27",
      "2caf6d53-d986-4093-8fac-2b289d38ea7e",
      "81033a96-1a52-430f-a095-7703dd369f9f",
      "550fa220-90ad-43c3-b0cd-efe55b14e8a5",
      "7442d3d6-7a9c-4043-8f0d-65fa9349f05f",
      "976fb288-cd29-4d8a-b916-ea8f9bb1d751"
    ]
  ],
  "archive_genealogies": [
    {
      "parents": {
        "8c06d33a-d68b-4e24-9bca-56d4d187fbf4": [],
        "af38203e-7865-47b9-a4a5-20a509dd8c60": [
          "8c06d33a-d68b-4e24-9bca-56d4d187fbf4"
        ],
        "b31f5d46-bea8-4831-8367-c959d7f9bf7b": [
          "8c06d33a-d68b-4e24-9bca-56d4d187fbf4"
        ],
        "6c4f3ff6-c6a6-4328-b91c-887e7c10661a": [
          "af38203e-7865-47b9-a4a5-20a509dd8c60"
        ],
        "7ba8f435-50f5-4d27-99fa-8d3491fd8bfb": [
          "b31f5d46-bea8-4831-8367-c959d7f9bf7b"
        ],
        "c5710fbe-89ed-4e36-862d-dcda0ca059b5": [
          "b31f5d46-bea8-4831-8367-c959d7f9bf7b"
        ],
        "e0bf3e03-d7eb-42f2-8072-a59f385fbec7": [
          "6c4f3ff6-c6a6-4328-b91c-887e7c10661a"
        ],
        "b83340f4-f2b6-4286-a3eb-b5200f55e5e6": [
          "6c4f3ff6-c6a6-4328-b91c-887e7c10661a"
        ],
        "7dc02a07-1b1b-42d2-b86a-1349e9c187f3": [
          "7ab7b01c-900a-45fe-9a16-7da23c49cbe2"
        ],
        "b8fc8648-f9cc-4c60-af34-17f2dda978a3": [
          "160bff98-6595-4a19-9073-18fc0b585f8e"
        ],
        "7f9fb983-19cc-4306-a866-5c2daa14b4d3": [
          "054b83e2-9829-484a-af23-f97310b6e832"
        ],
        "636bb043-a818-424c-97ae-c58bc9017f9b": [
          "7ab7b01c-900a-45fe-9a16-7da23c49cbe2"
        ],
        "57e22cc8-59b7-4add-b362-261aa7a20b7a": [
          "636bb043-a818-424c-97ae-c58bc9017f9b"
        ],
        "c8ce6c00-5799-4766-8e30-94eef6c1e137": [
          "636bb043-a818-424c-97ae-c58bc9017f9b"
        ],
        "4a3363e7-a0a0-4958-98a1-92377fdf5890": [
          "60683a5b-e746-43b1-b004-66fa920e9cec"
        ],
        "11d5cf48-259f-4c12-bcd0-731971864ba8": [
          "b8fc8648-f9cc-4c60-af34-17f2dda978a3"
        ],
        "afb4d605-95c3-4845-9212-43bd975e98a3": [
          "e0bf3e03-d7eb-42f2-8072-a59f385fbec7"
        ],
        "056f6b9b-3442-4171-b15f-5eb9465269de": [
          "cf694b36-b03c-446a-b4a3-f05caf7adf14"
        ],
        "6983811e-6ec9-41d7-865d-b0a2241f38a9": [
          "cf694b36-b03c-446a-b4a3-f05caf7adf14"
        ],
        "76ff43f3-4fe8-447f-b7ee-2a22cf8668df": [
          "2caf6d53-d986-4093-8fac-2b289d38ea7e"
        ]
      },
      "children": {
        "8c06d33a-d68b-4e24-9bca-56d4d187fbf4": [
          "af38203e-7865-47b9-a4a5-20a509dd8c60",
          "b31f5d46-bea8-4831-8367-c959d7f9bf7b"
        ],
        "af38203e-7865-47b9-a4a5-20a509dd8c60": [
          "6c4f3ff6-c6a6-4328-b91c-887e7c10661a"
        ],
        "b31f5d46-bea8-4831-8367-c959d7f9bf7b": [
          "7ba8f435-50f5-4d27-99fa-8d3491fd8bfb",
          "c5710fbe-89ed-4e36-862d-dcda0ca059b5"
        ],
        "6c4f3ff6-c6a6-4328-b91c-887e7c10661a": [
          "e0bf3e03-d7eb-42f2-8072-a59f385fbec7",
          "b83340f4-f2b6-4286-a3eb-b5200f55e5e6"
        ],
        "7ab7b01c-900a-45fe-9a16-7da23c49cbe2": [
          "7dc02a07-1b1b-42d2-b86a-1349e9c187f3",
          "636bb043-a818-424c-97ae-c58bc9017f9b"
        ],
        "160bff98-6595-4a19-9073-18fc0b585f8e": [
          "b8fc8648-f9cc-4c60-af34-17f2dda978a3"
        ],
        "054b83e2-9829-484a-af23-f97310b6e832": [
          "7f9fb983-19cc-4306-a866-5c2daa14b4d3"
        ],
        "636bb043-a818-424c-97ae-c58bc9017f9b": [
          "57e22cc8-59b7-4add-b362-261aa7a20b7a",
          "c8ce6c00-5799-4766-8e30-94eef6c1e137"
        ],
        "b8fc8648-f9cc-4c60-af34-17f2dda978a3": [
          "11d5cf48-259f-4c12-bcd0-731971864ba8"
        ],
        "e0bf3e03-d7eb-42f2-8072-a59f385fbec7": [
          "afb4d605-95c3-4845-9212-43bd975e98a3"
        ],
        "cf694b36-b03c-446a-b4a3-f05caf7adf14": [
          "056f6b9b-3442-4171-b15f-5eb9465269de",
          "6983811e-6ec9-41d7-865d-b0a2241f38a9"
        ],
        "2caf6d53-d986-4093-8fac-2b289d38ea7e": [
          "76ff43f3-4fe8-447f-b7ee-2a22cf8668df"
        ]
      }
    },
    {
      "parents": {
        "21b40072-4d00-4035-a6a6-fcc1b7f584a0": [],
        "cebb6c74-af69-40fa-8415-f1f3c16643ab": [
          "21b40072-4d00-4035-a6a6-fcc1b7f584a0"
        ],
        "160bff98-6595-4a19-9073-18fc0b585f8e": [
          "21b40072-4d00-4035-a6a6-fcc1b7f584a0"
        ],
        "2111f46f-ed5a-4865-9e19-559c041e2af8": [
          "160bff98-6595-4a19-9073-18fc0b585f8e"
        ],
        "054b83e2-9829-484a-af23-f97310b6e832": [
          "21b40072-4d00-4035-a6a6-fcc1b7f584a0"
        ],
        "dbf8daa6-e7e7-44d8-ac2d-7fd368c43b32": [
          "160bff98-6595-4a19-9073-18fc0b585f8e"
        ],
        "bba8f77b-89b8-4b46-b3b0-a5577c52f9e1": [
          "21b40072-4d00-4035-a6a6-fcc1b7f584a0"
        ],
        "7ab7b01c-900a-45fe-9a16-7da23c49cbe2": [
          "160bff98-6595-4a19-9073-18fc0b585f8e"
        ],