{
  "num_islands": 2,
  "current_island": 1,
  "iteration_count": 3,
  "global_best_score": 0.8871581060661325,
  "decay": 0.9,
  "intensity_min": 0.15,
  "intensity_max": 0.5,
  "migration_interval": 15,
  "diversity_strategy_type": "code",
  "use_unified_archive": true,
  "use_adaptive_search": true,
  "use_ucb_selection": true,
  "fixed_intensity": 0.4,
  "adapter": {
    "states": [
      {
        "accumulated_signal": 0.08999999999999998,
        "best_score": 0.48251374959877924,
        "improvement_count": 2,
        "total_evaluations": 3,
        "decay": 0.9,
        "epsilon": 1e-08,
        "intensity_min": 0.15,
        "intensity_max": 0.5
      },
      {
        "accumulated_signal": 0.1499084166926561,
        "best_score": 0.8871581060661325,
        "improvement_count": 2,
        "total_evaluations": 2,
        "decay": 0.9,
        "epsilon": 1e-08,
        "intensity_min": 0.15,
        "intensity_max": 0.5
      }
    ],
    "dimension_visits": [
      3,
      2
    ],
    "dimension_rewards": [
      0.8100000000000002,
      0.8342881683353006
    ],
    "decayed_visits": [
      2.71,
      1.9
    ],
    "global_best_score": 0.8871581060661325,
    "ucb_exploration": 1.41,
    "min_visits": 3,
    "decay": 0.9,
    "epsilon": 1e-08
  },
  "island_config_names": [
    "balanced",
    "balanced"
  ],
  "islands": [
    [
      "c1d1c0c5-5168-4c3c-8496-a55b7886b121",
      "6e8d1f81-0c9a-462e-b98e-32c3ed8812e5",
      "6e959ed7-9b6f-4b7a-a1b4-b035bb4c1615"
    ],
    [
      "988f794f-58e9-4ee7-a911-b05be9c6e541",
      "af142781-3b07-40b8-8044-98c115a625be",
      "0ecc557d-7f06-41be-86d5-eaba3e5ce48c"
    ]
  ],
  "archive_genealogies": [
    {
      "parents": {
        "c1d1c0c5-5168-4c3c-8496-a55b7886b121": [],
        "6e8d1f81-0c9a-462e-b98e-32c3ed8812e5": [
          "c1d1c0c5-5168-4c3c-8496-a55b7886b121"
        ],
        "6e959ed7-9b6f-4b7a-a1b4-b035bb4c1615": [
          "6e8d1f81-0c9a-462e-b98e-32c3ed8812e5"
        ]
      },
      "children": {
        "c1d1c0c5-5168-4c3c-8496-a55b7886b121": [
          "6e8d1f81-0c9a-462e-b98e-32c3ed8812e5"
        ],
        "6e8d1f81-0c9a-462e-b98e-32c3ed8812e5": [
          "6e959ed7-9b6f-4b7a-a1b4-b035bb4c1615"
        ]
      }
    },
    {
      "parents": {
        "988f794f-58e9-4ee7-a911-b05be9c6e541": [],
        "af142781-3b07-40b8-8044-98c115a625be": [
          "988f794f-58e9-4ee7-a911-b05be9c6e541"
        ],
        "0ecc557d-7f06-41be-86d5-eaba3e5ce48c": [
          "af142781-3b07-40b8-8044-98c115a625be"
        ]
      },
      "children": {
        "988f794f-58e9-4ee7-a911-b05be9c6e541": [
          "af142781-3b07-40b8-8044-98c115a625be"
        ],
        "af142781-3b07-40b8-8044-98c115a625be": [
          "0ecc557d-7f06-41be-86d5-eaba3e5ce48c"
        ]
      }
    }
  ],
  "use_dynamic_islands": true,
  "max_islands": 5,
  "last_spawn_iteration": -30,
  "use_paradigm_breakthrough": true,
  "paradigm_tracker": {
    "window_size": 10,
    "improvement_threshold": 0.12,
    "max_paradigm_uses": 2,
    "max_tried_paradigms": 10,
    "num_paradigms_to_generate": 3,
    "improvement_history": [
      1.0,
      1.0,
      0.0,
      1.0,
      1.0
    ],
    "active_paradigms": [],
    "paradigm_usage_counts": {},
    "current_paradigm_index": 0,
    "tried_paradigms": [],
    "best_score_at_paradigm_gen": 0.0,
    "best_score_during_paradigm": 0.0
  }
}