{
  "num_islands": 2,
  "current_island": 0,
  "iteration_count": 1,
  "global_best_score": 0.9047392853882801,
  "decay": 0.9,
  "intensity_min": 0.15,
  "intensity_max": 0.5,
  "migration_interval": 15,
  "diversity_strategy_type": "code",
  "use_unified_archive": true,
  "use_adaptive_search": true,
  "use_ucb_selection": true,
  "fixed_intensity": 0.4,
  "adapter": {
    "states": [
      {
        "accumulated_signal": 0.09999999999999998,
        "best_score": 0.9047392853882801,
        "improvement_count": 1,
        "total_evaluations": 3,
        "decay": 0.9,
        "epsilon": 1e-08,
        "intensity_min": 0.15,
        "intensity_max": 0.5
      },
      {
        "accumulated_signal": 0.09999999999999998,
        "best_score": 0.9047392853882801,
        "improvement_count": 0,
        "total_evaluations": 0,
        "decay": 0.9,
        "epsilon": 1e-08,
        "intensity_min": 0.15,
        "intensity_max": 0.5
      }
    ],
    "dimension_visits": [
      3,
      0
    ],
    "dimension_rewards": [
      0.81,
      0.0
    ],
    "decayed_visits": [
      2.71,
      0.0
    ],
    "global_best_score": 0.9047392853882801,
    "ucb_exploration": 1.41,
    "min_visits": 3,
    "decay": 0.9,
    "epsilon": 1e-08
  },
  "island_config_names": [
    "balanced",
    "balanced"
  ],
  "islands": [
    [
      "5947d054-590f-4ef1-b030-f21d7dcb300f",
      "5b1b6676-fb3b-4fec-b1b4-8a2686ea046c",
      "6d8997e2-5fdf-4956-9a80-018cf00509f0"
    ],
    [
      "30630908-39e0-4e42-a224-587524d1f61f"
    ]
  ],
  "archive_genealogies": [
    {
      "parents": {
        "5947d054-590f-4ef1-b030-f21d7dcb300f": [],
        "5b1b6676-fb3b-4fec-b1b4-8a2686ea046c": [
          "5947d054-590f-4ef1-b030-f21d7dcb300f"
        ],
        "6d8997e2-5fdf-4956-9a80-018cf00509f0": [
          "5947d054-590f-4ef1-b030-f21d7dcb300f"
        ]
      },
      "children": {
        "5947d054-590f-4ef1-b030-f21d7dcb300f": [
          "5b1b6676-fb3b-4fec-b1b4-8a2686ea046c",
          "6d8997e2-5fdf-4956-9a80-018cf00509f0"
        ]
      }
    },
    {
      "parents": {
        "30630908-39e0-4e42-a224-587524d1f61f": []
      },
      "children": {}
    }
  ],
  "use_dynamic_islands": true,
  "max_islands": 5,
  "last_spawn_iteration": -30,
  "use_paradigm_breakthrough": true,
  "paradigm_tracker": {
    "window_size": 10,
    "improvement_threshold": 0.12,
    "max_paradigm_uses": 2,
    "max_tried_paradigms": 10,
    "num_paradigms_to_generate": 3,
    "improvement_history": [
      1.0,
      0.0,
      0.0
    ],
    "active_paradigms": [],
    "paradigm_usage_counts": {},
    "current_paradigm_index": 0,
    "tried_paradigms": [],
    "best_score_at_paradigm_gen": 0.0,
    "best_score_during_paradigm": 0.0
  }
}