{
  "program_id": "6a88043a-4fb1-40d1-a9d5-3a0fbe772f4b",
  "iteration_found": 5,
  "dataset": "Abeta42/inhibition_constraints",
  "plot": "outputs_diff_inhibited_norm/adaevolve/disease_relevant_inhibited_all_normalized_ode_0719_2131/checkpoints/checkpoint_5/iteration_5_best_validation_curves.svg",
  "metrics": {
    "equation": "d(c)/dt = (0.9609983489383 - x4)*(3.73981612984523*x2 + x4*(20.1737655369341*x1 + 3.61031756462247*x2)/(1.66500256088842e-8*x3*x4 + 1.89983038868417*x3 + 1) + 1.08409254933343e-8)",
    "loss": 0.09680951197618,
    "nmse_train": 0.010825786329437368,
    "nmse_val": 0.05123077982979031,
    "mean_nmse_val": 0.05123077982979031,
    "mean_raw_nmse_val": 0.05123077982979031,
    "scored_loss_val": 0.09680951197618,
    "mean_scored_loss_val": 0.09680951197618,
    "shape_loss_val": 0.23354570841534902,
    "shape_loss_weight": 0.25,
    "heldout_curve_nmse": 0.05123077982979031,
    "heldout_curve_scored_loss": 0.09680951197618,
    "heldout_curve_shape_loss": 0.23354570841534902,
    "eval_only_nmse": NaN,
    "eval_only_scored_loss": NaN,
    "eval_only_shape_loss": NaN,
    "combined_score": 0.9117353460932763,
    "fit_score": 0.9117353460932763,
    "eval_time": 21.88691210746765,
    "n_datasets": 1,
    "n_successful": 1,
    "eval_workers": 8,
    "hard_cases": [
      {
        "dataset": "Abeta42/inhibition_constraints",
        "scored_loss_val": 0.09680951197617998,
        "nmse_val": 0.05123077982979031,
        "shape_loss_val": 0.233545708415349,
        "evaluation_only": false
      }
    ],
    "hard_case_feedback": "Abeta42/inhibition_constraints scored=0.09681 (nmse=0.05123, shape=0.2335)",
    "validation_semantics_feedback": "heldout_curve_scored_loss=0.09681, heldout_curve_nmse=0.05123, heldout_curve_shape=0.2335; eval_only_fit_score_scored_loss=nan, eval_only_nmse=nan, eval_only_shape=nan",
    "per_dataset": {
      "Abeta42/inhibition_constraints": {
        "nmse_train": 0.010825786329437368,
        "nmse_val": 0.05123077982979031,
        "shape_loss_val": 0.233545708415349,
        "scored_loss_val": 0.09680951197617998,
        "n_val_points": 3610,
        "evaluation_only": false,
        "combined_score": 0.9117353460932763,
        "equation": "d(c)/dt = (0.9609983489383 - x4)*(3.73981612984523*x2 + x4*(20.1737655369341*x1 + 3.61031756462247*x2)/(1.66500256088842e-8*x3*x4 + 1.89983038868417*x3 + 1) + 1.08409254933343e-8)",
        "equation_template": "d(c)/dt = (c0 - x4)*(c3**2 + c4**2*x2 + x4*(c1**2*x1 + c2**2*x2)/(c5**2*x3 + c6**2*x3*x4 + 1))",
        "constants": {
          "c0": 0.9609983489383,
          "c1": 4.491521516917634,
          "c2": 1.9000835677997074,
          "c3": -0.00010411976514252391,
          "c4": 1.9338604215002777,
          "c5": 1.378343349345209,
          "c6": 0.0001290349782380118
        }
      }
    },
    "error": ""
  },
  "saved_at": 1784477972.906772
}