{
  "num_islands": 2,
  "current_island": 1,
  "iteration_count": 3,
  "global_best_score": 0.9301725122155994,
  "decay": 0.9,
  "intensity_min": 0.15,
  "intensity_max": 0.5,
  "migration_interval": 15,
  "diversity_strategy_type": "code",
  "use_unified_archive": true,
  "use_adaptive_search": true,
  "use_ucb_selection": true,
  "fixed_intensity": 0.4,
  "adapter": {
    "states": [
      {
        "accumulated_signal": 0.09004842675571434,
        "best_score": 0.9301725122155994,
        "improvement_count": 2,
        "total_evaluations": 2,
        "decay": 0.9,
        "epsilon": 1e-08,
        "intensity_min": 0.15,
        "intensity_max": 0.5
      },
      {
        "accumulated_signal": 0.08102527510216478,
        "best_score": 0.9301725122155994,
        "improvement_count": 2,
        "total_evaluations": 3,
        "decay": 0.9,
        "epsilon": 1e-08,
        "intensity_min": 0.15,
        "intensity_max": 0.5
      }
    ],
    "dimension_visits": [
      2,
      3
    ],
    "dimension_rewards": [
      0.922006080004025,
      0.020072930159582378
    ],
    "decayed_visits": [
      1.9,
      2.71
    ],
    "global_best_score": 0.9301725122155994,
    "ucb_exploration": 1.41,
    "min_visits": 3,
    "decay": 0.9,
    "epsilon": 1e-08
  },
  "island_config_names": [
    "balanced",
    "balanced"
  ],
  "islands": [
    [
      "59093faa-ba55-41a3-bea8-e3a1d18e6073",
      "7463fadf-61e2-44ec-9ff5-6e8d002dff3a"
    ],
    [
      "5f5e2b22-567f-489c-9560-afa2bd64a14e",
      "a58ab168-9fb0-496b-a5b8-7b211ced1b8e",
      "5956e5e4-25c5-4140-89c4-2276b48af7b8",
      "c3ce67eb-6a0a-46b6-9c26-59c03e17bfa0"
    ]
  ],
  "archive_genealogies": [
    {
      "parents": {
        "59093faa-ba55-41a3-bea8-e3a1d18e6073": [],
        "7463fadf-61e2-44ec-9ff5-6e8d002dff3a": [
          "59093faa-ba55-41a3-bea8-e3a1d18e6073"
        ]
      },
      "children": {
        "59093faa-ba55-41a3-bea8-e3a1d18e6073": [
          "7463fadf-61e2-44ec-9ff5-6e8d002dff3a"
        ]
      }
    },
    {
      "parents": {
        "5f5e2b22-567f-489c-9560-afa2bd64a14e": [],
        "a58ab168-9fb0-496b-a5b8-7b211ced1b8e": [
          "5f5e2b22-567f-489c-9560-afa2bd64a14e"
        ],
        "5956e5e4-25c5-4140-89c4-2276b48af7b8": [
          "a58ab168-9fb0-496b-a5b8-7b211ced1b8e"
        ],
        "c3ce67eb-6a0a-46b6-9c26-59c03e17bfa0": [
          "a58ab168-9fb0-496b-a5b8-7b211ced1b8e"
        ]
      },
      "children": {
        "5f5e2b22-567f-489c-9560-afa2bd64a14e": [
          "a58ab168-9fb0-496b-a5b8-7b211ced1b8e"
        ],
        "a58ab168-9fb0-496b-a5b8-7b211ced1b8e": [
          "5956e5e4-25c5-4140-89c4-2276b48af7b8",
          "c3ce67eb-6a0a-46b6-9c26-59c03e17bfa0"
        ]
      }
    }
  ],
  "use_dynamic_islands": true,
  "max_islands": 5,
  "last_spawn_iteration": -30,
  "use_paradigm_breakthrough": true,
  "paradigm_tracker": {
    "window_size": 10,
    "improvement_threshold": 0.12,
    "max_paradigm_uses": 2,
    "max_tried_paradigms": 10,
    "num_paradigms_to_generate": 3,
    "improvement_history": [
      1.0,
      1.0,
      0.0,
      0.0,
      0.0
    ],
    "active_paradigms": [],
    "paradigm_usage_counts": {},
    "current_paradigm_index": 0,
    "tried_paradigms": [],
    "best_score_at_paradigm_gen": 0.0,
    "best_score_during_paradigm": 0.0
  }
}