{
  "id": "120f5dd8-b1e4-4813-bbe0-1e52821980d7",
  "generation": 0,
  "iteration": 0,
  "current_iteration": 1,
  "metrics": {
    "combined_score": 0.23599890250634575,
    "n_stage1_datasets": 8.0,
    "n_stage1_successful": 8.0,
    "eval_workers": 8.0,
    "stage1_full_selected_datasets": 1.0,
    "cascade_stage1_time_seconds": 24.911229848861694,
    "cascade_stage1_threshold": 0.15,
    "cascade_stage1_passed": 1.0,
    "loss": 3.168451588343925,
    "complexity": 13.0,
    "nmse_train": 3.289967526951159,
    "nmse_val": 3.168451588343925,
    "mean_nmse_val": 3.168451588343925,
    "mean_raw_nmse_val": 3.168451588343925,
    "fit_score": 0.23989723253504014,
    "parsimony_weight": 0.2,
    "parsimony_penalty_factor": 0.98375,
    "eval_time": 39.16639995574951,
    "n_datasets": 24.0,
    "n_successful": 24.0,
    "cascade_stage2_time_seconds": 39.16712260246277,
    "cascade_total_time_seconds": 64.07835245132446,
    "cascade_stage1_combined_score": 0.6868887922037195
  },
  "language": "python",
  "timestamp": 1781255213.5387726,
  "saved_at": 1781255323.5510821
}