{
  "num_islands": 2,
  "current_island": 0,
  "iteration_count": 19,
  "global_best_score": 0.9332732431385189,
  "decay": 0.9,
  "intensity_min": 0.15,
  "intensity_max": 0.5,
  "migration_interval": 15,
  "diversity_strategy_type": "code",
  "use_unified_archive": true,
  "use_adaptive_search": true,
  "use_ucb_selection": true,
  "fixed_intensity": 0.4,
  "adapter": {
    "states": [
      {
        "accumulated_signal": 0.06018046113805307,
        "best_score": 0.9332732431385189,
        "improvement_count": 7,
        "total_evaluations": 13,
        "decay": 0.9,
        "epsilon": 1e-08,
        "intensity_min": 0.15,
        "intensity_max": 0.5
      },
      {
        "accumulated_signal": 0.06871523194720267,
        "best_score": 0.9305871995622712,
        "improvement_count": 5,
        "total_evaluations": 13,
        "decay": 0.9,
        "epsilon": 1e-08,
        "intensity_min": 0.15,
        "intensity_max": 0.5
      }
    ],
    "dimension_visits": [
      13,
      13
    ],
    "dimension_rewards": [
      0.4600644462290259,
      0.16211329086707524
    ],
    "decayed_visits": [
      7.458134171671,
      7.458134171671
    ],
    "global_best_score": 0.9332732431385189,
    "ucb_exploration": 1.41,
    "min_visits": 3,
    "decay": 0.9,
    "epsilon": 1e-08
  },
  "island_config_names": [
    "balanced",
    "balanced"
  ],
  "islands": [
    [
      "722c9a7f-0e8f-4ef6-9a4f-fea879f33aaf",
      "cd5faca3-3d31-4491-af08-c45426484f54",
      "a4c3f8a5-25f6-45c5-9a38-cc4ca7fe9389",
      "bf833bd8-a336-4060-af6b-262f42b033ce",
      "ff81760f-2c78-48a0-8d5e-58a1d050a8a9",
      "ea31560a-d206-422f-bafb-bc94c54eb16a",
      "08ba6e64-b016-4891-92f8-c49f672f88fe",
      "03539971-ba34-46fb-9a36-fe65fb24a86b",
      "f4254850-0ee7-42b8-ae08-765f67da8b9a",
      "58d7bb92-0df7-459b-8d05-d4ae4de8121f",
      "baeddb16-19ed-4ed1-a9df-10b068ecccf0",
      "c1236bb5-7081-46df-adbc-75f95e355989",
      "96ef6927-a076-4614-84fe-011454416c68",
      "d36d27cf-39b2-4831-832f-28be688495df",
      "584c3bd5-79a1-4d8b-a56c-88723814175f",
      "43d8b96d-99d0-4289-91de-6a0667c31817"
    ],
    [
      "9dac4430-930b-43f8-8dc2-28c482dbb91f",
      "646e0bae-6074-4929-b3e6-ac1f4aa61e3f",
      "9ed18592-f3eb-419c-a237-8c7a9b91d03a",
      "5bc5fb78-fae5-4504-a141-1f46c035a318",
      "33406ce1-422b-41fc-9936-eb6a2e79b57f",
      "fc0a7995-b4f9-462f-9ad0-17f830c6f67b",
      "66dcb74f-6add-4c06-8ba4-c87d5bce41d1",
      "15ffbbe0-1b58-4a4b-9144-db4ca2453d87",
      "4a767f7d-6b86-4e12-ba29-795231f84c99",
      "c4391486-4847-471e-9c3b-872bcfb012f2",
      "7c783632-3433-411d-a02f-c8acce755d16",
      "30b8e42a-583b-4673-8783-c0af906826f7",
      "34d70a79-64c0-40e3-9f92-08eebb30ebbe",
      "6ef90ec9-1ae7-4fdf-a4bd-e4d8e1f8c5b6"
    ]
  ],
  "archive_genealogies": [
    {
      "parents": {
        "722c9a7f-0e8f-4ef6-9a4f-fea879f33aaf": [],
        "cd5faca3-3d31-4491-af08-c45426484f54": [
          "722c9a7f-0e8f-4ef6-9a4f-fea879f33aaf"
        ],
        "a4c3f8a5-25f6-45c5-9a38-cc4ca7fe9389": [
          "cd5faca3-3d31-4491-af08-c45426484f54"
        ],
        "bf833bd8-a336-4060-af6b-262f42b033ce": [
          "a4c3f8a5-25f6-45c5-9a38-cc4ca7fe9389"
        ],
        "ff81760f-2c78-48a0-8d5e-58a1d050a8a9": [
          "a4c3f8a5-25f6-45c5-9a38-cc4ca7fe9389"
        ],
        "ea31560a-d206-422f-bafb-bc94c54eb16a": [
          "bf833bd8-a336-4060-af6b-262f42b033ce"
        ],
        "08ba6e64-b016-4891-92f8-c49f672f88fe": [
          "bf833bd8-a336-4060-af6b-262f42b033ce"
        ],
        "03539971-ba34-46fb-9a36-fe65fb24a86b": [
          "08ba6e64-b016-4891-92f8-c49f672f88fe"
        ],
        "f4254850-0ee7-42b8-ae08-765f67da8b9a": [
          "08ba6e64-b016-4891-92f8-c49f672f88fe"
        ],
        "58d7bb92-0df7-459b-8d05-d4ae4de8121f": [
          "66dcb74f-6add-4c06-8ba4-c87d5bce41d1"
        ],
        "baeddb16-19ed-4ed1-a9df-10b068ecccf0": [
          "15ffbbe0-1b58-4a4b-9144-db4ca2453d87"
        ],
        "c1236bb5-7081-46df-adbc-75f95e355989": [
          "5bc5fb78-fae5-4504-a141-1f46c035a318"
        ],
        "96ef6927-a076-4614-84fe-011454416c68": [
          "bf833bd8-a336-4060-af6b-262f42b033ce"
        ],
        "d36d27cf-39b2-4831-832f-28be688495df": [
          "f4254850-0ee7-42b8-ae08-765f67da8b9a"
        ],
        "584c3bd5-79a1-4d8b-a56c-88723814175f": [
          "ea31560a-d206-422f-bafb-bc94c54eb16a"
        ],
        "43d8b96d-99d0-4289-91de-6a0667c31817": [
          "96ef6927-a076-4614-84fe-011454416c68"
        ]
      },
      "children": {
        "722c9a7f-0e8f-4ef6-9a4f-fea879f33aaf": [
          "cd5faca3-3d31-4491-af08-c45426484f54"
        ],
        "cd5faca3-3d31-4491-af08-c45426484f54": [
          "a4c3f8a5-25f6-45c5-9a38-cc4ca7fe9389"
        ],
        "a4c3f8a5-25f6-45c5-9a38-cc4ca7fe9389": [
          "bf833bd8-a336-4060-af6b-262f42b033ce",
          "ff81760f-2c78-48a0-8d5e-58a1d050a8a9"
        ],
        "bf833bd8-a336-4060-af6b-262f42b033ce": [
          "ea31560a-d206-422f-bafb-bc94c54eb16a",
          "08ba6e64-b016-4891-92f8-c49f672f88fe",
          "96ef6927-a076-4614-84fe-011454416c68"
        ],
        "08ba6e64-b016-4891-92f8-c49f672f88fe": [
          "03539971-ba34-46fb-9a36-fe65fb24a86b",
          "f4254850-0ee7-42b8-ae08-765f67da8b9a"
        ],
        "66dcb74f-6add-4c06-8ba4-c87d5bce41d1": [
          "58d7bb92-0df7-459b-8d05-d4ae4de8121f"
        ],
        "15ffbbe0-1b58-4a4b-9144-db4ca2453d87": [
          "baeddb16-19ed-4ed1-a9df-10b068ecccf0"
        ],
        "5bc5fb78-fae5-4504-a141-1f46c035a318": [
          "c1236bb5-7081-46df-adbc-75f95e355989"
        ],
        "f4254850-0ee7-42b8-ae08-765f67da8b9a": [
          "d36d27cf-39b2-4831-832f-28be688495df"
        ],
        "ea31560a-d206-422f-bafb-bc94c54eb16a": [
          "584c3bd5-79a1-4d8b-a56c-88723814175f"
        ],
        "96ef6927-a076-4614-84fe-011454416c68": [
          "43d8b96d-99d0-4289-91de-6a0667c31817"
        ]
      }
    },
    {
      "parents": {
        "9dac4430-930b-43f8-8dc2-28c482dbb91f": [],
        "646e0bae-6074-4929-b3e6-ac1f4aa61e3f": [
          "9dac4430-930b-43f8-8dc2-28c482dbb91f"
        ],
        "9ed18592-f3eb-419c-a237-8c7a9b91d03a": [
          "9dac4430-930b-43f8-8dc2-28c482dbb91f"
        ],
        "5bc5fb78-fae5-4504-a141-1f46c035a318": [
          "646e0bae-6074-4929-b3e6-ac1f4aa61e3f"
        ],
        "33406ce1-422b-41fc-9936-eb6a2e79b57f": [
          "5bc5fb78-fae5-4504-a141-1f46c035a318"
        ],
        "fc0a7995-b4f9-462f-9ad0-17f830c6f67b": [
          "646e0bae-6074-4929-b3e6-ac1f4aa61e3f"
        ],
        "66dcb74f-6add-4c06-8ba4-c87d5bce41d1": [
          "5bc5fb78-fae5-4504-a141-1f46c035a318"
        ],
        "15ffbbe0-1b58-4a4b-9144-db4ca2453d87": [
          "646e0bae-6074-4929-b3e6-ac1f4aa61e3f"
        ],
        "4a767f7d-6b86-4e12-ba29-795231f84c99": [
          "03539971-ba34-46fb-9a36-fe65fb24a86b"
        ],
        "c4391486-4847-471e-9c3b-872bcfb012f2": [
          "08ba6e64-b016-4891-92f8-c49f672f88fe"
        ],
        "7c783632-3433-411d-a02f-c8acce755d16": [
          "bf833bd8-a336-4060-af6b-262f42b033ce"
        ],
        "30b8e42a-583b-4673-8783-c0af906826f7": [
          "f4254850-0ee7-42b8-ae08-765f67da8b9a"
        ],
        "34d70a79-64c0-40e3-9f92-08eebb30ebbe": [
          "ea31560a-d206-422f-bafb-bc94c54eb16a"
        ],
        "6ef90ec9-1ae7-4fdf-a4bd-e4d8e1f8c5b6": [
          "4a767f7d-6b86-4e12-ba29-795231f84c99"
        ]
      },
      "children": {
        "9dac4430-930b-43f8-8dc2-28c482dbb91f": [
          "646e0bae-6074-4929-b3e6-ac1f4aa61e3f",
          "9ed18592-f3eb-419c-a237-8c7a9b91d03a"
        ],
        "646e0bae-6074-4929-b3e6-ac1f4aa61e3f": [
          "5bc5fb78-fae5-4504-a141-1f46c035a318",
          "fc0a7995-b4f9-462f-9ad0-17f830c6f67b",
          "15ffbbe0-1b58-4a4b-9144-db4ca2453d87"
        ],