{
  "program_id": "6c8a3445-f1c1-441e-8813-365101d9a8b8",
  "iteration_found": 40,
  "dataset": "Abeta42/inhibition_constraints",
  "plot": "outputs_diff_inhibited_norm/adaevolve/disease_relevant_inhibited_all_normalized_ode_0720_0022/checkpoints/checkpoint_40/iteration_40_best_validation_curves.svg",
  "metrics": {
    "equation": "d(c)/dt = (0.960875383468088 - x4)*(16.9277951176308*x1*x4*(0.319693137231649*x2 + 1)/(1.80851144537683e-5*x3**2 + x3*(5.91830074434142e-8*x4 + 1.30718870895701) + 1) + (0.558581268121973*x1 + 14.5462053681474*x2 + 0.223922559612588)/(92.3432410152792*x3 + 1))",
    "loss": 0.08856173046447555,
    "nmse_train": 0.01026476004949833,
    "nmse_val": 0.042459285561516805,
    "mean_nmse_val": 0.042459285561516805,
    "mean_raw_nmse_val": 0.042459285561516805,
    "scored_loss_val": 0.08856173046447555,
    "mean_scored_loss_val": 0.08856173046447555,
    "shape_loss_val": 0.22686906517335176,
    "shape_loss_weight": 0.25,
    "heldout_curve_nmse": 0.042459285561516805,
    "heldout_curve_scored_loss": 0.08856173046447555,
    "heldout_curve_shape_loss": 0.22686906517335176,
    "eval_only_nmse": NaN,
    "eval_only_scored_loss": NaN,
    "eval_only_shape_loss": NaN,
    "combined_score": 0.9186433548176571,
    "fit_score": 0.9186433548176571,
    "eval_time": 78.01390480995178,
    "n_datasets": 1,
    "n_successful": 1,
    "eval_workers": 8,
    "hard_cases": [
      {
        "dataset": "Abeta42/inhibition_constraints",
        "scored_loss_val": 0.08856173046447555,
        "nmse_val": 0.04245928556151681,
        "shape_loss_val": 0.22686906517335176,
        "evaluation_only": false
      }
    ],
    "hard_case_feedback": "Abeta42/inhibition_constraints scored=0.08856 (nmse=0.04246, shape=0.2269)",
    "validation_semantics_feedback": "heldout_curve_scored_loss=0.08856, heldout_curve_nmse=0.04246, heldout_curve_shape=0.2269; eval_only_fit_score_scored_loss=nan, eval_only_nmse=nan, eval_only_shape=nan",
    "per_dataset": {
      "Abeta42/inhibition_constraints": {
        "nmse_train": 0.01026476004949833,
        "nmse_val": 0.04245928556151681,
        "shape_loss_val": 0.22686906517335176,
        "scored_loss_val": 0.08856173046447555,
        "n_val_points": 3610,
        "evaluation_only": false,
        "combined_score": 0.9186433548176571,
        "equation": "d(c)/dt = (0.960875383468088 - x4)*(16.9277951176308*x1*x4*(0.319693137231649*x2 + 1)/(1.80851144537683e-5*x3**2 + x3*(5.91830074434142e-8*x4 + 1.30718870895701) + 1) + (0.558581268121973*x1 + 14.5462053681474*x2 + 0.223922559612588)/(92.3432410152792*x3 + 1))",
        "equation_template": "d(c)/dt = (c0 - x4)*(c6**2*x1*x4*(c7**2*x2 + 1)/(c8**2*x3**2 + x3*(c1**2 + c2**2*x4) + 1) + (c3**2 + c4**2*x1 + c5**2*x2)/(c9**2*x3 + 1))",
        "constants": {
          "c0": 0.9608753834680877,
          "c1": 1.1433235364309677,
          "c2": 0.00024327557921709726,
          "c3": 0.4732045642347373,
          "c4": 0.7473829461005734,
          "c5": 3.8139487893975925,
          "c6": 4.114340180105535,
          "c7": 0.5654141289635847,
          "c8": -0.0042526596917421295,
          "c9": 9.609539063622107
        }
      }
    },
    "error": ""
  },
  "saved_at": 1784492632.593499
}