{
  "program_id": "ad85beeb-3b0c-4688-b91b-93e292cc40c1",
  "iteration_found": 4,
  "dataset": "Abeta42/inhibition_constraints",
  "plot": "outputs_diff_inhibited_norm/adaevolve/disease_relevant_inhibited_all_normalized_ode_0719_2131/checkpoints/checkpoint_4/iteration_4_best_validation_curves.svg",
  "metrics": {
    "equation": "d(c)/dt = (0.959253885237582 - x4)*(0.912194753085299*x1 + 3.51619051706377*x2 + 4.61542639487002e-9 + (62.1610359324838*x1*x4**2 + 0.00038585605441334*x2*x4)/(5.55405120660951*x3 + 1))",
    "loss": 0.1085775050546188,
    "nmse_train": 0.010799576789017854,
    "nmse_val": 0.05698325323997744,
    "mean_nmse_val": 0.05698325323997744,
    "mean_raw_nmse_val": 0.05698325323997744,
    "scored_loss_val": 0.1085775050546188,
    "mean_scored_loss_val": 0.1085775050546188,
    "shape_loss_val": 0.2633602604985429,
    "shape_loss_weight": 0.25,
    "heldout_curve_nmse": 0.05698325323997744,
    "heldout_curve_scored_loss": 0.1085775050546188,
    "heldout_curve_shape_loss": 0.2633602604985429,
    "eval_only_nmse": NaN,
    "eval_only_scored_loss": NaN,
    "eval_only_shape_loss": NaN,
    "combined_score": 0.9020569111680927,
    "fit_score": 0.9020569111680927,
    "eval_time": 9.913605690002441,
    "n_datasets": 1,
    "n_successful": 1,
    "eval_workers": 8,
    "hard_cases": [
      {
        "dataset": "Abeta42/inhibition_constraints",
        "scored_loss_val": 0.1085775050546188,
        "nmse_val": 0.05698325323997744,
        "shape_loss_val": 0.2633602604985429,
        "evaluation_only": false
      }
    ],
    "hard_case_feedback": "Abeta42/inhibition_constraints scored=0.1086 (nmse=0.05698, shape=0.2634)",
    "validation_semantics_feedback": "heldout_curve_scored_loss=0.1086, heldout_curve_nmse=0.05698, heldout_curve_shape=0.2634; eval_only_fit_score_scored_loss=nan, eval_only_nmse=nan, eval_only_shape=nan",
    "per_dataset": {
      "Abeta42/inhibition_constraints": {
        "nmse_train": 0.010799576789017854,
        "nmse_val": 0.05698325323997744,
        "shape_loss_val": 0.2633602604985429,
        "scored_loss_val": 0.1085775050546188,
        "n_val_points": 3610,
        "evaluation_only": false,
        "combined_score": 0.9020569111680927,
        "equation": "d(c)/dt = (0.959253885237582 - x4)*(0.912194753085299*x1 + 3.51619051706377*x2 + 4.61542639487002e-9 + (62.1610359324838*x1*x4**2 + 0.00038585605441334*x2*x4)/(5.55405120660951*x3 + 1))",
        "equation_template": "d(c)/dt = (c0 - x4)*(c1**2 + c2**2*x1 + c3**2*x2 + (c4**2*x2*x4 + c5**2*x1*x4**2)/(c6**2*x3 + 1))",
        "constants": {
          "c0": 0.9592538852375823,
          "c1": 6.793692953666676e-05,
          "c2": 0.9550888718257057,
          "c3": 1.87515079848629,
          "c4": -0.019643219044070643,
          "c5": -7.884227034559811,
          "c6": 2.3567034617468345
        }
      }
    },
    "error": ""
  },
  "saved_at": 1784477905.289212
}