{
  "id": "4f57d6e2-3dc3-405a-a2f3-72d6b58c8367",
  "generation": 2,
  "iteration": 6,
  "current_iteration": 9,
  "metrics": {
    "equation": "d(c)/dt = (0.921586475581408 - x4)*(16777009.7752956*x1*x4 + 0.00013510269305491*x1 + 18059669.8886336*x2)/(1694135.12671475*x3 + 1)",
    "loss": 0.0646180525002363,
    "nmse_train": 0.03716534853828245,
    "nmse_val": 0.05407354708800607,
    "mean_nmse_val": 0.05407354708800607,
    "mean_raw_nmse_val": 0.05407354708800607,
    "scored_loss_val": 0.0646180525002363,
    "mean_scored_loss_val": 0.0646180525002363,
    "shape_loss_val": 0.09625156873692703,
    "shape_loss_weight": 0.25,
    "heldout_curve_nmse": 0.05407354708800607,
    "heldout_curve_scored_loss": 0.0646180525002363,
    "heldout_curve_shape_loss": 0.09625156873692703,
    "eval_only_nmse": NaN,
    "eval_only_scored_loss": NaN,
    "eval_only_shape_loss": NaN,
    "combined_score": 0.9393040045221083,
    "fit_score": 0.9393040045221083,
    "eval_time": 67.73668050765991,
    "n_datasets": 1,
    "n_successful": 1,
    "eval_workers": 8,
    "hard_cases": [
      {
        "dataset": "Abeta42/inhibition_constraints",
        "scored_loss_val": 0.0646180525002363,
        "nmse_val": 0.05407354708800607,
        "shape_loss_val": 0.09625156873692703,
        "evaluation_only": false
      }
    ],
    "hard_case_feedback": "Abeta42/inhibition_constraints scored=0.06462 (nmse=0.05407, shape=0.09625)",
    "validation_semantics_feedback": "heldout_curve_scored_loss=0.06462, heldout_curve_nmse=0.05407, heldout_curve_shape=0.09625; eval_only_fit_score_scored_loss=nan, eval_only_nmse=nan, eval_only_shape=nan",
    "per_dataset": {
      "Abeta42/inhibition_constraints": {
        "nmse_train": 0.03716534853828245,
        "nmse_val": 0.05407354708800607,
        "shape_loss_val": 0.09625156873692703,
        "scored_loss_val": 0.0646180525002363,
        "n_val_points": 680,
        "evaluation_only": false,
        "combined_score": 0.9393040045221083,
        "equation": "d(c)/dt = (0.921586475581408 - x4)*(16777009.7752956*x1*x4 + 0.00013510269305491*x1 + 18059669.8886336*x2)/(1694135.12671475*x3 + 1)",
        "equation_template": "d(c)/dt = (c4 - x4)*(1000000.0*c0**2*x2 + 1000000.0*c1**2*x1 + 1000000.0*c2**2*x1*x4)/(1000000.0*c3**2*x3 + 1)",
        "constants": {
          "c0": 4.24966703267839,
          "c1": 1.1623368403991606e-05,
          "c2": 4.095974826008528,
          "c3": 1.3015894616639867,
          "c4": 0.9215864755814083
        }
      }
    },
    "error": ""
  },
  "language": "python",
  "timestamp": 1783053036.07392,
  "saved_at": 1783053527.5957866
}