{
  "program_id": "d75e8a5c-bfa9-4c89-a730-c3b9846e5fb3",
  "iteration_found": 24,
  "dataset": "Abeta42/inhibition_constraints",
  "plot": "outputs_diff_inhibited_norm/adaevolve/disease_relevant_inhibited_all_normalized_ode_0720_0022/checkpoints/checkpoint_24/iteration_24_best_validation_curves.svg",
  "metrics": {
    "equation": "d(c)/dt = (x4 + 2.28699399690092e-9)*(8.99742114498865*x1 + 22.8278862652892*x2 + 4.12384947228393)*log(0.963782360061911/(x4 + 0.001))/(5.48114772794037e-9*x3*x4 + 1.55655666369089*x3 + 1)",
    "loss": 0.10461482046508472,
    "nmse_train": 0.020368193702347673,
    "nmse_val": 0.062392444223256745,
    "mean_nmse_val": 0.062392444223256745,
    "mean_raw_nmse_val": 0.062392444223256745,
    "scored_loss_val": 0.10461482046508472,
    "mean_scored_loss_val": 0.10461482046508472,
    "shape_loss_val": 0.23128194919056863,
    "shape_loss_weight": 0.25,
    "heldout_curve_nmse": 0.062392444223256745,
    "heldout_curve_scored_loss": 0.10461482046508472,
    "heldout_curve_shape_loss": 0.23128194919056863,
    "eval_only_nmse": NaN,
    "eval_only_scored_loss": NaN,
    "eval_only_shape_loss": NaN,
    "combined_score": 0.9052929414607728,
    "fit_score": 0.9052929414607728,
    "eval_time": 75.29729795455933,
    "n_datasets": 1,
    "n_successful": 1,
    "eval_workers": 8,
    "hard_cases": [
      {
        "dataset": "Abeta42/inhibition_constraints",
        "scored_loss_val": 0.10461482046508472,
        "nmse_val": 0.062392444223256745,
        "shape_loss_val": 0.23128194919056866,
        "evaluation_only": false
      }
    ],
    "hard_case_feedback": "Abeta42/inhibition_constraints scored=0.1046 (nmse=0.06239, shape=0.2313)",
    "validation_semantics_feedback": "heldout_curve_scored_loss=0.1046, heldout_curve_nmse=0.06239, heldout_curve_shape=0.2313; eval_only_fit_score_scored_loss=nan, eval_only_nmse=nan, eval_only_shape=nan",
    "per_dataset": {
      "Abeta42/inhibition_constraints": {
        "nmse_train": 0.020368193702347673,
        "nmse_val": 0.062392444223256745,
        "shape_loss_val": 0.23128194919056866,
        "scored_loss_val": 0.10461482046508472,
        "n_val_points": 3610,
        "evaluation_only": false,
        "combined_score": 0.9052929414607728,
        "equation": "d(c)/dt = (x4 + 2.28699399690092e-9)*(8.99742114498865*x1 + 22.8278862652892*x2 + 4.12384947228393)*log(0.963782360061911/(x4 + 0.001))/(5.48114772794037e-9*x3*x4 + 1.55655666369089*x3 + 1)",
        "equation_template": "d(c)/dt = (c1**2 + x4)*(c2**2 + c3**2*x1 + c4**2*x2)*log((c0 + 0.001)/(x4 + 0.001))/(c5**2*x3 + c6**2*x3*x4 + 1)",
        "constants": {
          "c0": 0.9627823600619113,
          "c1": -4.782252604056917e-05,
          "c2": 2.030726341062215,
          "c3": 2.99957016003771,
          "c4": 4.777853730001492,
          "c5": 1.247620400478805,
          "c6": -7.403477377516844e-05
        }
      }
    },
    "error": ""
  },
  "saved_at": 1784490373.4955819
}