{
  "num_islands": 2,
  "current_island": 1,
  "iteration_count": 7,
  "global_best_score": 0.8792027559992314,
  "decay": 0.9,
  "intensity_min": 0.15,
  "intensity_max": 0.5,
  "migration_interval": 15,
  "diversity_strategy_type": "code",
  "use_unified_archive": true,
  "use_adaptive_search": true,
  "use_ucb_selection": true,
  "fixed_intensity": 0.4,
  "adapter": {
    "states": [
      {
        "accumulated_signal": 0.09155565056795414,
        "best_score": 0.8789740883656226,
        "improvement_count": 2,
        "total_evaluations": 13,
        "decay": 0.9,
        "epsilon": 1e-08,
        "intensity_min": 0.15,
        "intensity_max": 0.5
      },
      {
        "accumulated_signal": 0.09999999999999998,
        "best_score": 0.8792027559992314,
        "improvement_count": 0,
        "total_evaluations": 7,
        "decay": 0.9,
        "epsilon": 1e-08,
        "intensity_min": 0.15,
        "intensity_max": 0.5
      }
    ],
    "dimension_visits": [
      13,
      7
    ],
    "dimension_rewards": [
      0.3172203059527603,
      0.0
    ],
    "decayed_visits": [
      7.458134171671,
      5.217031
    ],
    "global_best_score": 0.8792027559992314,
    "ucb_exploration": 1.41,
    "min_visits": 3,
    "decay": 0.9,
    "epsilon": 1e-08
  },
  "island_config_names": [
    "balanced",
    "balanced"
  ],
  "islands": [
    [
      "ea742d25-9569-4d65-98c0-240a90c5eb74",
      "e1efd97e-0e20-4049-a0f2-40302ba48ff2",
      "6c4ddc04-65fa-446a-ab19-cae64e77e997",
      "029d04e9-2887-49a7-811a-453fe461dfe2",
      "bd3c7b26-94b6-44fc-829a-84197843dada",
      "320128f4-e620-4871-bde3-8f3eb40caffa",
      "06829aa1-ca2b-43c1-a86d-656e5659c36a",
      "54831dcb-4f9c-483f-9f3d-fd32f42f1eeb",
      "47df3d23-8c9e-4b39-af9e-d99ac29fc642",
      "0beb42f0-0cfb-4940-a6bc-c15bd3fcb9cb",
      "7eb21b7d-837d-436d-bce9-e96e6cb902fd",
      "e2568960-352b-4367-b538-a95ba0b9c22b",
      "12270869-48c8-4611-9b76-a4721200a452"
    ],
    [
      "f3a99a48-bcd6-428b-84b7-7cc2b216428f",
      "0ebc68ab-a338-435c-b96b-bb190c7c62e9",
      "85ace326-a7b7-4aa9-b43b-526a02a07e1f",
      "2def444e-027a-41c4-a810-11f01f573f8b",
      "fee6c1c0-b12b-48c5-9aea-f37634933811",
      "9d372e57-3e5f-4092-af80-26971b11e7a2",
      "1660956f-8b8e-49a6-b15a-167f1f08b766",
      "14283b33-5344-444e-b8a8-3d47538e4291",
      "a58b5503-c788-4d7c-bc88-9396e4b7ef96",
      "52a69d82-4d35-4fc0-bcfd-8cd2fb454fe0",
      "4ea57400-fc08-4fe1-a861-6f07f2b4b245",
      "50389fdc-5f77-47a7-8684-544d36126bd1",
      "46e2728a-c163-405c-b8ff-d704e3a8138e",
      "18ba18f6-c019-4bd2-928e-3a9ba3ebf60a",
      "73d158a7-e9b4-4588-b848-77359414d792",
      "79b6fc9b-5404-411d-b43c-fbbc5a7e382e",
      "eb7dcf29-ac25-4e22-82a0-b94cd25ccf8d",
      "266dc274-a7f4-4d95-911c-e5196b3ec810",
      "32d96229-583d-4b3f-876e-8af4e3e5d009",
      "cddbcfaf-308f-4704-983f-3b0035619e88"
    ]
  ],
  "archive_genealogies": [
    {
      "parents": {
        "ea742d25-9569-4d65-98c0-240a90c5eb74": [],
        "e1efd97e-0e20-4049-a0f2-40302ba48ff2": [],
        "6c4ddc04-65fa-446a-ab19-cae64e77e997": [],
        "029d04e9-2887-49a7-811a-453fe461dfe2": [],
        "bd3c7b26-94b6-44fc-829a-84197843dada": [],
        "320128f4-e620-4871-bde3-8f3eb40caffa": [],
        "06829aa1-ca2b-43c1-a86d-656e5659c36a": [],
        "54831dcb-4f9c-483f-9f3d-fd32f42f1eeb": [],
        "47df3d23-8c9e-4b39-af9e-d99ac29fc642": [],
        "0beb42f0-0cfb-4940-a6bc-c15bd3fcb9cb": [],
        "7eb21b7d-837d-436d-bce9-e96e6cb902fd": [],
        "e2568960-352b-4367-b538-a95ba0b9c22b": [],
        "12270869-48c8-4611-9b76-a4721200a452": [
          "f3a99a48-bcd6-428b-84b7-7cc2b216428f"
        ]
      },
      "children": {
        "f3a99a48-bcd6-428b-84b7-7cc2b216428f": [
          "12270869-48c8-4611-9b76-a4721200a452"
        ]
      }
    },
    {
      "parents": {
        "f3a99a48-bcd6-428b-84b7-7cc2b216428f": [],
        "0ebc68ab-a338-435c-b96b-bb190c7c62e9": [],
        "85ace326-a7b7-4aa9-b43b-526a02a07e1f": [],
        "2def444e-027a-41c4-a810-11f01f573f8b": [],
        "fee6c1c0-b12b-48c5-9aea-f37634933811": [],
        "9d372e57-3e5f-4092-af80-26971b11e7a2": [],
        "1660956f-8b8e-49a6-b15a-167f1f08b766": [],
        "14283b33-5344-444e-b8a8-3d47538e4291": [],
        "a58b5503-c788-4d7c-bc88-9396e4b7ef96": [],
        "52a69d82-4d35-4fc0-bcfd-8cd2fb454fe0": [],
        "4ea57400-fc08-4fe1-a861-6f07f2b4b245": [],
        "50389fdc-5f77-47a7-8684-544d36126bd1": [],
        "46e2728a-c163-405c-b8ff-d704e3a8138e": [],
        "18ba18f6-c019-4bd2-928e-3a9ba3ebf60a": [
          "f3a99a48-bcd6-428b-84b7-7cc2b216428f"
        ],
        "73d158a7-e9b4-4588-b848-77359414d792": [
          "f3a99a48-bcd6-428b-84b7-7cc2b216428f"
        ],
        "79b6fc9b-5404-411d-b43c-fbbc5a7e382e": [
          "f3a99a48-bcd6-428b-84b7-7cc2b216428f"
        ],
        "eb7dcf29-ac25-4e22-82a0-b94cd25ccf8d": [
          "f3a99a48-bcd6-428b-84b7-7cc2b216428f"
        ],
        "266dc274-a7f4-4d95-911c-e5196b3ec810": [
          "f3a99a48-bcd6-428b-84b7-7cc2b216428f"
        ],
        "32d96229-583d-4b3f-876e-8af4e3e5d009": [
          "f3a99a48-bcd6-428b-84b7-7cc2b216428f"
        ],
        "cddbcfaf-308f-4704-983f-3b0035619e88": [
          "f3a99a48-bcd6-428b-84b7-7cc2b216428f"
        ]
      },
      "children": {
        "f3a99a48-bcd6-428b-84b7-7cc2b216428f": [
          "18ba18f6-c019-4bd2-928e-3a9ba3ebf60a",
          "73d158a7-e9b4-4588-b848-77359414d792",
          "79b6fc9b-5404-411d-b43c-fbbc5a7e382e",
          "eb7dcf29-ac25-4e22-82a0-b94cd25ccf8d",
          "266dc274-a7f4-4d95-911c-e5196b3ec810",
          "32d96229-583d-4b3f-876e-8af4e3e5d009",
          "cddbcfaf-308f-4704-983f-3b0035619e88"
        ]
      }
    }
  ],
  "use_dynamic_islands": true,
  "max_islands": 5,
  "last_spawn_iteration": -30,
  "use_paradigm_breakthrough": true,
  "paradigm_tracker": {
    "window_size": 10,
    "improvement_threshold": 0.12,
    "max_paradigm_uses": 2,
    "max_tried_paradigms": 10,
    "num_paradigms_to_generate": 3,
    "improvement_history": [
      0.0,
      0.0,
      0.0,
      0.0,
      0.0,
      0.0,
      0.0,
      0.0,
      0.0,
      0.0
    ],
    "active_paradigms": [
      {
        "idea": "Replace non-autonomous time-drag with a Knowles-style autonomous secondary-nucleation ODE where inhibitor suppresses the autocatalytic rate constant (delaying lag), keeping capacity saturation",
        "description": "Build dc/dt = capacity * (primary + secondary), with capacity = (plateau - concentration) enforced smoothly. Set primary = c0^2 + c1^2*monomer (spontaneous/seeded nucleation, independent of c). Set secondary = c2^2 * concentration * (monomer) * (c3^2 + c4^2*seed) representing the autocatalytic elongation/secondary nucleation that dominates the growth phase. Divide ONLY the secondary autocatalytic term by an inhibitor factor inhib = 1 + c5^2*inhibitor + c6^2*inhibitor*concentration, so the inhibitor delays the self-amplifying phase (lag extension) rather than uniformly scaling everything. Final: expression = capacity*(primary + secondary/inhib). This removes the questionable explicit time dependence (-c8*t*c) making the ODE autonomous/translation-invariant, which improves shape-loss crossing timing. Use squared constants for positivity; plateau=c7 (init 1.0). Total ~8 constants. Initialize plateau near 1.0, rates near small positive.",
        "what_to_optimize": "shape_loss (crossing timing/slope) and heldout_curve_nmse \u2014 inhibitor now delays onset matching biology; autonomous form stabilizes odeint integration",
        "cautions": "Ensure inhib denominator never zero (1 + positive terms guarantees >=1). Keep secondary bounded by capacity so c never overshoots plateau. Do not add explicit time term. Keep initial_values list length equal to number of constants.",