{
  "num_islands": 2,
  "current_island": 1,
  "iteration_count": 9,
  "global_best_score": 0.9452274951530372,
  "decay": 0.9,
  "intensity_min": 0.15,
  "intensity_max": 0.5,
  "migration_interval": 15,
  "diversity_strategy_type": "code",
  "use_unified_archive": true,
  "use_adaptive_search": true,
  "use_ucb_selection": true,
  "fixed_intensity": 0.4,
  "adapter": {
    "states": [
      {
        "accumulated_signal": 0.07295868445463308,
        "best_score": 0.9452274951530372,
        "improvement_count": 4,
        "total_evaluations": 6,
        "decay": 0.9,
        "epsilon": 1e-08,
        "intensity_min": 0.15,
        "intensity_max": 0.5
      },
      {
        "accumulated_signal": 0.07294410170176086,
        "best_score": 0.9437651655845937,
        "improvement_count": 3,
        "total_evaluations": 5,
        "decay": 0.9,
        "epsilon": 1e-08,
        "intensity_min": 0.15,
        "intensity_max": 0.5
      }
    ],
    "dimension_visits": [
      6,
      5
    ],
    "dimension_rewards": [
      0.6171305626126223,
      0.029221395359096836
    ],
    "decayed_visits": [
      4.68559,
      4.0951
    ],
    "global_best_score": 0.9452274951530372,
    "ucb_exploration": 1.41,
    "min_visits": 3,
    "decay": 0.9,
    "epsilon": 1e-08
  },
  "island_config_names": [
    "balanced",
    "balanced"
  ],
  "islands": [
    [
      "59093faa-ba55-41a3-bea8-e3a1d18e6073",
      "7463fadf-61e2-44ec-9ff5-6e8d002dff3a",
      "2e44234a-6df2-4add-93c5-906deb9f5c43",
      "4c5e39d4-c44a-4da3-82d3-3ecd488c4844",
      "affc2cf4-10e0-4b9a-86f9-2530dd558968",
      "c1c1ad58-3cf5-4303-b051-16c4bb9878a4"
    ],
    [
      "5f5e2b22-567f-489c-9560-afa2bd64a14e",
      "a58ab168-9fb0-496b-a5b8-7b211ced1b8e",
      "5956e5e4-25c5-4140-89c4-2276b48af7b8",
      "c3ce67eb-6a0a-46b6-9c26-59c03e17bfa0",
      "601c5ec5-5b44-4454-ba61-9a7710824496",
      "ad14ee6f-ddd8-4059-971e-c6ea851d27c1"
    ]
  ],
  "archive_genealogies": [
    {
      "parents": {
        "59093faa-ba55-41a3-bea8-e3a1d18e6073": [],
        "7463fadf-61e2-44ec-9ff5-6e8d002dff3a": [
          "59093faa-ba55-41a3-bea8-e3a1d18e6073"
        ],
        "2e44234a-6df2-4add-93c5-906deb9f5c43": [
          "7463fadf-61e2-44ec-9ff5-6e8d002dff3a"
        ],
        "4c5e39d4-c44a-4da3-82d3-3ecd488c4844": [
          "7463fadf-61e2-44ec-9ff5-6e8d002dff3a"
        ],
        "affc2cf4-10e0-4b9a-86f9-2530dd558968": [
          "59093faa-ba55-41a3-bea8-e3a1d18e6073"
        ],
        "c1c1ad58-3cf5-4303-b051-16c4bb9878a4": [
          "2e44234a-6df2-4add-93c5-906deb9f5c43"
        ]
      },
      "children": {
        "59093faa-ba55-41a3-bea8-e3a1d18e6073": [
          "7463fadf-61e2-44ec-9ff5-6e8d002dff3a",
          "affc2cf4-10e0-4b9a-86f9-2530dd558968"
        ],
        "7463fadf-61e2-44ec-9ff5-6e8d002dff3a": [
          "2e44234a-6df2-4add-93c5-906deb9f5c43",
          "4c5e39d4-c44a-4da3-82d3-3ecd488c4844"
        ],
        "2e44234a-6df2-4add-93c5-906deb9f5c43": [
          "c1c1ad58-3cf5-4303-b051-16c4bb9878a4"
        ]
      }
    },
    {
      "parents": {
        "5f5e2b22-567f-489c-9560-afa2bd64a14e": [],
        "a58ab168-9fb0-496b-a5b8-7b211ced1b8e": [
          "5f5e2b22-567f-489c-9560-afa2bd64a14e"
        ],
        "5956e5e4-25c5-4140-89c4-2276b48af7b8": [
          "a58ab168-9fb0-496b-a5b8-7b211ced1b8e"
        ],
        "c3ce67eb-6a0a-46b6-9c26-59c03e17bfa0": [
          "a58ab168-9fb0-496b-a5b8-7b211ced1b8e"
        ],
        "601c5ec5-5b44-4454-ba61-9a7710824496": [
          "5f5e2b22-567f-489c-9560-afa2bd64a14e"
        ],
        "ad14ee6f-ddd8-4059-971e-c6ea851d27c1": [
          "601c5ec5-5b44-4454-ba61-9a7710824496"
        ]
      },
      "children": {
        "5f5e2b22-567f-489c-9560-afa2bd64a14e": [
          "a58ab168-9fb0-496b-a5b8-7b211ced1b8e",
          "601c5ec5-5b44-4454-ba61-9a7710824496"
        ],
        "a58ab168-9fb0-496b-a5b8-7b211ced1b8e": [
          "5956e5e4-25c5-4140-89c4-2276b48af7b8",
          "c3ce67eb-6a0a-46b6-9c26-59c03e17bfa0"
        ],
        "601c5ec5-5b44-4454-ba61-9a7710824496": [
          "ad14ee6f-ddd8-4059-971e-c6ea851d27c1"
        ]
      }
    }
  ],
  "use_dynamic_islands": true,
  "max_islands": 5,
  "last_spawn_iteration": -30,
  "use_paradigm_breakthrough": true,
  "paradigm_tracker": {
    "window_size": 10,
    "improvement_threshold": 0.12,
    "max_paradigm_uses": 2,
    "max_tried_paradigms": 10,
    "num_paradigms_to_generate": 3,
    "improvement_history": [
      1.0,
      0.0,
      0.0,
      0.0,
      1.0,
      0.0,
      0.0,
      0.0,
      1.0,
      0.0
    ],
    "active_paradigms": [],
    "paradigm_usage_counts": {},
    "current_paradigm_index": 0,
    "tried_paradigms": [],
    "best_score_at_paradigm_gen": 0.0,
    "best_score_during_paradigm": 0.0
  }
}