{
  "program_id": "63bc9f35-1227-4632-a43e-ee273b004928",
  "iteration_found": 24,
  "dataset": "Abeta42/inhibition_constraints",
  "plot": "outputs_diff_inhibited_norm/adaevolve/disease_relevant_inhibited_all_normalized_ode_0720_0232/checkpoints/checkpoint_24/iteration_24_best_validation_curves.svg",
  "metrics": {
    "equation": "d(c)/dt = (0.972683757290667 - x4)*(15.478047495984*x1*x4 + 1.94936744317523e-8*x1 + 7.31197962119747*x2*x4**2 + 8.54133159408099e-9)/(2.31591930831732e-9*x3**2 + 1.0450457985272*x3 + 1)",
    "loss": 0.050868068265989594,
    "nmse_train": 0.011420165848025023,
    "nmse_val": 0.009686814409558507,
    "mean_nmse_val": 0.009686814409558507,
    "mean_raw_nmse_val": 0.009686814409558507,
    "scored_loss_val": 0.050868068265989594,
    "mean_scored_loss_val": 0.050868068265989594,
    "shape_loss_val": 0.17441182983528286,
    "shape_loss_weight": 0.25,
    "heldout_curve_nmse": 0.009686814409558507,
    "heldout_curve_scored_loss": 0.050868068265989594,
    "heldout_curve_shape_loss": 0.17441182983528286,
    "eval_only_nmse": NaN,
    "eval_only_scored_loss": NaN,
    "eval_only_shape_loss": NaN,
    "combined_score": 0.9515942392750351,
    "fit_score": 0.9515942392750351,
    "eval_time": 21.53061318397522,
    "n_datasets": 1,
    "n_successful": 1,
    "eval_workers": 8,
    "hard_cases": [
      {
        "dataset": "Abeta42/inhibition_constraints",
        "scored_loss_val": 0.050868068265989594,
        "nmse_val": 0.009686814409558507,
        "shape_loss_val": 0.17441182983528286,
        "evaluation_only": false
      }
    ],
    "hard_case_feedback": "Abeta42/inhibition_constraints scored=0.05087 (nmse=0.009687, shape=0.1744)",
    "validation_semantics_feedback": "heldout_curve_scored_loss=0.05087, heldout_curve_nmse=0.009687, heldout_curve_shape=0.1744; eval_only_fit_score_scored_loss=nan, eval_only_nmse=nan, eval_only_shape=nan",
    "per_dataset": {
      "Abeta42/inhibition_constraints": {
        "nmse_train": 0.011420165848025023,
        "nmse_val": 0.009686814409558507,
        "shape_loss_val": 0.17441182983528286,
        "scored_loss_val": 0.050868068265989594,
        "n_val_points": 1805,
        "evaluation_only": false,
        "combined_score": 0.9515942392750351,
        "equation": "d(c)/dt = (0.972683757290667 - x4)*(15.478047495984*x1*x4 + 1.94936744317523e-8*x1 + 7.31197962119747*x2*x4**2 + 8.54133159408099e-9)/(2.31591930831732e-9*x3**2 + 1.0450457985272*x3 + 1)",
        "equation_template": "d(c)/dt = (c0 - x4)*(c1**2 + c2**2*x1 + c3**2*x1*x4 + c4**2*x2*x4**2)/(c5**2*x3**2 + c6**2*x3 + 1)",
        "constants": {
          "c0": 0.9726837572906671,
          "c1": -9.241932478697834e-05,
          "c2": 0.0001396197494330665,
          "c3": 3.9342149783640443,
          "c4": 2.7040672368115164,
          "c5": 4.812399929678875e-05,
          "c6": 1.0222748155594976
        }
      }
    },
    "error": ""
  },
  "saved_at": 1784497396.328945
}