{
  "program_id": "53fe5092-3de4-4243-a607-e0fc360d03a2",
  "iteration_found": 26,
  "dataset": "Abeta42/inhibition_constraints",
  "plot": "outputs_diff_inhibited_norm/adaevolve/disease_relevant_inhibited_all_normalized_ode_0720_0022/checkpoints/checkpoint_26/iteration_26_best_validation_curves.svg",
  "metrics": {
    "equation": "d(c)/dt = 16.9478544671628*x0*(0.961476852951301 - x4) + (0.961476852951301 - x4)*(2.58848888588092*x1 + 10.775857549224*x2 + 18.1133349041862*x4*(0.00266358337239099*x2 + 1) + 1.60457389602348e-5)*exp(-12.48329131031*x3/(48.7843476894415*x4 + 1))",
    "loss": 0.13247939235735684,
    "nmse_train": 0.02321343979666358,
    "nmse_val": 0.09461693134482485,
    "mean_nmse_val": 0.09461693134482485,
    "mean_raw_nmse_val": 0.09461693134482485,
    "scored_loss_val": 0.13247939235735684,
    "mean_scored_loss_val": 0.13247939235735684,
    "shape_loss_val": 0.24606677539495286,
    "shape_loss_weight": 0.25,
    "heldout_curve_nmse": 0.09461693134482485,
    "heldout_curve_scored_loss": 0.13247939235735684,
    "heldout_curve_shape_loss": 0.24606677539495286,
    "eval_only_nmse": NaN,
    "eval_only_scored_loss": NaN,
    "eval_only_shape_loss": NaN,
    "combined_score": 0.8830182754305231,
    "fit_score": 0.8830182754305231,
    "eval_time": 37.90179085731506,
    "n_datasets": 1,
    "n_successful": 1,
    "eval_workers": 8,
    "hard_cases": [
      {
        "dataset": "Abeta42/inhibition_constraints",
        "scored_loss_val": 0.13247939235735684,
        "nmse_val": 0.09461693134482485,
        "shape_loss_val": 0.24606677539495286,
        "evaluation_only": false
      }
    ],
    "hard_case_feedback": "Abeta42/inhibition_constraints scored=0.1325 (nmse=0.09462, shape=0.2461)",
    "validation_semantics_feedback": "heldout_curve_scored_loss=0.1325, heldout_curve_nmse=0.09462, heldout_curve_shape=0.2461; eval_only_fit_score_scored_loss=nan, eval_only_nmse=nan, eval_only_shape=nan",
    "per_dataset": {
      "Abeta42/inhibition_constraints": {
        "nmse_train": 0.02321343979666358,
        "nmse_val": 0.09461693134482485,
        "shape_loss_val": 0.24606677539495286,
        "scored_loss_val": 0.13247939235735684,
        "n_val_points": 3610,
        "evaluation_only": false,
        "combined_score": 0.8830182754305231,
        "equation": "d(c)/dt = 16.9478544671628*x0*(0.961476852951301 - x4) + (0.961476852951301 - x4)*(2.58848888588092*x1 + 10.775857549224*x2 + 18.1133349041862*x4*(0.00266358337239099*x2 + 1) + 1.60457389602348e-5)*exp(-12.48329131031*x3/(48.7843476894415*x4 + 1))",
        "equation_template": "d(c)/dt = c8*x0*(c0 - x4) + (c0 - x4)*(c1**2 + c2**2*x1 + c3**2*x2 + c4**2*x4*(c5**2*x2 + 1))*exp(-c6**2*x3/(c7**2*x4 + 1))",
        "constants": {
          "c0": 0.9614768529513008,
          "c1": 0.0040057132898192755,
          "c2": 1.6088781451312335,
          "c3": 3.2826601330664777,
          "c4": -4.255976374956298,
          "c5": -0.05160991544646235,
          "c6": 3.533170150206471,
          "c7": 6.984579277912274,
          "c8": 16.94785446716283
        }
      }
    },
    "error": ""
  },
  "saved_at": 1784490551.031561
}