{
  "id": "08ba6e64-b016-4891-92f8-c49f672f88fe",
  "generation": 4,
  "iteration": 11,
  "current_iteration": 12,
  "metrics": {
    "combined_score": 0.9215724203601013,
    "n_stage1_datasets": 8.0,
    "n_stage1_successful": 8.0,
    "eval_workers": 8.0,
    "cascade_stage1_time_seconds": 1.483628273010254,
    "cascade_stage1_threshold": 0.15,
    "cascade_stage1_passed": 1.0,
    "loss": 0.03762870814466069,
    "complexity": 35.0,
    "nmse_train": Infinity,
    "nmse_val": 0.03762870814466069,
    "fit_score": 0.963735864428864,
    "parsimony_weight": 0.2,
    "parsimony_penalty_factor": 0.95625,
    "eval_time": 86.81754994392395,
    "n_datasets": 60.0,
    "n_successful": 60.0,
    "cascade_stage2_time_seconds": 86.81802082061768,
    "cascade_total_time_seconds": 88.30164909362793,
    "cascade_stage1_combined_score": 0.97263982751274
  },
  "language": "python",
  "timestamp": 1780042768.6298518,
  "saved_at": 1780043730.837232
}