{
  "program_id": "91450c03-3394-4644-b290-9caa11ed39dc",
  "iteration_found": 12,
  "dataset": "Abeta42/inhibition_constraints",
  "plot": "outputs_diff_inhibited_norm/adaevolve/disease_relevant_inhibited_all_normalized_ode_0719_2131/checkpoints/checkpoint_12/iteration_12_best_validation_curves.svg",
  "metrics": {
    "equation": "d(c)/dt = x4*(93.1296877508805*x1 + 90.7469264135773*x2 + 121.802980241325*x4 + 0.000802996056176173)*log(1.19932133264815/(0.199321332648151*x4 + 1.00793907630619))/(0.000745846880896216*x3*x4 + 1.5340289682467*x3 + 1)",
    "loss": 0.0984069643678743,
    "nmse_train": 0.011317090584111808,
    "nmse_val": 0.05282515662937695,
    "mean_nmse_val": 0.05282515662937695,
    "mean_raw_nmse_val": 0.05282515662937695,
    "scored_loss_val": 0.0984069643678743,
    "mean_scored_loss_val": 0.0984069643678743,
    "shape_loss_val": 0.23515238758336637,
    "shape_loss_weight": 0.25,
    "heldout_curve_nmse": 0.05282515662937695,
    "heldout_curve_scored_loss": 0.0984069643678743,
    "heldout_curve_shape_loss": 0.23515238758336637,
    "eval_only_nmse": NaN,
    "eval_only_scored_loss": NaN,
    "eval_only_shape_loss": NaN,
    "combined_score": 0.9104093768883679,
    "fit_score": 0.9104093768883679,
    "eval_time": 42.29937195777893,
    "n_datasets": 1,
    "n_successful": 1,
    "eval_workers": 8,
    "hard_cases": [
      {
        "dataset": "Abeta42/inhibition_constraints",
        "scored_loss_val": 0.0984069643678743,
        "nmse_val": 0.05282515662937695,
        "shape_loss_val": 0.23515238758336637,
        "evaluation_only": false
      }
    ],
    "hard_case_feedback": "Abeta42/inhibition_constraints scored=0.09841 (nmse=0.05283, shape=0.2352)",
    "validation_semantics_feedback": "heldout_curve_scored_loss=0.09841, heldout_curve_nmse=0.05283, heldout_curve_shape=0.2352; eval_only_fit_score_scored_loss=nan, eval_only_nmse=nan, eval_only_shape=nan",
    "per_dataset": {
      "Abeta42/inhibition_constraints": {
        "nmse_train": 0.011317090584111808,
        "nmse_val": 0.05282515662937695,
        "shape_loss_val": 0.23515238758336637,
        "scored_loss_val": 0.0984069643678743,
        "n_val_points": 3610,
        "evaluation_only": false,
        "combined_score": 0.9104093768883679,
        "equation": "d(c)/dt = x4*(93.1296877508805*x1 + 90.7469264135773*x2 + 121.802980241325*x4 + 0.000802996056176173)*log(1.19932133264815/(0.199321332648151*x4 + 1.00793907630619))/(0.000745846880896216*x3*x4 + 1.5340289682467*x3 + 1)",
        "equation_template": "d(c)/dt = x4*(c2**2 + c3**2*x1 + c4**2*x2 + c5**2*x4)*log((c0**2 + 1)/(c0**2*x4 + c1**2))/(c6**2*x3 + c7**2*x3*x4 + 1)",
        "constants": {
          "c0": 0.4464541775458611,
          "c1": 1.0039616906566675,
          "c2": 0.028337185043263796,
          "c3": 9.650372415139245,
          "c4": -9.526118118813,
          "c5": -11.036438748134533,
          "c6": -1.2385592308188988,
          "c7": -0.027310197379298008
        }
      }
    },
    "error": ""
  },
  "saved_at": 1784478719.8819041
}