{
  "id": "bb934220-bd17-4020-9353-a508eb8741d6",
  "generation": 3,
  "iteration": 7,
  "current_iteration": 7,
  "metrics": {
    "combined_score": 0.90202070202434,
    "loss": 0.10862200585393661,
    "complexity": 0.0,
    "nmse_train": Infinity,
    "nmse_val": 0.10862200585393661,
    "eval_time": 334.6835834980011,
    "n_datasets": 60.0,
    "n_successful": 60.0
  },
  "language": "python",
  "timestamp": 1779813910.3315887,
  "saved_at": 1779813910.3484962
}