{
  "id": "6d177fac-5d01-4ecb-83b4-bcddad47c209",
  "generation": 1,
  "iteration": 25,
  "current_iteration": 25,
  "metrics": {
    "equation": "d(c)/dt = (0.971731091439983 - x4)*(12.8181151222676*x1*x4*(0.944261314071141*x2 + x4 + 1)/((1.08446750228037*x4**2 + 1)*(0.033598782193549*x1*x3 + 0.890511807456387*x3 + 1)) + 3.43358083003943e-7*x1/(0.033598782193549*x1*x3 + 0.890511807456387*x3 + 1) + 6.49587366523062e-7*x2 + 8.33993268536768e-9)",
    "loss": 0.0447032359022899,
    "nmse_train": 0.014163692928621154,
    "nmse_val": 0.0033722434987360677,
    "mean_nmse_val": 0.0033722434987360677,
    "mean_raw_nmse_val": 0.0033722434987360677,
    "scored_loss_val": 0.0447032359022899,
    "mean_scored_loss_val": 0.0447032359022899,
    "shape_loss_val": 0.1686962131129514,
    "shape_loss_weight": 0.25,
    "heldout_curve_nmse": 0.0033722434987360677,
    "heldout_curve_scored_loss": 0.0447032359022899,
    "heldout_curve_shape_loss": 0.1686962131129514,
    "eval_only_nmse": NaN,
    "eval_only_scored_loss": NaN,
    "eval_only_shape_loss": NaN,
    "combined_score": 0.957209632012214,
    "fit_score": 0.957209632012214,
    "eval_time": 6.727104663848877,
    "n_datasets": 1,
    "n_successful": 1,
    "eval_workers": 8,
    "hard_cases": [
      {
        "dataset": "Abeta42/inhibition_constraints",
        "scored_loss_val": 0.0447032359022899,
        "nmse_val": 0.0033722434987360677,
        "shape_loss_val": 0.1686962131129514,
        "evaluation_only": false
      }
    ],
    "hard_case_feedback": "Abeta42/inhibition_constraints scored=0.0447 (nmse=0.003372, shape=0.1687)",
    "validation_semantics_feedback": "heldout_curve_scored_loss=0.0447, heldout_curve_nmse=0.003372, heldout_curve_shape=0.1687; eval_only_fit_score_scored_loss=nan, eval_only_nmse=nan, eval_only_shape=nan",
    "per_dataset": {
      "Abeta42/inhibition_constraints": {
        "nmse_train": 0.014163692928621154,
        "nmse_val": 0.0033722434987360677,
        "shape_loss_val": 0.1686962131129514,
        "scored_loss_val": 0.0447032359022899,
        "n_val_points": 1805,
        "evaluation_only": false,
        "combined_score": 0.957209632012214,
        "equation": "d(c)/dt = (0.971731091439983 - x4)*(12.8181151222676*x1*x4*(0.944261314071141*x2 + x4 + 1)/((1.08446750228037*x4**2 + 1)*(0.033598782193549*x1*x3 + 0.890511807456387*x3 + 1)) + 3.43358083003943e-7*x1/(0.033598782193549*x1*x3 + 0.890511807456387*x3 + 1) + 6.49587366523062e-7*x2 + 8.33993268536768e-9)",
        "equation_template": "d(c)/dt = (c0 - x4)*(c3**2 + c4**2*x1/(c1**2*x3 + c2**2*x1*x3 + 1) + c5**2*x2 + c6**2*x1*x4*(c0**2*x2 + x4 + 1)/((c7**2*x4**2 + 1)*(c1**2*x3 + c2**2*x1*x3 + 1)))",
        "constants": {
          "c0": 0.9717310914399833,
          "c1": 0.94366933162861,
          "c2": 0.18329970592870304,
          "c3": -9.132323190386816e-05,
          "c4": 0.0005859676467211675,
          "c5": 0.0008059698297846279,
          "c6": 3.580239534202646,
          "c7": 1.0413776943455089
        }
      }
    },
    "error": ""
  },
  "language": "python",
  "timestamp": 1784503711.3852658,
  "saved_at": 1784503812.245611
}