{
  "num_islands": 4,
  "current_island": 3,
  "iteration_count": 2,
  "global_best_score": 0.9173940569258856,
  "decay": 0.9,
  "intensity_min": 0.15,
  "intensity_max": 0.5,
  "migration_interval": 15,
  "diversity_strategy_type": "code",
  "use_unified_archive": true,
  "use_adaptive_search": true,
  "use_ucb_selection": true,
  "fixed_intensity": 0.4,
  "adapter": {
    "states": [
      {
        "accumulated_signal": 0.0900443756757587,
        "best_score": 0.9170383284718306,
        "improvement_count": 2,
        "total_evaluations": 9,
        "decay": 0.9,
        "epsilon": 1e-08,
        "intensity_min": 0.15,
        "intensity_max": 0.5
      },
      {
        "accumulated_signal": 0.09999999999999998,
        "best_score": 0.9173940569258856,
        "improvement_count": 0,
        "total_evaluations": 0,
        "decay": 0.9,
        "epsilon": 1e-08,
        "intensity_min": 0.15,
        "intensity_max": 0.5
      },
      {
        "accumulated_signal": 0.09000206192057944,
        "best_score": 0.9106630177445019,
        "improvement_count": 1,
        "total_evaluations": 1,
        "decay": 0.9,
        "epsilon": 1e-08,
        "intensity_min": 0.15,
        "intensity_max": 0.5
      },
      {
        "accumulated_signal": 0.09999999999999998,
        "best_score": 0.9171333427295116,
        "improvement_count": 0,
        "total_evaluations": 1,
        "decay": 0.9,
        "epsilon": 1e-08,
        "intensity_min": 0.15,
        "intensity_max": 0.5
      }
    ],
    "dimension_visits": [
      9,
      0,
      1,
      1
    ],
    "dimension_rewards": [
      0.44033109508627777,
      0.0,
      0.004487145452876797,
      0.0
    ],
    "decayed_visits": [
      6.12579511,
      0.0,
      1.0,
      1.0
    ],
    "global_best_score": 0.9173940569258856,
    "ucb_exploration": 1.41,
    "min_visits": 3,
    "decay": 0.9,
    "epsilon": 1e-08
  },
  "island_config_names": [
    "balanced",
    "balanced",
    "balanced",
    "balanced"
  ],
  "islands": [
    [
      "575c0c13-296a-45ec-b11d-f2238550469d",
      "7e07361f-af8a-4944-ae54-c9f5141a5ac8",
      "85aabde6-7a45-4831-acf9-325e76dd5b37",
      "a847d37c-41c5-4ab9-98d2-d443c46560c0",
      "f345aa55-3bb3-4c7d-bc28-2caab6f4d40a",
      "6345db2a-9065-4466-b361-cfa7f07aac12",
      "78722cdb-2ba9-4ff0-b0b1-8e5dffad2093",
      "49af3dce-fe13-4827-942b-5a4e53a27c41",
      "e4363741-9140-4702-a4e7-517325db705b"
    ],
    [
      "3e6df835-edd5-483f-b0d5-91741727a1ca",
      "5556e2c2-3055-4d1b-ae74-72742eb37d2a",
      "b8cf39be-b615-4fa8-90db-7337f0c42c03",
      "abb9d893-a23b-4727-9bcf-4dc7d4a216d6",
      "f15e3bd9-1cb5-4159-84fe-61c3e7f57a93",
      "fd2451f9-af2c-46e1-a123-08626bdfa6e9"
    ],
    [
      "1eb7c7f3-825b-4441-930e-a6205066d539",
      "e9a633a0-52da-45f7-a908-b9dc2128d6b6",
      "6ff0a9e2-69b8-4155-a87a-da306816810b",
      "d3b15b56-59ad-4fa6-a2ab-affd23765cf2",
      "47abab1f-f680-40ad-8914-11b44b9e5396",
      "808b154d-0631-406e-b13a-084ef36c5e79",
      "6b10f8bd-8611-4e98-a2a3-56911215460a"
    ],
    [
      "1f8d3835-1a96-49eb-8556-1ea86c9db172",
      "4217a24c-245a-4686-b3af-6510e10da542",
      "421c4a06-a167-49f8-9bd4-84fae536149d",
      "090e448d-7973-493f-8a76-cd28b50b39e2",
      "5d7c083c-e4ef-49fa-83ea-be0f10edbbfa",
      "e37a5c74-a7a6-4f47-be88-2376c94f29b5"
    ]
  ],
  "archive_genealogies": [
    {
      "parents": {
        "575c0c13-296a-45ec-b11d-f2238550469d": [],
        "7e07361f-af8a-4944-ae54-c9f5141a5ac8": [],
        "85aabde6-7a45-4831-acf9-325e76dd5b37": [],
        "a847d37c-41c5-4ab9-98d2-d443c46560c0": [],
        "f345aa55-3bb3-4c7d-bc28-2caab6f4d40a": [],
        "6345db2a-9065-4466-b361-cfa7f07aac12": [],
        "78722cdb-2ba9-4ff0-b0b1-8e5dffad2093": [],
        "49af3dce-fe13-4827-942b-5a4e53a27c41": [],
        "e4363741-9140-4702-a4e7-517325db705b": [
          "7e07361f-af8a-4944-ae54-c9f5141a5ac8"
        ]
      },
      "children": {
        "7e07361f-af8a-4944-ae54-c9f5141a5ac8": [
          "e4363741-9140-4702-a4e7-517325db705b"
        ]
      }
    },
    {
      "parents": {
        "3e6df835-edd5-483f-b0d5-91741727a1ca": [],
        "5556e2c2-3055-4d1b-ae74-72742eb37d2a": [],
        "b8cf39be-b615-4fa8-90db-7337f0c42c03": [],
        "abb9d893-a23b-4727-9bcf-4dc7d4a216d6": [],
        "f15e3bd9-1cb5-4159-84fe-61c3e7f57a93": [],
        "fd2451f9-af2c-46e1-a123-08626bdfa6e9": []
      },
      "children": {}
    },
    {
      "parents": {
        "1eb7c7f3-825b-4441-930e-a6205066d539": [],
        "e9a633a0-52da-45f7-a908-b9dc2128d6b6": [],
        "6ff0a9e2-69b8-4155-a87a-da306816810b": [],
        "d3b15b56-59ad-4fa6-a2ab-affd23765cf2": [],
        "47abab1f-f680-40ad-8914-11b44b9e5396": [],
        "808b154d-0631-406e-b13a-084ef36c5e79": [],
        "6b10f8bd-8611-4e98-a2a3-56911215460a": [
          "1eb7c7f3-825b-4441-930e-a6205066d539"
        ]
      },
      "children": {
        "1eb7c7f3-825b-4441-930e-a6205066d539": [
          "6b10f8bd-8611-4e98-a2a3-56911215460a"
        ]
      }
    },
    {
      "parents": {
        "1f8d3835-1a96-49eb-8556-1ea86c9db172": [],
        "4217a24c-245a-4686-b3af-6510e10da542": [],
        "421c4a06-a167-49f8-9bd4-84fae536149d": [],
        "090e448d-7973-493f-8a76-cd28b50b39e2": [],
        "5d7c083c-e4ef-49fa-83ea-be0f10edbbfa": [],
        "e37a5c74-a7a6-4f47-be88-2376c94f29b5": [
          "4217a24c-245a-4686-b3af-6510e10da542"
        ]
      },
      "children": {
        "4217a24c-245a-4686-b3af-6510e10da542": [
          "e37a5c74-a7a6-4f47-be88-2376c94f29b5"
        ]
      }
    }
  ],
  "use_dynamic_islands": true,
  "max_islands": 5,
  "last_spawn_iteration": -30,
  "use_paradigm_breakthrough": true,
  "paradigm_tracker": {
    "window_size": 10,
    "improvement_threshold": 0.12,
    "max_paradigm_uses": 2,
    "max_tried_paradigms": 10,
    "num_paradigms_to_generate": 3,
    "improvement_history": [
      1.0,
      0.0,
      0.0,
      0.0,
      0.0,
      0.0,
      0.0,
      0.0,
      0.0,
      0.0
    ],
    "active_paradigms": [],
    "paradigm_usage_counts": {},
    "current_paradigm_index": 0,
    "tried_paradigms": [],
    "best_score_at_paradigm_gen": 0.0,
    "best_score_during_paradigm": 0.0
  }
}