{
  "program_id": "e37a5c74-a7a6-4f47-be88-2376c94f29b5",
  "iteration_found": 3,
  "dataset": "Abeta42/inhibition_constraints",
  "plot": "outputs_diff_inhibited_norm/adaevolve/disease_relevant_inhibited_all_normalized_ode_0719_2131/checkpoints/checkpoint_3/iteration_3_best_validation_curves.svg",
  "metrics": {
    "equation": "d(c)/dt = 0.0325750140021611*x0*x4 + (0.960528094403043 - x4)*(20.2191545282502*x1*x4*(0.0717279852668208*x2 + 1)/(1.38591733430021e-6*x3*x4 + 1.90950419699745*x3 + 1) + 7.09783969834818e-9*x1 + 3.73293325229026*x2 + 1.39992273617439e-9)",
    "loss": 0.09662154692763424,
    "nmse_train": 0.010787480130654718,
    "nmse_val": 0.05110343850419681,
    "mean_nmse_val": 0.05110343850419681,
    "mean_raw_nmse_val": 0.05110343850419681,
    "scored_loss_val": 0.09662154692763424,
    "mean_scored_loss_val": 0.09662154692763424,
    "shape_loss_val": 0.2331758721979465,
    "shape_loss_weight": 0.25,
    "heldout_curve_nmse": 0.05110343850419681,
    "heldout_curve_scored_loss": 0.09662154692763424,
    "heldout_curve_shape_loss": 0.2331758721979465,
    "eval_only_nmse": NaN,
    "eval_only_scored_loss": NaN,
    "eval_only_shape_loss": NaN,
    "combined_score": 0.9118916209531581,
    "fit_score": 0.9118916209531581,
    "eval_time": 22.852608919143677,
    "n_datasets": 1,
    "n_successful": 1,
    "eval_workers": 8,
    "hard_cases": [
      {
        "dataset": "Abeta42/inhibition_constraints",
        "scored_loss_val": 0.09662154692763424,
        "nmse_val": 0.05110343850419681,
        "shape_loss_val": 0.2331758721979465,
        "evaluation_only": false
      }
    ],
    "hard_case_feedback": "Abeta42/inhibition_constraints scored=0.09662 (nmse=0.0511, shape=0.2332)",
    "validation_semantics_feedback": "heldout_curve_scored_loss=0.09662, heldout_curve_nmse=0.0511, heldout_curve_shape=0.2332; eval_only_fit_score_scored_loss=nan, eval_only_nmse=nan, eval_only_shape=nan",
    "per_dataset": {
      "Abeta42/inhibition_constraints": {
        "nmse_train": 0.010787480130654718,
        "nmse_val": 0.05110343850419681,
        "shape_loss_val": 0.2331758721979465,
        "scored_loss_val": 0.09662154692763424,
        "n_val_points": 3610,
        "evaluation_only": false,
        "combined_score": 0.9118916209531581,
        "equation": "d(c)/dt = 0.0325750140021611*x0*x4 + (0.960528094403043 - x4)*(20.2191545282502*x1*x4*(0.0717279852668208*x2 + 1)/(1.38591733430021e-6*x3*x4 + 1.90950419699745*x3 + 1) + 7.09783969834818e-9*x1 + 3.73293325229026*x2 + 1.39992273617439e-9)",
        "equation_template": "d(c)/dt = -c8*x0*x4 + (c0 - x4)*(c4**2 + c5**2*x1 + c6**2*x2 + c7**2*x1*x4*(c1**2*x2 + 1)/(c2**2*x3 + c3**2*x3*x4 + 1))",
        "constants": {
          "c0": 0.9605280944030433,
          "c1": 0.267820808128907,
          "c2": 1.3818481092354016,
          "c3": 0.0011772499030792932,
          "c4": 3.741554137219437e-05,
          "c5": 8.424867772462768e-05,
          "c6": 1.932080032578947,
          "c7": 4.496571419231568,
          "c8": -0.032575014002161055
        }
      }
    },
    "error": ""
  },
  "saved_at": 1784477791.4818969
}