{
  "id": "d0863d77-37b7-41ab-b0c2-b6ea7827597f",
  "generation": 3,
  "iteration": 7,
  "current_iteration": 7,
  "metrics": {
    "combined_score": 0.8872129988776197,
    "n_stage1_datasets": 8.0,
    "n_stage1_successful": 8.0,
    "eval_workers": 8.0,
    "cascade_stage1_time_seconds": 2.068305730819702,
    "cascade_stage1_threshold": 0.15,
    "cascade_stage1_passed": 1.0,
    "loss": 0.07922223999343776,
    "complexity": 34.0,
    "nmse_train": Infinity,
    "nmse_val": 0.07922223999343776,
    "fit_score": 0.9265932103160519,
    "parsimony_weight": 0.2,
    "parsimony_penalty_factor": 0.9575,
    "eval_time": 21.773160219192505,
    "n_datasets": 42.0,
    "n_successful": 42.0,
    "cascade_stage2_time_seconds": 21.77371335029602,
    "cascade_total_time_seconds": 23.842019081115723,
    "cascade_stage1_combined_score": 0.8786910928586773
  },
  "language": "python",
  "timestamp": 1780273336.3838806,
  "saved_at": 1780273336.3913946
}