{
  "num_islands": 2,
  "current_island": 0,
  "iteration_count": 18,
  "global_best_score": 0.9092983714403842,
  "decay": 0.9,
  "intensity_min": 0.15,
  "intensity_max": 0.5,
  "migration_interval": 15,
  "diversity_strategy_type": "code",
  "use_unified_archive": true,
  "use_adaptive_search": true,
  "use_ucb_selection": true,
  "fixed_intensity": 0.4,
  "adapter": {
    "states": [
      {
        "accumulated_signal": 0.06599648187218296,
        "best_score": 0.9092983714403842,
        "improvement_count": 5,
        "total_evaluations": 12,
        "decay": 0.9,
        "epsilon": 1e-08,
        "intensity_min": 0.15,
        "intensity_max": 0.5
      },
      {
        "accumulated_signal": 0.07326775362453354,
        "best_score": 0.9092983714403842,
        "improvement_count": 3,
        "total_evaluations": 13,
        "decay": 0.9,
        "epsilon": 1e-08,
        "intensity_min": 0.15,
        "intensity_max": 0.5
      }
    ],
    "dimension_visits": [
      12,
      13
    ],
    "dimension_rewards": [
      0.3615405394712935,
      0.03782409323594313
    ],
    "decayed_visits": [
      7.175704635190001,
      7.458134171671
    ],
    "global_best_score": 0.9092983714403842,
    "ucb_exploration": 1.41,
    "min_visits": 3,
    "decay": 0.9,
    "epsilon": 1e-08
  },
  "island_config_names": [
    "balanced",
    "balanced"
  ],
  "islands": [
    [
      "64c611e2-0f40-4627-ac5a-2a688373f7f5",
      "1a0857a9-40b5-4bee-bff9-483aaa59a7ef",
      "107fb1af-a9d2-43fb-a1ef-f73480ed4a6d",
      "b069fdf7-1b71-4cbb-babf-c6eea9aac24d",
      "b536bbfc-d2ce-43e0-8736-4ab447921abe",
      "ea1c57aa-a069-44b7-b001-2eece5aeba36",
      "ddae4981-6252-4907-9f12-9509ca31eee9",
      "bdf86861-9ebb-4c75-8db5-072d8d9e57a7",
      "bc00fb57-67c6-4c15-a297-2fb517eef4fa",
      "769260f5-e431-4025-9883-ce2d71c19e2e",
      "e6ca8d72-f9f2-4443-a6fd-be52d4d764ba",
      "e9f90fbc-8d29-4f35-8305-a9c5578292c4",
      "f8a011c5-cf3e-4637-bfc3-c06660c1847f",
      "c750e944-1bfe-40c7-a406-c9e76f2e0288"
    ],
    [
      "588fabe9-4d71-4dfd-b799-2bb11f665747",
      "48f27a0a-bdec-42b1-891f-fba98a750455",
      "80fe1f2a-0fca-44e1-8aae-fb3a2ed01639",
      "e5fe870b-2ba9-4c0d-aa79-5dd5a104c257",
      "9ea0c890-86a6-4c86-8671-4bbd8157bee1",
      "c5726e7f-a72e-48b3-81d9-c6afd38b246a",
      "c7ef0fc5-0384-419b-8764-596a008dd040",
      "2c09fddd-dfa1-4747-aab9-3ab4c1c6cecb",
      "13329ca9-0294-4c36-ae9f-a30434d890fc",
      "2ceba53a-029a-4d66-91e8-944e0ceba5eb",
      "4d860a83-bd34-45d6-8056-74e3ab3f2e49",
      "bc501c16-60d3-405d-9526-1cf8b55ed71d",
      "8af9fdda-2f52-493d-906c-1fb93acfe869",
      "3708004a-bf14-4f46-8cea-564190048e10"
    ]
  ],
  "archive_genealogies": [
    {
      "parents": {
        "64c611e2-0f40-4627-ac5a-2a688373f7f5": [],
        "1a0857a9-40b5-4bee-bff9-483aaa59a7ef": [
          "64c611e2-0f40-4627-ac5a-2a688373f7f5"
        ],
        "107fb1af-a9d2-43fb-a1ef-f73480ed4a6d": [
          "1a0857a9-40b5-4bee-bff9-483aaa59a7ef"
        ],
        "b069fdf7-1b71-4cbb-babf-c6eea9aac24d": [
          "64c611e2-0f40-4627-ac5a-2a688373f7f5"
        ],
        "b536bbfc-d2ce-43e0-8736-4ab447921abe": [
          "107fb1af-a9d2-43fb-a1ef-f73480ed4a6d"
        ],
        "ea1c57aa-a069-44b7-b001-2eece5aeba36": [
          "b536bbfc-d2ce-43e0-8736-4ab447921abe"
        ],
        "ddae4981-6252-4907-9f12-9509ca31eee9": [
          "107fb1af-a9d2-43fb-a1ef-f73480ed4a6d"
        ],
        "bdf86861-9ebb-4c75-8db5-072d8d9e57a7": [
          "ea1c57aa-a069-44b7-b001-2eece5aeba36"
        ],
        "bc00fb57-67c6-4c15-a297-2fb517eef4fa": [
          "b069fdf7-1b71-4cbb-babf-c6eea9aac24d"
        ],
        "769260f5-e431-4025-9883-ce2d71c19e2e": [
          "c5726e7f-a72e-48b3-81d9-c6afd38b246a"
        ],
        "e6ca8d72-f9f2-4443-a6fd-be52d4d764ba": [
          "2c09fddd-dfa1-4747-aab9-3ab4c1c6cecb"
        ],
        "e9f90fbc-8d29-4f35-8305-a9c5578292c4": [
          "ea1c57aa-a069-44b7-b001-2eece5aeba36"
        ],
        "f8a011c5-cf3e-4637-bfc3-c06660c1847f": [
          "ea1c57aa-a069-44b7-b001-2eece5aeba36"
        ],
        "c750e944-1bfe-40c7-a406-c9e76f2e0288": [
          "ea1c57aa-a069-44b7-b001-2eece5aeba36"
        ]
      },
      "children": {
        "64c611e2-0f40-4627-ac5a-2a688373f7f5": [
          "1a0857a9-40b5-4bee-bff9-483aaa59a7ef",
          "b069fdf7-1b71-4cbb-babf-c6eea9aac24d"
        ],
        "1a0857a9-40b5-4bee-bff9-483aaa59a7ef": [
          "107fb1af-a9d2-43fb-a1ef-f73480ed4a6d"
        ],
        "107fb1af-a9d2-43fb-a1ef-f73480ed4a6d": [
          "b536bbfc-d2ce-43e0-8736-4ab447921abe",
          "ddae4981-6252-4907-9f12-9509ca31eee9"
        ],
        "b536bbfc-d2ce-43e0-8736-4ab447921abe": [
          "ea1c57aa-a069-44b7-b001-2eece5aeba36"
        ],
        "ea1c57aa-a069-44b7-b001-2eece5aeba36": [
          "bdf86861-9ebb-4c75-8db5-072d8d9e57a7",
          "e9f90fbc-8d29-4f35-8305-a9c5578292c4",
          "f8a011c5-cf3e-4637-bfc3-c06660c1847f",
          "c750e944-1bfe-40c7-a406-c9e76f2e0288"
        ],
        "b069fdf7-1b71-4cbb-babf-c6eea9aac24d": [
          "bc00fb57-67c6-4c15-a297-2fb517eef4fa"
        ],
        "c5726e7f-a72e-48b3-81d9-c6afd38b246a": [
          "769260f5-e431-4025-9883-ce2d71c19e2e"
        ],
        "2c09fddd-dfa1-4747-aab9-3ab4c1c6cecb": [
          "e6ca8d72-f9f2-4443-a6fd-be52d4d764ba"
        ]
      }
    },
    {
      "parents": {
        "588fabe9-4d71-4dfd-b799-2bb11f665747": [],
        "48f27a0a-bdec-42b1-891f-fba98a750455": [
          "588fabe9-4d71-4dfd-b799-2bb11f665747"
        ],
        "80fe1f2a-0fca-44e1-8aae-fb3a2ed01639": [
          "588fabe9-4d71-4dfd-b799-2bb11f665747"
        ],
        "e5fe870b-2ba9-4c0d-aa79-5dd5a104c257": [
          "48f27a0a-bdec-42b1-891f-fba98a750455"
        ],
        "9ea0c890-86a6-4c86-8671-4bbd8157bee1": [
          "e5fe870b-2ba9-4c0d-aa79-5dd5a104c257"
        ],
        "c5726e7f-a72e-48b3-81d9-c6afd38b246a": [
          "588fabe9-4d71-4dfd-b799-2bb11f665747"
        ],
        "c7ef0fc5-0384-419b-8764-596a008dd040": [
          "588fabe9-4d71-4dfd-b799-2bb11f665747"
        ],
        "2c09fddd-dfa1-4747-aab9-3ab4c1c6cecb": [
          "48f27a0a-bdec-42b1-891f-fba98a750455"
        ],
        "13329ca9-0294-4c36-ae9f-a30434d890fc": [
          "ea1c57aa-a069-44b7-b001-2eece5aeba36"
        ],
        "2ceba53a-029a-4d66-91e8-944e0ceba5eb": [
          "ddae4981-6252-4907-9f12-9509ca31eee9"
        ],
        "4d860a83-bd34-45d6-8056-74e3ab3f2e49": [
          "bc00fb57-67c6-4c15-a297-2fb517eef4fa"
        ],
        "bc501c16-60d3-405d-9526-1cf8b55ed71d": [
          "b536bbfc-d2ce-43e0-8736-4ab447921abe"
        ],
        "8af9fdda-2f52-493d-906c-1fb93acfe869": [
          "107fb1af-a9d2-43fb-a1ef-f73480ed4a6d"
        ],
        "3708004a-bf14-4f46-8cea-564190048e10": [
          "ea1c57aa-a069-44b7-b001-2eece5aeba36"
        ]
      },
      "children": {
        "588fabe9-4d71-4dfd-b799-2bb11f665747": [
          "48f27a0a-bdec-42b1-891f-fba98a750455",
          "80fe1f2a-0fca-44e1-8aae-fb3a2ed01639",
          "c5726e7f-a72e-48b3-81d9-c6afd38b246a",
          "c7ef0fc5-0384-419b-8764-596a008dd040"
        ],
        "48f27a0a-bdec-42b1-891f-fba98a750455": [
          "e5fe870b-2ba9-4c0d-aa79-5dd5a104c257",
          "2c09fddd-dfa1-4747-aab9-3ab4c1c6cecb"
        ],
        "e5fe870b-2ba9-4c0d-aa79-5dd5a104c257": [
          "9ea0c890-86a6-4c86-8671-4bbd8157bee1"
        ],
        "ea1c57aa-a069-44b7-b001-2eece5aeba36": [
          "13329ca9-0294-4c36-ae9f-a30434d890fc",
          "3708004a-bf14-4f46-8cea-564190048e10"
        ],
        "ddae4981-6252-4907-9f12-9509ca31eee9": [
          "2ceba53a-029a-4d66-91e8-944e0ceba5eb"
        ],
        "bc00fb57-67c6-4c15-a297-2fb517eef4fa": [
          "4d860a83-bd34-45d6-8056-74e3ab3f2e49"
        ],
        "b536bbfc-d2ce-43e0-8736-4ab447921abe": [
          "bc501c16-60d3-405d-9526-1cf8b55ed71d"
        ],