{
  "num_islands": 2,
  "current_island": 0,
  "iteration_count": 18,
  "global_best_score": 0.9701580070058834,
  "decay": 0.9,
  "intensity_min": 0.15,
  "intensity_max": 0.5,
  "migration_interval": 15,
  "diversity_strategy_type": "code",
  "use_unified_archive": true,
  "use_adaptive_search": true,
  "use_ucb_selection": true,
  "fixed_intensity": 0.4,
  "adapter": {
    "states": [
      {
        "accumulated_signal": 0.13851319948208576,
        "best_score": 0.9701580070058834,
        "improvement_count": 5,
        "total_evaluations": 12,
        "decay": 0.9,
        "epsilon": 1e-08,
        "intensity_min": 0.15,
        "intensity_max": 0.5
      },
      {
        "accumulated_signal": 0.12466637518077045,
        "best_score": 0.9701580070058834,
        "improvement_count": 5,
        "total_evaluations": 13,
        "decay": 0.9,
        "epsilon": 1e-08,
        "intensity_min": 0.15,
        "intensity_max": 0.5
      }
    ],
    "dimension_visits": [
      12,
      13
    ],
    "dimension_rewards": [
      0.5986369964641637,
      0.2870714547522197
    ],
    "decayed_visits": [
      7.175704635190001,
      7.458134171671
    ],
    "global_best_score": 0.9701580070058834,
    "ucb_exploration": 1.41,
    "min_visits": 3,
    "decay": 0.9,
    "epsilon": 1e-08
  },
  "island_config_names": [
    "balanced",
    "balanced"
  ],
  "islands": [
    [
      "7768da4e-233f-4eed-a08e-70b5ac667ef9",
      "8bc23a2b-b46e-446c-bda8-27a6dcd06e76",
      "977ad053-74f5-4d4b-9078-8622ddf0e09e",
      "e9f07d0d-9135-4a7e-826f-8eb7dc4298bd",
      "538105b5-e80a-4454-a2fe-6190d8cd2f99",
      "9a8fbd07-2aa8-4014-ab6d-5cc2989fac5c",
      "ca84fa46-7cb7-46f6-8aba-9b5fa3c3142c",
      "76b00838-49b4-4913-8a9c-5af8b7c9c1c8",
      "42a1d75a-5c7f-41dd-b635-a43f2295e3b1",
      "493d1819-09c6-4150-b6e0-198bf1be1ac0",
      "242ebd64-f4d8-48aa-82c5-13c10cd82ef4",
      "5969bb90-bfe7-4256-938a-898e3b9a4667",
      "0fdee937-033f-4d66-8555-4161fb0e21d5"
    ],
    [
      "f4cc1bbc-24bd-4295-a1e5-8e756e9930b9",
      "7720465e-947e-4f3e-9fef-3fad0b8aaed5",
      "cd8a7312-3754-4415-a9fe-e50f72c87540",
      "777f592e-0c1d-4940-ac85-8417d8904c23",
      "ac90f709-5ce5-4a57-8a60-4f8add593b52",
      "e8a42793-244e-4646-be1f-dd7ddb4cde62",
      "98307010-8f03-448a-bbda-dd8a8cb7faf5",
      "0515f49a-8c2a-411f-9218-89baecc1ca52",
      "9a64ab44-325d-47df-83be-1a344900d5e7",
      "9654ab94-507b-4192-aa23-1dbbeeb603bf",
      "e7e21ec6-0b8f-4336-951d-cd582404d42f",
      "e857b5d7-7516-48eb-81d6-f4f48f213968",
      "fa4c0bc1-329e-4472-bdfa-9e756a80c67a",
      "5779da3d-2a3b-4399-bac3-f6cd9e5bc266"
    ]
  ],
  "archive_genealogies": [
    {
      "parents": {
        "7768da4e-233f-4eed-a08e-70b5ac667ef9": [],
        "8bc23a2b-b46e-446c-bda8-27a6dcd06e76": [
          "7768da4e-233f-4eed-a08e-70b5ac667ef9"
        ],
        "977ad053-74f5-4d4b-9078-8622ddf0e09e": [
          "7768da4e-233f-4eed-a08e-70b5ac667ef9"
        ],
        "e9f07d0d-9135-4a7e-826f-8eb7dc4298bd": [
          "977ad053-74f5-4d4b-9078-8622ddf0e09e"
        ],
        "538105b5-e80a-4454-a2fe-6190d8cd2f99": [
          "e9f07d0d-9135-4a7e-826f-8eb7dc4298bd"
        ],
        "9a8fbd07-2aa8-4014-ab6d-5cc2989fac5c": [
          "538105b5-e80a-4454-a2fe-6190d8cd2f99"
        ],
        "ca84fa46-7cb7-46f6-8aba-9b5fa3c3142c": [
          "538105b5-e80a-4454-a2fe-6190d8cd2f99"
        ],
        "76b00838-49b4-4913-8a9c-5af8b7c9c1c8": [
          "538105b5-e80a-4454-a2fe-6190d8cd2f99"
        ],
        "42a1d75a-5c7f-41dd-b635-a43f2295e3b1": [
          "8bc23a2b-b46e-446c-bda8-27a6dcd06e76"
        ],
        "493d1819-09c6-4150-b6e0-198bf1be1ac0": [
          "ac90f709-5ce5-4a57-8a60-4f8add593b52"
        ],
        "242ebd64-f4d8-48aa-82c5-13c10cd82ef4": [
          "76b00838-49b4-4913-8a9c-5af8b7c9c1c8"
        ],
        "5969bb90-bfe7-4256-938a-898e3b9a4667": [
          "76b00838-49b4-4913-8a9c-5af8b7c9c1c8"
        ],
        "0fdee937-033f-4d66-8555-4161fb0e21d5": [
          "76b00838-49b4-4913-8a9c-5af8b7c9c1c8"
        ]
      },
      "children": {
        "7768da4e-233f-4eed-a08e-70b5ac667ef9": [
          "8bc23a2b-b46e-446c-bda8-27a6dcd06e76",
          "977ad053-74f5-4d4b-9078-8622ddf0e09e"
        ],
        "977ad053-74f5-4d4b-9078-8622ddf0e09e": [
          "e9f07d0d-9135-4a7e-826f-8eb7dc4298bd"
        ],
        "e9f07d0d-9135-4a7e-826f-8eb7dc4298bd": [
          "538105b5-e80a-4454-a2fe-6190d8cd2f99"
        ],
        "538105b5-e80a-4454-a2fe-6190d8cd2f99": [
          "9a8fbd07-2aa8-4014-ab6d-5cc2989fac5c",
          "ca84fa46-7cb7-46f6-8aba-9b5fa3c3142c",
          "76b00838-49b4-4913-8a9c-5af8b7c9c1c8"
        ],
        "8bc23a2b-b46e-446c-bda8-27a6dcd06e76": [
          "42a1d75a-5c7f-41dd-b635-a43f2295e3b1"
        ],
        "ac90f709-5ce5-4a57-8a60-4f8add593b52": [
          "493d1819-09c6-4150-b6e0-198bf1be1ac0"
        ],
        "76b00838-49b4-4913-8a9c-5af8b7c9c1c8": [
          "242ebd64-f4d8-48aa-82c5-13c10cd82ef4",
          "5969bb90-bfe7-4256-938a-898e3b9a4667",
          "0fdee937-033f-4d66-8555-4161fb0e21d5"
        ]
      }
    },
    {
      "parents": {
        "f4cc1bbc-24bd-4295-a1e5-8e756e9930b9": [],
        "7720465e-947e-4f3e-9fef-3fad0b8aaed5": [
          "f4cc1bbc-24bd-4295-a1e5-8e756e9930b9"
        ],
        "cd8a7312-3754-4415-a9fe-e50f72c87540": [
          "7720465e-947e-4f3e-9fef-3fad0b8aaed5"
        ],
        "777f592e-0c1d-4940-ac85-8417d8904c23": [
          "cd8a7312-3754-4415-a9fe-e50f72c87540"
        ],
        "ac90f709-5ce5-4a57-8a60-4f8add593b52": [
          "777f592e-0c1d-4940-ac85-8417d8904c23"
        ],
        "e8a42793-244e-4646-be1f-dd7ddb4cde62": [
          "ac90f709-5ce5-4a57-8a60-4f8add593b52"
        ],
        "98307010-8f03-448a-bbda-dd8a8cb7faf5": [
          "777f592e-0c1d-4940-ac85-8417d8904c23"
        ],
        "0515f49a-8c2a-411f-9218-89baecc1ca52": [
          "ac90f709-5ce5-4a57-8a60-4f8add593b52"
        ],
        "9a64ab44-325d-47df-83be-1a344900d5e7": [
          "76b00838-49b4-4913-8a9c-5af8b7c9c1c8"
        ],
        "9654ab94-507b-4192-aa23-1dbbeeb603bf": [
          "42a1d75a-5c7f-41dd-b635-a43f2295e3b1"
        ],
        "e7e21ec6-0b8f-4336-951d-cd582404d42f": [
          "538105b5-e80a-4454-a2fe-6190d8cd2f99"
        ],
        "e857b5d7-7516-48eb-81d6-f4f48f213968": [
          "e9f07d0d-9135-4a7e-826f-8eb7dc4298bd"
        ],
        "fa4c0bc1-329e-4472-bdfa-9e756a80c67a": [
          "977ad053-74f5-4d4b-9078-8622ddf0e09e"
        ],
        "5779da3d-2a3b-4399-bac3-f6cd9e5bc266": [
          "76b00838-49b4-4913-8a9c-5af8b7c9c1c8"
        ]
      },
      "children": {
        "f4cc1bbc-24bd-4295-a1e5-8e756e9930b9": [
          "7720465e-947e-4f3e-9fef-3fad0b8aaed5"
        ],
        "7720465e-947e-4f3e-9fef-3fad0b8aaed5": [
          "cd8a7312-3754-4415-a9fe-e50f72c87540"
        ],
        "cd8a7312-3754-4415-a9fe-e50f72c87540": [
          "777f592e-0c1d-4940-ac85-8417d8904c23"
        ],
        "777f592e-0c1d-4940-ac85-8417d8904c23": [
          "ac90f709-5ce5-4a57-8a60-4f8add593b52",
          "98307010-8f03-448a-bbda-dd8a8cb7faf5"
        ],
        "ac90f709-5ce5-4a57-8a60-4f8add593b52": [
          "e8a42793-244e-4646-be1f-dd7ddb4cde62",
          "0515f49a-8c2a-411f-9218-89baecc1ca52"
        ],
        "76b00838-49b4-4913-8a9c-5af8b7c9c1c8": [
          "9a64ab44-325d-47df-83be-1a344900d5e7",
          "5779da3d-2a3b-4399-bac3-f6cd9e5bc266"
        ],
        "42a1d75a-5c7f-41dd-b635-a43f2295e3b1": [
          "9654ab94-507b-4192-aa23-1dbbeeb603bf"
        ],
        "538105b5-e80a-4454-a2fe-6190d8cd2f99": [
          "e7e21ec6-0b8f-4336-951d-cd582404d42f"
        ],
        "e9f07d0d-9135-4a7e-826f-8eb7dc4298bd": [
          "e857b5d7-7516-48eb-81d6-f4f48f213968"
        ],
        "977ad053-74f5-4d4b-9078-8622ddf0e09e": [
          "fa4c0bc1-329e-4472-bdfa-9e756a80c67a"
        ]
      }
    }
  ],
  "use_dynamic_islands": true,