{
  "program_id": "aae356f6-695d-4b64-8d8e-9b69e26e95d8",
  "iteration_found": 17,
  "dataset": "Abeta42/inhibition_constraints",
  "plot": "outputs_diff_inhibited_norm/adaevolve/disease_relevant_inhibited_all_normalized_ode_0720_0232/checkpoints/checkpoint_17/iteration_17_best_validation_curves.svg",
  "metrics": {
    "equation": "d(c)/dt = (0.971557643204031 - x4)*(16.685181101542*x1*x4**2/((0.748344906891465*x3 + 1)*(3.55673647130465*x3 + 1)) + 11.7951244906464*x1*x4/(0.748344906891465*x3 + 1) + 1.31270149835557e-8*x1/(0.748344906891465*x3 + 1) + 1.20803328021182*x2 + 3.70944819503233e-8)",
    "loss": 0.04780485386831163,
    "nmse_train": 0.01025923917405567,
    "nmse_val": 0.005562700350661774,
    "mean_nmse_val": 0.005562700350661774,
    "mean_raw_nmse_val": 0.005562700350661774,
    "scored_loss_val": 0.04780485386831163,
    "mean_scored_loss_val": 0.04780485386831163,
    "shape_loss_val": 0.1745313144212612,
    "shape_loss_weight": 0.25,
    "heldout_curve_nmse": 0.005562700350661774,
    "heldout_curve_scored_loss": 0.04780485386831163,
    "heldout_curve_shape_loss": 0.1745313144212612,
    "eval_only_nmse": NaN,
    "eval_only_scored_loss": NaN,
    "eval_only_shape_loss": NaN,
    "combined_score": 0.954376185897761,
    "fit_score": 0.954376185897761,
    "eval_time": 16.108452081680298,
    "n_datasets": 1,
    "n_successful": 1,
    "eval_workers": 8,
    "hard_cases": [
      {
        "dataset": "Abeta42/inhibition_constraints",
        "scored_loss_val": 0.04780485386831163,
        "nmse_val": 0.005562700350661774,
        "shape_loss_val": 0.1745313144212612,
        "evaluation_only": false
      }
    ],
    "hard_case_feedback": "Abeta42/inhibition_constraints scored=0.0478 (nmse=0.005563, shape=0.1745)",
    "validation_semantics_feedback": "heldout_curve_scored_loss=0.0478, heldout_curve_nmse=0.005563, heldout_curve_shape=0.1745; eval_only_fit_score_scored_loss=nan, eval_only_nmse=nan, eval_only_shape=nan",
    "per_dataset": {
      "Abeta42/inhibition_constraints": {
        "nmse_train": 0.01025923917405567,
        "nmse_val": 0.005562700350661774,
        "shape_loss_val": 0.1745313144212612,
        "scored_loss_val": 0.04780485386831163,
        "n_val_points": 1805,
        "evaluation_only": false,
        "combined_score": 0.954376185897761,
        "equation": "d(c)/dt = (0.971557643204031 - x4)*(16.685181101542*x1*x4**2/((0.748344906891465*x3 + 1)*(3.55673647130465*x3 + 1)) + 11.7951244906464*x1*x4/(0.748344906891465*x3 + 1) + 1.31270149835557e-8*x1/(0.748344906891465*x3 + 1) + 1.20803328021182*x2 + 3.70944819503233e-8)",
        "equation_template": "d(c)/dt = (c0 - x4)*(c1**2 + c2**2*x1/(c6**2*x3 + 1) + c3**2*x2 + c4**2*x1*x4/(c6**2*x3 + 1) + c5**2*x1*x4**2/((c6**2*x3 + 1)*(c7**2*x3 + 1)))",
        "constants": {
          "c0": 0.9715576432040308,
          "c1": 0.00019259927816667264,
          "c2": 0.00011457318614560586,
          "c3": 1.0991056729049409,
          "c4": 3.434403076321472,
          "c5": 4.08474982116922,
          "c6": 0.8650693075652752,
          "c7": 1.885931194742971
        }
      }
    },
    "error": ""
  },
  "saved_at": 1784496742.082771
}