{
  "program_id": "7d4cd08e-fa30-45d0-b600-efb1e40a9b3c",
  "iteration_found": 23,
  "dataset": "Abeta42/inhibition_constraints",
  "plot": "outputs_diff_inhibited_norm/adaevolve/disease_relevant_inhibited_all_normalized_ode_0720_0232/checkpoints/checkpoint_23/iteration_23_best_validation_curves.svg",
  "metrics": {
    "equation": "d(c)/dt = (0.970451706802329 - x4)*(40.9211078083683*x1*x4*(2.87893405100436e-8*x2 + x4)/(6.70370826109739*x2*x3 + 1.67629331664105*x3 + 1) + (0.757568685966963*x1 + 10.879386958417*x2 + 0.173009934114538)/(0.447432984625443*x3 + 1))",
    "loss": 0.05074136471234553,
    "nmse_train": 0.01116023043854636,
    "nmse_val": 0.0068835040046070555,
    "mean_nmse_val": 0.0068835040046070555,
    "mean_raw_nmse_val": 0.0068835040046070555,
    "scored_loss_val": 0.05074136471234553,
    "mean_scored_loss_val": 0.05074136471234553,
    "shape_loss_val": 0.18231494683556093,
    "shape_loss_weight": 0.25,
    "heldout_curve_nmse": 0.0068835040046070555,
    "heldout_curve_scored_loss": 0.05074136471234553,
    "heldout_curve_shape_loss": 0.18231494683556093,
    "eval_only_nmse": NaN,
    "eval_only_scored_loss": NaN,
    "eval_only_shape_loss": NaN,
    "combined_score": 0.951708987181411,
    "fit_score": 0.951708987181411,
    "eval_time": 12.13146185874939,
    "n_datasets": 1,
    "n_successful": 1,
    "eval_workers": 8,
    "hard_cases": [
      {
        "dataset": "Abeta42/inhibition_constraints",
        "scored_loss_val": 0.05074136471234553,
        "nmse_val": 0.006883504004607056,
        "shape_loss_val": 0.18231494683556093,
        "evaluation_only": false
      }
    ],
    "hard_case_feedback": "Abeta42/inhibition_constraints scored=0.05074 (nmse=0.006884, shape=0.1823)",
    "validation_semantics_feedback": "heldout_curve_scored_loss=0.05074, heldout_curve_nmse=0.006884, heldout_curve_shape=0.1823; eval_only_fit_score_scored_loss=nan, eval_only_nmse=nan, eval_only_shape=nan",
    "per_dataset": {
      "Abeta42/inhibition_constraints": {
        "nmse_train": 0.01116023043854636,
        "nmse_val": 0.006883504004607056,
        "shape_loss_val": 0.18231494683556093,
        "scored_loss_val": 0.05074136471234553,
        "n_val_points": 1805,
        "evaluation_only": false,
        "combined_score": 0.951708987181411,
        "equation": "d(c)/dt = (0.970451706802329 - x4)*(40.9211078083683*x1*x4*(2.87893405100436e-8*x2 + x4)/(6.70370826109739*x2*x3 + 1.67629331664105*x3 + 1) + (0.757568685966963*x1 + 10.879386958417*x2 + 0.173009934114538)/(0.447432984625443*x3 + 1))",
        "equation_template": "d(c)/dt = (c0 - x4)*(c7**2*x1*x4*(c8**2*x2 + x4)/(c2**2*x3 + c3**2*x2*x3 + 1) + (c4**2 + c5**2*x1 + c6**2*x2)/(c1**2*x3 + 1))",
        "constants": {
          "c0": 0.9704517068023292,
          "c1": 0.6689043164948507,
          "c2": 1.2947174659519558,
          "c3": 2.5891520351453656,
          "c4": 0.4159446286641265,
          "c5": 0.8703842174390358,
          "c6": 3.29839157142038,
          "c7": 6.396960825921035,
          "c8": -0.00016967421875477601
        }
      }
    },
    "error": ""
  },
  "saved_at": 1784497325.637207
}