{
  "program_id": "276f78c4-e750-40bf-b02c-efcedae5758e",
  "iteration_found": 16,
  "dataset": "Abeta42/inhibition_constraints",
  "plot": "outputs_diff_inhibited_norm/adaevolve/disease_relevant_inhibited_all_normalized_ode_0720_0232/checkpoints/checkpoint_16/iteration_16_best_validation_curves.svg",
  "metrics": {
    "equation": "d(c)/dt = (0.000305809319993829*x1 + 0.145658238740082*x2 + 238.180173202837*x4*(1.68369430987891 - log(x4 + 4.41307425229281)))/(0.0742676886997828*x1*x3 + 0.832392239317012*x3 + 1)",
    "loss": 0.054654467742157375,
    "nmse_train": 0.012224102185837311,
    "nmse_val": 0.014170826998728544,
    "mean_nmse_val": 0.014170826998728544,
    "mean_raw_nmse_val": 0.014170826998728544,
    "scored_loss_val": 0.054654467742157375,
    "mean_scored_loss_val": 0.054654467742157375,
    "shape_loss_val": 0.17610538997244385,
    "shape_loss_weight": 0.25,
    "heldout_curve_nmse": 0.014170826998728544,
    "heldout_curve_scored_loss": 0.054654467742157375,
    "heldout_curve_shape_loss": 0.17610538997244385,
    "eval_only_nmse": NaN,
    "eval_only_scored_loss": NaN,
    "eval_only_shape_loss": NaN,
    "combined_score": 0.9481778445795961,
    "fit_score": 0.9481778445795961,
    "eval_time": 37.25320911407471,
    "n_datasets": 1,
    "n_successful": 1,
    "eval_workers": 8,
    "hard_cases": [
      {
        "dataset": "Abeta42/inhibition_constraints",
        "scored_loss_val": 0.05465446774215737,
        "nmse_val": 0.014170826998728544,
        "shape_loss_val": 0.17610538997244385,
        "evaluation_only": false
      }
    ],
    "hard_case_feedback": "Abeta42/inhibition_constraints scored=0.05465 (nmse=0.01417, shape=0.1761)",
    "validation_semantics_feedback": "heldout_curve_scored_loss=0.05465, heldout_curve_nmse=0.01417, heldout_curve_shape=0.1761; eval_only_fit_score_scored_loss=nan, eval_only_nmse=nan, eval_only_shape=nan",
    "per_dataset": {
      "Abeta42/inhibition_constraints": {
        "nmse_train": 0.012224102185837311,
        "nmse_val": 0.014170826998728544,
        "shape_loss_val": 0.17610538997244385,
        "scored_loss_val": 0.05465446774215737,
        "n_val_points": 1805,
        "evaluation_only": false,
        "combined_score": 0.9481778445795961,
        "equation": "d(c)/dt = (0.000305809319993829*x1 + 0.145658238740082*x2 + 238.180173202837*x4*(1.68369430987891 - log(x4 + 4.41307425229281)))/(0.0742676886997828*x1*x3 + 0.832392239317012*x3 + 1)",
        "equation_template": "d(c)/dt = (c1**2*x4*(log(c0**2 + 1) - log(c2**2 + x4)) + c3**2*x1 + c4**2*x2)/(c5**2*x3 + c6**2*x1*x3 + 1)",
        "constants": {
          "c0": -2.094138165698697,
          "c1": 15.43308696284825,
          "c2": 2.10073183731118,
          "c3": -0.017487404609999428,
          "c4": 0.3816519864222929,
          "c5": 0.912355325143122,
          "c6": -0.272520987631747
        }
      }
    },
    "error": ""
  },
  "saved_at": 1784496660.938598
}