{
  "id": "ec727963-21b8-4631-9d1d-df02c1a8f0d3",
  "generation": 3,
  "iteration": 5,
  "current_iteration": 5,
  "metrics": {
    "combined_score": 0.6881136728383217,
    "loss": 0.4532482632923337,
    "complexity": 0.0,
    "nmse_train": Infinity,
    "nmse_val": 0.4532482632923337,
    "eval_time": 17.995722770690918,
    "n_datasets": 60.0,
    "n_successful": 60.0
  },
  "language": "python",
  "timestamp": 1779965118.3895385,
  "saved_at": 1779965118.392997
}