{
  "id": "3e535672-47e6-4a55-95fc-8497e67f9322",
  "generation": 3,
  "iteration": 7,
  "current_iteration": 8,
  "metrics": {
    "combined_score": 0.8883707191460762,
    "n_stage1_datasets": 5.0,
    "n_stage1_successful": 5.0,
    "eval_workers": 8.0,
    "stage1_full_selected_datasets": 1.0,
    "cascade_stage1_time_seconds": 74.1325216293335,
    "cascade_stage1_threshold": 0.15,
    "cascade_stage1_passed": 1.0,
    "loss": 0.12565619110141832,
    "nmse_train": 0.018083790442231188,
    "nmse_val": 0.038711942537234055,
    "mean_nmse_val": 0.038711942537234055,
    "mean_raw_nmse_val": 0.038711942537234055,
    "scored_loss_val": 0.12565619110141832,
    "mean_scored_loss_val": 0.12565619110141832,
    "shape_loss_val": 0.3864889367939711,
    "shape_loss_weight": 0.25,
    "heldout_curve_nmse": 0.05163425133795613,
    "heldout_curve_scored_loss": 0.10835853483223112,
    "heldout_curve_shape_loss": 0.27853138531505617,
    "eval_only_nmse": 0.03694193280686695,
    "eval_only_scored_loss": 0.12802550608848132,
    "eval_only_shape_loss": 0.40127622593332446,
    "fit_score": 0.8883707191460762,
    "eval_time": 368.1119318008423,
    "n_datasets": 17.0,
    "n_successful": 17.0,
    "cascade_stage2_time_seconds": 368.11244916915894,
    "cascade_total_time_seconds": 442.24497079849243,
    "cascade_stage1_combined_score": 0.9119615197497923
  },
  "language": "python",
  "timestamp": 1782029495.2789145,
  "saved_at": 1782030043.3285568
}