{
  "num_islands": 2,
  "current_island": 0,
  "iteration_count": 2,
  "global_best_score": 0.6747952268953874,
  "decay": 0.9,
  "intensity_min": 0.15,
  "intensity_max": 0.5,
  "migration_interval": 15,
  "diversity_strategy_type": "code",
  "use_unified_archive": true,
  "use_adaptive_search": true,
  "use_ucb_selection": true,
  "fixed_intensity": 0.4,
  "adapter": {
    "states": [
      {
        "accumulated_signal": 0.09191980327379896,
        "best_score": 0.6737275538855767,
        "improvement_count": 2,
        "total_evaluations": 3,
        "decay": 0.9,
        "epsilon": 1e-08,
        "intensity_min": 0.15,
        "intensity_max": 0.5
      },
      {
        "accumulated_signal": 0.09197012848606878,
        "best_score": 0.6747952268953874,
        "improvement_count": 1,
        "total_evaluations": 1,
        "decay": 0.9,
        "epsilon": 1e-08,
        "intensity_min": 0.15,
        "intensity_max": 0.5
      }
    ],
    "dimension_visits": [
      3,
      1
    ],
    "dimension_rewards": [
      0.9315026938100728,
      0.14036126552823608
    ],
    "decayed_visits": [
      2.71,
      1.0
    ],
    "global_best_score": 0.6747952268953874,
    "ucb_exploration": 1.41,
    "min_visits": 3,
    "decay": 0.9,
    "epsilon": 1e-08
  },
  "island_config_names": [
    "balanced",
    "balanced"
  ],
  "islands": [
    [
      "2bd7bb08-59fc-416f-bf3d-2ddf1c99a385",
      "9f4b94f5-7923-41d9-95f0-e901b456a065",
      "8755617b-4fda-46a0-b226-298eb8e04a10"
    ],
    [
      "f146a6f9-6a80-4e5f-a3de-1da5e1dad9a3",
      "4963b475-3fe2-4463-9e57-7afed2309399"
    ]
  ],
  "archive_genealogies": [
    {
      "parents": {
        "2bd7bb08-59fc-416f-bf3d-2ddf1c99a385": [],
        "9f4b94f5-7923-41d9-95f0-e901b456a065": [
          "2bd7bb08-59fc-416f-bf3d-2ddf1c99a385"
        ],
        "8755617b-4fda-46a0-b226-298eb8e04a10": [
          "2bd7bb08-59fc-416f-bf3d-2ddf1c99a385"
        ]
      },
      "children": {
        "2bd7bb08-59fc-416f-bf3d-2ddf1c99a385": [
          "9f4b94f5-7923-41d9-95f0-e901b456a065",
          "8755617b-4fda-46a0-b226-298eb8e04a10"
        ]
      }
    },
    {
      "parents": {
        "f146a6f9-6a80-4e5f-a3de-1da5e1dad9a3": [],
        "4963b475-3fe2-4463-9e57-7afed2309399": [
          "f146a6f9-6a80-4e5f-a3de-1da5e1dad9a3"
        ]
      },
      "children": {
        "f146a6f9-6a80-4e5f-a3de-1da5e1dad9a3": [
          "4963b475-3fe2-4463-9e57-7afed2309399"
        ]
      }
    }
  ],
  "use_dynamic_islands": true,
  "max_islands": 5,
  "last_spawn_iteration": -30,
  "use_paradigm_breakthrough": true,
  "paradigm_tracker": {
    "window_size": 10,
    "improvement_threshold": 0.12,
    "max_paradigm_uses": 2,
    "max_tried_paradigms": 10,
    "num_paradigms_to_generate": 3,
    "improvement_history": [
      1.0,
      0.0,
      1.0,
      0.0
    ],
    "active_paradigms": [],
    "paradigm_usage_counts": {},
    "current_paradigm_index": 0,
    "tried_paradigms": [],
    "best_score_at_paradigm_gen": 0.0,
    "best_score_during_paradigm": 0.0
  }
}