{
  "num_islands": 2,
  "current_island": 0,
  "iteration_count": 12,
  "global_best_score": 0.944369847585894,
  "decay": 0.9,
  "intensity_min": 0.15,
  "intensity_max": 0.5,
  "migration_interval": 15,
  "diversity_strategy_type": "code",
  "use_unified_archive": true,
  "use_adaptive_search": true,
  "use_ucb_selection": true,
  "fixed_intensity": 0.4,
  "adapter": {
    "states": [
      {
        "accumulated_signal": 0.18999999999999995,
        "best_score": 0.944369847585894,
        "improvement_count": 2,
        "total_evaluations": 8,
        "decay": 0.9,
        "epsilon": 1e-08,
        "intensity_min": 0.15,
        "intensity_max": 0.5
      },
      {
        "accumulated_signal": 0.18999999999999995,
        "best_score": 0.944369847585894,
        "improvement_count": 1,
        "total_evaluations": 6,
        "decay": 0.9,
        "epsilon": 1e-08,
        "intensity_min": 0.15,
        "intensity_max": 0.5
      }
    ],
    "dimension_visits": [
      8,
      6
    ],
    "dimension_rewards": [
      1.0097379,
      0.44292599557263806
    ],
    "decayed_visits": [
      5.6953279000000006,
      4.68559
    ],
    "global_best_score": 0.944369847585894,
    "ucb_exploration": 1.41,
    "min_visits": 3,
    "decay": 0.9,
    "epsilon": 1e-08
  },
  "island_config_names": [
    "balanced",
    "balanced"
  ],
  "islands": [
    [
      "0ffd5a9c-6677-40a9-845f-76059ca254b8",
      "ebafd93c-1285-47d9-ac19-014d55683e59",
      "c7081bde-1a3e-4986-8fa6-1a54ab56e795",
      "e4fed25f-1d7a-4eea-aa84-fc448d94b2f2",
      "cadad808-a0d9-4300-be5c-b6639850199e",
      "ae6d72a4-d4fa-4d68-8a00-6e041fecd8e8",
      "f674f840-3d32-4a3c-980c-29328acad548",
      "d02497a2-4fbc-418f-985c-934d2563846c"
    ],
    [
      "b2e43a19-ea21-4f43-b538-983a0398dcc6",
      "cfd43bd1-e5e1-4be7-b939-6a98fba8338d",
      "6763e1cc-0889-4b59-8556-54a6b87506d2",
      "055b755c-42f8-4914-8c62-05197440f75a",
      "d0333ebb-163b-441a-8496-510337b0c5c5",
      "aeb78eb7-3b0a-4357-b4ef-ac5604e66ab6",
      "a6f04bbe-13fd-4999-a639-94c3982a12b7"
    ]
  ],
  "archive_genealogies": [
    {
      "parents": {
        "0ffd5a9c-6677-40a9-845f-76059ca254b8": [],
        "ebafd93c-1285-47d9-ac19-014d55683e59": [
          "0ffd5a9c-6677-40a9-845f-76059ca254b8"
        ],
        "c7081bde-1a3e-4986-8fa6-1a54ab56e795": [
          "ebafd93c-1285-47d9-ac19-014d55683e59"
        ],
        "e4fed25f-1d7a-4eea-aa84-fc448d94b2f2": [
          "ebafd93c-1285-47d9-ac19-014d55683e59"
        ],
        "cadad808-a0d9-4300-be5c-b6639850199e": [
          "c7081bde-1a3e-4986-8fa6-1a54ab56e795"
        ],
        "ae6d72a4-d4fa-4d68-8a00-6e041fecd8e8": [
          "e4fed25f-1d7a-4eea-aa84-fc448d94b2f2"
        ],
        "f674f840-3d32-4a3c-980c-29328acad548": [
          "ebafd93c-1285-47d9-ac19-014d55683e59"
        ],
        "d02497a2-4fbc-418f-985c-934d2563846c": [
          "ebafd93c-1285-47d9-ac19-014d55683e59"
        ]
      },
      "children": {
        "0ffd5a9c-6677-40a9-845f-76059ca254b8": [
          "ebafd93c-1285-47d9-ac19-014d55683e59"
        ],
        "ebafd93c-1285-47d9-ac19-014d55683e59": [
          "c7081bde-1a3e-4986-8fa6-1a54ab56e795",
          "e4fed25f-1d7a-4eea-aa84-fc448d94b2f2",
          "f674f840-3d32-4a3c-980c-29328acad548",
          "d02497a2-4fbc-418f-985c-934d2563846c"
        ],
        "c7081bde-1a3e-4986-8fa6-1a54ab56e795": [
          "cadad808-a0d9-4300-be5c-b6639850199e"
        ],
        "e4fed25f-1d7a-4eea-aa84-fc448d94b2f2": [
          "ae6d72a4-d4fa-4d68-8a00-6e041fecd8e8"
        ]
      }
    },
    {
      "parents": {
        "b2e43a19-ea21-4f43-b538-983a0398dcc6": [],
        "cfd43bd1-e5e1-4be7-b939-6a98fba8338d": [
          "b2e43a19-ea21-4f43-b538-983a0398dcc6"
        ],
        "6763e1cc-0889-4b59-8556-54a6b87506d2": [
          "cfd43bd1-e5e1-4be7-b939-6a98fba8338d"
        ],
        "055b755c-42f8-4914-8c62-05197440f75a": [
          "cfd43bd1-e5e1-4be7-b939-6a98fba8338d"
        ],
        "d0333ebb-163b-441a-8496-510337b0c5c5": [
          "cfd43bd1-e5e1-4be7-b939-6a98fba8338d"
        ],
        "aeb78eb7-3b0a-4357-b4ef-ac5604e66ab6": [
          "cfd43bd1-e5e1-4be7-b939-6a98fba8338d"
        ],
        "a6f04bbe-13fd-4999-a639-94c3982a12b7": [
          "ebafd93c-1285-47d9-ac19-014d55683e59"
        ]
      },
      "children": {
        "b2e43a19-ea21-4f43-b538-983a0398dcc6": [
          "cfd43bd1-e5e1-4be7-b939-6a98fba8338d"
        ],
        "cfd43bd1-e5e1-4be7-b939-6a98fba8338d": [
          "6763e1cc-0889-4b59-8556-54a6b87506d2",
          "055b755c-42f8-4914-8c62-05197440f75a",
          "d0333ebb-163b-441a-8496-510337b0c5c5",
          "aeb78eb7-3b0a-4357-b4ef-ac5604e66ab6"
        ],
        "ebafd93c-1285-47d9-ac19-014d55683e59": [
          "a6f04bbe-13fd-4999-a639-94c3982a12b7"
        ]
      }
    }
  ],
  "use_dynamic_islands": true,
  "max_islands": 5,
  "last_spawn_iteration": -30,
  "use_paradigm_breakthrough": true,
  "paradigm_tracker": {
    "window_size": 10,
    "improvement_threshold": 0.12,
    "max_paradigm_uses": 2,
    "max_tried_paradigms": 10,
    "num_paradigms_to_generate": 3,
    "improvement_history": [
      0.0,
      0.0,
      0.0,
      0.0,
      0.0,
      0.0,
      0.0,
      0.0,
      0.0,
      0.0
    ],
    "active_paradigms": [
      {
        "idea": "Replace linear autocatalysis with quadratic secondary-nucleation term (Knowles/Cohen master equation structure)",
        "description": "The established governing law for non-inhibited amyloid aggregation (Cohen-Knowles 2013, Meisl) is that fibril mass grows via primary nucleation (mass-independent) plus secondary nucleation/elongation that scales superlinearly with current fibril mass. The current template uses linear `c1*c`, which produces a logistic curve that is too gradual through the lag-to-growth transition. Change the rate kernel to include a quadratic mass term: define `rate = (c0 + c1*concentration + c4*concentration*concentration) * (1 + c2*parameter)` and keep `plateau = c3`, with `expression = rate*(plateau - concentration)`. The `c0` seeds primary nucleation from c~0, `c1*c` is elongation, and `c4*c^2` is secondary nucleation that sharpens the autocatalytic burst and reproduces the steep sigmoid. All terms remain polynomial so the RHS is smooth, bounded on [0,1], and has no singularities. Use 5 constants with initial_values=[0.2, 0.5, 0.0, 1.0, 0.5]. This is a minimal one-term structural addition (only +1 constant, ~3 nodes) targeting the dominant lag-shape error while keeping parsimony high.",
        "what_to_optimize": "mean validation NMSE driven by sigmoid lag/transition sharpness; keep complexity low for parsimony_penalty_factor near 1.0",
        "cautions": "Keep c^2 coefficient initialized small (0.5) so least_squares does not blow up; since concentration c stays in [0,1] during integration, c^2 <= c so no overflow. Do not add higher powers (c^3) \u2014 they add complexity without payoff. Verify constants=c list matches 5 symbols and initial_values length is 5.",
        "approach_type": "pysr_harness.evaluate_expression"
      },
      {
        "idea": "Saturating Hill/Michaelis-Menten rate kernel to bound nucleation and improve robustness on noisy/oddly-scaled datasets",