{
  "program_id": "045bec7d-fadd-4c68-bc47-14bf11ca8440",
  "iteration_found": 29,
  "dataset": "Abeta42/inhibition_constraints",
  "plot": "outputs_diff_inhibited_norm/adaevolve/disease_relevant_inhibited_all_normalized_ode_0704_1057/checkpoints/checkpoint_29/iteration_29_best_validation_curves.svg",
  "metrics": {
    "equation": "d(c)/dt = (0.920978749673939 - x4)*(20438162.3128937*x1*(377549.087382278*x2 + x4)/(84109.5031815308*x1 + 1) + 16.8368389042383*x1/(84109.5031815308*x1 + 1))/(1909582.47600116*x3/(x4 + 0.822447832028405) + 1)",
    "loss": 0.13481456070413614,
    "nmse_train": 0.06249625010489752,
    "nmse_val": 0.08367805827527258,
    "mean_nmse_val": 0.08367805827527258,
    "mean_raw_nmse_val": 0.08367805827527258,
    "scored_loss_val": 0.13481456070413614,
    "mean_scored_loss_val": 0.13481456070413614,
    "shape_loss_val": 0.2882240679907268,
    "shape_loss_weight": 0.25,
    "heldout_curve_nmse": 0.08367805827527258,
    "heldout_curve_scored_loss": 0.13481456070413614,
    "heldout_curve_shape_loss": 0.2882240679907268,
    "eval_only_nmse": NaN,
    "eval_only_scored_loss": NaN,
    "eval_only_shape_loss": NaN,
    "combined_score": 0.8812012417072921,
    "fit_score": 0.8812012417072921,
    "eval_time": 27.685142040252686,
    "n_datasets": 1,
    "n_successful": 1,
    "eval_workers": 8,
    "hard_cases": [
      {
        "dataset": "Abeta42/inhibition_constraints",
        "scored_loss_val": 0.13481456070413614,
        "nmse_val": 0.08367805827527258,
        "shape_loss_val": 0.2882240679907268,
        "evaluation_only": false
      }
    ],
    "hard_case_feedback": "Abeta42/inhibition_constraints scored=0.1348 (nmse=0.08368, shape=0.2882)",
    "validation_semantics_feedback": "heldout_curve_scored_loss=0.1348, heldout_curve_nmse=0.08368, heldout_curve_shape=0.2882; eval_only_fit_score_scored_loss=nan, eval_only_nmse=nan, eval_only_shape=nan",
    "per_dataset": {
      "Abeta42/inhibition_constraints": {
        "nmse_train": 0.06249625010489752,
        "nmse_val": 0.08367805827527258,
        "shape_loss_val": 0.2882240679907268,
        "scored_loss_val": 0.13481456070413614,
        "n_val_points": 12274,
        "evaluation_only": false,
        "combined_score": 0.8812012417072921,
        "equation": "d(c)/dt = (0.920978749673939 - x4)*(20438162.3128937*x1*(377549.087382278*x2 + x4)/(84109.5031815308*x1 + 1) + 16.8368389042383*x1/(84109.5031815308*x1 + 1))/(1909582.47600116*x3/(x4 + 0.822447832028405) + 1)",
        "equation_template": "d(c)/dt = (c3 - x4)*(c0**2*x1/(c6**2*x1 + 1) + c1**2*x1*(c2**2*x2 + x4)/(c6**2*x1 + 1))/(c4**2*x3/(c5**2 + x4) + 1)",
        "constants": {
          "c0": 4.103271731708532,
          "c1": 4520.858581386248,
          "c2": -614.450231818882,
          "c3": 0.920978749673939,
          "c4": 1381.8764329711823,
          "c5": -0.9068890957710345,
          "c6": 290.0163843329042
        }
      }
    },
    "error": ""
  },
  "saved_at": 1783148584.207278
}