{
  "num_islands": 2,
  "current_island": 1,
  "iteration_count": 5,
  "global_best_score": 0.8792027559992314,
  "decay": 0.9,
  "intensity_min": 0.15,
  "intensity_max": 0.5,
  "migration_interval": 15,
  "diversity_strategy_type": "code",
  "use_unified_archive": true,
  "use_adaptive_search": true,
  "use_ucb_selection": true,
  "fixed_intensity": 0.4,
  "adapter": {
    "states": [
      {
        "accumulated_signal": 0.09155565056795414,
        "best_score": 0.8789740883656226,
        "improvement_count": 2,
        "total_evaluations": 13,
        "decay": 0.9,
        "epsilon": 1e-08,
        "intensity_min": 0.15,
        "intensity_max": 0.5
      },
      {
        "accumulated_signal": 0.09999999999999998,
        "best_score": 0.8792027559992314,
        "improvement_count": 0,
        "total_evaluations": 5,
        "decay": 0.9,
        "epsilon": 1e-08,
        "intensity_min": 0.15,
        "intensity_max": 0.5
      }
    ],
    "dimension_visits": [
      13,
      5
    ],
    "dimension_rewards": [
      0.3172203059527603,
      0.0
    ],
    "decayed_visits": [
      7.458134171671,
      4.0951
    ],
    "global_best_score": 0.8792027559992314,
    "ucb_exploration": 1.41,
    "min_visits": 3,
    "decay": 0.9,
    "epsilon": 1e-08
  },
  "island_config_names": [
    "balanced",
    "balanced"
  ],
  "islands": [
    [
      "a816d590-ed7b-4e31-b554-9e94201cd8ba",
      "0ab48a4f-401a-45bd-b739-736b4daac75d",
      "00e555eb-558a-46dc-a133-55cdced4ca14",
      "0386774f-a923-4b05-b514-5f33061ab7f3",
      "0984012f-dc86-4902-8374-9a743830f033",
      "344c8e33-13e1-40c0-aa63-d92ba8718212",
      "2349f980-6862-4d69-84e6-21e2d54b9b63",
      "7b1515d5-366d-4ad8-b970-f4c2920acee1",
      "86cab118-a376-4601-8e97-ed08f9b92607",
      "58a4c971-5426-41d0-a056-f14df4cbb518",
      "dc123e9f-2e00-40db-8f3f-3ea9e1ef08a5",
      "ed7cdfbd-7a84-459b-8649-18b70c853006",
      "f5b3d745-524b-446f-bcde-c709387628b9"
    ],
    [
      "ad418b6d-1cb6-4ec7-9bfc-7e03bba78b46",
      "dafcf652-ba92-4403-9a30-fb9b959fb430",
      "e6661ccb-adf1-4efa-9050-dbce2a1797c4",
      "b049d143-d92a-4b19-9d99-cc4aaf4170eb",
      "555ec64c-9f3d-4d07-b470-72a5ba80c4a9",
      "54e275ed-6420-4449-a4b9-d64b2df202a1",
      "5d221078-168b-4fcb-b0c5-addf1e27aeb8",
      "c0e3f285-df31-4409-9956-753594695779",
      "95de0530-28a1-4bfa-925a-40cf8acd4e37",
      "aea0c261-ae83-467a-a9aa-32148cf4b614",
      "ee21dd51-1183-4c31-b647-9e7affe84606",
      "65d80248-f3f6-4580-bbe9-0510a783d9b9",
      "c9be0c07-27a9-4342-8bdf-380a05b59ba8",
      "0dd0838a-1cb7-4205-8a7c-e5e14f15c270",
      "dfe535f9-f359-4be2-8cae-6971bfa1f9e9",
      "a798809f-735f-4290-b922-9efb28c478b8",
      "5bac6496-103a-49c6-a71d-688b6fff1c28",
      "d1689ed4-f702-4b28-992c-9e67bfb4b042"
    ]
  ],
  "archive_genealogies": [
    {
      "parents": {
        "a816d590-ed7b-4e31-b554-9e94201cd8ba": [],
        "0ab48a4f-401a-45bd-b739-736b4daac75d": [],
        "00e555eb-558a-46dc-a133-55cdced4ca14": [],
        "0386774f-a923-4b05-b514-5f33061ab7f3": [],
        "0984012f-dc86-4902-8374-9a743830f033": [],
        "344c8e33-13e1-40c0-aa63-d92ba8718212": [],
        "2349f980-6862-4d69-84e6-21e2d54b9b63": [],
        "7b1515d5-366d-4ad8-b970-f4c2920acee1": [],
        "86cab118-a376-4601-8e97-ed08f9b92607": [],
        "58a4c971-5426-41d0-a056-f14df4cbb518": [],
        "dc123e9f-2e00-40db-8f3f-3ea9e1ef08a5": [],
        "ed7cdfbd-7a84-459b-8649-18b70c853006": [],
        "f5b3d745-524b-446f-bcde-c709387628b9": [
          "ad418b6d-1cb6-4ec7-9bfc-7e03bba78b46"
        ]
      },
      "children": {
        "ad418b6d-1cb6-4ec7-9bfc-7e03bba78b46": [
          "f5b3d745-524b-446f-bcde-c709387628b9"
        ]
      }
    },
    {
      "parents": {
        "ad418b6d-1cb6-4ec7-9bfc-7e03bba78b46": [],
        "dafcf652-ba92-4403-9a30-fb9b959fb430": [],
        "e6661ccb-adf1-4efa-9050-dbce2a1797c4": [],
        "b049d143-d92a-4b19-9d99-cc4aaf4170eb": [],
        "555ec64c-9f3d-4d07-b470-72a5ba80c4a9": [],
        "54e275ed-6420-4449-a4b9-d64b2df202a1": [],
        "5d221078-168b-4fcb-b0c5-addf1e27aeb8": [],
        "c0e3f285-df31-4409-9956-753594695779": [],
        "95de0530-28a1-4bfa-925a-40cf8acd4e37": [],
        "aea0c261-ae83-467a-a9aa-32148cf4b614": [],
        "ee21dd51-1183-4c31-b647-9e7affe84606": [],
        "65d80248-f3f6-4580-bbe9-0510a783d9b9": [],
        "c9be0c07-27a9-4342-8bdf-380a05b59ba8": [],
        "0dd0838a-1cb7-4205-8a7c-e5e14f15c270": [
          "ad418b6d-1cb6-4ec7-9bfc-7e03bba78b46"
        ],
        "dfe535f9-f359-4be2-8cae-6971bfa1f9e9": [
          "ad418b6d-1cb6-4ec7-9bfc-7e03bba78b46"
        ],
        "a798809f-735f-4290-b922-9efb28c478b8": [
          "ad418b6d-1cb6-4ec7-9bfc-7e03bba78b46"
        ],
        "5bac6496-103a-49c6-a71d-688b6fff1c28": [
          "ad418b6d-1cb6-4ec7-9bfc-7e03bba78b46"
        ],
        "d1689ed4-f702-4b28-992c-9e67bfb4b042": [
          "ad418b6d-1cb6-4ec7-9bfc-7e03bba78b46"
        ]
      },
      "children": {
        "ad418b6d-1cb6-4ec7-9bfc-7e03bba78b46": [
          "0dd0838a-1cb7-4205-8a7c-e5e14f15c270",
          "dfe535f9-f359-4be2-8cae-6971bfa1f9e9",
          "a798809f-735f-4290-b922-9efb28c478b8",
          "5bac6496-103a-49c6-a71d-688b6fff1c28",
          "d1689ed4-f702-4b28-992c-9e67bfb4b042"
        ]
      }
    }
  ],
  "use_dynamic_islands": true,
  "max_islands": 5,
  "last_spawn_iteration": -30,
  "use_paradigm_breakthrough": true,
  "paradigm_tracker": {
    "window_size": 10,
    "improvement_threshold": 0.12,
    "max_paradigm_uses": 2,
    "max_tried_paradigms": 10,
    "num_paradigms_to_generate": 3,
    "improvement_history": [
      0.0,
      0.0,
      0.0,
      0.0,
      0.0,
      0.0,
      0.0,
      0.0,
      0.0,
      0.0
    ],
    "active_paradigms": [
      {
        "idea": "Autocatalytic Knowles-Cohen mass-action RHS with inhibitor-modulated secondary nucleation (remove explicit-time fudge term)",
        "description": "Replace the non-physical `-c8*t*c` term with a proper autonomous autocatalytic structure derived from the amyloid master equation. Set capacity = (plateau - concentration) representing remaining monomer pool. Model growth = capacity * (primary + secondary) where primary = c0^2 + c1^2*monomer (monomer-dependent primary nucleation, stays finite at c=0 to seed the lag) and secondary = c2^2*(monomer + c3^2*seed)*concentration**2 (self-amplifying autocatalysis, quadratic in c drives sharp sigmoidal burst matching 10-25-50 percent crossings). Inhibitor enters as differential suppression: divide secondary by (1 + c4^2*inhibitor) but leave primary lightly damped by (1 + c5^2*inhibitor) so cd primarily slows the autocatalytic burst (biologically the dominant inhibitor target) while preserving cd=0 -> denominators=1. Final: expression = capacity*(primary/(1+c5^2*inhibitor) + secondary/(1+c4^2*inhibitor)). Use ~8 squared constants (c0..c7 with plateau=c6, and c7 as an extra secondary monomer coefficient). initial_values all 1.0 except plateau ~1.0. This is autonomous, smooth, positive, no singularities since denominators >=1 and concentration bounded in [0,1].",
        "what_to_optimize": "heldout_curve_shape_loss (lag/burst timing at 10-25-50 percent crossings) and heldout_curve_nmse simultaneously; the quadratic-in-c autocatalysis sharpens the sigmoid to match slope profile without the fragile explicit-time term",
        "cautions": "concentration**2 with capacity keeps growth bounded (goes to 0 at plateau) so no overflow. Keep constants squared for positivity. Avoid adding both linear and quadratic c terms unless needed; start quadratic-only to test whether burst sharpness improves. Watch that removing t*c does not regress datasets that relied on it for a slow decay tail \u2014 if plateau overshoot appears, the (plateau-c) capacity should self-correct.",