{
  "program_id": "d1689ed4-f702-4b28-992c-9e67bfb4b042",
  "iteration_found": 6,
  "dataset": "Abeta42/inhibition_constraints",
  "plot": "outputs_diff_inhibited_norm/adaevolve/disease_relevant_inhibited_all_normalized_ode_0704_1057/checkpoints/checkpoint_6/iteration_6_best_validation_curves.svg",
  "metrics": {
    "equation": "d(c)/dt = (0.091261922545099*x1 + 0.0904501088749233*x2 + 14.7771323710368*x4*(2.21588653744393e-10 - log(0.999999979001177*x4 + 2.09988232848411e-8)) + 2.29120662738697e-10)/(0.089990631566774*x3*x4 + 0.0902043940275482*x3 + 1)",
    "loss": 0.4358155368115523,
    "nmse_train": 0.5365223622307481,
    "nmse_val": 0.47587166676719483,
    "mean_nmse_val": 0.47587166676719483,
    "mean_raw_nmse_val": 0.47587166676719483,
    "scored_loss_val": 0.4358155368115523,
    "mean_scored_loss_val": 0.4358155368115523,
    "shape_loss_val": 0.31564714694462476,
    "shape_loss_weight": 0.25,
    "heldout_curve_nmse": 0.47587166676719483,
    "heldout_curve_scored_loss": 0.4358155368115523,
    "heldout_curve_shape_loss": 0.31564714694462476,
    "eval_only_nmse": NaN,
    "eval_only_scored_loss": NaN,
    "eval_only_shape_loss": NaN,
    "combined_score": 0.6964682957956094,
    "fit_score": 0.6964682957956094,
    "eval_time": 134.72417187690735,
    "n_datasets": 1,
    "n_successful": 1,
    "eval_workers": 8,
    "hard_cases": [
      {
        "dataset": "Abeta42/inhibition_constraints",
        "scored_loss_val": 0.4358155368115523,
        "nmse_val": 0.47587166676719483,
        "shape_loss_val": 0.31564714694462476,
        "evaluation_only": false
      }
    ],
    "hard_case_feedback": "Abeta42/inhibition_constraints scored=0.4358 (nmse=0.4759, shape=0.3156)",
    "validation_semantics_feedback": "heldout_curve_scored_loss=0.4358, heldout_curve_nmse=0.4759, heldout_curve_shape=0.3156; eval_only_fit_score_scored_loss=nan, eval_only_nmse=nan, eval_only_shape=nan",
    "per_dataset": {
      "Abeta42/inhibition_constraints": {
        "nmse_train": 0.5365223622307481,
        "nmse_val": 0.47587166676719483,
        "shape_loss_val": 0.31564714694462476,
        "scored_loss_val": 0.4358155368115523,
        "n_val_points": 12274,
        "evaluation_only": false,
        "combined_score": 0.6964682957956094,
        "equation": "d(c)/dt = (0.091261922545099*x1 + 0.0904501088749233*x2 + 14.7771323710368*x4*(2.21588653744393e-10 - log(0.999999979001177*x4 + 2.09988232848411e-8)) + 2.29120662738697e-10)/(0.089990631566774*x3*x4 + 0.0902043940275482*x3 + 1)",
        "equation_template": "d(c)/dt = (c2**2 + c3**2*x1 + c4**2*x2 + c5**2*x4*(c0**2 - log((c1**2 + x4)/(c1**2 + 1))))/(c6**2*x3 + c7**2*x3*x4 + 1)",
        "constants": {
          "c0": -1.4885854148969531e-05,
          "c1": -0.00014490970887346265,
          "c2": -1.5136732234491593e-05,
          "c3": 0.3020958830323562,
          "c4": 0.30074924584265095,
          "c5": 3.8441035848474185,
          "c6": 0.3003404635202326,
          "c7": 0.29998438553827095
        }
      }
    },
    "error": ""
  },
  "saved_at": 1783144948.1075158
}