{
  "id": "ea1c57aa-a069-44b7-b001-2eece5aeba36",
  "generation": 4,
  "iteration": 9,
  "timestamp": 1781621674.1064897,
  "parent_id": "b536bbfc-d2ce-43e0-8736-4ab447921abe",
  "metrics": {
    "combined_score": 0.9092983714403842,
    "n_stage1_datasets": 8.0,
    "n_stage1_successful": 8.0,
    "eval_workers": 8.0,
    "stage1_full_selected_datasets": 1.0,
    "cascade_stage1_time_seconds": 90.71745467185974,
    "cascade_stage1_threshold": 0.15,
    "cascade_stage1_passed": 1.0,
    "loss": 0.06813124328099333,
    "complexity": 23.0,
    "nmse_train": 0.015113324137332625,
    "nmse_val": 0.06813124328099333,
    "mean_nmse_val": 0.06813124328099333,
    "mean_raw_nmse_val": 0.06813124328099333,
    "fit_score": 0.936214539449559,
    "parsimony_weight": 0.2,
    "parsimony_penalty_factor": 0.97125,
    "eval_time": 248.8983519077301,
    "n_datasets": 22.0,
    "n_successful": 22.0,
    "cascade_stage2_time_seconds": 248.89901542663574,
    "cascade_total_time_seconds": 339.6164700984955,
    "cascade_stage1_combined_score": 0.8650153498399976,
    "test_combined_score": 0.9092983714403842,
    "test_n_stage1_datasets": 8.0,
    "test_n_stage1_successful": 8.0,
    "test_eval_workers": 8.0,
    "test_stage1_full_selected_datasets": 1.0,
    "test_cascade_stage1_time_seconds": 93.6237370967865,
    "test_cascade_stage1_threshold": 0.15,
    "test_cascade_stage1_passed": 1.0,
    "test_loss": 0.06813124328099333,
    "test_complexity": 23.0,
    "test_nmse_train": 0.015113324137332625,
    "test_nmse_val": 0.06813124328099333,
    "test_mean_nmse_val": 0.06813124328099333,
    "test_mean_raw_nmse_val": 0.06813124328099333,
    "test_fit_score": 0.936214539449559,
    "test_parsimony_weight": 0.2,
    "test_parsimony_penalty_factor": 0.97125,
    "test_eval_time": 254.2645936012268,
    "test_n_datasets": 22.0,
    "test_n_successful": 22.0,
    "test_cascade_stage2_time_seconds": 254.26516914367676,
    "test_cascade_total_time_seconds": 347.88890624046326,
    "test_cascade_stage1_combined_score": 0.8650153498399976
  },
  "language": "python",
  "saved_at": 1781633221.2624245
}