{
  "num_islands": 2,
  "current_island": 1,
  "iteration_count": 2,
  "global_best_score": 0.5917381148325811,
  "decay": 0.9,
  "intensity_min": 0.15,
  "intensity_max": 0.5,
  "migration_interval": 15,
  "diversity_strategy_type": "code",
  "use_unified_archive": true,
  "use_adaptive_search": true,
  "use_ucb_selection": true,
  "fixed_intensity": 0.4,
  "adapter": {
    "states": [
      {
        "accumulated_signal": 0.09999999999999998,
        "best_score": 0.5917381148325811,
        "improvement_count": 1,
        "total_evaluations": 3,
        "decay": 0.9,
        "epsilon": 1e-08,
        "intensity_min": 0.15,
        "intensity_max": 0.5
      },
      {
        "accumulated_signal": 0.09999999999999998,
        "best_score": 0.5917381148325811,
        "improvement_count": 0,
        "total_evaluations": 1,
        "decay": 0.9,
        "epsilon": 1e-08,
        "intensity_min": 0.15,
        "intensity_max": 0.5
      }
    ],
    "dimension_visits": [
      3,
      1
    ],
    "dimension_rewards": [
      0.81,
      0.0
    ],
    "decayed_visits": [
      2.71,
      1.0
    ],
    "global_best_score": 0.5917381148325811,
    "ucb_exploration": 1.41,
    "min_visits": 3,
    "decay": 0.9,
    "epsilon": 1e-08
  },
  "island_config_names": [
    "balanced",
    "balanced"
  ],
  "islands": [
    [
      "42b93564-34b7-4e08-b919-433664293237",
      "67c8023d-6280-4e5e-b7c4-7cf52307c256",
      "7f533e8b-477e-4a1f-a8ba-c7c8c33e8060"
    ],
    [
      "d88635fe-cf4f-48a7-9d14-9c41be8999fb",
      "627adfbb-1c0c-4a92-bef2-5cf14ec938c1"
    ]
  ],
  "archive_genealogies": [
    {
      "parents": {
        "42b93564-34b7-4e08-b919-433664293237": [],
        "67c8023d-6280-4e5e-b7c4-7cf52307c256": [
          "42b93564-34b7-4e08-b919-433664293237"
        ],
        "7f533e8b-477e-4a1f-a8ba-c7c8c33e8060": [
          "42b93564-34b7-4e08-b919-433664293237"
        ]
      },
      "children": {
        "42b93564-34b7-4e08-b919-433664293237": [
          "67c8023d-6280-4e5e-b7c4-7cf52307c256",
          "7f533e8b-477e-4a1f-a8ba-c7c8c33e8060"
        ]
      }
    },
    {
      "parents": {
        "d88635fe-cf4f-48a7-9d14-9c41be8999fb": [],
        "627adfbb-1c0c-4a92-bef2-5cf14ec938c1": [
          "d88635fe-cf4f-48a7-9d14-9c41be8999fb"
        ]
      },
      "children": {
        "d88635fe-cf4f-48a7-9d14-9c41be8999fb": [
          "627adfbb-1c0c-4a92-bef2-5cf14ec938c1"
        ]
      }
    }
  ],
  "use_dynamic_islands": true,
  "max_islands": 5,
  "last_spawn_iteration": -30,
  "use_paradigm_breakthrough": true,
  "paradigm_tracker": {
    "window_size": 10,
    "improvement_threshold": 0.12,
    "max_paradigm_uses": 2,
    "max_tried_paradigms": 10,
    "num_paradigms_to_generate": 3,
    "improvement_history": [
      1.0,
      0.0,
      0.0,
      0.0
    ],
    "active_paradigms": [],
    "paradigm_usage_counts": {},
    "current_paradigm_index": 0,
    "tried_paradigms": [],
    "best_score_at_paradigm_gen": 0.0,
    "best_score_during_paradigm": 0.0
  }
}