{
  "id": "42b93564-34b7-4e08-b919-433664293237",
  "generation": 0,
  "iteration": 0,
  "current_iteration": 3,
  "metrics": {
    "combined_score": 0.5917381148325811,
    "loss": 0.6899367725922596,
    "complexity": 0.0,
    "nmse_train": Infinity,
    "nmse_val": 0.6899367725922596,
    "eval_time": 14.462241172790527,
    "n_datasets": 60.0,
    "n_successful": 60.0
  },
  "language": "python",
  "timestamp": 1779964833.3153431,
  "saved_at": 1779964997.1081865
}