{
  "id": "499fa169-31c1-4f98-bd17-02fa9abeb4a5",
  "generation": 4,
  "iteration": 29,
  "current_iteration": 29,
  "metrics": {
    "combined_score": 0.9569913568964665,
    "n_stage1_datasets": 8.0,
    "n_stage1_successful": 8.0,
    "eval_workers": 8.0,
    "stage1_full_selected_datasets": 1.0,
    "cascade_stage1_time_seconds": 0.30173659324645996,
    "cascade_stage1_threshold": 0.15,
    "cascade_stage1_passed": 1.0,
    "loss": 0.027961217111000792,
    "complexity": 13.0,
    "nmse_train": 0.001802001479066179,
    "nmse_val": 0.027961217111000792,
    "mean_nmse_val": 0.027961217111000792,
    "mean_raw_nmse_val": 0.027961217111000792,
    "fit_score": 0.9727993462734095,
    "parsimony_weight": 0.2,
    "parsimony_penalty_factor": 0.98375,
    "eval_time": 8.97709059715271,
    "n_datasets": 24.0,
    "n_successful": 24.0,
    "cascade_stage2_time_seconds": 8.977478265762329,
    "cascade_total_time_seconds": 9.279214859008789,
    "cascade_stage1_combined_score": 0.9984815623651311
  },
  "language": "python",
  "timestamp": 1781285225.8119955,
  "saved_at": 1781285225.828518
}