{
  "id": "164c4fe3-ae2e-4afc-bb16-3e3d5002df60",
  "generation": 2,
  "iteration": 4,
  "current_iteration": 4,
  "metrics": {
    "combined_score": 0.5941016211039981,
    "loss": 0.683213720477206,
    "complexity": 0.0,
    "nmse_train": Infinity,
    "nmse_val": 0.683213720477206,
    "eval_time": 14.678381204605103,
    "n_datasets": 60.0,
    "n_successful": 60.0
  },
  "language": "python",
  "timestamp": 1779965059.7966697,
  "saved_at": 1779965059.7998712
}