{
  "program_id": "e4614292-8e5a-4585-b577-c45c1b5baa12",
  "iteration_found": 15,
  "dataset": "Abeta42/inhibition_constraints",
  "plot": "outputs_diff_inhibited_norm/adaevolve/disease_relevant_inhibited_all_normalized_ode_0720_0232/checkpoints/checkpoint_15/iteration_15_best_validation_curves.svg",
  "metrics": {
    "equation": "d(c)/dt = (0.972821913735405 - x4)*(4.88779538171207e-9*x1 + 4.96235522513121*x2 + 50.4029997588873*x4)/(8.44469519021157*x3/(x3 + 5.1833512230467) + 1)",
    "loss": 0.047102998933861884,
    "nmse_train": 0.010576971687012562,
    "nmse_val": 0.005577963206453138,
    "mean_nmse_val": 0.005577963206453138,
    "mean_raw_nmse_val": 0.005577963206453138,
    "scored_loss_val": 0.047102998933861884,
    "mean_scored_loss_val": 0.047102998933861884,
    "shape_loss_val": 0.1716781061160881,
    "shape_loss_weight": 0.25,
    "heldout_curve_nmse": 0.005577963206453138,
    "heldout_curve_scored_loss": 0.047102998933861884,
    "heldout_curve_shape_loss": 0.1716781061160881,
    "eval_only_nmse": NaN,
    "eval_only_scored_loss": NaN,
    "eval_only_shape_loss": NaN,
    "combined_score": 0.9550158876616521,
    "fit_score": 0.9550158876616521,
    "eval_time": 8.92614197731018,
    "n_datasets": 1,
    "n_successful": 1,
    "eval_workers": 8,
    "hard_cases": [
      {
        "dataset": "Abeta42/inhibition_constraints",
        "scored_loss_val": 0.047102998933861884,
        "nmse_val": 0.0055779632064531385,
        "shape_loss_val": 0.1716781061160881,
        "evaluation_only": false
      }
    ],
    "hard_case_feedback": "Abeta42/inhibition_constraints scored=0.0471 (nmse=0.005578, shape=0.1717)",
    "validation_semantics_feedback": "heldout_curve_scored_loss=0.0471, heldout_curve_nmse=0.005578, heldout_curve_shape=0.1717; eval_only_fit_score_scored_loss=nan, eval_only_nmse=nan, eval_only_shape=nan",
    "per_dataset": {
      "Abeta42/inhibition_constraints": {
        "nmse_train": 0.010576971687012562,
        "nmse_val": 0.0055779632064531385,
        "shape_loss_val": 0.1716781061160881,
        "scored_loss_val": 0.047102998933861884,
        "n_val_points": 1805,
        "evaluation_only": false,
        "combined_score": 0.9550158876616521,
        "equation": "d(c)/dt = (0.972821913735405 - x4)*(4.88779538171207e-9*x1 + 4.96235522513121*x2 + 50.4029997588873*x4)/(8.44469519021157*x3/(x3 + 5.1833512230467) + 1)",
        "equation_template": "d(c)/dt = (c5 - x4)*(c0**2*x1 + c1**2*x2 + c2**2*x4)/(c3**2*x3/(c4**2 + x3) + 1)",
        "constants": {
          "c0": 6.991276980432166e-05,
          "c1": 2.227634446028165,
          "c2": 7.099507008158196,
          "c3": 2.905975772474983,
          "c4": 2.276697437747647,
          "c5": 0.9728219137354047
        }
      }
    },
    "error": ""
  },
  "saved_at": 1784496541.479629
}