{
  "id": "5cafa0d1-3f46-4975-963e-e8f0f41aff95",
  "generation": 1,
  "iteration": 1,
  "current_iteration": 1,
  "metrics": {
    "combined_score": 0.874137822124602,
    "n_stage1_datasets": 1.0,
    "n_stage1_successful": 1.0,
    "eval_workers": 8.0,
    "stage1_full_selected_datasets": 1.0,
    "cascade_stage1_time_seconds": 301.11620354652405,
    "cascade_stage1_threshold": 0.15,
    "cascade_stage1_passed": 1.0,
    "loss": 0.14398436343766546,
    "nmse_train": 0.1784286478211828,
    "nmse_val": 0.13945083557455556,
    "mean_nmse_val": 0.13945083557455556,
    "mean_raw_nmse_val": 0.13945083557455556,
    "scored_loss_val": 0.14398436343766546,
    "mean_scored_loss_val": 0.14398436343766546,
    "shape_loss_val": 0.15758494702699516,
    "shape_loss_weight": 0.25,
    "heldout_curve_nmse": 0.13945083557455556,
    "heldout_curve_scored_loss": 0.14398436343766546,
    "heldout_curve_shape_loss": 0.15758494702699516,
    "eval_only_nmse": NaN,
    "eval_only_scored_loss": NaN,
    "eval_only_shape_loss": NaN,
    "fit_score": 0.874137822124602,
    "eval_time": 73.21996235847473,
    "n_datasets": 1.0,
    "n_successful": 1.0,
    "cascade_stage2_time_seconds": 73.22052025794983,
    "cascade_total_time_seconds": 374.3367238044739,
    "cascade_stage1_combined_score": 0.8869054287168691
  },
  "language": "python",
  "timestamp": 1783025095.3899944,
  "saved_at": 1783025095.4032667
}