{
  "program_id": "0bb84f34-c027-4f28-bf29-95153307443f",
  "iteration_found": 9,
  "dataset": "Abeta42/inhibition_constraints",
  "plot": "outputs_diff_inhibited_norm/adaevolve/disease_relevant_inhibited_all_normalized_ode_0721_0426/checkpoints/checkpoint_9/iteration_9_best_validation_curves.svg",
  "metrics": {
    "equation": "d(c)/dt = -0.0103949183214925*x3*x4/(1.91016181842663*x4 + 1) + (0.971014355750756 - x4)*(9.04841485628523e-8*x1 + 7.76536631953913*x1*(x4**2 + 1.73338878027788*sqrt(x4**2 + 2.15926207098772e-7) + 2.15926207098772e-7)/(1.97297748364467*x3 + 1) + 2.44922368334567*x2 + 5.29546658417955*x4)",
    "loss": 0.04486226308901469,
    "nmse_train": 0.010149190619455602,
    "nmse_val": 0.003021362197392673,
    "mean_nmse_val": 0.003021362197392673,
    "mean_raw_nmse_val": 0.003021362197392673,
    "scored_loss_val": 0.04486226308901469,
    "mean_scored_loss_val": 0.04486226308901469,
    "shape_loss_val": 0.17038496576388074,
    "shape_loss_weight": 0.25,
    "heldout_curve_nmse": 0.003021362197392673,
    "heldout_curve_scored_loss": 0.04486226308901469,
    "heldout_curve_shape_loss": 0.17038496576388074,
    "eval_only_nmse": NaN,
    "eval_only_scored_loss": NaN,
    "eval_only_shape_loss": NaN,
    "combined_score": 0.9570639454846569,
    "fit_score": 0.9570639454846569,
    "eval_time": 60.10675597190857,
    "n_datasets": 1,
    "n_successful": 1,
    "eval_workers": 8,
    "hard_cases": [
      {
        "dataset": "Abeta42/inhibition_constraints",
        "scored_loss_val": 0.04486226308901469,
        "nmse_val": 0.003021362197392673,
        "shape_loss_val": 0.17038496576388074,
        "evaluation_only": false
      }
    ],
    "hard_case_feedback": "Abeta42/inhibition_constraints scored=0.04486 (nmse=0.003021, shape=0.1704)",
    "validation_semantics_feedback": "heldout_curve_scored_loss=0.04486, heldout_curve_nmse=0.003021, heldout_curve_shape=0.1704; eval_only_fit_score_scored_loss=nan, eval_only_nmse=nan, eval_only_shape=nan",
    "per_dataset": {
      "Abeta42/inhibition_constraints": {
        "nmse_train": 0.010149190619455602,
        "nmse_val": 0.003021362197392673,
        "shape_loss_val": 0.17038496576388074,
        "scored_loss_val": 0.04486226308901469,
        "n_val_points": 1805,
        "evaluation_only": false,
        "combined_score": 0.9570639454846569,
        "equation": "d(c)/dt = -0.0103949183214925*x3*x4/(1.91016181842663*x4 + 1) + (0.971014355750756 - x4)*(9.04841485628523e-8*x1 + 7.76536631953913*x1*(x4**2 + 1.73338878027788*sqrt(x4**2 + 2.15926207098772e-7) + 2.15926207098772e-7)/(1.97297748364467*x3 + 1) + 2.44922368334567*x2 + 5.29546658417955*x4)",
        "equation_template": "d(c)/dt = -c8**2*x3*x4/(c9**2*x4 + 1) + (c7**2 - x4)*(c2**2*x1 + c3**2*(c4**2*x4 + x2) + c5**2*x1*(c0**2 + c6**2*sqrt(c0**2 + x4**2) + x4**2)/(c1**2*x3 + 1))",
        "constants": {
          "c0": 0.00046467860624174615,
          "c1": 1.4046271689116188,
          "c2": 0.0003008058319960774,
          "c3": 1.5649995793436087,
          "c4": 1.4704081147258357,
          "c5": 2.786640687196526,
          "c6": -1.3165822345291904,
          "c7": 0.9854006067335032,
          "c8": 0.1019554722488816,
          "c9": 1.382086038720685
        }
      }
    },
    "error": ""
  },
  "saved_at": 1784589869.29038
}