{
  "program_id": "8a8f69e8-830d-4d91-b6a6-85841ea41616",
  "iteration_found": 16,
  "dataset": "Abeta42/inhibition_constraints",
  "plot": "outputs_diff_inhibited_norm/adaevolve/disease_relevant_inhibited_all_normalized_ode_0719_1838/checkpoints/checkpoint_16/iteration_16_best_validation_curves.svg",
  "metrics": {
    "equation": "d(c)/dt = (0.922628826146964 - x4)*(5190.36354559881*x1*x4*(x4 + 3506.78489910998)/(872.157982733338*x3*x4 + 1928295.52066433*x3 + 1) + 363.143358884187*x1 + 0.302287446067155)",
    "loss": 0.1507213229742912,
    "nmse_train": 0.08224056431750833,
    "nmse_val": 0.1034814144896989,
    "mean_nmse_val": 0.1034814144896989,
    "mean_raw_nmse_val": 0.1034814144896989,
    "scored_loss_val": 0.1507213229742912,
    "mean_scored_loss_val": 0.1507213229742912,
    "shape_loss_val": 0.29244104842806806,
    "shape_loss_weight": 0.25,
    "heldout_curve_nmse": 0.1034814144896989,
    "heldout_curve_scored_loss": 0.1507213229742912,
    "heldout_curve_shape_loss": 0.29244104842806806,
    "eval_only_nmse": NaN,
    "eval_only_scored_loss": NaN,
    "eval_only_shape_loss": NaN,
    "combined_score": 0.8690201354879573,
    "fit_score": 0.8690201354879573,
    "eval_time": 31.026539087295532,
    "n_datasets": 1,
    "n_successful": 1,
    "eval_workers": 8,
    "hard_cases": [
      {
        "dataset": "Abeta42/inhibition_constraints",
        "scored_loss_val": 0.1507213229742912,
        "nmse_val": 0.1034814144896989,
        "shape_loss_val": 0.29244104842806806,
        "evaluation_only": false
      }
    ],
    "hard_case_feedback": "Abeta42/inhibition_constraints scored=0.1507 (nmse=0.1035, shape=0.2924)",
    "validation_semantics_feedback": "heldout_curve_scored_loss=0.1507, heldout_curve_nmse=0.1035, heldout_curve_shape=0.2924; eval_only_fit_score_scored_loss=nan, eval_only_nmse=nan, eval_only_shape=nan",
    "per_dataset": {
      "Abeta42/inhibition_constraints": {
        "nmse_train": 0.08224056431750833,
        "nmse_val": 0.1034814144896989,
        "shape_loss_val": 0.29244104842806806,
        "scored_loss_val": 0.1507213229742912,
        "n_val_points": 12274,
        "evaluation_only": false,
        "combined_score": 0.8690201354879573,
        "equation": "d(c)/dt = (0.922628826146964 - x4)*(5190.36354559881*x1*x4*(x4 + 3506.78489910998)/(872.157982733338*x3*x4 + 1928295.52066433*x3 + 1) + 363.143358884187*x1 + 0.302287446067155)",
        "equation_template": "d(c)/dt = (c0 - x4)*(c1**2 + c2**2*x1 + c3**2*x1*x4*(c4**2 + x4)/(c5**2*x3 + c6**2*x3*x4 + 1))",
        "constants": {
          "c0": 0.9226288261469641,
          "c1": 0.5498067351962459,
          "c2": -19.05632070689898,
          "c3": -72.04417773560061,
          "c4": -59.21811293101109,
          "c5": 1388.6308079055189,
          "c6": 29.532320984530458
        }
      }
    },
    "error": ""
  },
  "saved_at": 1784469580.2010381
}