{
  "num_islands": 2,
  "current_island": 0,
  "iteration_count": 30,
  "global_best_score": 0.9740260519261095,
  "decay": 0.9,
  "intensity_min": 0.15,
  "intensity_max": 0.5,
  "migration_interval": 15,
  "diversity_strategy_type": "code",
  "use_unified_archive": true,
  "use_adaptive_search": true,
  "use_ucb_selection": true,
  "fixed_intensity": 0.4,
  "adapter": {
    "states": [
      {
        "accumulated_signal": 0.09263438798303304,
        "best_score": 0.9740260519261095,
        "improvement_count": 2,
        "total_evaluations": 2,
        "decay": 0.9,
        "epsilon": 1e-08,
        "intensity_min": 0.15,
        "intensity_max": 0.5
      },
      {
        "accumulated_signal": 0.10306133240633635,
        "best_score": 0.9740260519261095,
        "improvement_count": 1,
        "total_evaluations": 2,
        "decay": 0.9,
        "epsilon": 1e-08,
        "intensity_min": 0.15,
        "intensity_max": 0.5
      }
    ],
    "dimension_visits": [
      2,
      2
    ],
    "dimension_rewards": [
      1.2595398268424047,
      0.23924579651185152
    ],
    "decayed_visits": [
      1.9,
      1.9
    ],
    "global_best_score": 0.9740260519261095,
    "ucb_exploration": 1.41,
    "min_visits": 3,
    "decay": 0.9,
    "epsilon": 1e-08
  },
  "island_config_names": [
    "balanced",
    "balanced"
  ],
  "islands": [
    [
      "e7086c79-470b-403f-8e47-4f3059e70486",
      "29ea3f89-3976-42df-aa57-987883ea72c3",
      "799800b3-e7b0-4e13-99c7-27eef19be94c"
    ],
    [
      "e7b068d8-213b-4f5a-a026-8d0ea7577058",
      "ac3ac6f2-2e8b-4b35-a518-b97479c8e15e",
      "b20d96cc-0fea-4c6a-a7dc-2af5cbd6d477"
    ]
  ],
  "archive_genealogies": [
    {
      "parents": {
        "e7086c79-470b-403f-8e47-4f3059e70486": [],
        "29ea3f89-3976-42df-aa57-987883ea72c3": [
          "e7086c79-470b-403f-8e47-4f3059e70486"
        ],
        "799800b3-e7b0-4e13-99c7-27eef19be94c": [
          "ac3ac6f2-2e8b-4b35-a518-b97479c8e15e"
        ]
      },
      "children": {
        "e7086c79-470b-403f-8e47-4f3059e70486": [
          "29ea3f89-3976-42df-aa57-987883ea72c3"
        ],
        "ac3ac6f2-2e8b-4b35-a518-b97479c8e15e": [
          "799800b3-e7b0-4e13-99c7-27eef19be94c"
        ]
      }
    },
    {
      "parents": {
        "e7b068d8-213b-4f5a-a026-8d0ea7577058": [],
        "ac3ac6f2-2e8b-4b35-a518-b97479c8e15e": [
          "e7b068d8-213b-4f5a-a026-8d0ea7577058"
        ],
        "b20d96cc-0fea-4c6a-a7dc-2af5cbd6d477": [
          "29ea3f89-3976-42df-aa57-987883ea72c3"
        ]
      },
      "children": {
        "e7b068d8-213b-4f5a-a026-8d0ea7577058": [
          "ac3ac6f2-2e8b-4b35-a518-b97479c8e15e"
        ],
        "29ea3f89-3976-42df-aa57-987883ea72c3": [
          "b20d96cc-0fea-4c6a-a7dc-2af5cbd6d477"
        ]
      }
    }
  ],
  "use_dynamic_islands": true,
  "max_islands": 5,
  "last_spawn_iteration": -30,
  "use_paradigm_breakthrough": true,
  "paradigm_tracker": {
    "window_size": 10,
    "improvement_threshold": 0.12,
    "max_paradigm_uses": 2,
    "max_tried_paradigms": 10,
    "num_paradigms_to_generate": 3,
    "improvement_history": [
      1.0,
      1.0,
      1.0,
      0.0
    ],
    "active_paradigms": [],
    "paradigm_usage_counts": {},
    "current_paradigm_index": 0,
    "tried_paradigms": [],
    "best_score_at_paradigm_gen": 0.0,
    "best_score_during_paradigm": 0.0
  }
}