{
  "id": "ac3ac6f2-2e8b-4b35-a518-b97479c8e15e",
  "generation": 1,
  "iteration": 2,
  "current_iteration": 30,
  "metrics": {
    "combined_score": 0.9740260519261095,
    "loss": 0.026666584556468212,
    "complexity": 0.0,
    "nmse_train": Infinity,
    "nmse_val": 0.026666584556468212,
    "eval_time": 144.51622581481934,
    "n_datasets": 60.0,
    "n_successful": 60.0
  },
  "language": "python",
  "timestamp": 1779725716.7625773,
  "saved_at": 1779727949.5488644
}