{
  "num_islands": 2,
  "current_island": 1,
  "iteration_count": 15,
  "global_best_score": 0.839668067174224,
  "decay": 0.9,
  "intensity_min": 0.15,
  "intensity_max": 0.5,
  "migration_interval": 15,
  "diversity_strategy_type": "code",
  "use_unified_archive": true,
  "use_adaptive_search": true,
  "use_ucb_selection": true,
  "fixed_intensity": 0.4,
  "adapter": {
    "states": [
      {
        "accumulated_signal": 0.07322612559315517,
        "best_score": 0.839668067174224,
        "improvement_count": 3,
        "total_evaluations": 9,
        "decay": 0.9,
        "epsilon": 1e-08,
        "intensity_min": 0.15,
        "intensity_max": 0.5
      },
      {
        "accumulated_signal": 0.07324296876066153,
        "best_score": 0.839668067174224,
        "improvement_count": 3,
        "total_evaluations": 13,
        "decay": 0.9,
        "epsilon": 1e-08,
        "intensity_min": 0.15,
        "intensity_max": 0.5
      }
    ],
    "dimension_visits": [
      9,
      13
    ],
    "dimension_rewards": [
      0.4613896370154996,
      0.021602810657362973
    ],
    "decayed_visits": [
      6.12579511,
      7.458134171671
    ],
    "global_best_score": 0.839668067174224,
    "ucb_exploration": 1.41,
    "min_visits": 3,
    "decay": 0.9,
    "epsilon": 1e-08
  },
  "island_config_names": [
    "balanced",
    "balanced"
  ],
  "islands": [
    [
      "76b2eb62-cd47-4dcc-8b16-122c46798623",
      "8aceae6c-714e-419f-8493-7333ef6fafb0",
      "43899824-8c0f-49eb-921c-829e371620da",
      "34ca7226-6bba-41ba-9079-ed8e850f5b55",
      "21f04958-ca22-423d-81fc-46afbc53f062",
      "01d57858-e4bf-43e2-95bc-51b055a05099",
      "cf94f43e-02d5-4b50-be27-29168bbf72a0",
      "22284d58-8dd4-4216-a6a1-09dfe6a293ef",
      "82202966-1000-4c0d-ad6c-14428c7e5132",
      "a7cadf51-a05b-482b-8c4a-3c27cf46fc59",
      "cf676176-d0ba-425b-be9c-a70f4ad755e4",
      "2935837c-c03c-408c-939a-7e9b5f6b900a",
      "693e1ce6-458d-4aff-9e7d-0a87f4e504b9"
    ],
    [
      "c5f9de0e-c0b9-4d68-9709-9d7ad2869085",
      "3fbf2a58-e1b2-4937-8ebb-2797a80111f7",
      "5ddc69c2-5542-49bf-a93e-9e73d793908f",
      "5bced5b5-5f81-4326-b0bd-a1ed723fd7a8",
      "5ecd9a7e-fc27-4fa2-89a1-ec5facc086ef",
      "d96b3b8c-171d-4f2c-86aa-7ae991108498",
      "49801c9b-b64f-40aa-9319-c20bf52be76a",
      "4c23d611-ce11-45ef-b2cc-7828e333776a",
      "97d0d360-9c89-40d2-abd3-d7940f32e004",
      "b636227d-370d-46ad-a179-c00472c47444",
      "5f24fbaa-63ed-44c6-af07-0adddaacfaa0",
      "e34e2cff-355f-4ec3-ad68-0f288be7d89a",
      "e2d6e381-9ec8-4ba3-a088-7e4144eee6a4",
      "11732161-34b5-4e8d-a379-a42e97b2bb3e"
    ]
  ],
  "archive_genealogies": [
    {
      "parents": {
        "76b2eb62-cd47-4dcc-8b16-122c46798623": [],
        "8aceae6c-714e-419f-8493-7333ef6fafb0": [
          "76b2eb62-cd47-4dcc-8b16-122c46798623"
        ],
        "43899824-8c0f-49eb-921c-829e371620da": [
          "8aceae6c-714e-419f-8493-7333ef6fafb0"
        ],
        "34ca7226-6bba-41ba-9079-ed8e850f5b55": [
          "76b2eb62-cd47-4dcc-8b16-122c46798623"
        ],
        "21f04958-ca22-423d-81fc-46afbc53f062": [
          "43899824-8c0f-49eb-921c-829e371620da"
        ],
        "01d57858-e4bf-43e2-95bc-51b055a05099": [
          "43899824-8c0f-49eb-921c-829e371620da"
        ],
        "cf94f43e-02d5-4b50-be27-29168bbf72a0": [
          "01d57858-e4bf-43e2-95bc-51b055a05099"
        ],
        "22284d58-8dd4-4216-a6a1-09dfe6a293ef": [
          "5ddc69c2-5542-49bf-a93e-9e73d793908f"
        ],
        "82202966-1000-4c0d-ad6c-14428c7e5132": [
          "4c23d611-ce11-45ef-b2cc-7828e333776a"
        ],
        "a7cadf51-a05b-482b-8c4a-3c27cf46fc59": [
          "4c23d611-ce11-45ef-b2cc-7828e333776a"
        ],
        "cf676176-d0ba-425b-be9c-a70f4ad755e4": [
          "5ddc69c2-5542-49bf-a93e-9e73d793908f"
        ],
        "2935837c-c03c-408c-939a-7e9b5f6b900a": [
          "5bced5b5-5f81-4326-b0bd-a1ed723fd7a8"
        ],
        "693e1ce6-458d-4aff-9e7d-0a87f4e504b9": [
          "3fbf2a58-e1b2-4937-8ebb-2797a80111f7"
        ]
      },
      "children": {
        "76b2eb62-cd47-4dcc-8b16-122c46798623": [
          "8aceae6c-714e-419f-8493-7333ef6fafb0",
          "34ca7226-6bba-41ba-9079-ed8e850f5b55"
        ],
        "8aceae6c-714e-419f-8493-7333ef6fafb0": [
          "43899824-8c0f-49eb-921c-829e371620da"
        ],
        "43899824-8c0f-49eb-921c-829e371620da": [
          "21f04958-ca22-423d-81fc-46afbc53f062",
          "01d57858-e4bf-43e2-95bc-51b055a05099"
        ],
        "01d57858-e4bf-43e2-95bc-51b055a05099": [
          "cf94f43e-02d5-4b50-be27-29168bbf72a0"
        ],
        "5ddc69c2-5542-49bf-a93e-9e73d793908f": [
          "22284d58-8dd4-4216-a6a1-09dfe6a293ef",
          "cf676176-d0ba-425b-be9c-a70f4ad755e4"
        ],
        "4c23d611-ce11-45ef-b2cc-7828e333776a": [
          "82202966-1000-4c0d-ad6c-14428c7e5132",
          "a7cadf51-a05b-482b-8c4a-3c27cf46fc59"
        ],
        "5bced5b5-5f81-4326-b0bd-a1ed723fd7a8": [
          "2935837c-c03c-408c-939a-7e9b5f6b900a"
        ],
        "3fbf2a58-e1b2-4937-8ebb-2797a80111f7": [
          "693e1ce6-458d-4aff-9e7d-0a87f4e504b9"
        ]
      }
    },
    {
      "parents": {
        "c5f9de0e-c0b9-4d68-9709-9d7ad2869085": [],
        "3fbf2a58-e1b2-4937-8ebb-2797a80111f7": [
          "c5f9de0e-c0b9-4d68-9709-9d7ad2869085"
        ],
        "5ddc69c2-5542-49bf-a93e-9e73d793908f": [
          "3fbf2a58-e1b2-4937-8ebb-2797a80111f7"
        ],
        "5bced5b5-5f81-4326-b0bd-a1ed723fd7a8": [
          "c5f9de0e-c0b9-4d68-9709-9d7ad2869085"
        ],
        "5ecd9a7e-fc27-4fa2-89a1-ec5facc086ef": [
          "c5f9de0e-c0b9-4d68-9709-9d7ad2869085"
        ],
        "d96b3b8c-171d-4f2c-86aa-7ae991108498": [
          "3fbf2a58-e1b2-4937-8ebb-2797a80111f7"
        ],
        "49801c9b-b64f-40aa-9319-c20bf52be76a": [
          "3fbf2a58-e1b2-4937-8ebb-2797a80111f7"
        ],
        "4c23d611-ce11-45ef-b2cc-7828e333776a": [
          "5ddc69c2-5542-49bf-a93e-9e73d793908f"
        ],
        "97d0d360-9c89-40d2-abd3-d7940f32e004": [
          "43899824-8c0f-49eb-921c-829e371620da"
        ],
        "b636227d-370d-46ad-a179-c00472c47444": [
          "8aceae6c-714e-419f-8493-7333ef6fafb0"
        ],
        "5f24fbaa-63ed-44c6-af07-0adddaacfaa0": [
          "01d57858-e4bf-43e2-95bc-51b055a05099"
        ],
        "e34e2cff-355f-4ec3-ad68-0f288be7d89a": [
          "82202966-1000-4c0d-ad6c-14428c7e5132"
        ],
        "e2d6e381-9ec8-4ba3-a088-7e4144eee6a4": [
          "21f04958-ca22-423d-81fc-46afbc53f062"
        ],
        "11732161-34b5-4e8d-a379-a42e97b2bb3e": [
          "4c23d611-ce11-45ef-b2cc-7828e333776a"
        ]
      },
      "children": {
        "c5f9de0e-c0b9-4d68-9709-9d7ad2869085": [
          "3fbf2a58-e1b2-4937-8ebb-2797a80111f7",
          "5bced5b5-5f81-4326-b0bd-a1ed723fd7a8",
          "5ecd9a7e-fc27-4fa2-89a1-ec5facc086ef"
        ],
        "3fbf2a58-e1b2-4937-8ebb-2797a80111f7": [
          "5ddc69c2-5542-49bf-a93e-9e73d793908f",
          "d96b3b8c-171d-4f2c-86aa-7ae991108498",
          "49801c9b-b64f-40aa-9319-c20bf52be76a"
        ],
        "5ddc69c2-5542-49bf-a93e-9e73d793908f": [
          "4c23d611-ce11-45ef-b2cc-7828e333776a"
        ],
        "43899824-8c0f-49eb-921c-829e371620da": [
          "97d0d360-9c89-40d2-abd3-d7940f32e004"
        ],
        "8aceae6c-714e-419f-8493-7333ef6fafb0": [
          "b636227d-370d-46ad-a179-c00472c47444"
        ],
        "01d57858-e4bf-43e2-95bc-51b055a05099": [
          "5f24fbaa-63ed-44c6-af07-0adddaacfaa0"
        ],
        "82202966-1000-4c0d-ad6c-14428c7e5132": [
          "e34e2cff-355f-4ec3-ad68-0f288be7d89a"
        ],
        "21f04958-ca22-423d-81fc-46afbc53f062": [
          "e2d6e381-9ec8-4ba3-a088-7e4144eee6a4"
        ],
        "4c23d611-ce11-45ef-b2cc-7828e333776a": [
          "11732161-34b5-4e8d-a379-a42e97b2bb3e"
        ]
      }
    }
  ],
  "use_dynamic_islands": true,
  "max_islands": 5,