{
  "id": "b382b214-6a60-4610-9b3e-fa1014f1e1e1",
  "generation": 1,
  "iteration": 3,
  "current_iteration": 3,
  "metrics": {
    "combined_score": 0.8322975803268814,
    "loss": 0.20149334040747088,
    "complexity": 0.0,
    "nmse_train": Infinity,
    "nmse_val": 0.20149334040747088,
    "eval_time": 111.10374355316162,
    "n_datasets": 60.0,
    "n_successful": 60.0
  },
  "language": "python",
  "timestamp": 1779834048.1138287,
  "saved_at": 1779834048.1222153
}