{
  "id": "11ec48a6-e27d-43d3-af27-f4ac0e89f10c",
  "generation": 2,
  "iteration": 2,
  "current_iteration": 2,
  "metrics": {
    "combined_score": 0.9744531335395261,
    "n_stage1_datasets": 8.0,
    "n_stage1_successful": 8.0,
    "eval_workers": 8.0,
    "cascade_stage1_time_seconds": 3.909968614578247,
    "cascade_stage1_threshold": 0.15,
    "cascade_stage1_passed": 1.0,
    "loss": 0.02621661892314869,
    "complexity": 0.0,
    "nmse_train": Infinity,
    "nmse_val": 0.02621661892314869,
    "eval_time": 36.703036069869995,
    "n_datasets": 60.0,
    "n_successful": 60.0,
    "cascade_stage2_time_seconds": 36.70358490943909,
    "cascade_total_time_seconds": 40.613553524017334,
    "cascade_stage1_combined_score": 0.9992777759496796
  },
  "language": "python",
  "timestamp": 1779973612.772862,
  "saved_at": 1779973612.7759964
}