{
  "id": "d50414b2-1bb2-4339-bf38-fd89cfce2b73",
  "generation": 2,
  "iteration": 6,
  "timestamp": 1779966638.5021994,
  "parent_id": "8755617b-4fda-46a0-b226-298eb8e04a10",
  "metrics": {
    "combined_score": 0.8012933636058568,
    "loss": 0.24798238125916114,
    "complexity": 0.0,
    "nmse_train": Infinity,
    "nmse_val": 0.24798238125916114,
    "eval_time": 24.04382610321045,
    "n_datasets": 60.0,
    "n_successful": 60.0,
    "test_combined_score": 0.8012933636058568,
    "test_loss": 0.24798238125916114,
    "test_complexity": 0.0,
    "test_nmse_train": Infinity,
    "test_nmse_val": 0.24798238125916114,
    "test_eval_time": 21.756799459457397,
    "test_n_datasets": 60.0,
    "test_n_successful": 60.0
  },
  "language": "python",
  "saved_at": 1779967162.437196
}