{
  "id": "9bae8817-2205-42b7-9cb9-4ffa0d553eae",
  "generation": 5,
  "iteration": 27,
  "current_iteration": 29,
  "metrics": {
    "combined_score": 0.9465783015380231,
    "n_stage1_datasets": 8.0,
    "n_stage1_successful": 8.0,
    "eval_workers": 8.0,
    "stage1_full_selected_datasets": 1.0,
    "cascade_stage1_time_seconds": 21.653820276260376,
    "cascade_stage1_threshold": 0.15,
    "cascade_stage1_passed": 1.0,
    "loss": 0.030025723615042268,
    "complexity": 20.0,
    "nmse_train": 0.0013921169700774408,
    "nmse_val": 0.030025723615042268,
    "mean_nmse_val": 0.030025723615042268,
    "mean_raw_nmse_val": 0.030025723615042268,
    "fit_score": 0.9708495400389981,
    "parsimony_weight": 0.2,
    "parsimony_penalty_factor": 0.975,
    "eval_time": 89.28311610221863,
    "n_datasets": 24.0,
    "n_successful": 24.0,
    "cascade_stage2_time_seconds": 89.28368759155273,
    "cascade_total_time_seconds": 110.93750786781311,
    "cascade_stage1_combined_score": 0.9948920038855609
  },
  "language": "python",
  "timestamp": 1781260189.0160007,
  "saved_at": 1781260569.832645
}