{
  "id": "ec6a2d27-5eed-4f82-8d34-2dfba55a416b",
  "generation": 3,
  "iteration": 8,
  "current_iteration": 8,
  "metrics": {
    "combined_score": 0.6883608281548143,
    "loss": 0.45272647585213444,
    "complexity": 0.0,
    "nmse_train": Infinity,
    "nmse_val": 0.45272647585213444,
    "eval_time": 14.706054210662842,
    "n_datasets": 60.0,
    "n_successful": 60.0
  },
  "language": "python",
  "timestamp": 1779914468.990792,
  "saved_at": 1779914469.001129
}