{
  "program_id": "aeb06784-b959-4b21-b160-2d0cd860dc48",
  "iteration_found": 18,
  "dataset": "Abeta42/inhibition_constraints",
  "plot": "outputs_diff_inhibited_norm/adaevolve/disease_relevant_inhibited_all_normalized_ode_0719_1838/checkpoints/checkpoint_18/iteration_18_best_validation_curves.svg",
  "metrics": {
    "equation": "d(c)/dt = 0.0897216644388531*x1 + x4*(0.090084912994254*x1 + 0.0900300178612717*x2 + 15.0458235147508)*log(1.01000000043923/(x4 + 0.0100000001441855))/(0.0900395291389589*x3 + 1)",
    "loss": 0.43634973180095626,
    "nmse_train": 0.5371079852975778,
    "nmse_val": 0.47659152714475145,
    "mean_nmse_val": 0.47659152714475145,
    "mean_raw_nmse_val": 0.47659152714475145,
    "scored_loss_val": 0.43634973180095626,
    "mean_scored_loss_val": 0.43634973180095626,
    "shape_loss_val": 0.31562434576957066,
    "shape_loss_weight": 0.25,
    "heldout_curve_nmse": 0.47659152714475145,
    "heldout_curve_scored_loss": 0.43634973180095626,
    "heldout_curve_shape_loss": 0.31562434576957066,
    "eval_only_nmse": NaN,
    "eval_only_scored_loss": NaN,
    "eval_only_shape_loss": NaN,
    "combined_score": 0.6962092712240476,
    "fit_score": 0.6962092712240476,
    "eval_time": 119.46601104736328,
    "n_datasets": 1,
    "n_successful": 1,
    "eval_workers": 8,
    "hard_cases": [
      {
        "dataset": "Abeta42/inhibition_constraints",
        "scored_loss_val": 0.43634973180095626,
        "nmse_val": 0.47659152714475145,
        "shape_loss_val": 0.31562434576957066,
        "evaluation_only": false
      }
    ],
    "hard_case_feedback": "Abeta42/inhibition_constraints scored=0.4363 (nmse=0.4766, shape=0.3156)",
    "validation_semantics_feedback": "heldout_curve_scored_loss=0.4363, heldout_curve_nmse=0.4766, heldout_curve_shape=0.3156; eval_only_fit_score_scored_loss=nan, eval_only_nmse=nan, eval_only_shape=nan",
    "per_dataset": {
      "Abeta42/inhibition_constraints": {
        "nmse_train": 0.5371079852975778,
        "nmse_val": 0.47659152714475145,
        "shape_loss_val": 0.31562434576957066,
        "scored_loss_val": 0.43634973180095626,
        "n_val_points": 12274,
        "evaluation_only": false,
        "combined_score": 0.6962092712240476,
        "equation": "d(c)/dt = 0.0897216644388531*x1 + x4*(0.090084912994254*x1 + 0.0900300178612717*x2 + 15.0458235147508)*log(1.01000000043923/(x4 + 0.0100000001441855))/(0.0900395291389589*x3 + 1)",
        "equation_template": "d(c)/dt = c6**2*x1 + x4*(c2**2 + c3**2*x1 + c4**2*x2)*log((c0**2 + c1**2 + 1.01)/(c1**2 + x4 + 0.01))/(c5**2*x3 + 1)",
        "constants": {
          "c0": -1.717672486807092e-05,
          "c1": -1.2007726113911332e-05,
          "c2": 3.878894625373424,
          "c3": 0.30014148829219534,
          "c4": 0.30005002559785215,
          "c5": 0.30006587466581225,
          "c6": 0.2995357481818373
        }
      }
    },
    "error": ""
  },
  "saved_at": 1784469896.478702
}