{
  "num_islands": 2,
  "current_island": 1,
  "iteration_count": 9,
  "global_best_score": 0.8338934974317685,
  "decay": 0.9,
  "intensity_min": 0.15,
  "intensity_max": 0.5,
  "migration_interval": 15,
  "diversity_strategy_type": "code",
  "use_unified_archive": true,
  "use_adaptive_search": true,
  "use_ucb_selection": true,
  "fixed_intensity": 0.4,
  "adapter": {
    "states": [
      {
        "accumulated_signal": 0.08135238459925863,
        "best_score": 0.8317860639949993,
        "improvement_count": 3,
        "total_evaluations": 6,
        "decay": 0.9,
        "epsilon": 1e-08,
        "intensity_min": 0.15,
        "intensity_max": 0.5
      },
      {
        "accumulated_signal": 0.0813757482614744,
        "best_score": 0.8338934974317685,
        "improvement_count": 2,
        "total_evaluations": 5,
        "decay": 0.9,
        "epsilon": 1e-08,
        "intensity_min": 0.15,
        "intensity_max": 0.5
      }
    ],
    "dimension_visits": [
      6,
      5
    ],
    "dimension_rewards": [
      0.6329075953573383,
      0.04163539596126918
    ],
    "decayed_visits": [
      4.68559,
      4.0951
    ],
    "global_best_score": 0.8338934974317685,
    "ucb_exploration": 1.41,
    "min_visits": 3,
    "decay": 0.9,
    "epsilon": 1e-08
  },
  "island_config_names": [
    "balanced",
    "balanced"
  ],
  "islands": [
    [
      "76b2eb62-cd47-4dcc-8b16-122c46798623",
      "8aceae6c-714e-419f-8493-7333ef6fafb0",
      "43899824-8c0f-49eb-921c-829e371620da",
      "34ca7226-6bba-41ba-9079-ed8e850f5b55",
      "21f04958-ca22-423d-81fc-46afbc53f062",
      "01d57858-e4bf-43e2-95bc-51b055a05099"
    ],
    [
      "c5f9de0e-c0b9-4d68-9709-9d7ad2869085",
      "3fbf2a58-e1b2-4937-8ebb-2797a80111f7",
      "5ddc69c2-5542-49bf-a93e-9e73d793908f",
      "5bced5b5-5f81-4326-b0bd-a1ed723fd7a8",
      "5ecd9a7e-fc27-4fa2-89a1-ec5facc086ef",
      "d96b3b8c-171d-4f2c-86aa-7ae991108498"
    ]
  ],
  "archive_genealogies": [
    {
      "parents": {
        "76b2eb62-cd47-4dcc-8b16-122c46798623": [],
        "8aceae6c-714e-419f-8493-7333ef6fafb0": [
          "76b2eb62-cd47-4dcc-8b16-122c46798623"
        ],
        "43899824-8c0f-49eb-921c-829e371620da": [
          "8aceae6c-714e-419f-8493-7333ef6fafb0"
        ],
        "34ca7226-6bba-41ba-9079-ed8e850f5b55": [
          "76b2eb62-cd47-4dcc-8b16-122c46798623"
        ],
        "21f04958-ca22-423d-81fc-46afbc53f062": [
          "43899824-8c0f-49eb-921c-829e371620da"
        ],
        "01d57858-e4bf-43e2-95bc-51b055a05099": [
          "43899824-8c0f-49eb-921c-829e371620da"
        ]
      },
      "children": {
        "76b2eb62-cd47-4dcc-8b16-122c46798623": [
          "8aceae6c-714e-419f-8493-7333ef6fafb0",
          "34ca7226-6bba-41ba-9079-ed8e850f5b55"
        ],
        "8aceae6c-714e-419f-8493-7333ef6fafb0": [
          "43899824-8c0f-49eb-921c-829e371620da"
        ],
        "43899824-8c0f-49eb-921c-829e371620da": [
          "21f04958-ca22-423d-81fc-46afbc53f062",
          "01d57858-e4bf-43e2-95bc-51b055a05099"
        ]
      }
    },
    {
      "parents": {
        "c5f9de0e-c0b9-4d68-9709-9d7ad2869085": [],
        "3fbf2a58-e1b2-4937-8ebb-2797a80111f7": [
          "c5f9de0e-c0b9-4d68-9709-9d7ad2869085"
        ],
        "5ddc69c2-5542-49bf-a93e-9e73d793908f": [
          "3fbf2a58-e1b2-4937-8ebb-2797a80111f7"
        ],
        "5bced5b5-5f81-4326-b0bd-a1ed723fd7a8": [
          "c5f9de0e-c0b9-4d68-9709-9d7ad2869085"
        ],
        "5ecd9a7e-fc27-4fa2-89a1-ec5facc086ef": [
          "c5f9de0e-c0b9-4d68-9709-9d7ad2869085"
        ],
        "d96b3b8c-171d-4f2c-86aa-7ae991108498": [
          "3fbf2a58-e1b2-4937-8ebb-2797a80111f7"
        ]
      },
      "children": {
        "c5f9de0e-c0b9-4d68-9709-9d7ad2869085": [
          "3fbf2a58-e1b2-4937-8ebb-2797a80111f7",
          "5bced5b5-5f81-4326-b0bd-a1ed723fd7a8",
          "5ecd9a7e-fc27-4fa2-89a1-ec5facc086ef"
        ],
        "3fbf2a58-e1b2-4937-8ebb-2797a80111f7": [
          "5ddc69c2-5542-49bf-a93e-9e73d793908f",
          "d96b3b8c-171d-4f2c-86aa-7ae991108498"
        ]
      }
    }
  ],
  "use_dynamic_islands": true,
  "max_islands": 5,
  "last_spawn_iteration": -30,
  "use_paradigm_breakthrough": true,
  "paradigm_tracker": {
    "window_size": 10,
    "improvement_threshold": 0.12,
    "max_paradigm_uses": 2,
    "max_tried_paradigms": 10,
    "num_paradigms_to_generate": 3,
    "improvement_history": [
      1.0,
      1.0,
      0.0,
      1.0,
      0.0,
      0.0,
      0.0,
      0.0,
      0.0,
      0.0
    ],
    "active_paradigms": [],
    "paradigm_usage_counts": {},
    "current_paradigm_index": 0,
    "tried_paradigms": [],
    "best_score_at_paradigm_gen": 0.0,
    "best_score_during_paradigm": 0.0
  }
}