{
  "num_islands": 2,
  "current_island": 0,
  "iteration_count": 18,
  "global_best_score": 0.9374257467199517,
  "decay": 0.9,
  "intensity_min": 0.15,
  "intensity_max": 0.5,
  "migration_interval": 15,
  "diversity_strategy_type": "code",
  "use_unified_archive": true,
  "use_adaptive_search": true,
  "use_ucb_selection": true,
  "fixed_intensity": 0.4,
  "adapter": {
    "states": [
      {
        "accumulated_signal": 0.13868213547772013,
        "best_score": 0.9374257467199517,
        "improvement_count": 5,
        "total_evaluations": 12,
        "decay": 0.9,
        "epsilon": 1e-08,
        "intensity_min": 0.15,
        "intensity_max": 0.5
      },
      {
        "accumulated_signal": 0.13868213547772013,
        "best_score": 0.9374257467199517,
        "improvement_count": 4,
        "total_evaluations": 11,
        "decay": 0.9,
        "epsilon": 1e-08,
        "intensity_min": 0.15,
        "intensity_max": 0.5
      }
    ],
    "dimension_visits": [
      12,
      11
    ],
    "dimension_rewards": [
      0.7306222900292442,
      0.2813268345229542
    ],
    "decayed_visits": [
      7.175704635190001,
      6.861894039100001
    ],
    "global_best_score": 0.9374257467199517,
    "ucb_exploration": 1.41,
    "min_visits": 3,
    "decay": 0.9,
    "epsilon": 1e-08
  },
  "island_config_names": [
    "balanced",
    "balanced"
  ],
  "islands": [
    [
      "120f5dd8-b1e4-4813-bbe0-1e52821980d7",
      "8c00e03c-7d18-44f1-8c7e-c22ade3518ec",
      "f6555eb3-2655-43ce-973e-30c4e22d94a0",
      "c07a8d86-5b93-4497-a754-256276277115",
      "4db21a4a-cf9a-4132-a35e-a0e4ba1ff9c0",
      "0e7873ae-71ff-4329-ab08-eb16d65d832c",
      "fb2557af-84bd-49c9-91b5-fe6a2ebe96e1",
      "6f668cc6-6bfd-430f-88d9-9360c10f51bd",
      "3fb1af0e-0f29-4f0f-bcac-cd09dc738a40",
      "8c983b61-1dd2-40ba-a1fe-45e0c6c0bd84",
      "d20cd7fa-b90b-4939-b620-0829ef4ab85e",
      "c70c3a39-a355-4073-a1c9-243b9f1e6c00",
      "528853d0-935a-4687-aea0-e746d93d8526",
      "e685d547-d5c8-425d-8b96-d8e83f828f77",
      "46f00f59-2518-43cd-9a7d-80e5bdb8172d"
    ],
    [
      "e56cf239-629d-48ea-a7d2-f04108c84fb2",
      "ec672760-56b7-41a6-bbe2-9d26734027f4",
      "f1e13c62-4966-4d3e-8f37-cc145f68e3f6",
      "2b6f3773-5c11-4221-a885-d16b7e49e951",
      "2336e731-08a0-45e7-b550-fbc880b88dfb",
      "1d9b98b0-5ffb-4fe5-8e67-09df3314c9d0",
      "112a9bbf-b9ac-4f79-956b-ef2885a0a8a4",
      "1ef6153b-b133-4fb6-90b4-721ffde49ef3",
      "21163574-4a5b-4002-8201-597bd3a7ffc0",
      "8ea3ab26-9841-4a05-bb55-939bbe74df63",
      "ab44606d-bcbc-4af1-9e6b-1fec19e5a305",
      "195268bc-2736-4c09-98ea-f1119f0ae2b5"
    ]
  ],
  "archive_genealogies": [
    {
      "parents": {
        "120f5dd8-b1e4-4813-bbe0-1e52821980d7": [],
        "8c00e03c-7d18-44f1-8c7e-c22ade3518ec": [
          "120f5dd8-b1e4-4813-bbe0-1e52821980d7"
        ],
        "f6555eb3-2655-43ce-973e-30c4e22d94a0": [
          "120f5dd8-b1e4-4813-bbe0-1e52821980d7"
        ],
        "c07a8d86-5b93-4497-a754-256276277115": [
          "f6555eb3-2655-43ce-973e-30c4e22d94a0"
        ],
        "4db21a4a-cf9a-4132-a35e-a0e4ba1ff9c0": [
          "f6555eb3-2655-43ce-973e-30c4e22d94a0"
        ],
        "0e7873ae-71ff-4329-ab08-eb16d65d832c": [
          "f6555eb3-2655-43ce-973e-30c4e22d94a0"
        ],
        "fb2557af-84bd-49c9-91b5-fe6a2ebe96e1": [
          "4db21a4a-cf9a-4132-a35e-a0e4ba1ff9c0"
        ],
        "6f668cc6-6bfd-430f-88d9-9360c10f51bd": [
          "4db21a4a-cf9a-4132-a35e-a0e4ba1ff9c0"
        ],
        "3fb1af0e-0f29-4f0f-bcac-cd09dc738a40": [
          "112a9bbf-b9ac-4f79-956b-ef2885a0a8a4"
        ],
        "8c983b61-1dd2-40ba-a1fe-45e0c6c0bd84": [
          "112a9bbf-b9ac-4f79-956b-ef2885a0a8a4"
        ],
        "d20cd7fa-b90b-4939-b620-0829ef4ab85e": [
          "f1e13c62-4966-4d3e-8f37-cc145f68e3f6"
        ],
        "c70c3a39-a355-4073-a1c9-243b9f1e6c00": [
          "2b6f3773-5c11-4221-a885-d16b7e49e951"
        ],
        "528853d0-935a-4687-aea0-e746d93d8526": [
          "3fb1af0e-0f29-4f0f-bcac-cd09dc738a40"
        ],
        "e685d547-d5c8-425d-8b96-d8e83f828f77": [
          "3fb1af0e-0f29-4f0f-bcac-cd09dc738a40"
        ],
        "46f00f59-2518-43cd-9a7d-80e5bdb8172d": [
          "3fb1af0e-0f29-4f0f-bcac-cd09dc738a40"
        ]
      },
      "children": {
        "120f5dd8-b1e4-4813-bbe0-1e52821980d7": [
          "8c00e03c-7d18-44f1-8c7e-c22ade3518ec",
          "f6555eb3-2655-43ce-973e-30c4e22d94a0"
        ],
        "f6555eb3-2655-43ce-973e-30c4e22d94a0": [
          "c07a8d86-5b93-4497-a754-256276277115",
          "4db21a4a-cf9a-4132-a35e-a0e4ba1ff9c0",
          "0e7873ae-71ff-4329-ab08-eb16d65d832c"
        ],
        "4db21a4a-cf9a-4132-a35e-a0e4ba1ff9c0": [
          "fb2557af-84bd-49c9-91b5-fe6a2ebe96e1",
          "6f668cc6-6bfd-430f-88d9-9360c10f51bd"
        ],
        "112a9bbf-b9ac-4f79-956b-ef2885a0a8a4": [
          "3fb1af0e-0f29-4f0f-bcac-cd09dc738a40",
          "8c983b61-1dd2-40ba-a1fe-45e0c6c0bd84"
        ],
        "f1e13c62-4966-4d3e-8f37-cc145f68e3f6": [
          "d20cd7fa-b90b-4939-b620-0829ef4ab85e"
        ],
        "2b6f3773-5c11-4221-a885-d16b7e49e951": [
          "c70c3a39-a355-4073-a1c9-243b9f1e6c00"
        ],
        "3fb1af0e-0f29-4f0f-bcac-cd09dc738a40": [
          "528853d0-935a-4687-aea0-e746d93d8526",
          "e685d547-d5c8-425d-8b96-d8e83f828f77",
          "46f00f59-2518-43cd-9a7d-80e5bdb8172d"
        ]
      }
    },
    {
      "parents": {
        "e56cf239-629d-48ea-a7d2-f04108c84fb2": [],
        "ec672760-56b7-41a6-bbe2-9d26734027f4": [
          "e56cf239-629d-48ea-a7d2-f04108c84fb2"
        ],
        "f1e13c62-4966-4d3e-8f37-cc145f68e3f6": [
          "ec672760-56b7-41a6-bbe2-9d26734027f4"
        ],
        "2b6f3773-5c11-4221-a885-d16b7e49e951": [
          "e56cf239-629d-48ea-a7d2-f04108c84fb2"
        ],
        "2336e731-08a0-45e7-b550-fbc880b88dfb": [
          "e56cf239-629d-48ea-a7d2-f04108c84fb2"
        ],
        "1d9b98b0-5ffb-4fe5-8e67-09df3314c9d0": [
          "f1e13c62-4966-4d3e-8f37-cc145f68e3f6"
        ],
        "112a9bbf-b9ac-4f79-956b-ef2885a0a8a4": [
          "2b6f3773-5c11-4221-a885-d16b7e49e951"
        ],
        "1ef6153b-b133-4fb6-90b4-721ffde49ef3": [
          "1d9b98b0-5ffb-4fe5-8e67-09df3314c9d0"
        ],
        "21163574-4a5b-4002-8201-597bd3a7ffc0": [
          "3fb1af0e-0f29-4f0f-bcac-cd09dc738a40"
        ],
        "8ea3ab26-9841-4a05-bb55-939bbe74df63": [
          "4db21a4a-cf9a-4132-a35e-a0e4ba1ff9c0"
        ],
        "ab44606d-bcbc-4af1-9e6b-1fec19e5a305": [
          "0e7873ae-71ff-4329-ab08-eb16d65d832c"
        ],
        "195268bc-2736-4c09-98ea-f1119f0ae2b5": [
          "3fb1af0e-0f29-4f0f-bcac-cd09dc738a40"
        ]
      },
      "children": {
        "e56cf239-629d-48ea-a7d2-f04108c84fb2": [
          "ec672760-56b7-41a6-bbe2-9d26734027f4",
          "2b6f3773-5c11-4221-a885-d16b7e49e951",
          "2336e731-08a0-45e7-b550-fbc880b88dfb"
        ],
        "ec672760-56b7-41a6-bbe2-9d26734027f4": [
          "f1e13c62-4966-4d3e-8f37-cc145f68e3f6"
        ],
        "f1e13c62-4966-4d3e-8f37-cc145f68e3f6": [
          "1d9b98b0-5ffb-4fe5-8e67-09df3314c9d0"
        ],
        "2b6f3773-5c11-4221-a885-d16b7e49e951": [
          "112a9bbf-b9ac-4f79-956b-ef2885a0a8a4"
        ],
        "1d9b98b0-5ffb-4fe5-8e67-09df3314c9d0": [
          "1ef6153b-b133-4fb6-90b4-721ffde49ef3"
        ],
        "3fb1af0e-0f29-4f0f-bcac-cd09dc738a40": [
          "21163574-4a5b-4002-8201-597bd3a7ffc0",
          "195268bc-2736-4c09-98ea-f1119f0ae2b5"
        ],
        "4db21a4a-cf9a-4132-a35e-a0e4ba1ff9c0": [
          "8ea3ab26-9841-4a05-bb55-939bbe74df63"
        ],
        "0e7873ae-71ff-4329-ab08-eb16d65d832c": [
          "ab44606d-bcbc-4af1-9e6b-1fec19e5a305"
        ]
      }
    }
  ],
  "use_dynamic_islands": true,
  "max_islands": 5,
  "last_spawn_iteration": -30,
  "use_paradigm_breakthrough": true,