{
  "num_islands": 4,
  "current_island": 2,
  "iteration_count": 10,
  "global_best_score": 0.9564549547393769,
  "decay": 0.9,
  "intensity_min": 0.15,
  "intensity_max": 0.5,
  "migration_interval": 15,
  "diversity_strategy_type": "code",
  "use_unified_archive": true,
  "use_adaptive_search": true,
  "use_ucb_selection": true,
  "fixed_intensity": 0.4,
  "adapter": {
    "states": [
      {
        "accumulated_signal": 0.09000069908102559,
        "best_score": 0.9564549547393769,
        "improvement_count": 2,
        "total_evaluations": 10,
        "decay": 0.9,
        "epsilon": 1e-08,
        "intensity_min": 0.15,
        "intensity_max": 0.5
      },
      {
        "accumulated_signal": 0.0810001505333831,
        "best_score": 0.9553233003848698,
        "improvement_count": 2,
        "total_evaluations": 3,
        "decay": 0.9,
        "epsilon": 1e-08,
        "intensity_min": 0.15,
        "intensity_max": 0.5
      },
      {
        "accumulated_signal": 0.08100034284433934,
        "best_score": 0.9558577423206697,
        "improvement_count": 2,
        "total_evaluations": 4,
        "decay": 0.9,
        "epsilon": 1e-08,
        "intensity_min": 0.15,
        "intensity_max": 0.5
      },
      {
        "accumulated_signal": 0.09000016629336853,
        "best_score": 0.9553114205620945,
        "improvement_count": 1,
        "total_evaluations": 3,
        "decay": 0.9,
        "epsilon": 1e-08,
        "intensity_min": 0.15,
        "intensity_max": 0.5
      }
    ],
    "dimension_visits": [
      10,
      3,
      4,
      3
    ],
    "dimension_rewards": [
      0.38855865034801124,
      0.0010567526974679523,
      0.002135318246505859,
      0.00104194129327578
    ],
    "decayed_visits": [
      6.5132155990000005,
      2.71,
      3.439,
      2.71
    ],
    "global_best_score": 0.9564549547393769,
    "ucb_exploration": 1.41,
    "min_visits": 3,
    "decay": 0.9,
    "epsilon": 1e-08
  },
  "island_config_names": [
    "balanced",
    "balanced",
    "balanced",
    "balanced"
  ],
  "islands": [
    [
      "d583c1cf-a0ac-452a-a433-4e8d738b9764",
      "f83bb125-3795-4e6f-945a-f25b4d6d8c4f",
      "79f5e893-8f61-4658-9a5d-a337c10ae660",
      "702ad8c4-e696-4cb8-9684-ce12b13aff91",
      "8f067e99-e290-44bf-be73-0a11e3b4aded",
      "c2b45d7f-a3d9-4b81-9536-6a3d00e0e5c9",
      "fbd8ebed-02bd-4160-b5bc-89695be6eda9",
      "420ea3c5-ebaf-48ad-be82-1071cb8695c8",
      "c5c3b51b-e278-4126-9217-ef48fee793ad",
      "53d28345-70aa-4c6f-bf65-1f546f3424f2"
    ],
    [
      "8f67923f-6e8a-4b4a-b73e-5866d076e2ec",
      "d2c3bebc-ed2f-476d-812f-4a853dded88e",
      "71d4f4c9-fb6a-4ad8-965e-91ece0487bbb",
      "dd4a77b0-c551-41a4-b1b0-417080bc5ce9",
      "6b4faff4-f9a2-474e-88bd-3cada9da273e",
      "66546b62-eba8-4fa2-9ae0-42c809ebca2a",
      "c98de186-ecf9-42be-9f49-341723c4f843",
      "4ecd431d-3184-4aef-b50c-fa428b7ccfe3"
    ],
    [
      "e16faa0a-5bb8-4eae-9d52-d53c03b183f5",
      "a5cead6f-3e67-4a41-b65c-035e80c462ae",
      "74dd9217-56d9-4fa3-85fb-22a4c6fdf726",
      "cf8e12d6-ff58-454d-9653-e5e2d8aba7a6",
      "abc50402-054b-42e2-a003-61163ab42390",
      "21b61733-61d0-4e49-8b20-a2772b150026",
      "bb30949f-80bd-4f0c-b12c-bb2788e2d353",
      "60908677-dc42-4379-9276-9e916cb1aa06",
      "4ae53f4f-1a32-46fa-bdd8-34042c506fa7",
      "773ed976-62d4-432d-bdb1-0d92b75eb14d"
    ],
    [
      "efa8ae27-d80a-41f6-886d-4bbcbf01b3e6",
      "9a5e5c8c-1f0a-4a9d-84f9-d3f952d7d208",
      "09238b51-c34a-4c51-92b7-294679ee985a",
      "10e1e9c3-4f0f-422b-a65b-b54200404e36",
      "b0d26321-23b7-4757-808a-832123f07104",
      "e33f9aa3-22ec-4ba2-a517-e660ef2392da",
      "05054129-18ed-45a8-a81b-0b020606b95e",
      "000960e4-0f6b-46f4-9111-5bd4ae1d6e78"
    ]
  ],
  "archive_genealogies": [
    {
      "parents": {
        "d583c1cf-a0ac-452a-a433-4e8d738b9764": [],
        "f83bb125-3795-4e6f-945a-f25b4d6d8c4f": [],
        "79f5e893-8f61-4658-9a5d-a337c10ae660": [],
        "702ad8c4-e696-4cb8-9684-ce12b13aff91": [],
        "8f067e99-e290-44bf-be73-0a11e3b4aded": [],
        "c2b45d7f-a3d9-4b81-9536-6a3d00e0e5c9": [],
        "fbd8ebed-02bd-4160-b5bc-89695be6eda9": [],
        "420ea3c5-ebaf-48ad-be82-1071cb8695c8": [],
        "c5c3b51b-e278-4126-9217-ef48fee793ad": [],
        "53d28345-70aa-4c6f-bf65-1f546f3424f2": [
          "d583c1cf-a0ac-452a-a433-4e8d738b9764"
        ]
      },
      "children": {
        "d583c1cf-a0ac-452a-a433-4e8d738b9764": [
          "53d28345-70aa-4c6f-bf65-1f546f3424f2"
        ]
      }
    },
    {
      "parents": {
        "8f67923f-6e8a-4b4a-b73e-5866d076e2ec": [],
        "d2c3bebc-ed2f-476d-812f-4a853dded88e": [],
        "71d4f4c9-fb6a-4ad8-965e-91ece0487bbb": [],
        "dd4a77b0-c551-41a4-b1b0-417080bc5ce9": [],
        "6b4faff4-f9a2-474e-88bd-3cada9da273e": [],
        "66546b62-eba8-4fa2-9ae0-42c809ebca2a": [
          "8f67923f-6e8a-4b4a-b73e-5866d076e2ec"
        ],
        "c98de186-ecf9-42be-9f49-341723c4f843": [
          "6b4faff4-f9a2-474e-88bd-3cada9da273e"
        ],
        "4ecd431d-3184-4aef-b50c-fa428b7ccfe3": [
          "c98de186-ecf9-42be-9f49-341723c4f843"
        ]
      },
      "children": {
        "8f67923f-6e8a-4b4a-b73e-5866d076e2ec": [
          "66546b62-eba8-4fa2-9ae0-42c809ebca2a"
        ],
        "6b4faff4-f9a2-474e-88bd-3cada9da273e": [
          "c98de186-ecf9-42be-9f49-341723c4f843"
        ],
        "c98de186-ecf9-42be-9f49-341723c4f843": [
          "4ecd431d-3184-4aef-b50c-fa428b7ccfe3"
        ]
      }
    },
    {
      "parents": {
        "e16faa0a-5bb8-4eae-9d52-d53c03b183f5": [],
        "a5cead6f-3e67-4a41-b65c-035e80c462ae": [],
        "74dd9217-56d9-4fa3-85fb-22a4c6fdf726": [],
        "cf8e12d6-ff58-454d-9653-e5e2d8aba7a6": [],
        "abc50402-054b-42e2-a003-61163ab42390": [],
        "21b61733-61d0-4e49-8b20-a2772b150026": [],
        "bb30949f-80bd-4f0c-b12c-bb2788e2d353": [
          "e16faa0a-5bb8-4eae-9d52-d53c03b183f5"
        ],
        "60908677-dc42-4379-9276-9e916cb1aa06": [
          "bb30949f-80bd-4f0c-b12c-bb2788e2d353"
        ],
        "4ae53f4f-1a32-46fa-bdd8-34042c506fa7": [
          "bb30949f-80bd-4f0c-b12c-bb2788e2d353"
        ],
        "773ed976-62d4-432d-bdb1-0d92b75eb14d": [
          "bb30949f-80bd-4f0c-b12c-bb2788e2d353"
        ]
      },
      "children": {
        "e16faa0a-5bb8-4eae-9d52-d53c03b183f5": [
          "bb30949f-80bd-4f0c-b12c-bb2788e2d353"
        ],
        "bb30949f-80bd-4f0c-b12c-bb2788e2d353": [
          "60908677-dc42-4379-9276-9e916cb1aa06",
          "4ae53f4f-1a32-46fa-bdd8-34042c506fa7",
          "773ed976-62d4-432d-bdb1-0d92b75eb14d"
        ]
      }
    },
    {
      "parents": {
        "efa8ae27-d80a-41f6-886d-4bbcbf01b3e6": [],
        "9a5e5c8c-1f0a-4a9d-84f9-d3f952d7d208": [],
        "09238b51-c34a-4c51-92b7-294679ee985a": [],
        "10e1e9c3-4f0f-422b-a65b-b54200404e36": [],
        "b0d26321-23b7-4757-808a-832123f07104": [],
        "e33f9aa3-22ec-4ba2-a517-e660ef2392da": [
          "efa8ae27-d80a-41f6-886d-4bbcbf01b3e6"
        ],
        "05054129-18ed-45a8-a81b-0b020606b95e": [
          "efa8ae27-d80a-41f6-886d-4bbcbf01b3e6"
        ],
        "000960e4-0f6b-46f4-9111-5bd4ae1d6e78": [
          "e33f9aa3-22ec-4ba2-a517-e660ef2392da"
        ]
      },
      "children": {
        "efa8ae27-d80a-41f6-886d-4bbcbf01b3e6": [
          "e33f9aa3-22ec-4ba2-a517-e660ef2392da",
          "05054129-18ed-45a8-a81b-0b020606b95e"
        ],
        "e33f9aa3-22ec-4ba2-a517-e660ef2392da": [
          "000960e4-0f6b-46f4-9111-5bd4ae1d6e78"
        ]
      }
    }
  ],
  "use_dynamic_islands": true,
  "max_islands": 5,
  "last_spawn_iteration": -30,
  "use_paradigm_breakthrough": true,
  "paradigm_tracker": {
    "window_size": 10,
    "improvement_threshold": 0.12,
    "max_paradigm_uses": 2,
    "max_tried_paradigms": 10,
    "num_paradigms_to_generate": 3,