{
  "program_id": "773ed976-62d4-432d-bdb1-0d92b75eb14d",
  "iteration_found": 11,
  "dataset": "Abeta42/inhibition_constraints",
  "plot": "outputs_diff_inhibited_norm/adaevolve/disease_relevant_inhibited_all_normalized_ode_0720_0232/checkpoints/checkpoint_11/iteration_11_best_validation_curves.svg",
  "metrics": {
    "equation": "d(c)/dt = (-x4 + 0.972864471482671/(1.04343045193181e-10*x3 + 1))*(15.2945541853627*x1*x4/(0.407371203838801*x1*x3 + 0.599652500194659*x3 + 1) + 5.64922814311956e-10*x1/(0.407371203838801*x1*x3 + 0.599652500194659*x3 + 1) + 2.32210577606708*x2 + 5.05371299353058*x4 + 6.44244354966444e-11)/(5.30050143327697e-9*x3*x4 + 1)",
    "loss": 0.04618078164242313,
    "nmse_train": 0.010703819209115398,
    "nmse_val": 0.00451751614321468,
    "mean_nmse_val": 0.00451751614321468,
    "mean_raw_nmse_val": 0.00451751614321468,
    "scored_loss_val": 0.04618078164242313,
    "mean_scored_loss_val": 0.04618078164242313,
    "shape_loss_val": 0.1711705781400485,
    "shape_loss_weight": 0.25,
    "heldout_curve_nmse": 0.00451751614321468,
    "heldout_curve_scored_loss": 0.04618078164242313,
    "heldout_curve_shape_loss": 0.1711705781400485,
    "eval_only_nmse": NaN,
    "eval_only_scored_loss": NaN,
    "eval_only_shape_loss": NaN,
    "combined_score": 0.9558577423206697,
    "fit_score": 0.9558577423206697,
    "eval_time": 39.09789800643921,
    "n_datasets": 1,
    "n_successful": 1,
    "eval_workers": 8,
    "hard_cases": [
      {
        "dataset": "Abeta42/inhibition_constraints",
        "scored_loss_val": 0.04618078164242313,
        "nmse_val": 0.00451751614321468,
        "shape_loss_val": 0.1711705781400485,
        "evaluation_only": false
      }
    ],
    "hard_case_feedback": "Abeta42/inhibition_constraints scored=0.04618 (nmse=0.004518, shape=0.1712)",
    "validation_semantics_feedback": "heldout_curve_scored_loss=0.04618, heldout_curve_nmse=0.004518, heldout_curve_shape=0.1712; eval_only_fit_score_scored_loss=nan, eval_only_nmse=nan, eval_only_shape=nan",
    "per_dataset": {
      "Abeta42/inhibition_constraints": {
        "nmse_train": 0.010703819209115398,
        "nmse_val": 0.00451751614321468,
        "shape_loss_val": 0.1711705781400485,
        "scored_loss_val": 0.04618078164242313,
        "n_val_points": 1805,
        "evaluation_only": false,
        "combined_score": 0.9558577423206697,
        "equation": "d(c)/dt = (-x4 + 0.972864471482671/(1.04343045193181e-10*x3 + 1))*(15.2945541853627*x1*x4/(0.407371203838801*x1*x3 + 0.599652500194659*x3 + 1) + 5.64922814311956e-10*x1/(0.407371203838801*x1*x3 + 0.599652500194659*x3 + 1) + 2.32210577606708*x2 + 5.05371299353058*x4 + 6.44244354966444e-11)/(5.30050143327697e-9*x3*x4 + 1)",
        "equation_template": "d(c)/dt = (c0/(c9**2*x3 + 1) - x4)*(c3**2 + c4**2*x1/(c1**2*x3 + c2**2*x1*x3 + 1) + c5**2*x2 + c6**2*x1*x4/(c1**2*x3 + c2**2*x1*x3 + 1) + c7**2*x4)/(c8**2*x3*x4 + 1)",
        "constants": {
          "c0": 0.9728644714826711,
          "c1": 0.7743723265940349,
          "c2": 0.6382563778285344,
          "c3": -8.026483382942022e-06,
          "c4": 2.3768104979403714e-05,
          "c5": 1.5238457192468913,
          "c6": 3.910825256306225,
          "c7": 2.248046483845604,
          "c8": 7.280454266923851e-05,
          "c9": -1.021484435481915e-05
        }
      }
    },
    "error": ""
  },
  "saved_at": 1784496229.95788
}