{
  "program_id": "ae5f6d22-bbee-4859-9faf-ff2296927580",
  "iteration_found": 16,
  "dataset": "Abeta42/inhibition_constraints",
  "plot": "outputs_diff_inhibited_norm/adaevolve/disease_relevant_inhibited_all_normalized_ode_0720_0022/checkpoints/checkpoint_16/iteration_16_best_validation_curves.svg",
  "metrics": {
    "equation": "d(c)/dt = (0.960601550714136 - x4)*(19.174542964153*x1*x4*(0.150846323410366*x2 + 1)*(0.150846323410366*x4 + 1)/(0.172559276992978*x1*x3 + 1.36401221327021*x3 + 1) + 1.34287705732435e-7*x1 + 2.74980929716289*x2 + 2.04855191896052e-7)",
    "loss": 0.09643919433532797,
    "nmse_train": 0.010434173713710729,
    "nmse_val": 0.05075838649907951,
    "mean_nmse_val": 0.05075838649907951,
    "mean_raw_nmse_val": 0.05075838649907951,
    "scored_loss_val": 0.09643919433532797,
    "mean_scored_loss_val": 0.09643919433532797,
    "shape_loss_val": 0.23348161784407337,
    "shape_loss_weight": 0.25,
    "heldout_curve_nmse": 0.05075838649907951,
    "heldout_curve_scored_loss": 0.09643919433532797,
    "heldout_curve_shape_loss": 0.23348161784407337,
    "eval_only_nmse": NaN,
    "eval_only_scored_loss": NaN,
    "eval_only_shape_loss": NaN,
    "combined_score": 0.9120432808006372,
    "fit_score": 0.9120432808006372,
    "eval_time": 11.733522891998291,
    "n_datasets": 1,
    "n_successful": 1,
    "eval_workers": 8,
    "hard_cases": [
      {
        "dataset": "Abeta42/inhibition_constraints",
        "scored_loss_val": 0.09643919433532797,
        "nmse_val": 0.05075838649907951,
        "shape_loss_val": 0.23348161784407337,
        "evaluation_only": false
      }
    ],
    "hard_case_feedback": "Abeta42/inhibition_constraints scored=0.09644 (nmse=0.05076, shape=0.2335)",
    "validation_semantics_feedback": "heldout_curve_scored_loss=0.09644, heldout_curve_nmse=0.05076, heldout_curve_shape=0.2335; eval_only_fit_score_scored_loss=nan, eval_only_nmse=nan, eval_only_shape=nan",
    "per_dataset": {
      "Abeta42/inhibition_constraints": {
        "nmse_train": 0.010434173713710729,
        "nmse_val": 0.05075838649907951,
        "shape_loss_val": 0.23348161784407337,
        "scored_loss_val": 0.09643919433532797,
        "n_val_points": 3610,
        "evaluation_only": false,
        "combined_score": 0.9120432808006372,
        "equation": "d(c)/dt = (0.960601550714136 - x4)*(19.174542964153*x1*x4*(0.150846323410366*x2 + 1)*(0.150846323410366*x4 + 1)/(0.172559276992978*x1*x3 + 1.36401221327021*x3 + 1) + 1.34287705732435e-7*x1 + 2.74980929716289*x2 + 2.04855191896052e-7)",
        "equation_template": "d(c)/dt = (c0 - x4)*(c3**2 + c4**2*x1 + c5**2*x2 + c6**2*x1*x4*(c7**2*x2 + 1)*(c7**2*x4 + 1)/(c1**2*x3 + c2**2*x1*x3 + 1))",
        "constants": {
          "c0": 0.960601550714136,
          "c1": 1.1679093343535731,
          "c2": 0.4154025481300978,
          "c3": -0.0004526093148578056,
          "c4": -0.00036645286972874857,
          "c5": 1.658254895111995,
          "c6": 4.3788746230227975,
          "c7": 0.3883893966245298
        }
      }
    },
    "error": ""
  },
  "saved_at": 1784489315.063693
}