{
  "program_id": "7d6bab30-8b93-4667-a1aa-eb291b7005ba",
  "iteration_found": 21,
  "dataset": "Abeta42/inhibition_constraints",
  "plot": "outputs_diff_inhibited_norm/adaevolve/disease_relevant_inhibited_all_normalized_ode_0720_0232/checkpoints/checkpoint_21/iteration_21_best_validation_curves.svg",
  "metrics": {
    "equation": "d(c)/dt = (0.971334645116139 - x4)*(8.50550128362267e-9*x1/(1.39812513286971*x3 + 1) + 1.45605311051145*x2 + (15.0926285927501*x1*x4/(1.39812513286971*x3 + 1) + 9.97072959559192*x4**2)/(2.97972638958457e-8*x3**2*x4 + 1.37404335462266e-8*x3*x4 + 1) + 6.976962626538e-9)",
    "loss": 0.04586959738767334,
    "nmse_train": 0.010000429610562684,
    "nmse_val": 0.0038275267063207995,
    "mean_nmse_val": 0.0038275267063207995,
    "mean_raw_nmse_val": 0.0038275267063207995,
    "scored_loss_val": 0.04586959738767334,
    "mean_scored_loss_val": 0.04586959738767334,
    "shape_loss_val": 0.17199580943173098,
    "shape_loss_weight": 0.25,
    "heldout_curve_nmse": 0.0038275267063207995,
    "heldout_curve_scored_loss": 0.04586959738767334,
    "heldout_curve_shape_loss": 0.17199580943173098,
    "eval_only_nmse": NaN,
    "eval_only_scored_loss": NaN,
    "eval_only_shape_loss": NaN,
    "combined_score": 0.9561421447738376,
    "fit_score": 0.9561421447738376,
    "eval_time": 33.36689805984497,
    "n_datasets": 1,
    "n_successful": 1,
    "eval_workers": 8,
    "hard_cases": [
      {
        "dataset": "Abeta42/inhibition_constraints",
        "scored_loss_val": 0.04586959738767334,
        "nmse_val": 0.0038275267063207995,
        "shape_loss_val": 0.17199580943173098,
        "evaluation_only": false
      }
    ],
    "hard_case_feedback": "Abeta42/inhibition_constraints scored=0.04587 (nmse=0.003828, shape=0.172)",
    "validation_semantics_feedback": "heldout_curve_scored_loss=0.04587, heldout_curve_nmse=0.003828, heldout_curve_shape=0.172; eval_only_fit_score_scored_loss=nan, eval_only_nmse=nan, eval_only_shape=nan",
    "per_dataset": {
      "Abeta42/inhibition_constraints": {
        "nmse_train": 0.010000429610562684,
        "nmse_val": 0.0038275267063207995,
        "shape_loss_val": 0.17199580943173098,
        "scored_loss_val": 0.04586959738767334,
        "n_val_points": 1805,
        "evaluation_only": false,
        "combined_score": 0.9561421447738376,
        "equation": "d(c)/dt = (0.971334645116139 - x4)*(8.50550128362267e-9*x1/(1.39812513286971*x3 + 1) + 1.45605311051145*x2 + (15.0926285927501*x1*x4/(1.39812513286971*x3 + 1) + 9.97072959559192*x4**2)/(2.97972638958457e-8*x3**2*x4 + 1.37404335462266e-8*x3*x4 + 1) + 6.976962626538e-9)",
        "equation_template": "d(c)/dt = (c0 - x4)*(c2**2 + c3**2*x1/(c1**2*x3 + 1) + c4**2*x2 + (c5**2*x1*x4/(c1**2*x3 + 1) + c6**2*x4**2)/(c7**2*x3*x4 + c8**2*x3**2*x4 + 1))",
        "constants": {
          "c0": 0.9713346451161393,
          "c1": 1.1824234152238844,
          "c2": -8.352821455375424e-05,
          "c3": 9.22252746465017e-05,
          "c4": 1.2066702575730648,
          "c5": 3.884923241551892,
          "c6": 3.1576462112769885,
          "c7": -0.00011721959540207693,
          "c8": -0.0001726188399215035
        }
      }
    },
    "error": ""
  },
  "saved_at": 1784497151.6021729
}