{
  "program_id": "86c37be4-8102-4bc6-a2c2-3b4d65b022e0",
  "iteration_found": 27,
  "dataset": "Abeta42/inhibition_constraints",
  "plot": "outputs_diff_inhibited_norm/adaevolve/disease_relevant_inhibited_all_normalized_ode_0720_0022/checkpoints/checkpoint_27/iteration_27_best_validation_curves.svg",
  "metrics": {
    "equation": "d(c)/dt = (x4 + 1.89870092127722e-10)*(5.35724997023626*x1*(1.26201621922586*x2 + 1) + 4.33214508158698*x1 + 1.26201621922586*x2 + 0.786221767568883)*log(1.00100021251352/(x4 + 0.001))/(0.467198642044758*x3*x4 + 1.50260172081269*x3 + 1)",
    "loss": 0.11962157552724977,
    "nmse_train": 0.05053796424707927,
    "nmse_val": 0.08433693007557029,
    "mean_nmse_val": 0.08433693007557029,
    "mean_raw_nmse_val": 0.08433693007557029,
    "scored_loss_val": 0.11962157552724977,
    "mean_scored_loss_val": 0.11962157552724977,
    "shape_loss_val": 0.22547551188228826,
    "shape_loss_weight": 0.25,
    "heldout_curve_nmse": 0.08433693007557029,
    "heldout_curve_scored_loss": 0.11962157552724977,
    "heldout_curve_shape_loss": 0.22547551188228826,
    "eval_only_nmse": NaN,
    "eval_only_scored_loss": NaN,
    "eval_only_shape_loss": NaN,
    "combined_score": 0.893158922494935,
    "fit_score": 0.893158922494935,
    "eval_time": 99.65605592727661,
    "n_datasets": 1,
    "n_successful": 1,
    "eval_workers": 8,
    "hard_cases": [
      {
        "dataset": "Abeta42/inhibition_constraints",
        "scored_loss_val": 0.11962157552724978,
        "nmse_val": 0.08433693007557029,
        "shape_loss_val": 0.22547551188228826,
        "evaluation_only": false
      }
    ],
    "hard_case_feedback": "Abeta42/inhibition_constraints scored=0.1196 (nmse=0.08434, shape=0.2255)",
    "validation_semantics_feedback": "heldout_curve_scored_loss=0.1196, heldout_curve_nmse=0.08434, heldout_curve_shape=0.2255; eval_only_fit_score_scored_loss=nan, eval_only_nmse=nan, eval_only_shape=nan",
    "per_dataset": {
      "Abeta42/inhibition_constraints": {
        "nmse_train": 0.05053796424707927,
        "nmse_val": 0.08433693007557029,
        "shape_loss_val": 0.22547551188228826,
        "scored_loss_val": 0.11962157552724978,
        "n_val_points": 3610,
        "evaluation_only": false,
        "combined_score": 0.893158922494935,
        "equation": "d(c)/dt = (x4 + 1.89870092127722e-10)*(5.35724997023626*x1*(1.26201621922586*x2 + 1) + 4.33214508158698*x1 + 1.26201621922586*x2 + 0.786221767568883)*log(1.00100021251352/(x4 + 0.001))/(0.467198642044758*x3*x4 + 1.50260172081269*x3 + 1)",
        "equation_template": "d(c)/dt = (c1**2 + x4)*(c2**2 + c3**2*x1 + c4**2*x2 + c5**2*x1*(c4**2*x2 + 1))*log((c0**2 + 1.001)/(x4 + 0.001))/(c6**2*x3 + c7**2*x3*x4 + 1)",
        "constants": {
          "c0": 0.00046099188776811825,
          "c1": -1.3779335692540542e-05,
          "c2": 0.8866914725928536,
          "c3": 2.0813805710602242,
          "c4": 1.1233949524659008,
          "c5": 2.3145733883885073,
          "c6": 1.225806559295834,
          "c7": 0.6835193062706847
        }
      }
    },
    "error": ""
  },
  "saved_at": 1784490710.363828
}