{
  "program_id": "358d85e9-f5c3-4589-9d57-15771c728e12",
  "iteration_found": 7,
  "dataset": "Abeta42/inhibition_constraints",
  "plot": "outputs_diff_inhibited_norm/adaevolve/disease_relevant_inhibited_all_normalized_ode_0719_1838/checkpoints/checkpoint_7/iteration_7_best_validation_curves.svg",
  "metrics": {
    "equation": "d(c)/dt = (0.91903491140888 - x4)*(47140022.3228249*x1*x4**2/(19514.1740313336*x3*x4 + 3540546.71528119*x3 + 1) + 232671.934532114*x1 + 5190834.37542715*x2 + 1.00265673676948)",
    "loss": 0.15579774150623477,
    "nmse_train": 0.06067004511020946,
    "nmse_val": 0.10970428523517031,
    "mean_nmse_val": 0.10970428523517031,
    "mean_raw_nmse_val": 0.10970428523517031,
    "scored_loss_val": 0.15579774150623477,
    "mean_scored_loss_val": 0.15579774150623477,
    "shape_loss_val": 0.2940781103194281,
    "shape_loss_weight": 0.25,
    "heldout_curve_nmse": 0.10970428523517031,
    "heldout_curve_scored_loss": 0.15579774150623477,
    "heldout_curve_shape_loss": 0.2940781103194281,
    "eval_only_nmse": NaN,
    "eval_only_scored_loss": NaN,
    "eval_only_shape_loss": NaN,
    "combined_score": 0.8652032826234811,
    "fit_score": 0.8652032826234811,
    "eval_time": 23.239436149597168,
    "n_datasets": 1,
    "n_successful": 1,
    "eval_workers": 8,
    "hard_cases": [
      {
        "dataset": "Abeta42/inhibition_constraints",
        "scored_loss_val": 0.15579774150623477,
        "nmse_val": 0.10970428523517033,
        "shape_loss_val": 0.2940781103194281,
        "evaluation_only": false
      }
    ],
    "hard_case_feedback": "Abeta42/inhibition_constraints scored=0.1558 (nmse=0.1097, shape=0.2941)",
    "validation_semantics_feedback": "heldout_curve_scored_loss=0.1558, heldout_curve_nmse=0.1097, heldout_curve_shape=0.2941; eval_only_fit_score_scored_loss=nan, eval_only_nmse=nan, eval_only_shape=nan",
    "per_dataset": {
      "Abeta42/inhibition_constraints": {
        "nmse_train": 0.06067004511020946,
        "nmse_val": 0.10970428523517033,
        "shape_loss_val": 0.2940781103194281,
        "scored_loss_val": 0.15579774150623477,
        "n_val_points": 12274,
        "evaluation_only": false,
        "combined_score": 0.8652032826234811,
        "equation": "d(c)/dt = (0.91903491140888 - x4)*(47140022.3228249*x1*x4**2/(19514.1740313336*x3*x4 + 3540546.71528119*x3 + 1) + 232671.934532114*x1 + 5190834.37542715*x2 + 1.00265673676948)",
        "equation_template": "d(c)/dt = (c0 - x4)*(c1**2 + c2**2*x1 + c3**2*x2 + c4**2*x1*x4**2/(c5**2*x3 + c6**2*x3*x4 + 1))",
        "constants": {
          "c0": 0.9190349114088805,
          "c1": 1.0013274872735074,
          "c2": 482.3607929051798,
          "c3": -2278.3402677008426,
          "c4": 6865.859183148521,
          "c5": -1881.6340545603414,
          "c6": 139.69314239193565
        }
      }
    },
    "error": ""
  },
  "saved_at": 1784468565.857932
}