{
  "num_islands": 2,
  "current_island": 0,
  "iteration_count": 6,
  "global_best_score": 0.96872699001787,
  "decay": 0.9,
  "intensity_min": 0.15,
  "intensity_max": 0.5,
  "migration_interval": 15,
  "diversity_strategy_type": "code",
  "use_unified_archive": true,
  "use_adaptive_search": true,
  "use_ucb_selection": true,
  "fixed_intensity": 0.4,
  "adapter": {
    "states": [
      {
        "accumulated_signal": 0.18849881404090713,
        "best_score": 0.96872699001787,
        "improvement_count": 2,
        "total_evaluations": 5,
        "decay": 0.9,
        "epsilon": 1e-08,
        "intensity_min": 0.15,
        "intensity_max": 0.5
      },
      {
        "accumulated_signal": 0.18849881404090713,
        "best_score": 0.96872699001787,
        "improvement_count": 1,
        "total_evaluations": 3,
        "decay": 0.9,
        "epsilon": 1e-08,
        "intensity_min": 0.15,
        "intensity_max": 0.5
      }
    ],
    "dimension_visits": [
      5,
      3
    ],
    "dimension_rewards": [
      1.3796074860201084,
      0.40346853239431407
    ],
    "decayed_visits": [
      4.0951,
      2.71
    ],
    "global_best_score": 0.96872699001787,
    "ucb_exploration": 1.41,
    "min_visits": 3,
    "decay": 0.9,
    "epsilon": 1e-08
  },
  "island_config_names": [
    "balanced",
    "balanced"
  ],
  "islands": [
    [
      "81e4df0c-cf74-4072-be51-5f22661cbba8",
      "b7155808-6d8f-488b-b19d-343f36256784",
      "2eafa280-1167-4666-a600-44598ab46917",
      "280218e1-cb0c-4f27-b278-54de9329e9b6",
      "17f57557-1163-4631-9eb1-053fd24259fb"
    ],
    [
      "d28d09a6-7215-4b8f-a422-5c382c7b16a9",
      "fd4cdfaa-b956-4a17-87a8-27b6cb154718",
      "92e047e9-3814-443c-a29c-6f3cfeb36e1d",
      "3a7f80c8-c19d-442e-8109-c1aead6da19e"
    ]
  ],
  "archive_genealogies": [
    {
      "parents": {
        "81e4df0c-cf74-4072-be51-5f22661cbba8": [],
        "b7155808-6d8f-488b-b19d-343f36256784": [
          "81e4df0c-cf74-4072-be51-5f22661cbba8"
        ],
        "2eafa280-1167-4666-a600-44598ab46917": [
          "b7155808-6d8f-488b-b19d-343f36256784"
        ],
        "280218e1-cb0c-4f27-b278-54de9329e9b6": [
          "b7155808-6d8f-488b-b19d-343f36256784"
        ],
        "17f57557-1163-4631-9eb1-053fd24259fb": [
          "b7155808-6d8f-488b-b19d-343f36256784"
        ]
      },
      "children": {
        "81e4df0c-cf74-4072-be51-5f22661cbba8": [
          "b7155808-6d8f-488b-b19d-343f36256784"
        ],
        "b7155808-6d8f-488b-b19d-343f36256784": [
          "2eafa280-1167-4666-a600-44598ab46917",
          "280218e1-cb0c-4f27-b278-54de9329e9b6",
          "17f57557-1163-4631-9eb1-053fd24259fb"
        ]
      }
    },
    {
      "parents": {
        "d28d09a6-7215-4b8f-a422-5c382c7b16a9": [],
        "fd4cdfaa-b956-4a17-87a8-27b6cb154718": [
          "d28d09a6-7215-4b8f-a422-5c382c7b16a9"
        ],
        "92e047e9-3814-443c-a29c-6f3cfeb36e1d": [
          "d28d09a6-7215-4b8f-a422-5c382c7b16a9"
        ],
        "3a7f80c8-c19d-442e-8109-c1aead6da19e": [
          "fd4cdfaa-b956-4a17-87a8-27b6cb154718"
        ]
      },
      "children": {
        "d28d09a6-7215-4b8f-a422-5c382c7b16a9": [
          "fd4cdfaa-b956-4a17-87a8-27b6cb154718",
          "92e047e9-3814-443c-a29c-6f3cfeb36e1d"
        ],
        "fd4cdfaa-b956-4a17-87a8-27b6cb154718": [
          "3a7f80c8-c19d-442e-8109-c1aead6da19e"
        ]
      }
    }
  ],
  "use_dynamic_islands": true,
  "max_islands": 5,
  "last_spawn_iteration": -30,
  "use_paradigm_breakthrough": true,
  "paradigm_tracker": {
    "window_size": 10,
    "improvement_threshold": 0.12,
    "max_paradigm_uses": 2,
    "max_tried_paradigms": 10,
    "num_paradigms_to_generate": 3,
    "improvement_history": [
      1.0,
      1.0,
      0.0,
      0.0,
      0.0,
      0.0,
      0.0,
      0.0
    ],
    "active_paradigms": [],
    "paradigm_usage_counts": {},
    "current_paradigm_index": 0,
    "tried_paradigms": [],
    "best_score_at_paradigm_gen": 0.0,
    "best_score_during_paradigm": 0.0
  }
}