{
  "num_islands": 2,
  "current_island": 1,
  "iteration_count": 15,
  "global_best_score": 0.9781824998597289,
  "decay": 0.9,
  "intensity_min": 0.15,
  "intensity_max": 0.5,
  "migration_interval": 15,
  "diversity_strategy_type": "code",
  "use_unified_archive": true,
  "use_adaptive_search": true,
  "use_ucb_selection": true,
  "fixed_intensity": 0.4,
  "adapter": {
    "states": [
      {
        "accumulated_signal": 0.1022864549649862,
        "best_score": 0.9781824998597289,
        "improvement_count": 4,
        "total_evaluations": 9,
        "decay": 0.9,
        "epsilon": 1e-08,
        "intensity_min": 0.15,
        "intensity_max": 0.5
      },
      {
        "accumulated_signal": 0.10678384731035237,
        "best_score": 0.9781824998597289,
        "improvement_count": 3,
        "total_evaluations": 13,
        "decay": 0.9,
        "epsilon": 1e-08,
        "intensity_min": 0.15,
        "intensity_max": 0.5
      }
    ],
    "dimension_visits": [
      9,
      13
    ],
    "dimension_rewards": [
      0.7356950024406619,
      0.11212914424231823
    ],
    "decayed_visits": [
      6.12579511,
      7.458134171671
    ],
    "global_best_score": 0.9781824998597289,
    "ucb_exploration": 1.41,
    "min_visits": 3,
    "decay": 0.9,
    "epsilon": 1e-08
  },
  "island_config_names": [
    "balanced",
    "balanced"
  ],
  "islands": [
    [
      "4d1f51e1-d9e9-428e-a921-dabfcf374d70",
      "7f380798-7266-41c9-98d5-e8244ab5fb73",
      "11ec48a6-e27d-43d3-af27-f4ac0e89f10c",
      "01e2d89f-149c-4e19-b436-86969cf8d112",
      "8228d379-f393-4c96-afa8-16ef7e55a319",
      "1420bdf9-771f-4af9-961e-3d2f01a9b1ca",
      "f42f378d-4ff6-4114-8a4c-22d7abdc3626",
      "39db29a9-9775-4c56-8a56-335a1b5358e3",
      "6a3388e2-85db-4397-aac4-f735aed8bc65",
      "72c78c3d-f0a6-441a-b5be-968d6cf72f04",
      "acbadd4c-1619-41c1-a78a-794b66a9bafa",
      "9e467183-dbd9-44ae-aa3c-08debf40775a",
      "c4d5a4fc-0bc2-48ed-b732-5523b6772174"
    ],
    [
      "b94bff98-8675-4bb5-8388-f77faa9ffa82",
      "f14172db-1326-46ab-a44e-6a9f6038a25d",
      "36ef3bce-c141-4f00-866e-a7ff21c2be87",
      "ed3f4d1f-fab3-4476-bf61-1b8e7bb06676",
      "0661bb52-5fb0-4fb2-98fb-ebe8a3c06272",
      "f0b401ff-7557-47bb-9c27-b25de637790d",
      "5c5f14bd-02f7-4724-b1e3-2364d6eff984",
      "0d90e6ea-1e09-4720-b76f-72bec3125d89",
      "0afd3cab-2af2-49b2-a453-359adba01693",
      "9e88ea1e-d129-4505-bd1f-1181b87c6825",
      "f67970d2-9497-40c3-b69f-f44da268e337",
      "11541681-9d1c-4022-b537-fa6ea7380f29",
      "f68609c9-fc2d-459b-aac1-64c328bdba91",
      "b615e34f-e269-4d3f-83e6-3d59f976edff"
    ]
  ],
  "archive_genealogies": [
    {
      "parents": {
        "4d1f51e1-d9e9-428e-a921-dabfcf374d70": [],
        "7f380798-7266-41c9-98d5-e8244ab5fb73": [
          "4d1f51e1-d9e9-428e-a921-dabfcf374d70"
        ],
        "11ec48a6-e27d-43d3-af27-f4ac0e89f10c": [
          "7f380798-7266-41c9-98d5-e8244ab5fb73"
        ],
        "01e2d89f-149c-4e19-b436-86969cf8d112": [
          "4d1f51e1-d9e9-428e-a921-dabfcf374d70"
        ],
        "8228d379-f393-4c96-afa8-16ef7e55a319": [
          "11ec48a6-e27d-43d3-af27-f4ac0e89f10c"
        ],
        "1420bdf9-771f-4af9-961e-3d2f01a9b1ca": [
          "8228d379-f393-4c96-afa8-16ef7e55a319"
        ],
        "f42f378d-4ff6-4114-8a4c-22d7abdc3626": [
          "01e2d89f-149c-4e19-b436-86969cf8d112"
        ],
        "39db29a9-9775-4c56-8a56-335a1b5358e3": [
          "8228d379-f393-4c96-afa8-16ef7e55a319"
        ],
        "6a3388e2-85db-4397-aac4-f735aed8bc65": [
          "ed3f4d1f-fab3-4476-bf61-1b8e7bb06676"
        ],
        "72c78c3d-f0a6-441a-b5be-968d6cf72f04": [
          "ed3f4d1f-fab3-4476-bf61-1b8e7bb06676"
        ],
        "acbadd4c-1619-41c1-a78a-794b66a9bafa": [
          "f0b401ff-7557-47bb-9c27-b25de637790d"
        ],
        "9e467183-dbd9-44ae-aa3c-08debf40775a": [
          "36ef3bce-c141-4f00-866e-a7ff21c2be87"
        ],
        "c4d5a4fc-0bc2-48ed-b732-5523b6772174": [
          "f14172db-1326-46ab-a44e-6a9f6038a25d"
        ]
      },
      "children": {
        "4d1f51e1-d9e9-428e-a921-dabfcf374d70": [
          "7f380798-7266-41c9-98d5-e8244ab5fb73",
          "01e2d89f-149c-4e19-b436-86969cf8d112"
        ],
        "7f380798-7266-41c9-98d5-e8244ab5fb73": [
          "11ec48a6-e27d-43d3-af27-f4ac0e89f10c"
        ],
        "11ec48a6-e27d-43d3-af27-f4ac0e89f10c": [
          "8228d379-f393-4c96-afa8-16ef7e55a319"
        ],
        "8228d379-f393-4c96-afa8-16ef7e55a319": [
          "1420bdf9-771f-4af9-961e-3d2f01a9b1ca",
          "39db29a9-9775-4c56-8a56-335a1b5358e3"
        ],
        "01e2d89f-149c-4e19-b436-86969cf8d112": [
          "f42f378d-4ff6-4114-8a4c-22d7abdc3626"
        ],
        "ed3f4d1f-fab3-4476-bf61-1b8e7bb06676": [
          "6a3388e2-85db-4397-aac4-f735aed8bc65",
          "72c78c3d-f0a6-441a-b5be-968d6cf72f04"
        ],
        "f0b401ff-7557-47bb-9c27-b25de637790d": [
          "acbadd4c-1619-41c1-a78a-794b66a9bafa"
        ],
        "36ef3bce-c141-4f00-866e-a7ff21c2be87": [
          "9e467183-dbd9-44ae-aa3c-08debf40775a"
        ],
        "f14172db-1326-46ab-a44e-6a9f6038a25d": [
          "c4d5a4fc-0bc2-48ed-b732-5523b6772174"
        ]
      }
    },
    {
      "parents": {
        "b94bff98-8675-4bb5-8388-f77faa9ffa82": [],
        "f14172db-1326-46ab-a44e-6a9f6038a25d": [
          "b94bff98-8675-4bb5-8388-f77faa9ffa82"
        ],
        "36ef3bce-c141-4f00-866e-a7ff21c2be87": [
          "f14172db-1326-46ab-a44e-6a9f6038a25d"
        ],
        "ed3f4d1f-fab3-4476-bf61-1b8e7bb06676": [
          "36ef3bce-c141-4f00-866e-a7ff21c2be87"
        ],
        "0661bb52-5fb0-4fb2-98fb-ebe8a3c06272": [
          "ed3f4d1f-fab3-4476-bf61-1b8e7bb06676"
        ],
        "f0b401ff-7557-47bb-9c27-b25de637790d": [
          "0661bb52-5fb0-4fb2-98fb-ebe8a3c06272"
        ],
        "5c5f14bd-02f7-4724-b1e3-2364d6eff984": [
          "ed3f4d1f-fab3-4476-bf61-1b8e7bb06676"
        ],
        "0d90e6ea-1e09-4720-b76f-72bec3125d89": [
          "5c5f14bd-02f7-4724-b1e3-2364d6eff984"
        ],
        "0afd3cab-2af2-49b2-a453-359adba01693": [
          "8228d379-f393-4c96-afa8-16ef7e55a319"
        ],
        "9e88ea1e-d129-4505-bd1f-1181b87c6825": [
          "11ec48a6-e27d-43d3-af27-f4ac0e89f10c"
        ],
        "f67970d2-9497-40c3-b69f-f44da268e337": [
          "6a3388e2-85db-4397-aac4-f735aed8bc65"
        ],
        "11541681-9d1c-4022-b537-fa6ea7380f29": [
          "01e2d89f-149c-4e19-b436-86969cf8d112"
        ],
        "f68609c9-fc2d-459b-aac1-64c328bdba91": [
          "f42f378d-4ff6-4114-8a4c-22d7abdc3626"
        ],
        "b615e34f-e269-4d3f-83e6-3d59f976edff": [
          "ed3f4d1f-fab3-4476-bf61-1b8e7bb06676"
        ]
      },
      "children": {
        "b94bff98-8675-4bb5-8388-f77faa9ffa82": [
          "f14172db-1326-46ab-a44e-6a9f6038a25d"
        ],
        "f14172db-1326-46ab-a44e-6a9f6038a25d": [
          "36ef3bce-c141-4f00-866e-a7ff21c2be87"
        ],
        "36ef3bce-c141-4f00-866e-a7ff21c2be87": [
          "ed3f4d1f-fab3-4476-bf61-1b8e7bb06676"
        ],
        "ed3f4d1f-fab3-4476-bf61-1b8e7bb06676": [
          "0661bb52-5fb0-4fb2-98fb-ebe8a3c06272",
          "5c5f14bd-02f7-4724-b1e3-2364d6eff984",
          "b615e34f-e269-4d3f-83e6-3d59f976edff"
        ],
        "0661bb52-5fb0-4fb2-98fb-ebe8a3c06272": [
          "f0b401ff-7557-47bb-9c27-b25de637790d"
        ],
        "5c5f14bd-02f7-4724-b1e3-2364d6eff984": [
          "0d90e6ea-1e09-4720-b76f-72bec3125d89"
        ],
        "8228d379-f393-4c96-afa8-16ef7e55a319": [
          "0afd3cab-2af2-49b2-a453-359adba01693"
        ],
        "11ec48a6-e27d-43d3-af27-f4ac0e89f10c": [
          "9e88ea1e-d129-4505-bd1f-1181b87c6825"
        ],
        "6a3388e2-85db-4397-aac4-f735aed8bc65": [
          "f67970d2-9497-40c3-b69f-f44da268e337"
        ],
        "01e2d89f-149c-4e19-b436-86969cf8d112": [
          "11541681-9d1c-4022-b537-fa6ea7380f29"
        ],