{
  "num_islands": 2,
  "current_island": 1,
  "iteration_count": 11,
  "global_best_score": 0.8792027559992314,
  "decay": 0.9,
  "intensity_min": 0.15,
  "intensity_max": 0.5,
  "migration_interval": 15,
  "diversity_strategy_type": "code",
  "use_unified_archive": true,
  "use_adaptive_search": true,
  "use_ucb_selection": true,
  "fixed_intensity": 0.4,
  "adapter": {
    "states": [
      {
        "accumulated_signal": 0.09155565056795414,
        "best_score": 0.8789740883656226,
        "improvement_count": 2,
        "total_evaluations": 13,
        "decay": 0.9,
        "epsilon": 1e-08,
        "intensity_min": 0.15,
        "intensity_max": 0.5
      },
      {
        "accumulated_signal": 0.09999999999999998,
        "best_score": 0.8792027559992314,
        "improvement_count": 0,
        "total_evaluations": 8,
        "decay": 0.9,
        "epsilon": 1e-08,
        "intensity_min": 0.15,
        "intensity_max": 0.5
      }
    ],
    "dimension_visits": [
      13,
      8
    ],
    "dimension_rewards": [
      0.3172203059527603,
      0.0
    ],
    "decayed_visits": [
      7.458134171671,
      5.6953279000000006
    ],
    "global_best_score": 0.8792027559992314,
    "ucb_exploration": 1.41,
    "min_visits": 3,
    "decay": 0.9,
    "epsilon": 1e-08
  },
  "island_config_names": [
    "balanced",
    "balanced"
  ],
  "islands": [
    [
      "b6fb2de1-4aa0-4105-abfc-9d6ed6a32e66",
      "89863fe5-d853-43d7-a87d-053b9ef5ab56",
      "4b4b664a-b087-42a8-9bc4-8c848e308993",
      "dd389bbd-d9d4-4c15-9a29-2f059bb240e7",
      "f6f1c839-b2c6-4b63-a3a8-7344802fd3c5",
      "e8ab1009-429b-4018-b8ea-4ef1085facdd",
      "b0f419af-a409-4d8b-bb58-40a631d91c48",
      "48478a11-60ac-4a47-8758-2cfcf7ceacec",
      "0fe07180-432a-455d-917b-d3b59f8e8f86",
      "fabbb38d-879d-4d44-a6e1-a2b8f42cde96",
      "b74bd414-ea0c-4aaf-835b-0f0568af1bf7",
      "39578057-a0d8-4802-80f4-3cd109cb9aad",
      "6c0d0cca-4088-4428-ac5e-72255c049e62"
    ],
    [
      "6ad576cd-f478-4b60-ab3f-08a285f111ef",
      "da66965c-ab47-481a-b429-e9a8a20ba879",
      "a7e1fbf5-8148-4187-a424-62eda046e682",
      "3c70751f-4ff2-4f31-a8f3-287261d2ee7b",
      "e758afc3-ed3c-4a02-9467-b6f65b376d9a",
      "b1431371-c8fd-431f-a492-967ad3b16ab8",
      "f907d4fe-3616-431b-9cb4-a979e699da2b",
      "559783f3-6879-4300-bb6b-e2c96f46aa53",
      "584d35c9-1b7f-4c6b-bbbb-0e997a310903",
      "e0ccf181-e485-44db-8e35-2b3c2325bbad",
      "d72fafed-7175-4b2f-b4a2-9f9ceb65a4ae",
      "4fa6d2e9-ac9d-4f9e-ac0b-8e6febe8725b",
      "9b6bca83-9547-44dc-8ffe-ab97d91dd56c",
      "26d1ffdd-37ab-4814-a182-e6ab056b05b5",
      "13811358-bb87-4b8f-83c3-5deec7e12b7b",
      "88bcc0b3-66a0-44ce-beab-40ea5098323e",
      "93bf809e-ba32-46a9-b215-b3ee624da6b0",
      "358d85e9-f5c3-4589-9d57-15771c728e12",
      "fdf3467e-8487-4b95-8c78-a4feaae3257c",
      "7cb69a02-0ff7-402a-87ad-8a1163887b94"
    ]
  ],
  "archive_genealogies": [
    {
      "parents": {
        "b6fb2de1-4aa0-4105-abfc-9d6ed6a32e66": [],
        "89863fe5-d853-43d7-a87d-053b9ef5ab56": [],
        "4b4b664a-b087-42a8-9bc4-8c848e308993": [],
        "dd389bbd-d9d4-4c15-9a29-2f059bb240e7": [],
        "f6f1c839-b2c6-4b63-a3a8-7344802fd3c5": [],
        "e8ab1009-429b-4018-b8ea-4ef1085facdd": [],
        "b0f419af-a409-4d8b-bb58-40a631d91c48": [],
        "48478a11-60ac-4a47-8758-2cfcf7ceacec": [],
        "0fe07180-432a-455d-917b-d3b59f8e8f86": [],
        "fabbb38d-879d-4d44-a6e1-a2b8f42cde96": [],
        "b74bd414-ea0c-4aaf-835b-0f0568af1bf7": [],
        "39578057-a0d8-4802-80f4-3cd109cb9aad": [],
        "6c0d0cca-4088-4428-ac5e-72255c049e62": [
          "6ad576cd-f478-4b60-ab3f-08a285f111ef"
        ]
      },
      "children": {
        "6ad576cd-f478-4b60-ab3f-08a285f111ef": [
          "6c0d0cca-4088-4428-ac5e-72255c049e62"
        ]
      }
    },
    {
      "parents": {
        "6ad576cd-f478-4b60-ab3f-08a285f111ef": [],
        "da66965c-ab47-481a-b429-e9a8a20ba879": [],
        "a7e1fbf5-8148-4187-a424-62eda046e682": [],
        "3c70751f-4ff2-4f31-a8f3-287261d2ee7b": [],
        "e758afc3-ed3c-4a02-9467-b6f65b376d9a": [],
        "b1431371-c8fd-431f-a492-967ad3b16ab8": [],
        "f907d4fe-3616-431b-9cb4-a979e699da2b": [],
        "559783f3-6879-4300-bb6b-e2c96f46aa53": [],
        "584d35c9-1b7f-4c6b-bbbb-0e997a310903": [],
        "e0ccf181-e485-44db-8e35-2b3c2325bbad": [],
        "d72fafed-7175-4b2f-b4a2-9f9ceb65a4ae": [],
        "4fa6d2e9-ac9d-4f9e-ac0b-8e6febe8725b": [],
        "9b6bca83-9547-44dc-8ffe-ab97d91dd56c": [
          "6ad576cd-f478-4b60-ab3f-08a285f111ef"
        ],
        "26d1ffdd-37ab-4814-a182-e6ab056b05b5": [
          "6ad576cd-f478-4b60-ab3f-08a285f111ef"
        ],
        "13811358-bb87-4b8f-83c3-5deec7e12b7b": [
          "6ad576cd-f478-4b60-ab3f-08a285f111ef"
        ],
        "88bcc0b3-66a0-44ce-beab-40ea5098323e": [
          "6ad576cd-f478-4b60-ab3f-08a285f111ef"
        ],
        "93bf809e-ba32-46a9-b215-b3ee624da6b0": [
          "6ad576cd-f478-4b60-ab3f-08a285f111ef"
        ],
        "358d85e9-f5c3-4589-9d57-15771c728e12": [
          "6ad576cd-f478-4b60-ab3f-08a285f111ef"
        ],
        "fdf3467e-8487-4b95-8c78-a4feaae3257c": [
          "6ad576cd-f478-4b60-ab3f-08a285f111ef"
        ],
        "7cb69a02-0ff7-402a-87ad-8a1163887b94": [
          "6ad576cd-f478-4b60-ab3f-08a285f111ef"
        ]
      },
      "children": {
        "6ad576cd-f478-4b60-ab3f-08a285f111ef": [
          "9b6bca83-9547-44dc-8ffe-ab97d91dd56c",
          "26d1ffdd-37ab-4814-a182-e6ab056b05b5",
          "13811358-bb87-4b8f-83c3-5deec7e12b7b",
          "88bcc0b3-66a0-44ce-beab-40ea5098323e",
          "93bf809e-ba32-46a9-b215-b3ee624da6b0",
          "358d85e9-f5c3-4589-9d57-15771c728e12",
          "fdf3467e-8487-4b95-8c78-a4feaae3257c",
          "7cb69a02-0ff7-402a-87ad-8a1163887b94"
        ]
      }
    }
  ],
  "use_dynamic_islands": true,
  "max_islands": 5,
  "last_spawn_iteration": -30,
  "use_paradigm_breakthrough": true,
  "paradigm_tracker": {
    "window_size": 10,
    "improvement_threshold": 0.12,
    "max_paradigm_uses": 2,
    "max_tried_paradigms": 10,
    "num_paradigms_to_generate": 3,
    "improvement_history": [
      0.0,
      0.0,
      0.0,
      0.0,
      0.0,
      0.0,
      0.0,
      0.0,
      0.0,
      0.0
    ],
    "active_paradigms": [
      {
        "idea": "Replace explicit-time decay with autonomous sigmoidal autocatalysis: logistic capacity times (primary nucleation + inhibitor-suppressed secondary nucleation with c^2 feedback), following the Knowles/Meisl amyloid master-equation structure.",
        "description": "Build dc/dt = (plateau - c) * (source + secondary) with NO explicit time term. Set plateau=c0, capacity=c0 - x4. source = c1**2 + c2**2*x1 + c3**2*x2 (primary/seeded nucleation from monomer m0 and seed M0). For secondary nucleation use a squared-concentration feedback that dominates lag-phase timing: secondary = c4**2 * x1 * x4**2 / (1 + c5**2*x3 + c6**2*x3*x4). Here inhibitor cd (x3) suppresses ONLY the surface-catalyzed secondary pathway (molecularly correct: inhibitors coat fibril surfaces), not primary nucleation, and the denominator >=1 guarantees stability. The x4**2 term makes growth genuinely autocatalytic so the sigmoid inflection and lag time emerge naturally, letting the shape-loss crossing-time metric align. Use constants=c with 7 constants, initial_values all 1.0 except plateau init ~1.0. This removes the non-physical -c8*t*c term while adding correct nucleation-order feedback.",
        "what_to_optimize": "heldout_curve_shape_loss (lag/inflection timing on delayed inhibitor curves) and overall nmse; fewer constants improves fit reliability.",
        "cautions": "x4**2 feedback can stiffen odeint near c=0; keep capacity=(c0-x4) with c0 init 1.0 so growth self-limits. Ensure denominator never below 1 by using c5**2, c6**2 (squared, positive). Do not add any x0 (time) dependence.",