{
  "id": "db1d137d-6636-4657-9183-49a485c5b1bb",
  "generation": 0,
  "iteration": 0,
  "timestamp": 1783124600.300184,
  "parent_id": null,
  "metrics": {
    "equation": "d(c)/dt = 0.125184506130047*x0*x4 + (0.919948574162496 - x4)*(14963813.7603173*x1*x4*(661923.294135327*x2 + 1) + 7.41955721917198*x1 + 2748092.35611005*x2 + 0.897822089614291)/(6525.73089058896*x3*x4**2 + 1560829.45169529*x3 + 1)",
    "loss": 0.13774142951991203,
    "nmse_train": 0.06634575076230186,
    "nmse_val": 0.0865705429130492,
    "mean_nmse_val": 0.0865705429130492,
    "mean_raw_nmse_val": 0.0865705429130492,
    "scored_loss_val": 0.13774142951991203,
    "mean_scored_loss_val": 0.13774142951991203,
    "shape_loss_val": 0.29125408934050045,
    "shape_loss_weight": 0.25,
    "heldout_curve_nmse": 0.0865705429130492,
    "heldout_curve_scored_loss": 0.13774142951991203,
    "heldout_curve_shape_loss": 0.29125408934050045,
    "eval_only_nmse": NaN,
    "eval_only_scored_loss": NaN,
    "eval_only_shape_loss": NaN,
    "combined_score": 0.8789343290610115,
    "fit_score": 0.8789343290610115,
    "eval_time": 217.26013684272766,
    "n_datasets": 1,
    "n_successful": 1,
    "eval_workers": 8,
    "hard_cases": [
      {
        "dataset": "Abeta42/inhibition_constraints",
        "scored_loss_val": 0.13774142951991203,
        "nmse_val": 0.0865705429130492,
        "shape_loss_val": 0.29125408934050045,
        "evaluation_only": false
      }
    ],
    "hard_case_feedback": "Abeta42/inhibition_constraints scored=0.1377 (nmse=0.08657, shape=0.2913)",
    "validation_semantics_feedback": "heldout_curve_scored_loss=0.1377, heldout_curve_nmse=0.08657, heldout_curve_shape=0.2913; eval_only_fit_score_scored_loss=nan, eval_only_nmse=nan, eval_only_shape=nan",
    "per_dataset": {
      "Abeta42/inhibition_constraints": {
        "nmse_train": 0.06634575076230186,
        "nmse_val": 0.0865705429130492,
        "shape_loss_val": 0.29125408934050045,
        "scored_loss_val": 0.13774142951991203,
        "n_val_points": 12274,
        "evaluation_only": false,
        "combined_score": 0.8789343290610115,
        "equation": "d(c)/dt = 0.125184506130047*x0*x4 + (0.919948574162496 - x4)*(14963813.7603173*x1*x4*(661923.294135327*x2 + 1) + 7.41955721917198*x1 + 2748092.35611005*x2 + 0.897822089614291)/(6525.73089058896*x3*x4**2 + 1560829.45169529*x3 + 1)",
        "equation_template": "d(c)/dt = -c8*x0*x4 + (c0 - x4)*(c3**2 + c4**2*x1 + c5**2*x2 + c6**2*x1*x4*(c7**2*x2 + 1))/(c1**2*x3 + c2**2*x3*x4**2 + 1)",
        "constants": {
          "c0": 0.9199485741624963,
          "c1": 1249.331601975749,
          "c2": 80.78199607950373,
          "c3": -0.9475347432227965,
          "c4": -2.7238864181848657,
          "c5": -1657.7371191205361,
          "c6": 3868.308901873951,
          "c7": -813.5866850774578,
          "c8": -0.12518450613004678
        }
      }
    },
    "error": "",
    "test_equation": "d(c)/dt = 0.125184506130047*x0*x4 + (0.919948574162496 - x4)*(14963813.7603173*x1*x4*(661923.294135327*x2 + 1) + 7.41955721917198*x1 + 2748092.35611005*x2 + 0.897822089614291)/(6525.73089058896*x3*x4**2 + 1560829.45169529*x3 + 1)",
    "test_loss": 0.13774142951991203,
    "test_nmse_train": 0.06634575076230186,
    "test_nmse_val": 0.0865705429130492,
    "test_mean_nmse_val": 0.0865705429130492,
    "test_mean_raw_nmse_val": 0.0865705429130492,
    "test_scored_loss_val": 0.13774142951991203,
    "test_mean_scored_loss_val": 0.13774142951991203,
    "test_shape_loss_val": 0.29125408934050045,
    "test_shape_loss_weight": 0.25,
    "test_heldout_curve_nmse": 0.0865705429130492,
    "test_heldout_curve_scored_loss": 0.13774142951991203,
    "test_heldout_curve_shape_loss": 0.29125408934050045,
    "test_eval_only_nmse": NaN,
    "test_eval_only_scored_loss": NaN,
    "test_eval_only_shape_loss": NaN,
    "test_combined_score": 0.8789343290610115,
    "test_fit_score": 0.8789343290610115,
    "test_eval_time": 58.715808153152466,
    "test_n_datasets": 1,
    "test_n_successful": 1,
    "test_eval_workers": 8,
    "test_hard_cases": [
      {
        "dataset": "Abeta42/inhibition_constraints",
        "scored_loss_val": 0.13774142951991203,
        "nmse_val": 0.0865705429130492,
        "shape_loss_val": 0.29125408934050045,
        "evaluation_only": false
      }
    ],
    "test_hard_case_feedback": "Abeta42/inhibition_constraints scored=0.1377 (nmse=0.08657, shape=0.2913)",
    "test_validation_semantics_feedback": "heldout_curve_scored_loss=0.1377, heldout_curve_nmse=0.08657, heldout_curve_shape=0.2913; eval_only_fit_score_scored_loss=nan, eval_only_nmse=nan, eval_only_shape=nan",
    "test_per_dataset": {
      "Abeta42/inhibition_constraints": {
        "nmse_train": 0.06634575076230186,
        "nmse_val": 0.0865705429130492,
        "shape_loss_val": 0.29125408934050045,
        "scored_loss_val": 0.13774142951991203,
        "n_val_points": 12274,
        "evaluation_only": false,
        "combined_score": 0.8789343290610115,
        "equation": "d(c)/dt = 0.125184506130047*x0*x4 + (0.919948574162496 - x4)*(14963813.7603173*x1*x4*(661923.294135327*x2 + 1) + 7.41955721917198*x1 + 2748092.35611005*x2 + 0.897822089614291)/(6525.73089058896*x3*x4**2 + 1560829.45169529*x3 + 1)",
        "equation_template": "d(c)/dt = -c8*x0*x4 + (c0 - x4)*(c3**2 + c4**2*x1 + c5**2*x2 + c6**2*x1*x4*(c7**2*x2 + 1))/(c1**2*x3 + c2**2*x3*x4**2 + 1)",
        "constants": {
          "c0": 0.9199485741624963,
          "c1": 1249.331601975749,
          "c2": 80.78199607950373,
          "c3": -0.9475347432227965,
          "c4": -2.7238864181848657,
          "c5": -1657.7371191205361,
          "c6": 3868.308901873951,
          "c7": -813.5866850774578,
          "c8": -0.12518450613004678
        }
      }
    },
    "test_error": ""
  },
  "language": "python",
  "saved_at": 1783126577.144505
}