{
  "id": "6055e05c-5c6b-4c64-b629-fe99d330871f",
  "generation": 1,
  "iteration": 1,
  "current_iteration": 1,
  "metrics": {
    "combined_score": 0.846469978655456,
    "n_stage1_datasets": 5.0,
    "n_stage1_successful": 5.0,
    "eval_workers": 8.0,
    "stage1_full_selected_datasets": 1.0,
    "cascade_stage1_time_seconds": 51.28186345100403,
    "cascade_stage1_threshold": 0.15,
    "cascade_stage1_passed": 1.0,
    "loss": 0.18137680628486438,
    "nmse_train": 0.03575865160648598,
    "nmse_val": 0.11238960985796412,
    "mean_nmse_val": 0.11238960985796412,
    "mean_raw_nmse_val": 0.11238960985796412,
    "scored_loss_val": 0.18137680628486438,
    "mean_scored_loss_val": 0.18137680628486438,
    "shape_loss_val": 0.38833839556556515,
    "shape_loss_weight": 0.25,
    "heldout_curve_nmse": 0.13196948968215078,
    "heldout_curve_scored_loss": 0.17423429621156272,
    "heldout_curve_shape_loss": 0.30102871579979856,
    "eval_only_nmse": 0.10970769145292707,
    "eval_only_scored_loss": 0.1823551386033339,
    "eval_only_shape_loss": 0.4002974800545543,
    "fit_score": 0.846469978655456,
    "eval_time": 157.3962676525116,
    "n_datasets": 17.0,
    "n_successful": 17.0,
    "cascade_stage2_time_seconds": 157.39705181121826,
    "cascade_total_time_seconds": 208.6789152622223,
    "cascade_stage1_combined_score": 0.8323483600674161
  },
  "language": "python",
  "timestamp": 1781988185.1442306,
  "saved_at": 1781988185.1586673
}