{
  "id": "5bc5fb78-fae5-4504-a141-1f46c035a318",
  "generation": 2,
  "iteration": 5,
  "current_iteration": 6,
  "metrics": {
    "combined_score": 0.9188178568648239,
    "n_stage1_datasets": 8.0,
    "n_stage1_successful": 8.0,
    "eval_workers": 8.0,
    "cascade_stage1_time_seconds": 1.1346805095672607,
    "cascade_stage1_threshold": 0.15,
    "cascade_stage1_passed": 1.0,
    "loss": 0.04073945979119483,
    "complexity": 35.0,
    "nmse_train": Infinity,
    "nmse_val": 0.04073945979119483,
    "fit_score": 0.9608552751527569,
    "parsimony_weight": 0.2,
    "parsimony_penalty_factor": 0.95625,
    "eval_time": 47.745662450790405,
    "n_datasets": 60.0,
    "n_successful": 60.0,
    "cascade_stage2_time_seconds": 47.74613642692566,
    "cascade_total_time_seconds": 48.88081693649292,
    "cascade_stage1_combined_score": 0.9726397330702177
  },
  "language": "python",
  "timestamp": 1780041730.5314598,
  "saved_at": 1780041869.0783112
}