{
  "program_id": "84f2e537-4e81-4b0c-aacf-61f19cdb23d3",
  "iteration_found": 6,
  "dataset": "Abeta42/inhibition_constraints",
  "plot": "outputs_diff_inhibited_norm/adaevolve/disease_relevant_inhibited_all_normalized_ode_0719_2131/checkpoints/checkpoint_6/iteration_6_best_validation_curves.svg",
  "metrics": {
    "equation": "d(c)/dt = (0.961106044113193 - x4)*(4.36020787362673*x2 + (20.279176722986*x1*x4 + 1.31219691848014e-8*x1)/(7.60630084101971e-10*x1 + 1.92348633610245*x3 + 1) + 4.52769252681359e-7)",
    "loss": 0.09709674096806883,
    "nmse_train": 0.010884563502386613,
    "nmse_val": 0.05149500034957039,
    "mean_nmse_val": 0.05149500034957039,
    "mean_raw_nmse_val": 0.05149500034957039,
    "scored_loss_val": 0.09709674096806883,
    "mean_scored_loss_val": 0.09709674096806883,
    "shape_loss_val": 0.2339019628235642,
    "shape_loss_weight": 0.25,
    "heldout_curve_nmse": 0.05149500034957039,
    "heldout_curve_scored_loss": 0.09709674096806883,
    "heldout_curve_shape_loss": 0.2339019628235642,
    "eval_only_nmse": NaN,
    "eval_only_scored_loss": NaN,
    "eval_only_shape_loss": NaN,
    "combined_score": 0.911496646246172,
    "fit_score": 0.911496646246172,
    "eval_time": 17.41777992248535,
    "n_datasets": 1,
    "n_successful": 1,
    "eval_workers": 8,
    "hard_cases": [
      {
        "dataset": "Abeta42/inhibition_constraints",
        "scored_loss_val": 0.09709674096806883,
        "nmse_val": 0.05149500034957039,
        "shape_loss_val": 0.23390196282356418,
        "evaluation_only": false
      }
    ],
    "hard_case_feedback": "Abeta42/inhibition_constraints scored=0.0971 (nmse=0.0515, shape=0.2339)",
    "validation_semantics_feedback": "heldout_curve_scored_loss=0.0971, heldout_curve_nmse=0.0515, heldout_curve_shape=0.2339; eval_only_fit_score_scored_loss=nan, eval_only_nmse=nan, eval_only_shape=nan",
    "per_dataset": {
      "Abeta42/inhibition_constraints": {
        "nmse_train": 0.010884563502386613,
        "nmse_val": 0.05149500034957039,
        "shape_loss_val": 0.23390196282356418,
        "scored_loss_val": 0.09709674096806883,
        "n_val_points": 3610,
        "evaluation_only": false,
        "combined_score": 0.911496646246172,
        "equation": "d(c)/dt = (0.961106044113193 - x4)*(4.36020787362673*x2 + (20.279176722986*x1*x4 + 1.31219691848014e-8*x1)/(7.60630084101971e-10*x1 + 1.92348633610245*x3 + 1) + 4.52769252681359e-7)",
        "equation_template": "d(c)/dt = (c0 - x4)*(c5**2*x2 + c6**2 + (c1**2*x1 + c2**2*x1*x4)/(c3**2*x1 + c4**2*x3 + 1))",
        "constants": {
          "c0": 0.9611060441131927,
          "c1": -0.00011455116404821656,
          "c2": 4.503240691211825,
          "c3": 2.757952291287816e-05,
          "c4": 1.3868980986728805,
          "c5": 2.0881110778947383,
          "c6": 0.000672881306532853
        }
      }
    },
    "error": ""
  },
  "saved_at": 1784478042.269723
}