{
  "program_id": "0a32d9d4-6c8c-4054-9042-fafb88994468",
  "iteration_found": 10,
  "dataset": "Abeta42/inhibition_constraints",
  "plot": "outputs_diff_inhibited_norm/adaevolve/disease_relevant_inhibited_all_normalized_ode_0721_0426/checkpoints/checkpoint_10/iteration_10_best_validation_curves.svg",
  "metrics": {
    "equation": "d(c)/dt = -2.84145700150433e-5*x3*x4 + (0.970991612340859 - x4)*(x0*(15.8548754752663*x1*(0.02598743021669*x4**2 + sqrt(x4**2 + 2.07806386047023e-7) + 5.40035395597956e-9)/(1.6304686179045*x3 + 1) + 6.84282400252598*x2 + 6.47513219021953*x4)/(x0 + 0.00614519664121354*x3 + 0.000986508577749079) + 7.55030592585474e-15*x1)",
    "loss": 0.044531953012032964,
    "nmse_train": 0.009925909644324427,
    "nmse_val": 0.003197726028527093,
    "mean_nmse_val": 0.003197726028527093,
    "mean_raw_nmse_val": 0.003197726028527093,
    "scored_loss_val": 0.044531953012032964,
    "mean_scored_loss_val": 0.044531953012032964,
    "shape_loss_val": 0.16853463396255058,
    "shape_loss_weight": 0.25,
    "heldout_curve_nmse": 0.003197726028527093,
    "heldout_curve_scored_loss": 0.044531953012032964,
    "heldout_curve_shape_loss": 0.16853463396255058,
    "eval_only_nmse": NaN,
    "eval_only_scored_loss": NaN,
    "eval_only_shape_loss": NaN,
    "combined_score": 0.9573665957430793,
    "fit_score": 0.9573665957430793,
    "eval_time": 82.53327894210815,
    "n_datasets": 1,
    "n_successful": 1,
    "eval_workers": 8,
    "hard_cases": [
      {
        "dataset": "Abeta42/inhibition_constraints",
        "scored_loss_val": 0.044531953012032964,
        "nmse_val": 0.003197726028527093,
        "shape_loss_val": 0.16853463396255058,
        "evaluation_only": false
      }
    ],
    "hard_case_feedback": "Abeta42/inhibition_constraints scored=0.04453 (nmse=0.003198, shape=0.1685)",
    "validation_semantics_feedback": "heldout_curve_scored_loss=0.04453, heldout_curve_nmse=0.003198, heldout_curve_shape=0.1685; eval_only_fit_score_scored_loss=nan, eval_only_nmse=nan, eval_only_shape=nan",
    "per_dataset": {
      "Abeta42/inhibition_constraints": {
        "nmse_train": 0.009925909644324427,
        "nmse_val": 0.003197726028527093,
        "shape_loss_val": 0.16853463396255058,
        "scored_loss_val": 0.044531953012032964,
        "n_val_points": 1805,
        "evaluation_only": false,
        "combined_score": 0.9573665957430793,
        "equation": "d(c)/dt = -2.84145700150433e-5*x3*x4 + (0.970991612340859 - x4)*(x0*(15.8548754752663*x1*(0.02598743021669*x4**2 + sqrt(x4**2 + 2.07806386047023e-7) + 5.40035395597956e-9)/(1.6304686179045*x3 + 1) + 6.84282400252598*x2 + 6.47513219021953*x4)/(x0 + 0.00614519664121354*x3 + 0.000986508577749079) + 7.55030592585474e-15*x1)",
        "equation_template": "d(c)/dt = -c8**2*x3*x4 + (c7 - x4)*(c2**2*x1 + x0*(c3**2*(c4**2*x4 + x2) + c5**2*x1*(c6**2*(c0**2 + x4**2) + sqrt(c0**2 + x4**2))/(c1**2*x3 + 1))/(c9**2*(c10**2*x3 + 1) + x0))",
        "constants": {
          "c0": 0.0004558578572834114,
          "c1": 1.2768980452269865,
          "c2": -8.689249637255645e-08,
          "c3": 2.615879202586766,
          "c4": 0.9727620839621789,
          "c5": -3.9818181117758686,
          "c6": 0.16120617301049617,
          "c7": 0.9709916123408593,
          "c8": -0.005330531869808425,
          "c9": 0.03140873409975447,
          "c10": -2.4958441298081353
        }
      }
    },
    "error": ""
  },
  "saved_at": 1784590059.503722
}