{
  "id": "8c31aa7e-b65e-4845-b8b2-a09ab7771948",
  "generation": 2,
  "iteration": 16,
  "current_iteration": 16,
  "metrics": {
    "combined_score": 0.9135743275755047,
    "n_stage1_datasets": 8.0,
    "n_stage1_successful": 8.0,
    "eval_workers": 8.0,
    "stage1_full_selected_datasets": 1.0,
    "cascade_stage1_time_seconds": 16.2734637260437,
    "cascade_stage1_threshold": 0.15,
    "cascade_stage1_passed": 1.0,
    "loss": 0.06313188832435586,
    "complexity": 23.0,
    "nmse_train": 0.03734349980397457,
    "nmse_val": 0.06313188832435586,
    "mean_nmse_val": 0.06313188832435586,
    "fit_score": 0.940617068288808,
    "parsimony_weight": 0.2,
    "parsimony_penalty_factor": 0.97125,
    "eval_time": 143.05859661102295,
    "n_datasets": 42.0,
    "n_successful": 42.0,
    "hard_case_tail_nmse": 0.36846294453599243,
    "hard_case_tail_weight": 0.0,
    "cascade_stage2_time_seconds": 143.05909967422485,
    "cascade_total_time_seconds": 159.33256340026855,
    "cascade_stage1_combined_score": 0.8153488083993773
  },
  "language": "python",
  "timestamp": 1780769439.0658212,
  "saved_at": 1780769439.0922055
}