{
  "id": "9381ad15-14f0-4e6b-ba8a-16c9397330d2",
  "generation": 3,
  "iteration": 20,
  "current_iteration": 23,
  "metrics": {
    "equation": "d(c)/dt = (0.970588799295787 - x4)*(8.97627955864241*x1*x4*(0.942042617318438*x2 + x4 + 1)/((0.343745496157847*x1*x3 + 0.0745510519492884*x3 + 1)*(4.42980418481899e-9*x3**2 + 2.04149928740079e-8*x3*x4 + 1.04136692827643e-8*x3 + 1)) + 0.484458032057*x1/(0.343745496157847*x1*x3 + 0.0745510519492884*x3 + 1) + 1.62040620885465e-5*x2 + 0.303127415940844)",
    "loss": 0.04537846825962691,
    "nmse_train": 0.01520885123704031,
    "nmse_val": 0.0034105129074565297,
    "mean_nmse_val": 0.0034105129074565297,
    "mean_raw_nmse_val": 0.0034105129074565297,
    "scored_loss_val": 0.04537846825962691,
    "mean_scored_loss_val": 0.04537846825962691,
    "shape_loss_val": 0.17128233431613804,
    "shape_loss_weight": 0.25,
    "heldout_curve_nmse": 0.0034105129074565297,
    "heldout_curve_scored_loss": 0.04537846825962691,
    "heldout_curve_shape_loss": 0.17128233431613804,
    "eval_only_nmse": NaN,
    "eval_only_scored_loss": NaN,
    "eval_only_shape_loss": NaN,
    "combined_score": 0.956591349795855,
    "fit_score": 0.956591349795855,
    "eval_time": 12.694833040237427,
    "n_datasets": 1,
    "n_successful": 1,
    "eval_workers": 8,
    "hard_cases": [
      {
        "dataset": "Abeta42/inhibition_constraints",
        "scored_loss_val": 0.04537846825962691,
        "nmse_val": 0.0034105129074565297,
        "shape_loss_val": 0.17128233431613804,
        "evaluation_only": false
      }
    ],
    "hard_case_feedback": "Abeta42/inhibition_constraints scored=0.04538 (nmse=0.003411, shape=0.1713)",
    "validation_semantics_feedback": "heldout_curve_scored_loss=0.04538, heldout_curve_nmse=0.003411, heldout_curve_shape=0.1713; eval_only_fit_score_scored_loss=nan, eval_only_nmse=nan, eval_only_shape=nan",
    "per_dataset": {
      "Abeta42/inhibition_constraints": {
        "nmse_train": 0.01520885123704031,
        "nmse_val": 0.0034105129074565297,
        "shape_loss_val": 0.17128233431613804,
        "scored_loss_val": 0.04537846825962691,
        "n_val_points": 1805,
        "evaluation_only": false,
        "combined_score": 0.956591349795855,
        "equation": "d(c)/dt = (0.970588799295787 - x4)*(8.97627955864241*x1*x4*(0.942042617318438*x2 + x4 + 1)/((0.343745496157847*x1*x3 + 0.0745510519492884*x3 + 1)*(4.42980418481899e-9*x3**2 + 2.04149928740079e-8*x3*x4 + 1.04136692827643e-8*x3 + 1)) + 0.484458032057*x1/(0.343745496157847*x1*x3 + 0.0745510519492884*x3 + 1) + 1.62040620885465e-5*x2 + 0.303127415940844)",
        "equation_template": "d(c)/dt = (c0 - x4)*(c3**2 + c4**2*x1/(c1**2*x3 + c2**2*x1*x3 + 1) + c5**2*x2 + c6**2*x1*x4*(c0**2*x2 + x4 + 1)/((c1**2*x3 + c2**2*x1*x3 + 1)*(c7**2*x3 + c8**2*x3*x4 + c9**2*x3**2 + 1)))",
        "constants": {
          "c0": 0.970588799295787,
          "c1": 0.27304038519839596,
          "c2": 0.5862981290758543,
          "c3": 0.5505700826787122,
          "c4": 0.6960301947882724,
          "c5": -0.004025426944877584,
          "c6": 2.9960439847643103,
          "c7": -0.00010204738743723093,
          "c8": 0.00014288104448809108,
          "c9": -6.655677414673122e-05
        }
      }
    },
    "error": ""
  },
  "language": "python",
  "timestamp": 1784502740.7317,
  "saved_at": 1784503432.1969962
}