{
  "program_id": "33befbe3-eecb-4579-bd7c-75e96f338aca",
  "iteration_found": 9,
  "dataset": "Abeta42/inhibition_constraints",
  "plot": "outputs_diff_inhibited_norm/adaevolve/disease_relevant_inhibited_all_normalized_ode_0720_0022/checkpoints/checkpoint_9/iteration_9_best_validation_curves.svg",
  "metrics": {
    "equation": "d(c)/dt = (1.48045661503282*x1 - x4)*(6.75020990564908e-8*x1 + 1.96352082258149e-18*x2*x4 + 1.8505948458625e-18*x4**2/(0.0899287546948382*x3*x4 + 0.0898100620935093*x3 + 1) + 0.241234563061289)",
    "loss": 9.553141995136077,
    "nmse_train": 9.972553253047163,
    "nmse_val": 12.577852311399784,
    "mean_nmse_val": 12.577852311399784,
    "mean_raw_nmse_val": 12.577852311399784,
    "scored_loss_val": 9.553141995136077,
    "mean_scored_loss_val": 9.553141995136077,
    "shape_loss_val": 0.47901104634494895,
    "shape_loss_weight": 0.25,
    "heldout_curve_nmse": 12.577852311399784,
    "heldout_curve_scored_loss": 9.553141995136077,
    "heldout_curve_shape_loss": 0.47901104634494895,
    "eval_only_nmse": NaN,
    "eval_only_scored_loss": NaN,
    "eval_only_shape_loss": NaN,
    "combined_score": 0.09475850893135884,
    "fit_score": 0.09475850893135884,
    "eval_time": 33.0576388835907,
    "n_datasets": 1,
    "n_successful": 1,
    "eval_workers": 8,
    "hard_cases": [
      {
        "dataset": "Abeta42/inhibition_constraints",
        "scored_loss_val": 9.553141995136077,
        "nmse_val": 12.577852311399784,
        "shape_loss_val": 0.47901104634494895,
        "evaluation_only": false
      }
    ],
    "hard_case_feedback": "Abeta42/inhibition_constraints scored=9.553 (nmse=12.58, shape=0.479)",
    "validation_semantics_feedback": "heldout_curve_scored_loss=9.553, heldout_curve_nmse=12.58, heldout_curve_shape=0.479; eval_only_fit_score_scored_loss=nan, eval_only_nmse=nan, eval_only_shape=nan",
    "per_dataset": {
      "Abeta42/inhibition_constraints": {
        "nmse_train": 9.972553253047163,
        "nmse_val": 12.577852311399784,
        "shape_loss_val": 0.47901104634494895,
        "scored_loss_val": 9.553141995136077,
        "n_val_points": 3610,
        "evaluation_only": false,
        "combined_score": 0.09475850893135884,
        "equation": "d(c)/dt = (1.48045661503282*x1 - x4)*(6.75020990564908e-8*x1 + 1.96352082258149e-18*x2*x4 + 1.8505948458625e-18*x4**2/(0.0899287546948382*x3*x4 + 0.0898100620935093*x3 + 1) + 0.241234563061289)",
        "equation_template": "d(c)/dt = (c0**2*x1 - x4)*(c1**2*x2*x4 + c2**2*x4**2/(c4**2*x3 + c5**2*x3*x4 + 1) + c3**2 + c6**2*x1)",
        "constants": {
          "c0": 1.216740159209359,
          "c1": 1.4012568724475508e-09,
          "c2": -1.3603657029867004e-09,
          "c3": 0.49115635296847043,
          "c4": 0.299683269625632,
          "c5": 0.2998812343159175,
          "c6": 0.00025981166074002675
        }
      }
    },
    "error": ""
  },
  "saved_at": 1784488605.8530931
}