{
  "id": "e243f190-c61e-41bd-8ca0-5821a7c02cdd",
  "generation": 1,
  "iteration": 13,
  "current_iteration": 17,
  "metrics": {
    "equation": "d(c)/dt = (0.92224214540833 - x4)*(15307594.3160187*x1*x4*(860701.298193961*x2 + 1)/(21277.9561309926*x3*x4 + 2029668.97546647*x3 + 1) + 55.8160282674996*x1 + 0.868827700766979)",
    "loss": 0.1370259903021484,
    "nmse_train": 0.06629586065359029,
    "nmse_val": 0.08617238892013342,
    "mean_nmse_val": 0.08617238892013342,
    "mean_raw_nmse_val": 0.08617238892013342,
    "scored_loss_val": 0.1370259903021484,
    "mean_scored_loss_val": 0.1370259903021484,
    "shape_loss_val": 0.28958679444819335,
    "shape_loss_weight": 0.25,
    "heldout_curve_nmse": 0.08617238892013342,
    "heldout_curve_scored_loss": 0.1370259903021484,
    "heldout_curve_shape_loss": 0.28958679444819335,
    "eval_only_nmse": NaN,
    "eval_only_scored_loss": NaN,
    "eval_only_shape_loss": NaN,
    "combined_score": 0.8794873719063047,
    "fit_score": 0.8794873719063047,
    "eval_time": 17.0618839263916,
    "n_datasets": 1,
    "n_successful": 1,
    "eval_workers": 8,
    "hard_cases": [
      {
        "dataset": "Abeta42/inhibition_constraints",
        "scored_loss_val": 0.1370259903021484,
        "nmse_val": 0.08617238892013342,
        "shape_loss_val": 0.28958679444819335,
        "evaluation_only": false
      }
    ],
    "hard_case_feedback": "Abeta42/inhibition_constraints scored=0.137 (nmse=0.08617, shape=0.2896)",
    "validation_semantics_feedback": "heldout_curve_scored_loss=0.137, heldout_curve_nmse=0.08617, heldout_curve_shape=0.2896; eval_only_fit_score_scored_loss=nan, eval_only_nmse=nan, eval_only_shape=nan",
    "per_dataset": {
      "Abeta42/inhibition_constraints": {
        "nmse_train": 0.06629586065359029,
        "nmse_val": 0.08617238892013342,
        "shape_loss_val": 0.28958679444819335,
        "scored_loss_val": 0.1370259903021484,
        "n_val_points": 12274,
        "evaluation_only": false,
        "combined_score": 0.8794873719063047,
        "equation": "d(c)/dt = (0.92224214540833 - x4)*(15307594.3160187*x1*x4*(860701.298193961*x2 + 1)/(21277.9561309926*x3*x4 + 2029668.97546647*x3 + 1) + 55.8160282674996*x1 + 0.868827700766979)",
        "equation_template": "d(c)/dt = (c0 - x4)*(c1**2 + c2**2*x1 + c3**2*x1*x4*(c4**2*x2 + 1)/(c5**2*x3 + c6**2*x3*x4 + 1))",
        "constants": {
          "c0": 0.9222421454083299,
          "c1": 0.9321092751212057,
          "c2": -7.471012532950244,
          "c3": 3912.4920851062047,
          "c4": -927.7398871418438,
          "c5": 1424.6645133035604,
          "c6": -145.86965459269646
        }
      }
    },
    "error": ""
  },
  "language": "python",
  "timestamp": 1784469298.177151,
  "saved_at": 1784469722.770477
}