{
  "id": "3842de53-672f-4943-abd7-64d4e74d6e5d",
  "generation": 3,
  "iteration": 19,
  "timestamp": 1780879496.5939233,
  "parent_id": "272bfdac-8b0a-4b59-b458-a9a043d83e6b",
  "metrics": {
    "combined_score": 0.9730753902776199,
    "n_stage1_datasets": 8.0,
    "n_stage1_successful": 8.0,
    "eval_workers": 8.0,
    "stage1_full_selected_datasets": 1.0,
    "cascade_stage1_time_seconds": 3.115391969680786,
    "cascade_stage1_threshold": 0.15,
    "cascade_stage1_passed": 1.0,
    "loss": 0.008400797927946594,
    "complexity": 15.0,
    "nmse_train": 0.013886941807458133,
    "nmse_val": 0.008400797927946594,
    "mean_nmse_val": 0.008400797927946594,
    "mean_raw_nmse_val": 0.008400797927946594,
    "fit_score": 0.9916691875440713,
    "parsimony_weight": 0.2,
    "parsimony_penalty_factor": 0.98125,
    "eval_time": 30.41441297531128,
    "n_datasets": 41.0,
    "n_successful": 41.0,
    "hard_case_tail_nmse": 0.06681981359990503,
    "hard_case_tail_weight": 0.0,
    "per_dataset_nmse_cap": 10.0,
    "cascade_stage2_time_seconds": 30.414859533309937,
    "cascade_total_time_seconds": 33.53025150299072,
    "cascade_stage1_combined_score": 0.9981478250957104,
    "test_combined_score": 0.9730753902776199,
    "test_n_stage1_datasets": 8.0,
    "test_n_stage1_successful": 8.0,
    "test_eval_workers": 8.0,
    "test_stage1_full_selected_datasets": 1.0,
    "test_cascade_stage1_time_seconds": 4.040847063064575,
    "test_cascade_stage1_threshold": 0.15,
    "test_cascade_stage1_passed": 1.0,
    "test_loss": 0.008400797927946594,
    "test_complexity": 15.0,
    "test_nmse_train": 0.013886941807458133,
    "test_nmse_val": 0.008400797927946594,
    "test_mean_nmse_val": 0.008400797927946594,
    "test_mean_raw_nmse_val": 0.008400797927946594,
    "test_fit_score": 0.9916691875440713,
    "test_parsimony_weight": 0.2,
    "test_parsimony_penalty_factor": 0.98125,
    "test_eval_time": 36.091625452041626,
    "test_n_datasets": 41.0,
    "test_n_successful": 41.0,
    "test_hard_case_tail_nmse": 0.06681981359990503,
    "test_hard_case_tail_weight": 0.0,
    "test_per_dataset_nmse_cap": 10.0,
    "test_cascade_stage2_time_seconds": 36.09221148490906,
    "test_cascade_total_time_seconds": 40.13305854797363,
    "test_cascade_stage1_combined_score": 0.9981478250957103
  },
  "language": "python",
  "saved_at": 1780882467.6230733
}