{
  "program_id": "a14ab90f-00ab-41be-96ca-fcf665748d6f",
  "iteration_found": 17,
  "dataset": "Abeta42/inhibition_constraints",
  "plot": "outputs_diff_inhibited_norm/adaevolve/disease_relevant_inhibited_all_normalized_ode_0721_0426/checkpoints/checkpoint_17/iteration_17_best_validation_curves.svg",
  "metrics": {
    "equation": "d(c)/dt = (0.970644122819573 - x4)*(2.88590719152454*x0*x1*x4*sqrt(x4**2 + 34.0585930962374)/((0.820598273614107*x3 + 1)*(x0 + 0.0117019328124358*x3 + 0.000887687120101688)) + 8.88992693069892e-12*x1 + 5.59687598167129*x2)",
    "loss": 0.043575741953359254,
    "nmse_train": 0.009969344829402213,
    "nmse_val": 0.002428398470572917,
    "mean_nmse_val": 0.002428398470572917,
    "mean_raw_nmse_val": 0.002428398470572917,
    "scored_loss_val": 0.043575741953359254,
    "mean_scored_loss_val": 0.043575741953359254,
    "shape_loss_val": 0.16701777240171828,
    "shape_loss_weight": 0.25,
    "heldout_curve_nmse": 0.002428398470572917,
    "heldout_curve_scored_loss": 0.043575741953359254,
    "heldout_curve_shape_loss": 0.16701777240171828,
    "eval_only_nmse": NaN,
    "eval_only_scored_loss": NaN,
    "eval_only_shape_loss": NaN,
    "combined_score": 0.9582438147979614,
    "fit_score": 0.9582438147979614,
    "eval_time": 57.10928177833557,
    "n_datasets": 1,
    "n_successful": 1,
    "eval_workers": 8,
    "hard_cases": [
      {
        "dataset": "Abeta42/inhibition_constraints",
        "scored_loss_val": 0.043575741953359254,
        "nmse_val": 0.002428398470572917,
        "shape_loss_val": 0.16701777240171828,
        "evaluation_only": false
      }
    ],
    "hard_case_feedback": "Abeta42/inhibition_constraints scored=0.04358 (nmse=0.002428, shape=0.167)",
    "validation_semantics_feedback": "heldout_curve_scored_loss=0.04358, heldout_curve_nmse=0.002428, heldout_curve_shape=0.167; eval_only_fit_score_scored_loss=nan, eval_only_nmse=nan, eval_only_shape=nan",
    "per_dataset": {
      "Abeta42/inhibition_constraints": {
        "nmse_train": 0.009969344829402213,
        "nmse_val": 0.002428398470572917,
        "shape_loss_val": 0.16701777240171828,
        "scored_loss_val": 0.043575741953359254,
        "n_val_points": 1805,
        "evaluation_only": false,
        "combined_score": 0.9582438147979614,
        "equation": "d(c)/dt = (0.970644122819573 - x4)*(2.88590719152454*x0*x1*x4*sqrt(x4**2 + 34.0585930962374)/((0.820598273614107*x3 + 1)*(x0 + 0.0117019328124358*x3 + 0.000887687120101688)) + 8.88992693069892e-12*x1 + 5.59687598167129*x2)",
        "equation_template": "d(c)/dt = (c7 - x4)*(c1**2*x0*x1*x4*sqrt(c0**2 + x4**2)/((c4**2*x3 + 1)*(c2**2 + c3**2*x3 + x0)) + c5**2*x1 + c6**2*x2)",
        "constants": {
          "c0": 5.835974048626104,
          "c1": 1.6987958063064974,
          "c2": -0.02979407860803364,
          "c3": 0.1081754723236084,
          "c4": 0.9058687949223702,
          "c5": 2.9815980498214237e-06,
          "c6": 2.3657717518119297,
          "c7": 0.9706441228195735
        }
      }
    },
    "error": ""
  },
  "saved_at": 1784591207.2375412
}