{
  "program_id": "1dee1980-ef76-458d-9b53-bb0b1fafff23",
  "iteration_found": 2,
  "dataset": "Abeta42/inhibition_constraints",
  "plot": "outputs_diff_inhibited_norm/adaevolve/disease_relevant_inhibited_all_normalized_ode_0720_0022/checkpoints/checkpoint_2/iteration_2_best_validation_curves.svg",
  "metrics": {
    "equation": "d(c)/dt = 7.26836677361897*x0*(0.961101814924093 - x4) + (0.961101814924093 - x4)*(1.88460178659293*x4*(10.0949880096711*x1 + 1)/(9.90612348824131e-8*x3*x4 + 2.08664369288886*x3 + 1) + (6.86438163627566e-6*x1 + 4.86310639986629*x2 + 1.2246507493794e-9)/(0.0224531548863323*x3 + 1))",
    "loss": 0.09480941362606239,
    "nmse_train": 0.010439545062539916,
    "nmse_val": 0.04816697255141787,
    "mean_nmse_val": 0.04816697255141787,
    "mean_raw_nmse_val": 0.04816697255141787,
    "scored_loss_val": 0.09480941362606239,
    "mean_scored_loss_val": 0.09480941362606239,
    "shape_loss_val": 0.23473673684999596,
    "shape_loss_weight": 0.25,
    "heldout_curve_nmse": 0.04816697255141787,
    "heldout_curve_scored_loss": 0.09480941362606239,
    "heldout_curve_shape_loss": 0.23473673684999596,
    "eval_only_nmse": NaN,
    "eval_only_scored_loss": NaN,
    "eval_only_shape_loss": NaN,
    "combined_score": 0.9134009879289866,
    "fit_score": 0.9134009879289866,
    "eval_time": 90.75075626373291,
    "n_datasets": 1,
    "n_successful": 1,
    "eval_workers": 8,
    "hard_cases": [
      {
        "dataset": "Abeta42/inhibition_constraints",
        "scored_loss_val": 0.09480941362606239,
        "nmse_val": 0.04816697255141787,
        "shape_loss_val": 0.23473673684999596,
        "evaluation_only": false
      }
    ],
    "hard_case_feedback": "Abeta42/inhibition_constraints scored=0.09481 (nmse=0.04817, shape=0.2347)",
    "validation_semantics_feedback": "heldout_curve_scored_loss=0.09481, heldout_curve_nmse=0.04817, heldout_curve_shape=0.2347; eval_only_fit_score_scored_loss=nan, eval_only_nmse=nan, eval_only_shape=nan",
    "per_dataset": {
      "Abeta42/inhibition_constraints": {
        "nmse_train": 0.010439545062539916,
        "nmse_val": 0.04816697255141787,
        "shape_loss_val": 0.23473673684999596,
        "scored_loss_val": 0.09480941362606239,
        "n_val_points": 3610,
        "evaluation_only": false,
        "combined_score": 0.9134009879289866,
        "equation": "d(c)/dt = 7.26836677361897*x0*(0.961101814924093 - x4) + (0.961101814924093 - x4)*(1.88460178659293*x4*(10.0949880096711*x1 + 1)/(9.90612348824131e-8*x3*x4 + 2.08664369288886*x3 + 1) + (6.86438163627566e-6*x1 + 4.86310639986629*x2 + 1.2246507493794e-9)/(0.0224531548863323*x3 + 1))",
        "equation_template": "d(c)/dt = c9*x0*(c0 - x4) + (c0 - x4)*(c7**2*x4*(c8**2*x1 + 1)/(c5**2*x3 + c6**2*x3*x4 + 1) + (c1**2 + c2**2*x1 + c3**2*x2)/(c4**2*x3 + 1))",
        "constants": {
          "c0": 0.9611018149240925,
          "c1": 3.499501034975416e-05,
          "c2": 0.0026199964954701106,
          "c3": 2.2052452017556434,
          "c4": 0.14984376825991882,
          "c5": 1.4445219599884465,
          "c6": -0.0003147399480244176,
          "c7": 1.3728079933453674,
          "c8": -3.177261086166994,
          "c9": 7.2683667736189745
        }
      }
    },
    "error": ""
  },
  "saved_at": 1784487932.572721
}