{
  "id": "04a169a2-3344-48dd-aced-aeacccd77893",
  "generation": 6,
  "iteration": 21,
  "current_iteration": 22,
  "metrics": {
    "combined_score": 0.8933496889672599,
    "n_stage1_datasets": 5.0,
    "n_stage1_successful": 5.0,
    "eval_workers": 8.0,
    "stage1_full_selected_datasets": 1.0,
    "cascade_stage1_time_seconds": 92.2259464263916,
    "cascade_stage1_threshold": 0.15,
    "cascade_stage1_passed": 1.0,
    "loss": 0.11938249080942896,
    "nmse_train": 0.015690003431824882,
    "nmse_val": 0.03016813416102438,
    "mean_nmse_val": 0.03016813416102438,
    "mean_raw_nmse_val": 0.03016813416102438,
    "scored_loss_val": 0.11938249080942896,
    "mean_scored_loss_val": 0.11938249080942896,
    "shape_loss_val": 0.3870255607546427,
    "shape_loss_weight": 0.25,
    "heldout_curve_nmse": 0.03821608606248963,
    "heldout_curve_scored_loss": 0.09583954227117793,
    "heldout_curve_shape_loss": 0.26870991089724283,
    "eval_only_nmse": 0.029065780595976937,
    "eval_only_scored_loss": 0.1226072433390936,
    "eval_only_shape_loss": 0.40323163156844355,
    "fit_score": 0.8933496889672599,
    "eval_time": 554.9740417003632,
    "n_datasets": 17.0,
    "n_successful": 17.0,
    "cascade_stage2_time_seconds": 554.9746391773224,
    "cascade_total_time_seconds": 647.200585603714,
    "cascade_stage1_combined_score": 0.9190274415491084
  },
  "language": "python",
  "timestamp": 1782006055.6870072,
  "saved_at": 1782006869.4888082
}