{
  "id": "ddf1e44e-a208-41eb-9383-ad0913d84174",
  "generation": 0,
  "iteration": 0,
  "current_iteration": 6,
  "metrics": {
    "combined_score": 0.5917381148325811,
    "loss": 0.6899367725922596,
    "complexity": 0.0,
    "nmse_train": Infinity,
    "nmse_val": 0.6899367725922596,
    "eval_time": 18.837040185928345,
    "n_datasets": 60.0,
    "n_successful": 60.0
  },
  "language": "python",
  "timestamp": 1779967930.0255947,
  "saved_at": 1779968402.7549205
}