{
  "num_islands": 2,
  "current_island": 0,
  "iteration_count": 17,
  "global_best_score": 0.930743974866727,
  "decay": 0.9,
  "intensity_min": 0.15,
  "intensity_max": 0.5,
  "migration_interval": 15,
  "diversity_strategy_type": "code",
  "use_unified_archive": true,
  "use_adaptive_search": true,
  "use_ucb_selection": true,
  "fixed_intensity": 0.4,
  "adapter": {
    "states": [
      {
        "accumulated_signal": 0.07294887209649083,
        "best_score": 0.930743974866727,
        "improvement_count": 4,
        "total_evaluations": 11,
        "decay": 0.9,
        "epsilon": 1e-08,
        "intensity_min": 0.15,
        "intensity_max": 0.5
      },
      {
        "accumulated_signal": 0.07294887209649083,
        "best_score": 0.930743974866727,
        "improvement_count": 3,
        "total_evaluations": 13,
        "decay": 0.9,
        "epsilon": 1e-08,
        "intensity_min": 0.15,
        "intensity_max": 0.5
      }
    ],
    "dimension_visits": [
      11,
      13
    ],
    "dimension_rewards": [
      0.3617979900693437,
      0.009741145036139666
    ],
    "decayed_visits": [
      6.861894039100001,
      7.458134171671
    ],
    "global_best_score": 0.930743974866727,
    "ucb_exploration": 1.41,
    "min_visits": 3,
    "decay": 0.9,
    "epsilon": 1e-08
  },
  "island_config_names": [
    "balanced",
    "balanced"
  ],
  "islands": [
    [
      "efb10116-809c-456c-a9ca-7c1ff91a3d13",
      "b954f437-fd7b-4205-878c-676cb9c2e3fc",
      "ba5412dd-0185-4bc9-9c25-8bd9a34f8dc0",
      "b21cbd90-1d68-40fb-a1c4-574ad660705e",
      "302272df-53f0-450a-b2e6-2c9280295c43",
      "e7ce096f-eb00-4f22-8ba5-f481375e0bd1",
      "d656b787-073c-476a-be80-7359aa4b9a71",
      "3ec9517c-cb6a-4086-851d-4dabb76984f4",
      "2a636d52-2caa-4f24-a643-67b864a70fbb",
      "53b27647-8fa5-441e-80f1-776f4845bc32",
      "6980fdda-a9c6-4b44-96ba-46cbf66eb0f1",
      "8c4cd954-9e19-4f9f-915b-51d43170763a",
      "92aaa31a-4594-48c4-a892-f5c6e03433ff"
    ],
    [
      "2e1a742f-9d8c-434e-96d1-62bf281b555a",
      "cb7ef06d-f1fb-43a1-8f73-50d7e6340d6e",
      "82415a95-c95b-48e3-90ed-e8a9cbc7e91c",
      "29aaddb1-c02f-4a16-93c2-a10225d34476",
      "9c6b5625-653a-4e2c-ab7e-7e1eef4fbef7",
      "2bc705f0-bda7-41e0-b98e-18f770d8dc9a",
      "d1928dab-90cf-4fc5-af29-343b35db7947",
      "646ea5cf-f115-45ab-aead-8066a96b7d2f",
      "f21d18fb-bafb-47b5-8b94-fdfbf61f0e70",
      "1fb3cde9-db4c-4529-91cb-baef255cd71e",
      "ceb42e6b-d413-4486-a97d-c3fc68a33962",
      "3ee559eb-2235-4d47-83b9-d9dc65f71750",
      "609f8ffd-226c-45b5-8357-81a7228efac5",
      "0e209dd1-aa05-454a-b968-f13f37139120"
    ]
  ],
  "archive_genealogies": [
    {
      "parents": {
        "efb10116-809c-456c-a9ca-7c1ff91a3d13": [],
        "b954f437-fd7b-4205-878c-676cb9c2e3fc": [
          "efb10116-809c-456c-a9ca-7c1ff91a3d13"
        ],
        "ba5412dd-0185-4bc9-9c25-8bd9a34f8dc0": [
          "efb10116-809c-456c-a9ca-7c1ff91a3d13"
        ],
        "b21cbd90-1d68-40fb-a1c4-574ad660705e": [
          "efb10116-809c-456c-a9ca-7c1ff91a3d13"
        ],
        "302272df-53f0-450a-b2e6-2c9280295c43": [
          "ba5412dd-0185-4bc9-9c25-8bd9a34f8dc0"
        ],
        "e7ce096f-eb00-4f22-8ba5-f481375e0bd1": [
          "302272df-53f0-450a-b2e6-2c9280295c43"
        ],
        "d656b787-073c-476a-be80-7359aa4b9a71": [
          "e7ce096f-eb00-4f22-8ba5-f481375e0bd1"
        ],
        "3ec9517c-cb6a-4086-851d-4dabb76984f4": [
          "302272df-53f0-450a-b2e6-2c9280295c43"
        ],
        "2a636d52-2caa-4f24-a643-67b864a70fbb": [
          "302272df-53f0-450a-b2e6-2c9280295c43"
        ],
        "53b27647-8fa5-441e-80f1-776f4845bc32": [
          "9c6b5625-653a-4e2c-ab7e-7e1eef4fbef7"
        ],
        "6980fdda-a9c6-4b44-96ba-46cbf66eb0f1": [
          "d1928dab-90cf-4fc5-af29-343b35db7947"
        ],
        "8c4cd954-9e19-4f9f-915b-51d43170763a": [
          "2a636d52-2caa-4f24-a643-67b864a70fbb"
        ],
        "92aaa31a-4594-48c4-a892-f5c6e03433ff": [
          "2a636d52-2caa-4f24-a643-67b864a70fbb"
        ]
      },
      "children": {
        "efb10116-809c-456c-a9ca-7c1ff91a3d13": [
          "b954f437-fd7b-4205-878c-676cb9c2e3fc",
          "ba5412dd-0185-4bc9-9c25-8bd9a34f8dc0",
          "b21cbd90-1d68-40fb-a1c4-574ad660705e"
        ],
        "ba5412dd-0185-4bc9-9c25-8bd9a34f8dc0": [
          "302272df-53f0-450a-b2e6-2c9280295c43"
        ],
        "302272df-53f0-450a-b2e6-2c9280295c43": [
          "e7ce096f-eb00-4f22-8ba5-f481375e0bd1",
          "3ec9517c-cb6a-4086-851d-4dabb76984f4",
          "2a636d52-2caa-4f24-a643-67b864a70fbb"
        ],
        "e7ce096f-eb00-4f22-8ba5-f481375e0bd1": [
          "d656b787-073c-476a-be80-7359aa4b9a71"
        ],
        "9c6b5625-653a-4e2c-ab7e-7e1eef4fbef7": [
          "53b27647-8fa5-441e-80f1-776f4845bc32"
        ],
        "d1928dab-90cf-4fc5-af29-343b35db7947": [
          "6980fdda-a9c6-4b44-96ba-46cbf66eb0f1"
        ],
        "2a636d52-2caa-4f24-a643-67b864a70fbb": [
          "8c4cd954-9e19-4f9f-915b-51d43170763a",
          "92aaa31a-4594-48c4-a892-f5c6e03433ff"
        ]
      }
    },
    {
      "parents": {
        "2e1a742f-9d8c-434e-96d1-62bf281b555a": [],
        "cb7ef06d-f1fb-43a1-8f73-50d7e6340d6e": [
          "2e1a742f-9d8c-434e-96d1-62bf281b555a"
        ],
        "82415a95-c95b-48e3-90ed-e8a9cbc7e91c": [
          "cb7ef06d-f1fb-43a1-8f73-50d7e6340d6e"
        ],
        "29aaddb1-c02f-4a16-93c2-a10225d34476": [
          "82415a95-c95b-48e3-90ed-e8a9cbc7e91c"
        ],
        "9c6b5625-653a-4e2c-ab7e-7e1eef4fbef7": [
          "82415a95-c95b-48e3-90ed-e8a9cbc7e91c"
        ],
        "2bc705f0-bda7-41e0-b98e-18f770d8dc9a": [
          "2e1a742f-9d8c-434e-96d1-62bf281b555a"
        ],
        "d1928dab-90cf-4fc5-af29-343b35db7947": [
          "cb7ef06d-f1fb-43a1-8f73-50d7e6340d6e"
        ],
        "646ea5cf-f115-45ab-aead-8066a96b7d2f": [
          "302272df-53f0-450a-b2e6-2c9280295c43"
        ],
        "f21d18fb-bafb-47b5-8b94-fdfbf61f0e70": [
          "2a636d52-2caa-4f24-a643-67b864a70fbb"
        ],
        "1fb3cde9-db4c-4529-91cb-baef255cd71e": [
          "302272df-53f0-450a-b2e6-2c9280295c43"
        ],
        "ceb42e6b-d413-4486-a97d-c3fc68a33962": [
          "d656b787-073c-476a-be80-7359aa4b9a71"
        ],
        "3ee559eb-2235-4d47-83b9-d9dc65f71750": [
          "ba5412dd-0185-4bc9-9c25-8bd9a34f8dc0"
        ],
        "609f8ffd-226c-45b5-8357-81a7228efac5": [
          "b21cbd90-1d68-40fb-a1c4-574ad660705e"
        ],
        "0e209dd1-aa05-454a-b968-f13f37139120": [
          "2a636d52-2caa-4f24-a643-67b864a70fbb"
        ]
      },
      "children": {
        "2e1a742f-9d8c-434e-96d1-62bf281b555a": [
          "cb7ef06d-f1fb-43a1-8f73-50d7e6340d6e",
          "2bc705f0-bda7-41e0-b98e-18f770d8dc9a"
        ],
        "cb7ef06d-f1fb-43a1-8f73-50d7e6340d6e": [
          "82415a95-c95b-48e3-90ed-e8a9cbc7e91c",
          "d1928dab-90cf-4fc5-af29-343b35db7947"
        ],
        "82415a95-c95b-48e3-90ed-e8a9cbc7e91c": [
          "29aaddb1-c02f-4a16-93c2-a10225d34476",
          "9c6b5625-653a-4e2c-ab7e-7e1eef4fbef7"
        ],
        "302272df-53f0-450a-b2e6-2c9280295c43": [
          "646ea5cf-f115-45ab-aead-8066a96b7d2f",
          "1fb3cde9-db4c-4529-91cb-baef255cd71e"
        ],
        "2a636d52-2caa-4f24-a643-67b864a70fbb": [
          "f21d18fb-bafb-47b5-8b94-fdfbf61f0e70",
          "0e209dd1-aa05-454a-b968-f13f37139120"
        ],
        "d656b787-073c-476a-be80-7359aa4b9a71": [
          "ceb42e6b-d413-4486-a97d-c3fc68a33962"
        ],
        "ba5412dd-0185-4bc9-9c25-8bd9a34f8dc0": [
          "3ee559eb-2235-4d47-83b9-d9dc65f71750"
        ],
        "b21cbd90-1d68-40fb-a1c4-574ad660705e": [
          "609f8ffd-226c-45b5-8357-81a7228efac5"
        ]
      }
    }
  ],
  "use_dynamic_islands": true,
  "max_islands": 5,
  "last_spawn_iteration": -30,
  "use_paradigm_breakthrough": true,
  "paradigm_tracker": {
    "window_size": 10,