{
  "id": "2a636d52-2caa-4f24-a643-67b864a70fbb",
  "generation": 3,
  "iteration": 15,
  "current_iteration": 18,
  "metrics": {
    "combined_score": 0.930743974866727,
    "n_stage1_datasets": 8.0,
    "n_stage1_successful": 8.0,
    "eval_workers": 8.0,
    "stage1_full_selected_datasets": 1.0,
    "cascade_stage1_time_seconds": 2.105480194091797,
    "cascade_stage1_threshold": 0.15,
    "cascade_stage1_passed": 1.0,
    "loss": 0.03546198097924741,
    "complexity": 29.0,
    "nmse_train": 0.011793734646906093,
    "nmse_val": 0.03546198097924741,
    "mean_nmse_val": 0.03546198097924741,
    "mean_raw_nmse_val": 0.03546198097924741,
    "fit_score": 0.9657525031042563,
    "parsimony_weight": 0.2,
    "parsimony_penalty_factor": 0.96375,
    "eval_time": 21.020227432250977,
    "n_datasets": 22.0,
    "n_successful": 22.0,
    "cascade_stage2_time_seconds": 21.02094030380249,
    "cascade_total_time_seconds": 23.126420497894287,
    "cascade_stage1_combined_score": 0.8098725536576967
  },
  "language": "python",
  "timestamp": 1781640953.517539,
  "saved_at": 1781641355.1973145
}