{
  "program_id": "65065f64-9b1b-43a6-b2b9-2e0b6b4751ed",
  "iteration_found": 30,
  "dataset": "Abeta42/inhibition_constraints",
  "plot": "outputs_diff_inhibited_norm/adaevolve/disease_relevant_inhibited_all_normalized_ode_0720_0022/checkpoints/checkpoint_30/iteration_30_best_validation_curves.svg",
  "metrics": {
    "equation": "d(c)/dt = (0.95997810031392 - x4)*(1.41582364357087*x4 + 1)*(13.984507808111*x1*x4*(3.30415661185152e-8*x2 + 1) + 1.82373369008281e-8*x1 + 5.13546726394652*x2 + 4.40023624659523e-8)/(1.93026474159044*x3*x4**2 + 1.47553112918678*x3 + 1)",
    "loss": 0.09678145337020094,
    "nmse_train": 0.010147949744363876,
    "nmse_val": 0.048794077151298285,
    "mean_nmse_val": 0.048794077151298285,
    "mean_raw_nmse_val": 0.048794077151298285,
    "scored_loss_val": 0.09678145337020094,
    "mean_scored_loss_val": 0.09678145337020094,
    "shape_loss_val": 0.24074358202690893,
    "shape_loss_weight": 0.25,
    "heldout_curve_nmse": 0.048794077151298285,
    "heldout_curve_scored_loss": 0.09678145337020094,
    "heldout_curve_shape_loss": 0.24074358202690893,
    "eval_only_nmse": NaN,
    "eval_only_scored_loss": NaN,
    "eval_only_shape_loss": NaN,
    "combined_score": 0.9117586707244092,
    "fit_score": 0.9117586707244092,
    "eval_time": 44.19706678390503,
    "n_datasets": 1,
    "n_successful": 1,
    "eval_workers": 8,
    "hard_cases": [
      {
        "dataset": "Abeta42/inhibition_constraints",
        "scored_loss_val": 0.09678145337020094,
        "nmse_val": 0.048794077151298285,
        "shape_loss_val": 0.24074358202690893,
        "evaluation_only": false
      }
    ],
    "hard_case_feedback": "Abeta42/inhibition_constraints scored=0.09678 (nmse=0.04879, shape=0.2407)",
    "validation_semantics_feedback": "heldout_curve_scored_loss=0.09678, heldout_curve_nmse=0.04879, heldout_curve_shape=0.2407; eval_only_fit_score_scored_loss=nan, eval_only_nmse=nan, eval_only_shape=nan",
    "per_dataset": {
      "Abeta42/inhibition_constraints": {
        "nmse_train": 0.010147949744363876,
        "nmse_val": 0.048794077151298285,
        "shape_loss_val": 0.24074358202690893,
        "scored_loss_val": 0.09678145337020094,
        "n_val_points": 3610,
        "evaluation_only": false,
        "combined_score": 0.9117586707244092,
        "equation": "d(c)/dt = (0.95997810031392 - x4)*(1.41582364357087*x4 + 1)*(13.984507808111*x1*x4*(3.30415661185152e-8*x2 + 1) + 1.82373369008281e-8*x1 + 5.13546726394652*x2 + 4.40023624659523e-8)/(1.93026474159044*x3*x4**2 + 1.47553112918678*x3 + 1)",
        "equation_template": "d(c)/dt = (c0 - x4)*(c8**2*x4 + 1)*(c3**2 + c4**2*x1 + c5**2*x2 + c6**2*x1*x4*(c7**2*x2 + 1))/(c1**2*x3 + c2**2*x3*x4**2 + 1)",
        "constants": {
          "c0": 0.9599781003139203,
          "c1": 1.21471442289403,
          "c2": -1.3893396782610206,
          "c3": -0.00020976740086570234,
          "c4": -0.000135045684495389,
          "c5": 2.266156937183857,
          "c6": 3.7395865825129593,
          "c7": 0.00018177339221821004,
          "c8": -1.1898838781876462
        }
      }
    },
    "error": ""
  },
  "saved_at": 1784491112.752453
}