{
  "program_id": "87f269ce-0f52-44c4-b1ef-4dfb47f9e07a",
  "iteration_found": 33,
  "dataset": "Abeta42/inhibition_constraints",
  "plot": "outputs_diff_inhibited_norm/adaevolve/disease_relevant_inhibited_all_normalized_ode_0721_0426/checkpoints/checkpoint_33/iteration_33_best_validation_curves.svg",
  "metrics": {
    "equation": "d(c)/dt = (0.971204047250671 - x4)*(4.19565621480904*x0**2*x1*x4*sqrt(x4**2 + 18.3828262180466)/((x0**2 + 1.02250246781246e-5*(5.6845152141034e-9*x3**2 + 5.08709026495218*x3 + 1)**2)*(0.855844569657412*x3 + 1)*(x4*(1.28459239192456e-10*x3 + 0.283184465630266) + 1)) + 2.30855250389854e-5*x1/(2.28256540547555*x3 + 1) + 6.98414170017139*x2)",
    "loss": 0.04333845960875991,
    "nmse_train": 0.010002946189896346,
    "nmse_val": 0.0025225451541767726,
    "mean_nmse_val": 0.0025225451541767726,
    "mean_raw_nmse_val": 0.0025225451541767726,
    "scored_loss_val": 0.04333845960875991,
    "mean_scored_loss_val": 0.04333845960875991,
    "shape_loss_val": 0.16578620297250934,
    "shape_loss_weight": 0.25,
    "heldout_curve_nmse": 0.0025225451541767726,
    "heldout_curve_scored_loss": 0.04333845960875991,
    "heldout_curve_shape_loss": 0.16578620297250934,
    "eval_only_nmse": NaN,
    "eval_only_scored_loss": NaN,
    "eval_only_shape_loss": NaN,
    "combined_score": 0.9584617444036222,
    "fit_score": 0.9584617444036222,
    "eval_time": 80.58514523506165,
    "n_datasets": 1,
    "n_successful": 1,
    "eval_workers": 8,
    "hard_cases": [
      {
        "dataset": "Abeta42/inhibition_constraints",
        "scored_loss_val": 0.04333845960875991,
        "nmse_val": 0.0025225451541767726,
        "shape_loss_val": 0.16578620297250934,
        "evaluation_only": false
      }
    ],
    "hard_case_feedback": "Abeta42/inhibition_constraints scored=0.04334 (nmse=0.002523, shape=0.1658)",
    "validation_semantics_feedback": "heldout_curve_scored_loss=0.04334, heldout_curve_nmse=0.002523, heldout_curve_shape=0.1658; eval_only_fit_score_scored_loss=nan, eval_only_nmse=nan, eval_only_shape=nan",
    "per_dataset": {
      "Abeta42/inhibition_constraints": {
        "nmse_train": 0.010002946189896346,
        "nmse_val": 0.0025225451541767726,
        "shape_loss_val": 0.16578620297250934,
        "scored_loss_val": 0.04333845960875991,
        "n_val_points": 1805,
        "evaluation_only": false,
        "combined_score": 0.9584617444036222,
        "equation": "d(c)/dt = (0.971204047250671 - x4)*(4.19565621480904*x0**2*x1*x4*sqrt(x4**2 + 18.3828262180466)/((x0**2 + 1.02250246781246e-5*(5.6845152141034e-9*x3**2 + 5.08709026495218*x3 + 1)**2)*(0.855844569657412*x3 + 1)*(x4*(1.28459239192456e-10*x3 + 0.283184465630266) + 1)) + 2.30855250389854e-5*x1/(2.28256540547555*x3 + 1) + 6.98414170017139*x2)",
        "equation_template": "d(c)/dt = (c5 - x4)*(c2**2*x1/(c10**2*x3 + 1) + c3**2*x2 + c4**2*x0**2*x1*x4*sqrt(c0**2 + x4**2)/((c1**2*x3 + 1)*(c6**4*(c11**2*x3**2 + c7**2*x3 + 1)**2 + x0**2)*(x4*(c8**2 + c9**2*x3) + 1)))",
        "constants": {
          "c0": 4.287519821300728,
          "c1": 0.9251186786879896,
          "c2": 0.004804739851332786,
          "c3": 2.642752674801671,
          "c4": 2.048330103964945,
          "c5": 0.9712040472506708,
          "c6": 0.056547849206188536,
          "c7": 2.2554578836573698,
          "c8": -0.5321507921917112,
          "c9": 1.1333986024010076e-05,
          "c10": -1.5108161388718195,
          "c11": -7.539572411021332e-05
        }
      }
    },
    "error": ""
  },
  "saved_at": 1784593994.849629
}