{
  "program_id": "5284555a-681a-4c1b-8da4-c6acebc5b6a6",
  "iteration_found": 39,
  "dataset": "Abeta42/inhibition_constraints",
  "plot": "outputs_diff_inhibited_norm/adaevolve/disease_relevant_inhibited_all_normalized_ode_0720_0022/checkpoints/checkpoint_39/iteration_39_best_validation_curves.svg",
  "metrics": {
    "equation": "d(c)/dt = (0.960064718960596 - x4)*(12.8928088211733*x1*x4*(0.342119170923844*x2 + x4 + 1)/(x3*(0.858047575679125*x4 + 0.981514360739673) + 1) + (0.711761514660685*x1 + 13.6501676924252*x2 + 0.000138074660384179)/(761.906826507351*x3 + 1))",
    "loss": 0.09002984567095365,
    "nmse_train": 0.00884421376049606,
    "nmse_val": 0.04275064802709005,
    "mean_nmse_val": 0.04275064802709005,
    "mean_raw_nmse_val": 0.04275064802709005,
    "scored_loss_val": 0.09002984567095365,
    "mean_scored_loss_val": 0.09002984567095365,
    "shape_loss_val": 0.2318674386025445,
    "shape_loss_weight": 0.25,
    "heldout_curve_nmse": 0.04275064802709005,
    "heldout_curve_scored_loss": 0.09002984567095365,
    "heldout_curve_shape_loss": 0.2318674386025445,
    "eval_only_nmse": NaN,
    "eval_only_scored_loss": NaN,
    "eval_only_shape_loss": NaN,
    "combined_score": 0.9174060728442377,
    "fit_score": 0.9174060728442377,
    "eval_time": 65.05813193321228,
    "n_datasets": 1,
    "n_successful": 1,
    "eval_workers": 8,
    "hard_cases": [
      {
        "dataset": "Abeta42/inhibition_constraints",
        "scored_loss_val": 0.09002984567095365,
        "nmse_val": 0.04275064802709005,
        "shape_loss_val": 0.2318674386025445,
        "evaluation_only": false
      }
    ],
    "hard_case_feedback": "Abeta42/inhibition_constraints scored=0.09003 (nmse=0.04275, shape=0.2319)",
    "validation_semantics_feedback": "heldout_curve_scored_loss=0.09003, heldout_curve_nmse=0.04275, heldout_curve_shape=0.2319; eval_only_fit_score_scored_loss=nan, eval_only_nmse=nan, eval_only_shape=nan",
    "per_dataset": {
      "Abeta42/inhibition_constraints": {
        "nmse_train": 0.00884421376049606,
        "nmse_val": 0.04275064802709005,
        "shape_loss_val": 0.2318674386025445,
        "scored_loss_val": 0.09002984567095365,
        "n_val_points": 3610,
        "evaluation_only": false,
        "combined_score": 0.9174060728442377,
        "equation": "d(c)/dt = (0.960064718960596 - x4)*(12.8928088211733*x1*x4*(0.342119170923844*x2 + x4 + 1)/(x3*(0.858047575679125*x4 + 0.981514360739673) + 1) + (0.711761514660685*x1 + 13.6501676924252*x2 + 0.000138074660384179)/(761.906826507351*x3 + 1))",
        "equation_template": "d(c)/dt = (c0 - x4)*(c6**2*x1*x4*(c7**2*x2 + x4 + 1)/(x3*(c1**2 + c2**2*x4) + 1) + (c3**2 + c4**2*x1 + c5**2*x2)/(c8**2*x3 + 1))",
        "constants": {
          "c0": 0.9600647189605958,
          "c1": 0.9907140660855044,
          "c2": 0.9263085747628191,
          "c3": -0.011750517451762678,
          "c4": 0.8436595964372626,
          "c5": 3.6946133346299233,
          "c6": 3.590655764783538,
          "c7": 0.584909540804255,
          "c8": 27.602659772336267
        }
      }
    },
    "error": ""
  },
  "saved_at": 1784492485.999176
}